region_id,Neg_Nil_inc_hh_with_Ind_psns,Neg_Nil_inc_Other_households,Neg_Nil_income_Tot_hhlds,HI1_199_Hhd_with_Indig_psns,HI1_199_Other_households,HI1_199_Tot_hhlds,HI200_299_Hhd_with_Indig_psns,HI200_299_Other_households,HI200_299_Tot_hhlds,HI300_399_Hhd_with_Indig_psns,HI300_399_Other_households,HI300_399_Tot_hhlds,HI400_599_Hhd_with_Indig_psns,HI400_599_Other_households,HI400_599_Tot_hhlds,HI600_799_Hhd_with_Indig_psns,HI600_799_Other_households,HI600_799_Tot_hhlds,HI800_999_Hhd_with_Indig_psns,HI800_999_Other_households,HI800_999_Tot_hhlds,HI1000_1249_Hh_with_Indig_psn,HI1000_1249_Other_households,HI1000_1249_Tot_hhlds,HI1250_1499_Hh_with_Indig_psn,HI1250_1499_Other_households,HI1250_1499_Tot_hhlds,HI1500_1999_Hh_with_Indig_psn,HI1500_1999_Other_households,HI1500_1999_Tot_hhlds,HI2000_2499_Hh_with_Indig_psn,HI2000_2499_Other_households,HI2000_2499_Tot_hhlds,HI2500_2999_Hh_with_Indig_psn,HI2500_2999_Other_households,HI2500_2999_Tot_hhlds,HI3000_more_Hh_with_Indig_psn,HI3000_more_Other_households,HI3000_more_Tot_hhlds,Part_inc_st_Hh_with_Indig_psn,Partial_inc_stated_Other_hhds,Partial_inc_stated_Tot_hhlds,All_inc_ns_Hh_with_Ind_psns,All_income_ns_Other_household,All_inc_NS_Tot_hhlds,Tot_Household_with_Indig_psns,Tot_Other_households,Tot_Tot_hhlds
IARE101001,4,21,25,3,20,23,11,31,42,11,86,97,24,100,124,12,87,99,6,64,70,15,62,77,14,59,73,21,87,108,8,50,58,7,50,57,6,38,44,15,85,100,14,44,58,171,884,1055
IARE101002,10,111,121,37,159,196,87,333,420,122,872,994,212,1212,1424,196,1127,1323,168,1064,1232,154,1017,1171,122,941,1063,204,1438,1642,118,1026,1144,59,677,736,82,780,862,232,1061,1293,88,376,464,1891,12194,14085
IARE101003,0,21,21,5,25,30,14,62,76,21,148,169,38,183,221,26,169,195,12,147,159,11,104,115,19,82,101,17,112,129,6,58,64,3,47,50,0,44,44,28,146,174,15,59,74,215,1407,1622
IARE101004,3,43,46,21,33,54,25,77,102,39,211,250,74,231,305,64,200,264,41,180,221,46,146,192,28,155,183,44,188,232,20,120,140,6,77,83,9,81,90,48,174,222,28,68,96,496,1984,2480
IARE101005,8,58,66,12,108,120,26,182,208,56,520,576,79,581,660,54,477,531,43,384,427,42,397,439,33,319,352,25,477,502,25,295,320,15,231,246,21,239,260,48,366,414,23,153,176,510,4787,5297
IARE101006,0,23,23,7,19,26,7,27,34,17,101,118,23,89,112,23,96,119,8,91,99,14,87,101,11,68,79,9,97,106,6,58,64,3,34,37,0,31,31,15,73,88,9,43,52,152,937,1089
IARE101007,3,53,56,7,79,86,12,127,139,21,376,397,54,453,507,47,329,376,26,237,263,25,200,225,24,150,174,21,204,225,7,110,117,4,70,74,3,73,76,28,258,286,14,134,148,296,2853,3149
IARE101008,4,35,39,15,43,58,29,116,145,52,361,413,80,364,444,64,301,365,56,249,305,52,198,250,33,159,192,30,189,219,24,147,171,6,81,87,13,86,99,75,206,281,26,99,125,559,2634,3193
IARE102001,5,95,100,17,154,171,30,282,312,41,620,661,76,886,962,86,834,920,52,719,771,44,700,744,26,583,609,55,883,938,25,581,606,15,430,445,10,503,513,38,621,659,34,201,235,554,8092,8646
IARE102002,3,55,58,5,97,102,9,152,161,15,375,390,28,524,552,23,386,409,24,330,354,17,251,268,11,205,216,12,261,273,10,136,146,5,68,73,3,73,76,25,225,250,13,125,138,203,3263,3466
IARE102003,4,43,47,11,69,80,28,128,156,44,364,408,76,506,582,69,387,456,51,329,380,37,274,311,44,300,344,40,424,464,20,242,262,15,230,245,19,226,245,39,283,322,35,150,185,532,3955,4487
IARE102004,4,27,31,3,31,34,3,71,74,10,160,170,15,223,238,24,185,209,18,161,179,14,151,165,8,130,138,6,132,138,5,64,69,3,36,39,0,30,30,18,121,139,6,66,72,137,1588,1725
IARE102005,9,143,152,18,183,201,27,284,311,35,758,793,59,1161,1220,80,921,1001,48,782,830,38,602,640,36,495,531,21,629,650,16,360,376,5,179,184,7,225,232,47,561,608,29,311,340,475,7594,8069
IARE102006,0,37,37,6,56,62,11,123,134,25,258,283,58,378,436,53,299,352,45,231,276,33,195,228,29,172,201,26,229,255,5,124,129,3,115,118,9,88,97,30,204,234,12,96,108,345,2605,2950
IARE102007,4,21,25,24,47,71,59,55,114,54,144,198,68,198,266,82,178,260,49,181,230,49,195,244,34,203,237,31,244,275,28,183,211,12,120,132,7,147,154,63,152,215,60,88,148,624,2156,2780
IARE102008,7,46,53,4,27,31,18,32,50,19,94,113,36,144,180,24,148,172,26,161,187,30,138,168,14,142,156,25,183,208,14,95,109,6,74,80,3,132,135,29,148,177,11,75,86,266,1639,1905
IARE102009,5,47,52,7,71,78,12,135,147,22,307,329,35,428,463,35,406,441,16,350,366,24,355,379,25,359,384,41,555,596,37,366,403,30,635,665,34,645,679,24,367,391,10,151,161,357,5177,5534
IARE102010,11,66,77,16,64,80,25,135,160,48,349,397,71,466,537,76,387,463,34,360,394,42,335,377,26,335,361,49,434,483,27,306,333,18,230,248,8,222,230,56,340,396,39,207,246,546,4236,4782
IARE102011,19,196,215,48,262,310,100,590,690,118,1610,1728,231,2393,2624,257,2049,2306,184,1716,1900,178,1646,1824,167,1457,1624,178,1995,2173,100,1378,1478,48,840,888,42,972,1014,168,1397,1565,79,649,728,1917,19150,21067
IARE102012,0,47,47,7,86,93,19,120,139,19,308,327,28,403,431,30,304,334,18,233,251,17,191,208,6,152,158,8,186,194,3,88,91,3,58,61,0,48,48,10,191,201,7,94,101,175,2509,2684
IARE102013,0,63,63,3,78,81,3,131,134,10,417,427,28,537,565,27,522,549,14,379,393,21,364,385,14,331,345,32,564,596,16,322,338,13,368,381,16,377,393,26,394,420,7,167,174,230,5014,5244
IARE102014,3,48,51,4,59,63,13,92,105,27,244,271,28,397,425,34,336,370,15,288,303,25,272,297,21,215,236,14,324,338,7,192,199,4,106,110,3,131,134,34,259,293,16,101,117,248,3064,3312
IARE103001,0,11,11,5,11,16,9,16,25,20,49,69,24,56,80,35,43,78,28,44,72,22,64,86,17,46,63,28,71,99,16,48,64,7,40,47,8,35,43,50,61,111,32,43,75,301,638,939
IARE103002,5,8,13,14,7,21,19,6,25,32,25,57,38,21,59,54,12,66,26,23,49,36,15,51,10,16,26,21,28,49,17,14,31,8,14,22,0,16,16,31,33,64,10,12,22,321,250,571
IARE103003,6,18,24,3,25,28,17,40,57,11,119,130,30,133,163,21,103,124,17,88,105,22,104,126,13,93,106,26,150,176,14,90,104,26,172,198,23,150,173,25,124,149,6,59,65,260,1468,1728
IARE103004,3,19,22,4,21,25,32,45,77,35,124,159,69,136,205,53,110,163,43,102,145,39,85,124,24,80,104,30,73,103,11,64,75,13,32,45,9,44,53,38,106,144,25,56,81,428,1097,1525
IARE103005,8,77,85,16,132,148,41,334,375,65,1005,1070,117,1023,1140,109,820,929,64,655,719,73,542,615,46,455,501,57,654,711,29,395,424,22,315,337,19,345,364,75,529,604,47,358,405,788,7639,8427
IARE103006,5,59,64,31,37,68,44,108,152,61,300,361,66,239,305,64,186,250,47,141,188,53,134,187,32,111,143,41,127,168,25,79,104,8,69,77,17,74,91,62,128,190,54,102,156,610,1894,2504
IARE104001,3,168,171,9,192,201,20,428,448,40,1281,1321,73,1931,2004,68,1719,1787,53,1540,1593,43,1272,1315,33,1135,1168,53,1515,1568,23,935,958,15,618,633,18,761,779,51,1140,1191,29,401,430,531,15036,15567
IARE104002,3,149,152,5,182,187,6,473,479,31,917,948,26,1370,1396,31,1234,1265,28,1132,1160,23,912,935,15,783,798,22,970,992,20,574,594,5,441,446,7,495,502,42,1063,1105,9,238,247,273,10933,11206
IARE104003,5,187,192,12,248,260,21,544,565,53,1508,1561,114,1980,2094,114,1697,1811,88,1333,1421,97,1330,1427,78,1175,1253,96,1851,1947,74,1186,1260,67,1197,1264,54,1195,1249,102,1253,1355,48,588,636,1023,17272,18295
IARE104004,15,190,205,35,374,409,57,759,816,80,1860,1940,171,3005,3176,139,2289,2428,115,1861,1976,110,1498,1608,80,1156,1236,72,1489,1561,44,813,857,19,473,492,18,471,489,117,1288,1405,51,607,658,1123,18133,19256
IARE104005,18,378,396,45,613,658,89,1480,1569,128,3503,3631,286,5445,5731,234,4403,4637,191,3706,3897,177,3152,3329,128,2466,2594,178,3357,3535,80,2056,2136,40,1226,1266,25,1322,1347,178,2654,2832,73,1068,1141,1870,36829,38699
IARE104006,0,57,57,4,91,95,5,153,158,15,464,479,28,642,670,30,523,553,25,436,461,21,374,395,24,324,348,25,470,495,9,286,295,8,265,273,8,264,272,26,366,392,7,158,165,235,4873,5108
IARE104007,15,586,601,37,868,905,61,1703,1764,97,4700,4797,159,6660,6819,180,5515,5695,154,4917,5071,137,4688,4825,142,4147,4289,181,6603,6784,137,4437,4574,94,3875,3969,112,4538,4650,169,4521,4690,67,1796,1863,1742,59554,61296
IARE104008,6,178,184,19,297,316,23,503,526,58,1430,1488,107,2450,2557,74,1922,1996,57,1494,1551,49,930,979,42,817,859,51,936,987,30,489,519,16,376,392,17,359,376,57,916,973,26,547,573,632,13644,14276
IARE104009,14,98,112,33,200,233,53,421,474,101,1073,1174,174,1579,1753,143,1203,1346,97,992,1089,80,810,890,74,585,659,58,752,810,28,417,445,24,261,285,13,201,214,95,676,771,54,324,378,1041,9592,10633
IARE104010,3,35,38,5,82,87,13,177,190,14,397,411,30,589,619,31,413,444,17,361,378,19,248,267,9,214,223,11,236,247,8,132,140,0,95,95,0,71,71,22,230,252,12,97,109,194,3377,3571
IARE104011,19,572,591,52,852,904,84,1791,1875,147,5399,5546,305,7604,7909,256,6360,6616,211,5471,5682,218,5074,5292,178,4537,4715,282,7518,7800,199,5407,5606,115,4549,4664,144,5890,6034,243,5139,5382,110,1863,1973,2563,68026,70589
IARE104012,11,154,165,22,267,289,35,662,697,67,1374,1441,89,2052,2141,106,1750,1856,69,1519,1588,75,1468,1543,52,1236,1288,85,1623,1708,30,932,962,20,585,605,20,579,599,76,1050,1126,34,325,359,791,15576,16367
IARE104013,9,188,197,24,244,268,25,528,553,48,1586,1634,97,2146,2243,108,1926,2034,97,1680,1777,96,1767,1863,83,1572,1655,120,2798,2918,79,2052,2131,55,1998,2053,78,2282,2360,88,1662,1750,48,563,611,1055,22992,24047
IARE104014,24,559,583,34,763,797,110,1961,2071,132,4806,4938,183,5445,5628,187,4773,4960,168,4173,4341,156,4335,4491,132,3845,3977,201,6307,6508,174,4567,4741,118,4157,4275,110,5162,5272,186,4091,4277,90,1460,1550,2005,56404,58409
IARE104015,6,273,279,24,519,543,37,962,999,83,2672,2755,178,4221,4399,159,3409,3568,93,2881,2974,98,2222,2320,89,1894,1983,90,2462,2552,63,1456,1519,32,1046,1078,29,1174,1203,88,1868,1956,49,890,939,1118,27949,29067
IARE104016,11,229,240,13,313,326,32,646,678,60,1834,1894,111,2889,3000,120,2346,2466,74,2095,2169,97,1799,1896,83,1658,1741,118,2487,2605,61,1730,1791,54,1280,1334,38,1364,1402,104,1671,1775,34,668,702,1010,23009,24019
IARE104017,12,70,82,17,170,187,23,311,334,41,841,882,74,1234,1308,75,984,1059,41,854,895,49,701,750,35,558,593,46,718,764,33,399,432,5,170,175,4,143,147,55,502,557,38,281,319,548,7936,8484
IARE104018,3,67,70,10,97,107,16,159,175,19,362,381,16,517,533,23,431,454,21,426,447,28,414,442,17,467,484,50,852,902,32,534,566,39,1050,1089,46,1195,1241,35,621,656,17,188,205,372,7380,7752
IARE104019,16,184,200,38,341,379,60,702,762,93,1837,1930,154,2734,2888,134,2191,2325,87,1708,1795,88,1435,1523,78,1137,1215,71,1430,1501,34,822,856,13,448,461,9,451,460,82,1137,1219,52,575,627,1009,17132,18141
IARE104020,12,397,409,26,572,598,41,1159,1200,78,2985,3063,148,4865,5013,157,3848,4005,114,3179,3293,142,2602,2744,113,2250,2363,138,2943,3081,95,1788,1883,37,1167,1204,55,1150,1205,138,2319,2457,63,1077,1140,1357,32301,33658
IARE104021,25,535,560,41,813,854,83,1775,1858,115,4837,4952,321,7218,7539,288,5624,5912,212,4655,4867,244,4172,4416,202,3683,3885,285,5503,5788,185,3840,4025,94,2423,2517,97,2621,2718,226,3833,4059,116,1842,1958,2534,53374,55908
IARE105001,12,187,199,21,267,288,26,604,630,42,1468,1510,73,2021,2094,58,1858,1916,44,1593,1637,40,1545,1585,33,1325,1358,39,2105,2144,19,1511,1530,12,935,947,11,1039,1050,42,1240,1282,29,542,571,501,18240,18741
IARE105002,3,61,64,5,58,63,17,89,106,31,253,284,45,374,419,39,337,376,40,282,322,36,246,282,17,237,254,19,293,312,11,173,184,3,110,113,3,137,140,27,247,274,14,125,139,310,3022,3332
IARE105003,10,108,118,13,180,193,23,405,428,44,947,991,68,1336,1404,72,1181,1253,50,1076,1126,54,1041,1095,46,977,1023,63,1529,1592,43,1138,1181,17,870,887,26,949,975,57,937,994,24,345,369,610,13019,13629
IARE105004,3,85,88,9,110,119,12,217,229,16,550,566,25,711,736,21,587,608,16,549,565,17,575,592,21,482,503,27,721,748,24,492,516,8,361,369,4,529,533,29,546,575,9,222,231,241,6737,6978
IARE105005,3,42,45,3,29,32,9,47,56,14,134,148,29,190,219,24,178,202,19,166,185,21,151,172,10,125,135,13,174,187,9,119,128,3,56,59,3,56,59,21,153,174,9,47,56,190,1667,1857
IARE105006,3,156,159,10,162,172,6,263,269,22,648,670,27,954,981,30,754,784,13,701,714,26,543,569,16,439,455,19,586,605,13,312,325,5,196,201,4,183,187,25,565,590,11,297,308,230,6759,6989
IARE105007,4,139,143,4,132,136,7,298,305,11,770,781,30,1068,1098,25,826,851,22,754,776,33,524,557,21,483,504,21,629,650,15,352,367,3,254,257,8,243,251,22,542,564,7,279,286,233,7293,7526
IARE105008,0,32,32,5,39,44,5,119,124,12,343,355,22,438,460,21,333,354,9,235,244,11,212,223,14,198,212,13,232,245,9,149,158,3,101,104,3,98,101,7,194,201,5,122,127,139,2845,2984
IARE105009,8,55,63,8,97,105,23,192,215,28,510,538,56,659,715,40,494,534,32,456,488,28,373,401,27,302,329,24,351,375,14,208,222,10,123,133,5,138,143,25,307,332,42,192,234,370,4457,4827
IARE105010,4,65,69,7,89,96,14,181,195,23,528,551,44,742,786,24,620,644,11,532,543,21,408,429,10,404,414,11,500,511,4,308,312,6,189,195,4,198,202,18,396,414,17,244,261,218,5404,5622
IARE105011,0,50,50,12,68,80,23,117,140,36,324,360,51,420,471,56,353,409,30,318,348,31,255,286,28,219,247,33,254,287,19,187,206,11,109,120,3,119,122,27,215,242,11,139,150,371,3147,3518
IARE105012,8,154,162,15,230,245,54,355,409,72,787,859,90,1264,1354,72,1162,1234,61,991,1052,70,986,1056,33,989,1022,71,1387,1458,37,874,911,25,523,548,7,583,590,56,825,881,51,435,486,722,11545,12267
IARE105013,3,80,83,3,88,91,12,158,170,15,467,482,30,590,620,38,469,507,16,384,400,16,375,391,12,333,345,15,440,455,7,267,274,6,138,144,7,179,186,17,372,389,3,180,183,200,4520,4720
IARE105014,9,66,75,4,67,71,16,78,94,40,216,256,45,282,327,58,220,278,37,218,255,21,180,201,21,153,174,32,226,258,15,107,122,7,65,72,10,87,97,51,163,214,33,122,155,399,2250,2649
IARE105015,3,102,105,12,179,191,20,407,427,35,879,914,46,1230,1276,51,913,964,35,766,801,38,687,725,24,560,584,54,907,961,20,530,550,22,551,573,22,614,636,47,600,647,22,310,332,451,9235,9686
IARE105016,5,116,121,6,160,166,11,293,304,32,839,871,58,1091,1149,41,854,895,38,710,748,33,567,600,34,519,553,49,770,819,22,492,514,22,524,546,22,525,547,35,683,718,22,328,350,430,8471,8901
IARE105017,0,29,29,9,44,53,7,90,97,20,209,229,35,274,309,39,209,248,18,200,218,17,142,159,8,140,148,21,160,181,13,116,129,5,50,55,4,49,53,23,143,166,17,83,100,236,1938,2174
IARE105018,9,120,129,27,194,221,42,398,440,59,994,1053,105,1269,1374,76,1138,1214,59,984,1043,73,1027,1100,46,950,996,79,1518,1597,36,1039,1075,43,892,935,42,1146,1188,75,961,1036,54,410,464,825,13040,13865
IARE105019,3,45,48,7,88,95,11,142,153,14,378,392,32,481,513,31,402,433,16,353,369,22,317,339,11,336,347,10,437,447,11,255,266,8,195,203,3,173,176,22,259,281,11,128,139,212,3989,4201
IARE105020,6,157,163,7,241,248,4,355,359,18,930,948,40,1442,1482,28,1111,1139,32,1043,1075,17,878,895,13,842,855,23,1012,1035,16,618,634,7,377,384,3,356,359,23,734,757,9,419,428,246,10515,10761
IARE105021,11,191,202,36,286,322,73,590,663,68,1393,1461,156,1951,2107,126,1910,2036,125,1682,1807,97,1783,1880,70,1664,1734,124,2603,2727,75,1803,1878,43,1173,1216,26,1380,1406,100,1613,1713,54,531,585,1184,20553,21737
IARE105022,7,58,65,6,86,92,7,169,176,14,450,464,36,595,631,20,530,550,17,430,447,13,331,344,7,292,299,9,414,423,5,209,214,3,149,152,0,146,146,18,350,368,12,155,167,174,4364,4538
IARE106001,0,135,135,14,245,259,22,427,449,29,1137,1166,54,1756,1810,47,1480,1527,30,1365,1395,44,1085,1129,19,849,868,21,1148,1169,10,683,693,12,373,385,8,363,371,38,924,962,29,375,404,377,12345,12722
IARE106002,10,154,164,18,259,277,49,504,553,54,1312,1366,98,2283,2381,97,1697,1794,68,1536,1604,70,1164,1234,42,904,946,48,1088,1136,18,592,610,10,393,403,11,327,338,66,982,1048,44,456,500,703,13651,14354
IARE106003,21,344,365,43,664,707,90,1197,1287,134,3283,3417,261,5327,5588,251,4006,4257,163,3466,3629,172,2709,2881,123,2351,2474,177,2932,3109,104,1762,1866,51,1100,1151,38,1266,1304,166,2458,2624,81,1126,1207,1875,33991,35866
IARE106004,11,223,234,15,311,326,30,570,600,42,1480,1522,78,1866,1944,64,1799,1863,46,1788,1834,54,1890,1944,63,1831,1894,99,3046,3145,79,2318,2397,48,2172,2220,90,3774,3864,55,1922,1977,36,569,605,810,25559,26369
IARE106005,11,386,397,14,605,619,36,988,1024,54,2582,2636,94,3732,3826,99,3191,3290,76,3006,3082,79,2932,3011,59,2538,2597,101,3845,3946,55,2628,2683,38,2174,2212,61,2677,2738,91,2744,2835,29,974,1003,897,35002,35899
IARE107001,3,551,554,4,458,462,10,618,628,4,1058,1062,18,1992,2010,6,2087,2093,4,1782,1786,4,1899,1903,9,1617,1626,17,2403,2420,9,1722,1731,12,1464,1476,9,1864,1873,13,1799,1812,8,635,643,130,21949,22079
IARE107002,5,550,555,0,537,537,5,588,593,6,1312,1318,21,2484,2505,17,2600,2617,13,2913,2926,14,3011,3025,25,3217,3242,43,6058,6101,24,5117,5141,29,6889,6918,70,12208,12278,28,4786,4814,7,762,769,307,53032,53339
IARE107003,52,938,990,82,1282,1364,148,2246,2394,221,4553,4774,386,6861,7247,354,6744,7098,262,6318,6580,270,7346,7616,221,6847,7068,317,11936,12253,240,9720,9960,132,7100,7232,166,9215,9381,280,6813,7093,163,2446,2609,3294,90365,93659
IARE107004,6,227,233,7,366,373,13,697,710,31,1790,1821,43,2551,2594,58,2258,2316,57,2141,2198,60,2176,2236,43,1922,1965,73,3214,3287,60,2353,2413,41,2197,2238,67,2829,2896,60,2094,2154,10,513,523,629,27328,27957
IARE107005,0,223,223,8,249,257,14,520,534,16,1001,1017,35,1153,1188,35,1085,1120,14,924,938,18,1063,1081,14,964,978,22,1546,1568,25,1145,1170,31,981,1012,31,1556,1587,30,1019,1049,13,382,395,306,13811,14117
IARE107006,4,161,165,0,185,185,6,242,248,11,672,683,15,1056,1071,41,1051,1092,22,1080,1102,35,1209,1244,41,1229,1270,77,2540,2617,73,2320,2393,56,1824,1880,66,2647,2713,48,1379,1427,20,341,361,515,17936,18451
IARE107007,15,463,478,53,610,663,90,1185,1275,139,2668,2807,217,3882,4099,207,3813,4020,170,3424,3594,177,4087,4264,153,3611,3764,219,5788,6007,170,4522,4692,94,2935,3029,92,3707,3799,162,3666,3828,97,1141,1238,2055,45502,47557
IARE107008,14,1758,1772,23,2096,2119,61,3685,3746,72,6990,7062,97,10759,10856,97,9704,9801,71,8301,8372,84,8535,8619,73,7245,7318,114,10883,10997,88,7522,7610,62,5619,5681,77,7799,7876,102,7885,7987,52,3297,3349,1087,102078,103165
IARE107009,7,1001,1008,15,1218,1233,34,2027,2061,43,3520,3563,56,6017,6073,62,5700,5762,45,4597,4642,55,4771,4826,29,4119,4148,59,5864,5923,36,4119,4155,33,2560,2593,41,3603,3644,59,4787,4846,36,1818,1854,610,55721,56331
IARE107010,7,217,224,12,270,282,28,398,426,32,1053,1085,63,1525,1588,63,1468,1531,55,1477,1532,67,1634,1701,50,1590,1640,74,2632,2706,62,2022,2084,50,1517,1567,65,2018,2083,61,1616,1677,26,517,543,715,19954,20669
IARE107011,6,430,436,11,573,584,18,987,1005,25,2020,2045,41,2956,2997,38,2730,2768,29,2567,2596,34,2806,2840,27,2480,2507,39,3982,4021,34,2763,2797,28,2210,2238,32,2754,2786,31,2280,2311,14,851,865,407,32389,32796
IARE107012,7,1237,1244,4,1062,1066,8,1149,1157,10,2733,2743,13,4603,4616,25,4584,4609,17,4948,4965,22,4996,5018,19,5020,5039,37,8665,8702,35,6746,6781,48,11982,12030,65,20957,21022,35,7931,7966,19,1507,1526,364,88120,88484
IARE107013,0,1023,1023,3,632,635,5,1053,1058,9,2130,2139,12,2965,2977,8,2664,2672,16,2742,2758,10,2965,2975,17,2780,2797,26,4514,4540,24,3301,3325,21,4379,4400,26,6969,6995,23,3002,3025,9,842,851,209,41961,42170
IARE107014,4,911,915,7,735,742,12,1094,1106,17,2454,2471,28,3763,3791,32,3598,3630,24,3467,3491,33,3560,3593,28,3220,3248,36,5341,5377,35,4025,4060,23,3790,3813,30,5966,5996,32,3567,3599,15,1046,1061,356,46537,46893
IARE107015,6,235,241,24,386,410,30,815,845,62,2025,2087,110,3196,3306,100,2568,2668,76,2359,2435,84,2126,2210,63,1994,2057,108,3441,3549,73,2451,2524,43,1967,2010,59,2283,2342,98,2245,2343,56,741,797,992,28832,29824
IARE107016,3,223,226,9,227,236,23,474,497,28,900,928,20,947,967,22,961,983,18,910,928,18,1078,1096,8,1143,1151,21,2018,2039,23,1358,1381,16,3307,3323,41,5600,5641,19,1566,1585,10,326,336,279,21038,21317
IARE107017,15,621,636,34,901,935,62,1504,1566,82,2627,2709,104,4216,4320,114,4126,4240,78,3826,3904,95,4399,4494,68,3964,4032,124,6361,6485,100,5206,5306,52,3579,3631,60,4768,4828,101,4278,4379,62,1502,1564,1151,51878,53029
IARE107018,0,3,3,0,4,4,0,0,0,0,7,7,0,17,17,0,16,16,0,21,21,3,7,10,0,11,11,0,15,15,0,4,4,0,7,7,0,4,4,0,16,16,0,0,0,3,132,135
IARE107019,5,380,385,13,362,375,28,737,765,32,1372,1404,34,1929,1963,52,1827,1879,34,1787,1821,46,2139,2185,29,2059,2088,54,3607,3661,52,2609,2661,44,3149,3193,63,4821,4884,40,2121,2161,19,540,559,545,29439,29984
IARE107020,9,896,905,8,925,933,15,1321,1336,18,3248,3266,32,5139,5171,30,4817,4847,31,5283,5314,29,5259,5288,39,5298,5337,62,9130,9192,62,7172,7234,53,10664,10717,92,16648,16740,35,7298,7333,19,1916,1935,534,85014,85548
IARE107021,10,948,958,16,1028,1044,45,1756,1801,60,3153,3213,69,4485,4554,63,4441,4504,61,4236,4297,35,4623,4658,35,4280,4315,53,6819,6872,52,4888,4940,36,4358,4394,56,5737,5793,60,3935,3995,34,1456,1490,685,56143,56828
IARE107022,21,528,549,55,638,693,74,1259,1333,102,2912,3014,188,4258,4446,187,4264,4451,179,4108,4287,207,4881,5088,183,4497,4680,311,7832,8143,258,6248,6506,139,4318,4457,204,5524,5728,201,4279,4480,74,1487,1561,2383,57033,59416
IARE107023,9,1329,1338,24,822,846,51,1290,1341,53,2414,2467,65,2999,3064,68,2711,2779,42,2780,2822,50,2919,2969,50,2875,2925,58,4736,4794,58,3681,3739,65,5017,5082,92,8335,8427,65,3774,3839,39,1093,1132,789,46775,47564
IARE107024,5,650,655,6,591,597,5,851,856,9,1983,1992,20,2946,2966,18,2710,2728,26,2602,2628,26,2758,2784,19,2517,2536,38,4131,4169,34,2978,3012,31,2504,2535,28,3459,3487,20,2556,2576,10,876,886,295,34112,34407
IARE107025,13,627,640,18,770,788,34,1317,1351,35,3517,3552,57,4956,5013,51,4760,4811,55,4878,4933,59,4835,4894,53,4769,4822,122,8485,8607,104,7242,7346,74,7906,7980,121,12742,12863,88,6099,6187,31,1529,1560,915,74432,75347
IARE107026,18,2539,2557,60,1175,1235,118,2596,2714,109,3487,3596,118,3668,3786,95,3845,3940,74,3887,3961,62,4714,4776,46,4617,4663,83,7831,7914,66,4845,4911,55,10089,10144,111,12547,12658,108,4865,4973,74,1265,1339,1197,71970,73167
IARE107027,7,1513,1520,6,1067,1073,11,1522,1533,15,3100,3115,32,4525,4557,25,4099,4124,32,4016,4048,25,4489,4514,26,4279,4305,41,7236,7277,32,5260,5292,36,6656,6692,60,10860,10920,40,5104,5144,11,1291,1302,399,65017,65416
IARE107028,5,1378,1383,0,885,885,8,1191,1199,4,2289,2293,12,3411,3423,12,3249,3261,24,3728,3752,15,4343,4358,15,4499,4514,30,7772,7802,29,4822,4851,21,12704,12725,42,18344,18386,14,5690,5704,12,1202,1214,243,75507,75750
IARE107029,4,127,131,7,146,153,4,266,270,20,562,582,34,983,1017,44,924,968,33,954,987,29,969,998,40,970,1010,56,1679,1735,52,1291,1343,31,1047,1078,39,1502,1541,49,1152,1201,15,398,413,457,12970,13427
IARE107030,17,1051,1068,59,1256,1315,114,2520,2634,147,5665,5812,265,7537,7802,209,5993,6202,150,5223,5373,144,4943,5087,137,4483,4620,217,7456,7673,150,5451,5601,84,4877,4961,123,6264,6387,177,5036,5213,75,1943,2018,2068,69698,71766
IARE107031,5,786,791,5,459,464,0,762,762,3,1648,1651,12,2146,2158,9,2064,2073,14,2346,2360,8,2520,2528,17,2488,2505,19,4277,4296,20,2898,2918,22,6781,6803,38,10784,10822,28,4039,4067,3,1131,1134,203,45129,45332
IARE194994,0,0,0,0,0,0,0,0,0,0,0,0,0,0,0,0,0,0,0,0,0,0,0,0,0,0,0,0,0,0,0,0,0,0,0,0,0,0,0,0,0,0,0,0,0,0,0,0
IARE197997,0,0,0,0,0,0,0,0,0,0,0,0,0,0,0,0,0,0,0,0,0,0,0,0,0,0,0,0,0,0,0,0,0,0,0,0,0,0,0,0,0,0,0,0,0,0,0,0
IARE201001,4,985,989,10,1110,1120,5,1821,1826,20,3466,3486,37,5944,5981,38,5331,5369,19,4881,4900,27,5229,5256,23,4378,4401,38,6793,6831,22,4925,4947,14,3079,3093,19,3603,3622,36,4799,4835,22,2092,2114,334,58436,58770
IARE201002,0,243,243,3,293,296,4,501,505,7,1179,1186,33,2024,2057,24,2055,2079,17,2116,2133,23,2273,2296,22,2193,2215,29,3550,3579,22,2537,2559,10,1638,1648,15,1704,1719,15,1856,1871,5,680,685,229,24842,25071
IARE201003,0,351,351,3,388,391,3,485,488,13,1124,1137,17,2218,2235,15,2385,2400,18,2397,2415,37,2893,2930,26,2816,2842,52,4754,4806,38,3515,3553,18,2390,2408,17,2712,2729,33,2708,2741,6,768,774,296,31904,32200
IARE201004,10,825,835,10,927,937,18,1307,1325,27,3297,3324,54,6074,6128,55,6372,6427,50,6626,6676,71,7593,7664,56,7082,7138,80,11469,11549,64,8646,8710,36,5318,5354,35,5800,5835,59,6400,6459,33,2076,2109,658,79812,80470
IARE201005,0,1163,1163,5,1367,1372,19,2584,2603,31,6565,6596,70,9266,9336,70,8567,8637,57,8211,8268,66,8591,8657,56,7513,7569,88,12019,12107,68,8928,8996,42,7214,7256,49,8068,8117,68,7197,7265,33,2876,2909,722,100129,100851
IARE201006,3,836,839,6,949,955,12,1588,1600,14,3333,3347,37,5207,5244,26,4904,4930,25,4221,4246,17,4365,4382,20,3469,3489,12,4780,4792,10,3001,3011,6,1713,1719,5,1787,1792,25,3486,3511,25,1608,1633,243,45247,45490
IARE201007,4,500,504,3,607,610,7,1000,1007,9,2525,2534,25,3918,3943,21,3827,3848,22,3931,3953,16,4389,4405,28,4075,4103,39,7013,7052,25,5192,5217,17,4142,4159,18,5233,5251,25,4201,4226,4,1249,1253,263,51802,52065
IARE201008,11,1047,1058,9,1256,1265,17,2100,2117,28,4182,4210,24,5567,5591,29,4865,4894,26,4618,4644,21,4999,5020,41,4547,4588,42,7118,7160,27,5595,5622,20,5833,5853,39,8331,8370,24,4770,4794,17,1806,1823,375,66634,67009
IARE201009,3,351,354,4,438,442,8,787,795,13,2307,2320,24,3164,3188,15,3049,3064,23,3147,3170,18,3281,3299,11,2946,2957,36,4822,4858,17,3685,3702,10,2943,2953,23,3526,3549,13,2771,2784,8,943,951,226,38160,38386
IARE201010,10,3379,3389,10,2637,2647,17,3611,3628,21,7978,7999,20,11380,11400,32,10377,10409,31,10832,10863,45,11382,11427,42,11220,11262,55,17668,17723,46,12839,12885,45,21925,21970,60,34931,34991,33,14962,14995,27,3891,3918,494,179012,179506
IARE201011,4,1277,1281,9,1401,1410,22,1934,1956,37,4668,4705,45,7375,7420,40,7011,7051,25,7160,7185,42,7254,7296,44,7074,7118,51,11549,11600,28,9325,9353,33,9881,9914,50,14676,14726,57,8389,8446,23,2212,2235,510,101186,101696
IARE201012,8,4889,4897,17,2412,2429,26,3477,3503,40,5021,5061,38,6232,6270,54,6401,6455,26,6388,6414,31,7643,7674,19,7448,7467,47,12137,12184,47,8012,8059,61,14090,14151,75,18087,18162,41,8227,8268,35,1973,2008,565,112437,113002
IARE201013,6,407,413,3,385,388,11,664,675,7,1324,1331,43,2491,2534,42,2784,2826,41,2789,2830,35,3286,3321,33,3100,3133,27,4945,4972,32,3934,3966,9,2515,2524,22,2547,2569,33,2577,2610,10,872,882,354,34620,34974
IARE201014,6,1530,1536,5,1085,1090,3,1260,1263,5,3048,3053,10,5164,5174,16,4562,4578,13,4380,4393,20,4401,4421,11,4162,4173,23,6502,6525,27,4888,4915,16,5087,5103,14,7162,7176,19,4719,4738,0,1238,1238,188,59188,59376
IARE201015,11,1172,1183,18,1568,1586,28,2359,2387,46,5197,5243,68,7627,7695,53,6640,6693,41,5970,6011,46,6295,6341,40,5609,5649,49,8225,8274,53,5808,5861,27,4799,4826,36,5922,5958,40,5849,5889,28,2268,2296,584,75308,75892
IARE201016,3,649,652,7,763,770,14,1364,1378,24,3950,3974,58,6078,6136,67,5269,5336,37,4876,4913,48,4232,4280,30,3920,3950,65,5674,5739,33,3805,3838,23,3363,3386,15,3819,3834,54,4108,4162,15,1787,1802,493,53657,54150
IARE201017,15,1496,1511,16,1819,1835,49,2695,2744,69,5741,5810,94,9413,9507,96,8131,8227,80,7757,7837,86,8916,9002,68,7894,7962,122,12440,12562,91,9249,9340,64,6669,6733,75,8189,8264,112,7507,7619,48,2850,2898,1085,100766,101851
IARE201018,3,1246,1249,4,916,920,4,1295,1299,13,3203,3216,11,4871,4882,17,4328,4345,8,4127,4135,15,4114,4129,15,3710,3725,17,6043,6060,17,4581,4598,11,4961,4972,14,6802,6816,11,3948,3959,9,1160,1169,169,55305,55474
IARE201019,12,1094,1106,14,1203,1217,25,1779,1804,28,3786,3814,78,6202,6280,65,6399,6464,63,6308,6371,67,7143,7210,60,6686,6746,90,11034,11124,70,8317,8387,42,6788,6830,41,8128,8169,69,6280,6349,26,2046,2072,750,83193,83943
IARE201020,6,462,468,5,621,626,14,984,998,24,2709,2733,40,4233,4273,38,4209,4247,41,4113,4154,62,4422,4484,39,4095,4134,57,6492,6549,46,4748,4794,20,3517,3537,30,3991,4021,53,4194,4247,14,1340,1354,489,50130,50619
IARE202001,3,333,336,12,557,569,29,1272,1301,36,3176,3212,77,4437,4514,75,3982,4057,40,3466,3506,57,3328,3385,40,2923,2963,51,3998,4049,31,2714,2745,18,1763,1781,15,1856,1871,59,2494,2553,27,1108,1135,570,37407,37977
IARE202002,3,175,178,3,287,290,10,449,459,13,1163,1176,23,1890,1913,16,1616,1632,13,1451,1464,29,1333,1362,16,1232,1248,10,1810,1820,10,1163,1173,8,811,819,6,886,892,18,1200,1218,15,543,558,193,16009,16202
IARE202003,8,310,318,15,577,592,31,1176,1207,56,2959,3015,90,4449,4539,90,3978,4068,59,3528,3587,54,3371,3425,61,2981,3042,50,4181,4231,30,2830,2860,33,1697,1730,16,1753,1769,60,2627,2687,31,1075,1106,684,37492,38176
IARE202004,23,575,598,48,780,828,81,1506,1587,112,3774,3886,221,5772,5993,179,4929,5108,133,4459,4592,124,3866,3990,86,3414,3500,111,4624,4735,57,3004,3061,23,1615,1638,27,1701,1728,117,3169,3286,110,1696,1806,1452,44884,46336
IARE202005,7,361,368,5,568,573,20,1147,1167,45,2875,2920,58,3829,3887,54,3111,3165,20,2542,2562,29,2114,2143,14,1698,1712,17,2012,2029,13,1087,1100,6,658,664,3,617,620,28,1741,1769,14,935,949,333,25295,25628
IARE202006,9,820,829,24,1257,1281,40,2605,2645,57,6279,6336,95,9115,9210,88,7876,7964,69,7080,7149,86,6709,6795,76,5928,6004,95,8954,9049,57,6229,6286,29,4807,4836,27,5073,5100,88,5727,5815,50,2396,2446,890,80855,81745
IARE202007,15,414,429,28,672,700,39,1157,1196,66,3022,3088,103,4397,4500,117,3595,3712,72,3037,3109,71,2531,2602,36,2242,2278,70,2797,2867,25,1749,1774,16,1205,1221,23,1228,1251,71,2536,2607,59,1136,1195,811,31718,32529
IARE202008,4,288,292,10,490,500,34,1104,1138,34,2489,2523,65,3330,3395,48,2694,2742,42,2263,2305,38,2049,2087,25,1850,1875,35,2709,2744,33,1795,1828,10,1559,1569,16,1520,1536,44,2008,2052,35,1023,1058,473,27171,27644
IARE202009,6,290,296,4,342,346,9,547,556,7,1336,1343,27,2086,2113,16,1904,1920,15,1901,1916,22,2027,2049,17,1813,1830,23,3039,3062,28,2183,2211,15,2015,2030,20,2153,2173,27,2081,2108,10,638,648,246,24355,24601
IARE202010,10,239,249,24,390,414,40,748,788,67,1635,1702,113,2394,2507,112,2001,2113,71,1767,1838,56,1612,1668,51,1395,1446,46,1806,1852,20,1153,1173,11,591,602,11,629,640,68,1356,1424,65,769,834,765,18485,19250
IARE202011,3,279,282,3,461,464,11,786,797,21,2080,2101,29,3000,3029,18,2375,2393,21,2276,2297,22,1832,1854,15,1575,1590,17,2113,2130,16,1281,1297,5,1022,1027,8,850,858,14,1536,1550,15,751,766,218,22217,22435
IARE202012,8,536,544,8,715,723,15,1160,1175,44,3081,3125,53,4789,4842,57,4248,4305,42,3964,4006,44,3641,3685,45,3284,3329,46,4500,4546,27,3009,3036,16,1982,1998,12,2131,2143,24,3364,3388,27,1337,1364,468,41741,42209
IARE202013,3,160,163,8,238,246,20,504,524,20,1341,1361,43,1800,1843,36,1515,1551,25,1332,1357,29,1145,1174,19,1021,1040,20,1455,1475,11,873,884,4,567,571,10,598,608,19,979,998,13,456,469,280,13984,14264
IARE202014,3,107,110,13,137,150,21,262,283,37,615,652,44,929,973,46,770,816,33,714,747,27,627,654,22,562,584,20,667,687,14,451,465,3,231,234,6,246,252,38,563,601,30,329,359,357,7210,7567
IARE202015,6,262,268,6,350,356,6,638,644,16,1566,1582,27,2302,2329,33,2018,2051,15,1671,1686,13,1494,1507,17,1293,1310,17,1668,1685,13,1020,1033,4,598,602,3,565,568,28,1239,1267,14,574,588,218,17258,17476
IARE202016,0,131,131,0,181,181,3,291,294,15,662,677,17,1147,1164,18,1060,1078,17,961,978,16,1012,1028,8,1000,1008,14,1463,1477,20,971,991,12,674,686,11,697,708,20,972,992,13,380,393,184,11602,11786
IARE202017,0,115,115,7,207,214,20,374,394,18,897,915,38,1346,1384,29,1211,1240,20,1067,1087,28,1047,1075,12,1005,1017,15,1406,1421,13,910,923,7,540,547,4,595,599,20,800,820,15,364,379,246,11884,12130
IARE202018,6,231,237,8,350,358,11,720,731,29,1919,1948,42,2581,2623,54,2178,2232,25,1892,1917,21,1616,1637,16,1368,1384,15,1838,1853,18,1115,1133,8,616,624,6,630,636,26,1261,1287,24,727,751,309,19042,19351
IARE202019,5,376,381,12,608,620,35,1291,1326,30,2898,2928,92,4187,4279,63,3853,3916,47,3412,3459,52,3251,3303,53,2841,2894,51,3861,3912,29,2733,2762,17,1451,1468,11,1509,1520,58,2660,2718,37,1066,1103,592,35997,36589
IARE294994,0,0,0,0,0,0,0,0,0,0,0,0,0,0,0,0,0,0,0,0,0,0,0,0,0,0,0,0,0,0,0,0,0,0,0,0,0,0,0,0,0,0,0,0,0,0,0,0
IARE297997,0,0,0,0,0,0,0,0,0,0,0,0,0,0,0,0,0,0,0,0,0,0,0,0,0,0,0,0,0,0,0,0,0,0,0,0,0,0,0,0,0,0,0,0,0,0,0,0
IARE301001,3,165,168,7,233,240,7,338,345,16,887,903,42,1551,1593,42,1343,1385,37,1188,1225,39,1109,1148,32,1016,1048,49,1474,1523,34,939,973,21,618,639,13,643,656,45,1007,1052,23,356,379,410,12867,13277
IARE301002,69,5260,5329,114,4525,4639,233,7529,7762,291,18174,18465,574,25485,26059,593,24897,25490,513,24783,25296,575,27502,28077,518,26283,26801,841,44296,45137,714,35149,35863,436,38989,39425,652,55340,55992,605,28388,28993,262,7254,7516,6990,373854,380844
IARE301003,19,476,495,32,718,750,46,1273,1319,91,3282,3373,229,6312,6541,247,5295,5542,183,4716,4899,213,4455,4668,164,4137,4301,195,5935,6130,156,4107,4263,83,2640,2723,68,2705,2773,175,3956,4131,80,1586,1666,1981,51593,53574
IARE301004,11,405,416,13,562,575,15,876,891,41,2645,2686,82,4734,4816,90,3999,4089,71,3633,3704,86,3117,3203,71,2821,2892,86,3947,4033,71,2546,2617,33,1827,1860,27,2027,2054,73,3099,3172,16,1029,1045,786,37267,38053
IARE301005,3,89,92,3,166,169,8,218,226,19,570,589,34,997,1031,42,808,850,30,758,788,27,651,678,24,585,609,26,782,808,14,480,494,10,296,306,6,279,285,23,585,608,6,274,280,275,7538,7813
IARE301006,5,140,145,9,186,195,10,286,296,18,817,835,64,1332,1396,65,1171,1236,33,1094,1127,42,1011,1053,40,950,990,55,1318,1373,21,869,890,17,453,470,5,474,479,46,926,972,16,429,445,446,11456,11902
IARE301007,31,2926,2957,47,2637,2684,78,4479,4557,119,9981,10100,304,17158,17462,328,16403,16731,279,15709,15988,296,15215,15511,295,14283,14578,363,21026,21389,304,15059,15363,158,11567,11725,168,13450,13618,281,13783,14064,110,4783,4893,3161,178459,181620
IARE301008,17,443,460,40,576,616,58,1089,1147,113,3049,3162,269,4778,5047,285,4705,4990,232,4530,4762,267,5069,5336,210,4544,4754,343,7165,7508,201,5463,5664,120,3251,3371,86,3496,3582,275,4114,4389,83,1384,1467,2599,53656,56255
IARE301009,37,850,887,37,987,1024,71,1787,1858,140,4290,4430,298,7657,7955,365,7785,8150,298,7048,7346,329,8162,8491,295,7597,7892,398,11750,12148,304,8910,9214,155,5482,5637,154,5955,6109,331,7197,7528,135,2494,2629,3347,87951,91298
IARE301010,11,698,709,21,894,915,31,1551,1582,68,3901,3969,106,6706,6812,123,5877,6000,107,5406,5513,124,5040,5164,99,4730,4829,113,6516,6629,89,4388,4477,61,3155,3216,54,3440,3494,123,4948,5071,34,1454,1488,1164,58704,59868
IARE301011,5,265,270,3,351,354,4,582,586,13,1336,1349,42,2272,2314,22,1982,2004,29,1892,1921,31,1501,1532,26,1431,1457,37,1837,1874,15,1122,1137,10,914,924,9,865,874,26,1688,1714,6,471,477,278,18509,18787
IARE301012,9,396,405,14,459,473,17,738,755,42,1917,1959,69,3568,3637,106,3737,3843,74,3683,3757,102,4390,4492,104,4493,4597,177,7819,7996,151,6741,6892,88,5424,5512,115,6624,6739,100,4364,4464,41,954,995,1209,55307,56516
IARE301013,3,219,222,5,272,277,21,713,734,41,2085,2126,67,2778,2845,86,2208,2294,55,1893,1948,58,1823,1881,38,1512,1550,81,2325,2406,28,1556,1584,28,1172,1200,14,1204,1218,58,1428,1486,16,726,742,599,21914,22513
IARE301014,7,450,457,20,561,581,29,970,999,70,2883,2953,117,4262,4379,121,3709,3830,86,3484,3570,106,3469,3575,75,3508,3583,157,5981,6138,117,4861,4978,71,3881,3952,87,4920,5007,97,3881,3978,35,1157,1192,1195,47977,49172
IARE302001,6,64,70,3,73,76,8,141,149,7,411,418,36,578,614,37,455,492,29,370,399,27,340,367,20,326,346,15,420,435,13,236,249,7,175,182,9,169,178,33,341,374,28,204,232,278,4303,4581
IARE302002,53,588,641,91,626,717,191,1269,1460,254,2678,2932,539,4090,4629,500,4133,4633,379,4122,4501,404,3956,4360,317,3771,4088,405,5775,6180,318,4052,4370,168,2821,2989,145,3095,3240,549,4406,4955,293,1189,1482,4606,46571,51177
IARE302003,3,66,69,9,59,68,25,111,136,20,204,224,24,369,393,38,361,399,33,336,369,29,321,350,25,288,313,21,423,444,19,247,266,8,146,154,0,129,129,43,296,339,24,109,133,321,3465,3786
IARE302004,0,22,22,4,40,44,6,60,66,11,142,153,18,172,190,19,166,185,15,129,144,7,137,144,7,126,133,16,161,177,11,135,146,7,90,97,3,111,114,14,167,181,9,64,73,147,1722,1869
IARE302005,3,50,53,3,66,69,6,106,112,4,178,182,15,307,322,17,234,251,8,231,239,9,196,205,3,163,166,12,216,228,6,117,123,4,80,84,0,82,82,20,244,264,4,64,68,114,2334,2448
IARE302006,4,36,40,4,47,51,16,94,110,14,262,276,27,289,316,38,209,247,22,153,175,13,121,134,11,105,116,10,124,134,6,56,62,9,56,65,0,37,37,38,182,220,22,79,101,234,1850,2084
IARE302007,4,116,120,9,112,121,30,192,222,53,505,558,89,762,851,80,691,771,74,539,613,60,486,546,72,487,559,49,638,687,37,363,400,13,228,241,10,254,264,79,531,610,31,275,306,690,6179,6869
IARE302008,7,92,99,3,102,105,10,150,160,13,311,324,46,523,569,52,420,472,36,388,424,34,317,351,24,278,302,23,454,477,18,291,309,6,186,192,7,196,203,51,441,492,18,161,179,348,4310,4658
IARE302009,3,33,36,3,37,40,24,98,122,28,283,311,38,337,375,41,282,323,35,248,283,38,201,239,26,196,222,24,216,240,16,153,169,5,88,93,3,63,66,49,185,234,42,117,159,375,2537,2912
IARE302010,0,0,0,3,9,12,6,19,25,10,23,33,15,31,46,7,35,42,4,27,31,9,28,37,10,19,29,5,18,23,9,6,15,0,10,10,4,6,10,0,19,19,3,9,12,85,259,344
IARE302011,0,0,0,5,0,5,24,3,27,13,0,13,38,3,41,72,0,72,52,0,52,53,3,56,39,3,42,47,3,50,38,0,38,12,0,12,6,0,6,10,0,10,0,0,0,409,15,424
IARE303001,0,0,0,4,0,4,7,0,7,6,0,6,12,3,15,28,0,28,10,0,10,22,6,28,15,4,19,21,10,31,15,5,20,3,5,8,3,3,6,27,0,27,12,0,12,185,36,221
IARE303002,3,13,16,3,23,26,5,27,32,5,62,67,19,67,86,10,62,72,5,41,46,12,40,52,11,28,39,11,39,50,6,28,34,3,15,18,0,15,15,15,60,75,6,31,37,114,551,665
IARE303003,0,7,7,0,9,9,8,16,24,14,64,78,12,53,65,15,61,76,8,48,56,11,49,60,5,41,46,11,77,88,4,34,38,0,29,29,3,22,25,14,44,58,12,12,24,117,566,683
IARE303004,0,0,0,8,0,8,16,0,16,13,0,13,31,0,31,29,3,32,23,0,23,29,3,32,14,0,14,15,3,18,7,3,10,11,0,11,6,3,9,4,0,4,3,3,6,209,18,227
IARE303005,0,0,0,0,0,0,3,0,3,10,0,10,20,0,20,31,3,34,24,4,28,38,11,49,14,3,17,24,7,31,14,8,22,0,4,4,6,0,6,4,3,7,0,0,0,188,43,231
IARE303006,0,0,0,3,0,3,4,6,10,3,4,7,10,3,13,11,4,15,8,4,12,14,5,19,7,0,7,14,5,19,5,3,8,3,3,6,0,3,3,3,0,3,0,3,3,85,43,128
IARE303007,0,9,9,9,4,13,20,4,24,12,4,16,28,14,42,48,7,55,31,26,57,39,43,82,34,44,78,53,116,169,28,89,117,27,151,178,52,219,271,29,88,117,10,14,24,420,832,1252
IARE303008,4,3,7,9,0,9,27,0,27,21,5,26,49,8,57,75,8,83,48,14,62,46,5,51,37,10,47,48,15,63,29,13,42,13,8,21,8,17,25,13,3,16,24,7,31,451,116,567
IARE303009,0,0,0,4,0,4,5,0,5,0,0,0,16,0,16,25,3,28,18,3,21,23,4,27,13,0,13,19,4,23,8,0,8,3,6,9,0,3,3,4,0,4,0,0,0,138,23,161
IARE304001,4,12,16,3,17,20,13,24,37,5,54,59,16,54,70,17,65,82,10,71,81,10,52,62,12,51,63,11,68,79,7,29,36,3,33,36,3,19,22,23,81,104,7,39,46,144,669,813
IARE304002,3,10,13,16,14,30,30,17,47,27,34,61,57,51,108,86,49,135,53,57,110,65,59,124,47,46,93,55,67,122,31,62,93,19,33,52,22,40,62,73,54,127,30,23,53,614,616,1230
IARE304003,0,16,16,3,9,12,12,16,28,16,37,53,25,62,87,24,62,86,16,58,74,12,80,92,11,81,92,29,123,152,18,68,86,13,75,88,12,125,137,39,96,135,16,55,71,246,963,1209
IARE304004,11,61,72,11,40,51,30,57,87,41,186,227,81,201,282,77,224,301,71,212,283,63,271,334,54,270,324,82,685,767,65,468,533,86,850,936,140,1260,1400,132,443,575,55,165,220,999,5393,6392
IARE305001,3,92,95,10,81,91,6,106,112,18,274,292,20,378,398,24,381,405,25,290,315,20,324,344,11,349,360,27,586,613,17,348,365,16,602,618,19,492,511,24,387,411,10,221,231,250,4911,5161
IARE305002,6,70,76,4,75,79,10,99,109,10,275,285,24,303,327,29,286,315,16,265,281,26,288,314,21,250,271,23,341,364,12,265,277,4,149,153,10,183,193,31,358,389,10,144,154,236,3351,3587
IARE305003,10,378,388,16,584,600,52,1180,1232,93,2887,2980,191,5071,5262,163,3917,4080,126,3128,3254,114,2619,2733,86,2290,2376,100,2865,2965,52,1820,1872,31,1165,1196,23,1186,1209,143,2504,2647,59,1177,1236,1259,32771,34030
IARE305004,4,107,111,10,100,110,21,152,173,28,301,329,62,409,471,68,387,455,45,368,413,39,456,495,32,478,510,58,951,1009,38,680,718,59,1455,1514,71,1585,1656,47,909,956,21,255,276,603,8593,9196
IARE305005,18,415,433,20,666,686,61,1261,1322,101,3426,3527,208,5833,6041,201,4474,4675,153,3655,3808,144,2735,2879,89,2217,2306,99,2864,2963,69,1758,1827,32,1029,1061,18,933,951,136,2795,2931,57,1305,1362,1406,35366,36772
IARE305006,8,219,227,9,214,223,20,344,364,29,862,891,71,1334,1405,54,1014,1068,49,964,1013,40,1047,1087,60,1134,1194,109,2233,2342,82,1633,1715,94,2381,2475,119,2912,3031,95,1702,1797,32,542,574,871,18535,19406
IARE305007,6,109,115,0,47,47,0,60,60,7,118,125,5,238,243,7,201,208,11,227,238,6,235,241,8,288,296,23,597,620,31,420,451,65,1495,1560,66,1522,1588,22,613,635,7,217,224,264,6387,6651
IARE305008,6,94,100,14,85,99,8,120,128,26,342,368,39,535,574,37,440,477,23,362,385,17,252,269,12,285,297,19,304,323,3,175,178,5,115,120,3,111,114,28,297,325,10,216,226,250,3733,3983
IARE305009,25,371,396,30,479,509,82,891,973,144,2660,2804,226,3704,3930,234,3008,3242,186,2723,2909,190,2598,2788,152,2506,2658,254,4067,4321,152,2978,3130,103,2470,2573,123,2895,3018,274,3676,3950,98,1236,1334,2273,36262,38535
IARE306001,0,34,34,5,32,37,10,44,54,22,76,98,31,112,143,34,111,145,21,134,155,30,123,153,15,104,119,33,125,158,20,94,114,4,53,57,6,83,89,37,152,189,12,62,74,280,1339,1619
IARE306002,0,6,6,4,8,12,3,10,13,6,42,48,5,52,57,3,51,54,3,67,70,0,52,52,14,44,58,10,48,58,6,36,42,4,24,28,3,14,17,18,66,84,6,27,33,85,547,632
IARE306003,0,0,0,0,3,3,20,0,20,19,0,19,30,0,30,56,0,56,32,0,32,39,0,39,13,0,13,19,0,19,7,0,7,5,0,5,3,0,3,0,0,0,0,0,0,243,3,246
IARE306004,3,205,208,11,273,284,16,551,567,31,1472,1503,86,2441,2527,69,1869,1938,53,1569,1622,47,1286,1333,37,1114,1151,43,1376,1419,23,789,812,13,437,450,9,406,415,48,1189,1237,33,511,544,522,15488,16010
IARE306005,0,29,29,3,28,31,6,73,79,8,204,212,30,318,348,29,309,338,23,264,287,28,303,331,17,288,305,28,438,466,15,292,307,6,224,230,4,223,227,24,263,287,11,105,116,232,3361,3593
IARE306006,5,116,121,11,135,146,13,219,232,24,658,682,45,1041,1086,45,842,887,35,747,782,31,704,735,25,618,643,36,782,818,5,413,418,4,264,268,3,269,272,22,574,596,18,289,307,322,7671,7993
IARE306007,0,35,35,3,49,52,3,57,60,10,180,190,21,292,313,19,277,296,9,262,271,15,259,274,16,246,262,24,306,330,11,215,226,7,152,159,7,116,123,20,244,264,7,78,85,172,2768,2940
IARE306008,7,88,95,9,72,81,10,119,129,31,207,238,38,320,358,34,320,354,32,324,356,35,285,320,27,301,328,54,452,506,19,360,379,16,260,276,23,321,344,40,452,492,17,174,191,392,4055,4447
IARE306009,3,15,18,3,18,21,7,33,40,10,101,111,19,162,181,29,130,159,9,109,118,15,91,106,7,83,90,9,88,97,4,54,58,3,25,28,3,37,40,16,72,88,8,40,48,145,1058,1203
IARE306010,3,23,26,3,24,27,6,40,46,11,144,155,17,143,160,24,140,164,14,116,130,14,124,138,10,97,107,29,146,175,14,106,120,7,63,70,5,68,73,28,153,181,8,74,82,193,1461,1654
IARE306011,3,83,86,9,121,130,18,198,216,13,566,579,29,856,885,36,672,708,13,464,477,24,377,401,13,241,254,11,355,366,9,133,142,9,139,148,0,99,99,20,375,395,5,204,209,212,4883,5095
IARE306012,3,12,15,3,13,16,15,22,37,17,53,70,18,54,72,12,51,63,18,44,62,17,41,58,12,42,54,9,43,52,14,35,49,6,20,26,3,21,24,29,39,68,9,32,41,185,522,707
IARE306013,0,69,69,7,142,149,12,210,222,20,602,622,29,965,994,33,746,779,23,622,645,29,538,567,21,488,509,28,599,627,13,395,408,9,290,299,12,267,279,21,507,528,20,264,284,277,6704,6981
IARE306014,5,106,111,8,172,180,11,264,275,21,693,714,48,1213,1261,58,1021,1079,39,852,891,37,698,735,35,636,671,21,839,860,18,472,490,3,255,258,4,203,207,50,607,657,12,323,335,370,8354,8724
IARE306015,12,351,363,21,427,448,50,958,1008,90,2817,2907,172,4149,4321,195,3764,3959,124,3278,3402,134,3221,3355,106,2800,2906,159,4108,4267,92,2700,2792,43,1785,1828,47,2102,2149,153,2613,2766,61,1004,1065,1459,36077,37536
IARE306016,3,84,87,0,141,141,4,152,156,3,442,445,19,866,885,22,776,798,18,694,712,16,641,657,22,641,663,35,989,1024,20,756,776,19,514,533,26,567,593,22,806,828,7,215,222,236,8284,8520
IARE306017,3,88,91,0,101,101,8,134,142,11,369,380,22,704,726,21,558,579,15,518,533,22,547,569,11,467,478,20,704,724,7,469,476,10,280,290,8,320,328,21,574,595,8,155,163,187,5988,6175
IARE306018,5,150,155,10,140,150,9,226,235,28,546,574,40,778,818,35,651,686,30,598,628,29,523,552,24,522,546,37,754,791,14,479,493,14,364,378,10,396,406,29,600,629,20,294,314,334,7021,7355
IARE307001,6,4,10,3,3,6,11,6,17,22,12,34,42,3,45,48,10,58,41,6,47,41,18,59,36,27,63,70,40,110,44,34,78,23,43,66,41,47,88,114,33,147,31,8,39,573,294,867
IARE307002,0,0,0,0,0,0,17,0,17,11,0,11,20,3,23,26,0,26,11,0,11,16,0,16,11,3,14,9,3,12,5,3,8,4,0,4,0,0,0,11,0,11,3,0,3,144,12,156
IARE307003,0,0,0,3,0,3,28,5,33,22,0,22,32,0,32,62,8,70,29,3,32,43,0,43,28,3,31,41,4,45,14,3,17,5,3,8,8,0,8,5,0,5,0,0,0,320,29,349
IARE307004,0,0,0,3,0,3,20,0,20,11,0,11,30,0,30,35,0,35,19,0,19,38,0,38,12,3,15,20,3,23,9,0,9,3,0,3,0,0,0,3,0,3,3,0,3,206,6,212
IARE307005,0,0,0,4,0,4,18,0,18,8,0,8,15,0,15,18,0,18,19,0,19,24,3,27,14,0,14,17,0,17,8,0,8,3,0,3,7,3,10,5,0,5,5,0,5,165,6,171
IARE308001,5,50,55,7,59,66,12,131,143,24,299,323,37,450,487,29,356,385,21,330,351,50,277,327,36,302,338,58,413,471,19,285,304,23,361,384,26,307,333,33,353,386,9,176,185,389,4149,4538
IARE308002,4,83,87,4,91,95,6,168,174,26,489,515,64,648,712,32,597,629,33,565,598,38,508,546,25,475,500,29,673,702,14,479,493,10,281,291,7,321,328,47,481,528,17,248,265,356,6107,6463
IARE308003,3,26,29,9,42,51,19,68,87,19,224,243,27,303,330,33,233,266,23,214,237,21,181,202,15,188,203,19,260,279,14,186,200,9,159,168,11,145,156,35,244,279,20,106,126,277,2579,2856
IARE308004,0,69,69,4,47,51,8,53,61,14,173,187,15,215,230,13,198,211,13,171,184,6,163,169,4,148,152,11,187,198,9,139,148,7,117,124,10,126,136,6,272,278,10,122,132,130,2200,2330
IARE308005,3,45,48,4,80,84,7,143,150,20,397,417,24,543,567,30,442,472,15,398,413,23,328,351,10,331,341,21,438,459,8,290,298,3,148,151,8,201,209,20,324,344,15,168,183,211,4276,4487
IARE308006,20,212,232,19,278,297,25,466,491,61,1323,1384,107,1802,1909,105,1502,1607,81,1508,1589,102,1658,1760,125,1611,1736,169,3066,3235,122,2489,2611,103,2630,2733,151,3717,3868,206,3215,3421,67,804,871,1463,26281,27744
IARE308007,0,53,53,4,65,69,6,69,75,5,201,206,7,306,313,10,273,283,8,304,312,10,264,274,14,287,301,20,475,495,10,357,367,19,389,408,17,492,509,34,532,566,9,193,202,173,4260,4433
IARE308008,4,27,31,4,29,33,3,46,49,3,92,95,7,169,176,4,122,126,6,143,149,3,158,161,7,162,169,11,273,284,8,202,210,11,270,281,10,249,259,14,340,354,3,93,96,98,2375,2473
IARE308009,0,0,0,3,0,3,17,0,17,13,0,13,26,3,29,45,0,45,27,3,30,65,7,72,37,3,40,49,3,52,27,6,33,18,3,21,20,0,20,9,0,9,0,3,3,356,31,387
IARE308010,3,94,97,3,88,91,5,130,135,17,294,311,31,532,563,18,550,568,16,544,560,30,498,528,11,454,465,16,795,811,19,513,532,9,388,397,13,363,376,21,689,710,6,163,169,218,6095,6313
IARE308011,3,53,56,0,39,39,4,82,86,3,167,170,16,270,286,20,217,237,16,234,250,24,229,253,13,240,253,33,390,423,16,292,308,13,408,421,24,455,479,39,460,499,7,147,154,231,3683,3914
IARE308012,9,134,143,16,174,190,39,231,270,52,652,704,123,1148,1271,116,1302,1418,106,1258,1364,127,1624,1751,118,1613,1731,174,2836,3010,144,2464,2608,104,1546,1650,95,1808,1903,239,2458,2697,52,416,468,1514,19664,21178
IARE308013,23,343,366,31,373,404,66,883,949,90,1833,1923,192,2492,2684,182,2490,2672,153,2520,2673,177,2786,2963,129,2495,2624,229,3981,4210,153,3045,3198,110,2557,2667,118,3247,3365,265,3256,3521,120,814,934,2038,33115,35153
IARE308014,0,79,79,0,75,75,4,122,126,3,274,277,20,420,440,18,384,402,10,369,379,18,357,375,14,327,341,14,477,491,21,372,393,16,289,305,16,313,329,22,483,505,8,142,150,184,4483,4667
IARE308015,0,58,58,3,53,56,16,95,111,15,180,195,22,371,393,31,354,385,25,305,330,26,266,292,28,271,299,24,332,356,12,222,234,5,141,146,11,124,135,24,260,284,16,149,165,258,3181,3439
IARE394994,0,0,0,0,0,0,0,0,0,0,0,0,0,0,0,0,0,0,0,0,0,0,0,0,0,0,0,0,0,0,0,0,0,0,0,0,0,0,0,0,0,0,0,0,0,0,0,0
IARE397997,0,0,0,0,0,0,0,0,0,0,0,0,0,0,0,0,0,0,0,0,0,0,0,0,0,0,0,0,0,0,0,0,0,0,0,0,0,0,0,0,0,0,0,0,0,0,0,0
IARE401001,4,803,807,5,462,467,16,657,673,20,1180,1200,14,1346,1360,12,1319,1331,14,1255,1269,11,1334,1345,8,1250,1258,14,1971,1985,10,1319,1329,10,1685,1695,8,2374,2382,12,1216,1228,4,406,410,162,18577,18739
IARE401002,6,188,194,8,297,305,4,436,440,13,1129,1142,17,1954,1971,14,1835,1849,22,1878,1900,26,1932,1958,20,1834,1854,21,3025,3046,20,2354,2374,6,1992,1998,23,2487,2510,15,2114,2129,11,394,405,226,23849,24075
IARE401003,4,129,133,0,216,216,4,364,368,12,1014,1026,26,1526,1552,23,1441,1464,15,1375,1390,17,1413,1430,22,1318,1340,25,1942,1967,8,1346,1354,11,817,828,16,826,842,20,1216,1236,5,278,283,208,15221,15429
IARE401004,3,40,43,11,89,100,10,169,179,14,413,427,22,641,663,38,443,481,20,363,383,22,315,337,12,297,309,14,395,409,5,217,222,4,108,112,3,115,118,15,244,259,16,130,146,209,3979,4188
IARE401005,3,542,545,9,640,649,14,1130,1144,19,2642,2661,17,3527,3544,29,3031,3060,18,2826,2844,11,2666,2677,24,2368,2392,22,3583,3605,16,2544,2560,3,2371,2374,13,3061,3074,18,2223,2241,11,768,779,227,33922,34149
IARE401006,3,492,495,27,716,743,46,1518,1564,64,3788,3852,69,4595,4664,85,4015,4100,46,3492,3538,49,3465,3514,42,2908,2950,52,4352,4404,45,3243,3288,25,2354,2379,21,2952,2973,48,2744,2792,36,1119,1155,658,41753,42411
IARE401007,4,224,228,12,375,387,11,624,635,16,1705,1721,34,2946,2980,33,2449,2482,29,2059,2088,25,1613,1638,13,1327,1340,19,1598,1617,18,865,883,4,626,630,6,491,497,22,1252,1274,13,483,496,259,18637,18896
IARE401008,0,66,66,5,104,109,9,244,253,10,739,749,17,1085,1102,20,883,903,12,787,799,13,731,744,14,608,622,10,1027,1037,9,746,755,3,484,487,3,498,501,20,603,623,8,210,218,153,8815,8968
IARE401009,7,508,515,9,574,583,18,1218,1236,25,3017,3042,36,3985,4021,29,3575,3604,23,3359,3382,21,3079,3100,22,2730,2752,42,3914,3956,28,2860,2888,19,2294,2313,27,3003,3030,36,2484,2520,22,891,913,364,37491,37855
IARE401010,3,102,105,5,168,173,9,315,324,13,831,844,24,1133,1157,26,928,954,24,754,778,12,663,675,6,568,574,18,661,679,3,393,396,3,211,214,3,179,182,14,461,475,10,213,223,173,7580,7753
IARE401011,5,371,376,14,523,537,31,1158,1189,34,2928,2962,48,3478,3526,34,3122,3156,32,2884,2916,39,2804,2843,16,2362,2378,41,3868,3909,27,2983,3010,24,1959,1983,18,1996,2014,36,2249,2285,13,739,752,412,33424,33836
IARE401012,6,69,75,16,137,153,27,303,330,31,719,750,51,1023,1074,33,843,876,31,747,778,35,604,639,26,594,620,31,685,716,18,388,406,10,196,206,7,181,188,23,447,470,22,234,256,367,7170,7537
IARE401013,3,53,56,5,95,100,8,107,115,12,310,322,15,465,480,22,403,425,10,350,360,12,273,285,5,251,256,13,261,274,3,147,150,5,65,70,3,81,84,15,231,246,4,113,117,135,3205,3340
IARE401014,13,460,473,36,806,842,35,1681,1716,61,4080,4141,125,6550,6675,97,6133,6230,92,5544,5636,95,5457,5552,78,5038,5116,100,7328,7428,79,5182,5261,27,2974,3001,24,2872,2896,82,4202,4284,38,1233,1271,982,59540,60522
IARE401015,14,240,254,23,530,553,54,1230,1284,77,2479,2556,143,3659,3802,128,3279,3407,102,2644,2746,97,2706,2803,62,2089,2151,62,3056,3118,50,1864,1914,22,877,899,15,753,768,96,1904,2000,64,903,967,1009,28213,29222
IARE401016,10,580,590,40,784,824,71,1872,1943,99,4352,4451,150,4874,5024,133,4463,4596,77,3694,3771,77,3787,3864,71,3175,3246,80,4590,4670,64,3324,3388,32,2049,2081,39,2100,2139,109,2686,2795,65,1255,1320,1117,43585,44702
IARE401017,0,53,53,4,68,72,5,123,128,4,348,352,16,472,488,10,427,437,11,382,393,6,312,318,0,291,291,11,295,306,0,196,196,0,108,108,3,90,93,4,222,226,4,123,127,78,3510,3588
IARE401018,6,467,473,30,697,727,34,1379,1413,74,3285,3359,101,5115,5216,133,4894,5027,80,4607,4687,127,4633,4760,67,3892,3959,108,5602,5710,81,3621,3702,36,1907,1943,33,1725,1758,105,3150,3255,55,1116,1171,1070,46090,47160
IARE401019,5,302,307,20,451,471,24,886,910,40,2007,2047,59,2885,2944,81,2665,2746,58,2367,2425,48,2181,2229,42,1910,1952,50,2632,2682,26,1660,1686,7,884,891,10,881,891,40,1647,1687,18,708,726,528,24066,24594
IARE401020,5,248,253,9,403,412,19,740,759,23,2010,2033,41,3309,3350,39,3172,3211,39,3217,3256,34,3144,3178,28,2854,2882,43,4748,4791,33,3705,3738,21,2341,2362,20,2578,2598,31,2443,2474,12,642,654,397,35554,35951
IARE401021,3,695,698,3,745,748,10,1192,1202,13,2976,2989,30,4436,4466,31,4068,4099,17,4084,4101,24,3977,4001,18,3706,3724,35,5727,5762,27,4240,4267,27,5322,5349,34,8295,8329,24,4215,4239,17,1000,1017,313,54678,54991
IARE401022,3,65,68,3,104,107,8,208,216,12,541,553,14,723,737,9,678,687,8,598,606,5,522,527,6,440,446,7,594,601,4,366,370,0,227,227,0,211,211,7,422,429,5,165,170,91,5864,5955
IARE401023,0,148,148,11,236,247,17,437,454,32,1199,1231,43,1932,1975,29,1357,1386,21,1118,1139,19,771,790,18,724,742,19,814,833,8,447,455,3,279,282,4,287,291,29,662,691,13,346,359,266,10757,11023
IARE402001,0,0,0,5,3,8,19,4,23,17,20,37,43,3,46,52,6,58,32,9,41,43,27,70,27,19,46,54,33,87,24,18,42,6,27,33,3,3,6,15,3,18,14,0,14,354,175,529
IARE402002,3,9,12,0,22,22,0,36,36,3,116,119,9,65,74,6,55,61,7,47,54,8,48,56,0,43,43,5,43,48,0,19,19,6,18,24,6,17,23,10,38,48,22,50,72,85,626,711
IARE402003,3,24,27,3,16,19,11,36,47,16,56,72,12,79,91,11,79,90,5,73,78,9,110,119,15,130,145,19,260,279,7,160,167,9,413,422,12,491,503,22,195,217,26,40,66,180,2162,2342
IARE402004,7,143,150,18,295,313,31,600,631,49,1567,1616,73,1948,2021,51,1454,1505,36,1144,1180,29,982,1011,39,872,911,29,1103,1132,10,737,747,12,417,429,10,415,425,40,941,981,29,415,444,463,13033,13496
IARE402005,10,31,41,22,51,73,48,177,225,62,352,414,87,450,537,69,407,476,68,360,428,50,342,392,55,308,363,56,483,539,36,325,361,13,232,245,19,230,249,96,391,487,48,153,201,739,4292,5031
IARE402006,6,78,84,19,184,203,30,516,546,36,878,914,50,1023,1073,56,808,864,22,633,655,19,595,614,21,581,602,27,929,956,23,610,633,8,538,546,13,504,517,40,522,562,22,327,349,392,8726,9118
IARE403001,0,12,12,8,17,25,11,20,31,15,67,82,38,96,134,26,105,131,32,88,120,22,84,106,11,95,106,28,129,157,16,78,94,12,56,68,3,49,52,30,84,114,7,35,42,259,1015,1274
IARE403002,0,121,121,4,136,140,3,184,187,11,486,497,19,801,820,23,575,598,12,578,590,8,507,515,18,471,489,13,623,636,7,356,363,3,229,232,4,233,237,19,467,486,36,188,224,180,5955,6135
IARE403003,6,47,53,13,69,82,10,197,207,18,492,510,39,646,685,37,572,609,16,474,490,25,439,464,16,381,397,20,522,542,13,354,367,6,235,241,6,248,254,36,418,454,24,142,166,285,5236,5521
IARE494994,0,0,0,0,0,0,0,0,0,0,0,0,0,0,0,0,0,0,0,0,0,0,0,0,0,0,0,0,0,0,0,0,0,0,0,0,0,0,0,0,0,0,0,0,0,0,0,0
IARE497997,0,0,0,0,0,0,0,0,0,0,0,0,0,0,0,0,0,0,0,0,0,0,0,0,0,0,0,0,0,0,0,0,0,0,0,0,0,0,0,0,0,0,0,0,0,0,0,0
IARE501001,15,54,69,19,24,43,52,63,115,49,107,156,54,133,187,81,139,220,54,177,231,58,207,265,49,213,262,71,387,458,73,364,437,62,393,455,68,513,581,143,412,555,64,80,144,912,3266,4178
IARE501002,0,3,3,18,3,21,18,3,21,14,3,17,37,10,47,54,9,63,33,14,47,27,7,34,20,4,24,24,16,40,12,7,19,11,13,24,5,21,26,10,11,21,0,5,5,283,129,412
IARE502001,8,23,31,5,27,32,12,44,56,17,94,111,32,143,175,42,112,154,20,112,132,27,109,136,23,99,122,24,169,193,15,101,116,10,120,130,6,136,142,47,157,204,42,71,113,330,1517,1847
IARE502002,3,6,9,3,8,11,7,13,20,3,33,36,16,34,50,18,14,32,14,28,42,4,32,36,9,24,33,7,28,35,3,14,17,3,18,21,4,16,20,13,38,51,5,15,20,112,321,433
IARE502003,7,50,57,0,49,49,6,65,71,6,161,167,20,246,266,15,193,208,7,217,224,10,138,148,3,153,156,3,161,164,5,126,131,5,88,93,3,88,91,23,250,273,7,86,93,120,2071,2191
IARE502004,15,123,138,21,160,181,42,301,343,54,800,854,109,1113,1222,110,838,948,65,823,888,69,841,910,53,850,903,87,1362,1449,58,962,1020,43,938,981,49,962,1011,162,1346,1508,96,331,427,1033,11750,12783
IARE502005,0,61,61,6,58,64,10,79,89,5,193,198,19,310,329,6,241,247,11,229,240,3,216,219,8,229,237,12,297,309,6,133,139,14,123,137,9,166,175,13,302,315,15,109,124,137,2746,2883
IARE502006,0,3,3,7,8,15,12,3,15,5,12,17,18,13,31,15,11,26,4,14,18,14,27,41,3,11,14,3,27,30,0,14,14,3,11,14,4,8,12,10,9,19,18,12,30,116,183,299
IARE502007,0,24,24,0,12,12,7,16,23,3,30,33,13,50,63,12,33,45,8,47,55,3,22,25,6,32,38,7,53,60,5,32,37,0,25,25,3,17,20,6,30,36,5,21,26,78,444,522
IARE503001,0,90,90,4,73,77,9,141,150,5,352,357,23,512,535,21,447,468,17,406,423,13,397,410,15,406,421,25,599,624,14,407,421,9,357,366,7,372,379,31,504,535,15,178,193,208,5241,5449
IARE503002,4,27,31,6,8,14,12,40,52,13,96,109,15,89,104,17,67,84,7,59,66,14,79,93,14,87,101,16,194,210,5,94,99,5,283,288,12,193,205,19,119,138,13,49,62,172,1484,1656
IARE503003,4,104,108,10,81,91,29,156,185,35,312,347,60,324,384,42,373,415,30,356,386,36,502,538,38,589,627,73,1140,1213,40,819,859,44,1362,1406,71,1845,1916,105,915,1020,50,274,324,667,9152,9819
IARE503004,0,3,3,12,4,16,27,3,30,22,9,31,45,13,58,29,5,34,20,22,42,21,16,37,14,13,27,17,28,45,14,8,22,0,27,27,3,18,21,14,15,29,10,6,16,248,190,438
IARE503005,3,6,9,0,3,3,4,10,14,3,9,12,10,11,21,7,24,31,4,17,21,3,30,33,7,21,28,14,52,66,6,40,46,5,62,67,5,49,54,13,36,49,11,8,19,95,378,473
IARE503006,0,0,0,0,0,0,0,0,0,3,0,3,13,0,13,11,7,18,5,7,12,9,6,15,9,4,13,3,6,9,0,3,3,3,7,10,0,5,5,8,0,8,4,3,7,68,48,116
IARE503007,0,0,0,0,0,0,5,0,5,0,3,3,6,4,10,4,4,8,3,11,14,6,7,13,4,5,9,7,8,15,5,4,9,4,3,7,0,6,6,3,6,9,0,4,4,47,65,112
IARE504001,5,3,8,3,3,6,6,3,9,4,3,7,9,5,14,18,4,22,6,6,12,8,6,14,6,3,9,5,8,13,3,6,9,0,3,3,5,0,5,0,3,3,0,3,3,78,59,137
IARE504002,4,3,7,4,0,4,7,6,13,11,0,11,22,3,25,36,5,41,12,7,19,28,6,34,7,6,13,19,7,26,8,7,15,6,4,10,0,7,7,12,0,12,3,3,6,179,64,243
IARE504003,0,3,3,3,0,3,13,3,16,13,7,20,33,3,36,35,3,38,29,8,37,21,6,27,10,18,28,15,19,34,13,20,33,7,13,20,12,20,32,10,14,24,3,3,6,217,140,357
IARE504004,0,0,0,0,0,0,5,0,5,8,0,8,12,0,12,8,0,8,10,3,13,7,3,10,5,3,8,7,0,7,0,0,0,0,0,0,0,0,0,6,0,6,8,3,11,76,12,88
IARE504005,3,0,3,3,0,3,4,0,4,7,0,7,9,0,9,9,3,12,12,0,12,3,0,3,7,0,7,5,3,8,3,3,6,0,3,3,0,9,9,0,0,0,3,3,6,68,24,92
IARE504006,4,12,16,5,5,10,10,18,28,15,19,34,30,39,69,21,44,65,24,62,86,28,82,110,26,95,121,34,158,192,11,120,131,12,126,138,27,193,220,59,168,227,20,23,43,326,1164,1490
IARE504007,0,3,3,4,3,7,7,3,10,8,8,16,9,13,22,5,14,19,4,12,16,7,22,29,5,15,20,0,45,45,5,31,36,7,10,17,3,46,49,11,36,47,4,17,21,79,278,357
IARE504008,0,0,0,0,0,0,7,3,10,0,7,7,15,4,19,12,7,19,7,9,16,4,18,22,5,5,10,15,23,38,8,12,20,4,13,17,4,12,16,22,5,27,6,6,12,109,124,233
IARE505001,8,217,225,16,256,272,25,428,453,22,1212,1234,53,1784,1837,68,1674,1742,46,1609,1655,48,1802,1850,40,1605,1645,61,2623,2684,47,1963,2010,37,1686,1723,38,1946,1984,103,1979,2082,37,537,574,649,21321,21970
IARE505002,4,55,59,0,71,71,10,141,151,11,415,426,17,516,533,9,419,428,8,412,420,10,407,417,16,398,414,11,634,645,13,455,468,5,467,472,8,584,592,27,462,489,11,117,128,160,5553,5713
IARE505003,8,280,288,6,289,295,21,652,673,16,1461,1477,34,2096,2130,27,1814,1841,24,1820,1844,17,1890,1907,26,1695,1721,25,2613,2638,27,1835,1862,33,2091,2124,29,2596,2625,45,1969,2014,13,578,591,351,23679,24030
IARE505004,8,202,210,16,215,231,20,401,421,30,1033,1063,37,1165,1202,32,942,974,23,889,912,17,954,971,25,936,961,37,1482,1519,24,1052,1076,21,1170,1191,28,1319,1347,55,1135,1190,33,390,423,406,13285,13691
IARE505005,9,548,557,9,473,482,28,652,680,23,1605,1628,29,2123,2152,28,2053,2081,30,2023,2053,20,2221,2241,22,2030,2052,39,3373,3412,16,2586,2602,22,2847,2869,27,3687,3714,45,2763,2808,19,560,579,366,29544,29910
IARE505006,9,321,330,12,364,376,23,645,668,24,1543,1567,46,2280,2326,52,1896,1948,35,1840,1875,47,2089,2136,32,2064,2096,52,3716,3768,48,3097,3145,50,3062,3112,54,3846,3900,85,3135,3220,40,645,685,609,30543,31152
IARE505007,0,174,174,9,253,262,21,471,492,17,990,1007,24,1110,1134,14,903,917,12,765,777,13,811,824,11,748,759,19,1221,1240,8,889,897,11,1469,1480,11,2030,2041,20,1303,1323,25,283,308,215,13420,13635
IARE505008,4,422,426,18,448,466,27,676,703,36,1755,1791,77,2726,2803,73,2623,2696,69,2579,2648,78,2871,2949,59,2751,2810,95,4476,4571,66,3579,3645,46,2835,2881,62,3260,3322,129,3414,3543,54,794,848,893,35209,36102
IARE505009,3,491,494,3,523,526,10,662,672,9,1839,1848,22,3206,3228,27,2939,2966,32,3119,3151,21,3263,3284,23,3396,3419,42,6237,6279,45,5216,5261,30,6332,6362,71,8665,8736,54,5892,5946,12,815,827,404,52595,52999
IARE505010,5,169,174,4,216,220,12,281,293,9,835,844,20,1391,1411,28,1238,1266,18,1286,1304,18,1364,1382,20,1245,1265,35,2214,2249,31,1801,1832,31,1858,1889,45,2331,2376,54,1965,2019,11,337,348,341,18531,18872
IARE505011,4,109,113,6,123,129,11,215,226,18,594,612,30,786,816,26,737,763,23,772,795,31,842,873,33,749,782,28,1270,1298,23,872,895,22,654,676,17,666,683,57,1000,1057,19,251,270,348,9640,9988
IARE505012,0,513,513,9,486,495,8,662,670,14,1840,1854,15,2669,2684,19,2348,2367,21,2318,2339,15,2158,2173,11,2086,2097,28,3463,3491,16,2670,2686,16,4300,4316,26,6553,6579,40,3516,3556,14,603,617,252,36185,36437
IARE505013,0,119,119,9,127,136,4,222,226,4,594,598,16,1040,1056,19,822,841,15,838,853,18,862,880,21,854,875,30,1521,1551,30,1181,1211,20,1332,1352,32,1597,1629,38,1387,1425,13,352,365,269,12848,13117
IARE505014,5,990,995,5,712,717,13,1167,1180,22,2088,2110,22,2699,2721,12,2384,2396,17,2537,2554,19,2800,2819,19,2743,2762,29,4471,4500,14,2787,2801,25,7474,7499,27,10487,10514,21,4547,4568,10,833,843,260,48719,48979
IARE505015,5,366,371,10,410,420,20,752,772,22,1971,1993,56,3038,3094,52,2513,2565,47,2235,2282,56,2412,2468,59,2386,2445,100,4278,4378,66,3054,3120,52,3397,3449,50,3666,3716,105,4139,4244,22,815,837,722,35432,36154
IARE505016,3,63,66,3,77,80,0,75,75,6,154,160,3,360,363,4,334,338,5,316,321,8,371,379,7,396,403,16,742,758,8,595,603,11,553,564,7,672,679,15,753,768,3,104,107,99,5565,5664
IARE505017,6,597,603,18,419,437,26,722,748,30,1641,1671,45,2112,2157,40,1877,1917,19,1873,1892,24,1993,2017,22,1902,1924,27,2951,2978,16,2043,2059,27,3528,3555,27,4442,4469,36,2284,2320,34,565,599,397,28949,29346
IARE505018,19,1059,1078,32,1118,1150,47,2167,2214,49,5168,5217,107,6567,6674,88,5782,5870,80,5828,5908,69,5904,5973,59,5578,5637,77,8598,8675,64,6000,6064,56,7934,7990,92,11150,11242,114,6618,6732,72,1807,1879,1025,81278,82303
IARE505019,20,381,401,31,385,416,44,671,715,65,1607,1672,88,2453,2541,95,2347,2442,65,2383,2448,80,2760,2840,59,2722,2781,145,4503,4648,68,3501,3569,66,3084,3150,71,3533,3604,146,3605,3751,62,762,824,1105,34697,35802
IARE505020,9,306,315,13,343,356,17,544,561,19,1289,1308,46,2162,2208,45,2041,2086,34,2103,2137,37,2407,2444,37,2407,2444,50,4220,4270,45,3474,3519,31,2944,2975,45,3512,3557,71,3101,3172,20,605,625,519,31458,31977
IARE505021,6,197,203,6,193,199,12,291,303,14,634,648,35,1277,1312,34,1220,1254,26,1148,1174,20,1329,1349,20,1337,1357,36,2236,2272,27,1733,1760,18,1732,1750,23,1881,1904,48,2018,2066,17,345,362,342,17571,17913
IARE506001,0,10,10,7,4,11,8,10,18,9,5,14,25,18,43,28,24,52,22,20,42,14,36,50,21,44,65,35,121,156,22,83,105,33,337,370,52,437,489,39,155,194,47,25,72,362,1329,1691
IARE506002,5,33,38,9,18,27,4,31,35,7,61,68,17,84,101,19,85,104,9,100,109,16,118,134,11,140,151,32,251,283,19,163,182,37,551,588,39,594,633,37,254,291,13,55,68,274,2538,2812
IARE506003,0,29,29,7,18,25,8,18,26,12,30,42,17,36,53,11,39,50,10,58,68,9,116,125,10,140,150,31,317,348,12,203,215,34,938,972,81,1516,1597,45,355,400,17,62,79,304,3875,4179
IARE506004,7,30,37,11,7,18,18,23,41,27,40,67,36,31,67,41,31,72,19,52,71,32,76,108,26,106,132,44,260,304,29,147,176,92,692,784,131,1159,1290,80,329,409,71,69,140,664,3052,3716
IARE506005,5,8,13,3,6,9,7,6,13,5,14,19,17,20,37,20,10,30,13,17,30,12,27,39,11,39,50,18,71,89,14,53,67,17,176,193,37,306,343,51,96,147,11,13,24,241,862,1103
IARE507001,4,153,157,11,175,186,16,360,376,29,1010,1039,57,1410,1467,47,1137,1184,49,1080,1129,34,1018,1052,17,935,952,30,1376,1406,17,888,905,9,563,572,14,666,680,47,1040,1087,18,317,335,399,12128,12527
IARE507002,10,154,164,5,181,186,16,263,279,23,645,668,51,933,984,46,827,873,22,721,743,29,638,667,16,633,649,25,796,821,20,476,496,16,424,440,12,413,425,55,941,996,20,256,276,366,8301,8667
IARE507003,0,124,124,10,169,179,12,403,415,23,883,906,41,1243,1284,43,1046,1089,30,909,939,36,906,942,27,872,899,35,1313,1348,22,824,846,11,937,948,15,986,1001,48,988,1036,15,360,375,368,11963,12331
IARE507004,4,125,129,3,152,155,13,290,303,11,704,715,22,1228,1250,19,975,994,15,942,957,15,813,828,11,797,808,25,1183,1208,9,819,828,8,629,637,11,707,718,33,1158,1191,13,245,258,212,10767,10979
IARE507005,5,65,70,9,56,65,3,82,85,5,228,233,3,324,327,15,293,308,7,259,266,8,254,262,4,216,220,9,305,314,12,202,214,6,173,179,0,172,172,17,282,299,14,103,117,117,3014,3131
IARE507006,4,81,85,9,98,107,7,155,162,9,371,380,13,636,649,8,554,562,14,496,510,11,487,498,10,546,556,14,961,975,18,663,681,9,804,813,14,872,886,33,837,870,7,187,194,180,7748,7928
IARE507007,0,97,97,9,76,85,16,104,120,14,238,252,20,297,317,22,323,345,7,283,290,9,221,230,0,253,253,10,293,303,5,175,180,5,119,124,0,108,108,23,293,316,7,117,124,147,2997,3144
IARE507008,3,71,74,0,56,56,13,82,95,13,169,182,21,258,279,15,236,251,17,276,293,9,200,209,4,216,220,13,224,237,5,169,174,4,96,100,4,105,109,15,253,268,7,71,78,143,2482,2625
IARE507009,11,353,364,8,432,440,22,786,808,22,2122,2144,66,3616,3682,64,2638,2702,53,2261,2314,31,1790,1821,38,1664,1702,51,2637,2688,31,1678,1709,41,2102,2143,34,2135,2169,71,2841,2912,22,845,867,565,27900,28465
IARE507010,4,104,108,3,158,161,10,257,267,4,609,613,20,963,983,30,773,803,11,696,707,16,610,626,17,536,553,17,698,715,3,416,419,3,271,274,0,272,272,20,633,653,9,156,165,167,7152,7319
IARE507011,3,122,125,0,127,127,11,144,155,12,316,328,28,538,566,19,462,481,18,437,455,10,382,392,13,398,411,22,618,640,10,379,389,4,375,379,10,304,314,35,617,652,9,161,170,204,5380,5584
IARE507012,0,70,70,3,100,103,11,112,123,14,346,360,17,587,604,21,377,398,8,351,359,11,270,281,8,298,306,17,538,555,7,331,338,6,427,433,11,411,422,14,531,545,4,168,172,152,4917,5069
IARE507013,9,96,105,13,104,117,20,161,181,27,392,419,40,533,573,37,511,548,29,483,512,20,393,413,16,403,419,16,520,536,13,331,344,4,232,236,5,237,242,30,414,444,23,159,182,302,4969,5271
IARE507014,5,22,27,6,41,47,11,80,91,11,213,224,13,232,245,16,179,195,10,185,195,10,163,173,5,128,133,10,239,249,10,160,170,0,126,126,3,133,136,20,204,224,14,77,91,144,2182,2326
IARE507015,5,247,252,9,320,329,11,475,486,32,1268,1300,52,2045,2097,34,1612,1646,33,1527,1560,36,1441,1477,29,1429,1458,48,2439,2487,26,1659,1685,34,1875,1909,34,1730,1764,73,2247,2320,22,481,503,478,20795,21273
IARE508001,0,6,6,7,5,12,9,16,25,10,27,37,23,24,47,30,27,57,12,27,39,31,35,66,23,41,64,33,82,115,22,46,68,13,63,76,22,73,95,62,59,121,13,18,31,310,549,859
IARE508002,0,0,0,13,0,13,10,0,10,13,0,13,23,4,27,33,8,41,23,7,30,22,16,38,17,15,32,23,25,48,11,12,23,3,18,21,6,24,30,10,10,20,6,3,9,213,142,355
IARE508003,0,0,0,6,0,6,15,0,15,13,0,13,38,0,38,40,3,43,14,0,14,22,7,29,11,3,14,10,7,17,3,0,3,0,0,0,3,3,6,4,3,7,16,0,16,195,26,221
IARE508004,0,3,3,6,0,6,4,4,8,7,4,11,19,4,23,16,4,20,11,3,14,13,14,27,18,7,25,16,12,28,8,3,11,4,4,8,0,7,7,9,10,19,5,5,10,136,84,220
IARE594994,0,0,0,0,0,0,0,0,0,0,0,0,0,0,0,0,0,0,0,0,0,0,0,0,0,0,0,0,0,0,0,0,0,0,0,0,0,0,0,0,0,0,0,0,0,0,0,0
IARE597997,0,0,0,0,0,0,0,0,0,0,0,0,0,0,0,0,0,0,0,0,0,0,0,0,0,0,0,0,0,0,0,0,0,0,0,0,0,0,0,0,0,0,0,0,0,0,0,0
IARE601001,11,156,167,31,302,333,52,670,722,103,1769,1872,155,2441,2596,152,1873,2025,102,1610,1712,130,1383,1513,107,1196,1303,143,1668,1811,82,996,1078,40,562,602,29,581,610,96,1251,1347,40,506,546,1273,16964,18237
IARE601002,3,120,123,8,212,220,16,416,432,37,1050,1087,67,1544,1611,54,1251,1305,43,1073,1116,56,991,1047,50,846,896,32,1124,1156,27,688,715,10,330,340,16,324,340,50,810,860,23,355,378,492,11134,11626
IARE601003,16,574,590,46,850,896,105,2041,2146,188,4826,5014,290,6677,6967,291,5793,6084,244,5270,5514,255,5242,5497,182,4454,4636,262,6521,6783,165,4770,4935,108,3383,3491,98,4151,4249,171,4361,4532,96,1433,1529,2517,60346,62863
IARE601004,8,54,62,5,110,115,13,196,209,29,499,528,61,722,783,72,653,725,59,529,588,74,459,533,49,388,437,65,519,584,45,276,321,22,168,190,16,144,160,46,372,418,14,147,161,578,5236,5814
IARE601005,6,78,84,9,132,141,9,266,275,15,758,773,55,1219,1274,55,1168,1223,34,1070,1104,47,1037,1084,48,924,972,58,1573,1631,60,1156,1216,16,793,809,29,976,1005,39,945,984,12,191,203,492,12286,12778
IARE601006,3,222,225,20,398,418,55,1041,1096,78,2247,2325,161,3118,3279,135,2624,2759,88,2111,2199,94,2144,2238,86,1736,1822,89,2378,2467,53,1495,1548,26,942,968,21,1012,1033,60,1541,1601,37,645,682,1006,23654,24660
IARE601007,6,100,106,7,172,179,10,331,341,21,812,833,46,1299,1345,49,1008,1057,36,878,914,27,775,802,25,667,692,33,941,974,18,658,676,14,366,380,14,315,329,29,697,726,14,258,272,349,9277,9626
IARE601008,5,95,100,10,208,218,20,414,434,44,913,957,72,1250,1322,57,949,1006,45,770,815,38,622,660,25,477,502,20,602,622,17,354,371,4,200,204,3,171,174,36,560,596,12,257,269,408,7842,8250
IARE601009,3,88,91,6,137,143,10,256,266,28,687,715,64,1052,1116,48,906,954,44,750,794,36,643,679,33,549,582,34,776,810,25,394,419,6,240,246,4,221,225,36,523,559,9,204,213,386,7426,7812
IARE601010,11,185,196,32,296,328,60,746,806,90,1742,1832,224,2222,2446,186,1891,2077,121,1519,1640,144,1377,1521,112,1254,1366,173,1772,1945,88,999,1087,49,729,778,54,548,602,115,1290,1405,42,495,537,1501,17065,18566
IARE601011,5,110,115,9,185,194,13,363,376,22,950,972,64,1469,1533,41,1221,1262,40,1203,1243,36,1022,1058,39,929,968,59,1339,1398,27,892,919,18,635,653,19,668,687,18,931,949,8,259,267,418,12176,12594
IARE694994,0,0,0,0,0,0,0,0,0,0,0,0,0,0,0,0,0,0,0,0,0,0,0,0,0,0,0,0,0,0,0,0,0,0,0,0,0,0,0,0,0,0,0,0,0,0,0,0
IARE697997,0,0,0,0,0,0,0,0,0,0,0,0,0,0,0,0,0,0,0,0,0,0,0,0,0,0,0,0,0,0,0,0,0,0,0,0,0,0,0,0,0,0,0,0,0,0,0,0
IARE701001,10,51,61,20,39,59,84,89,173,60,202,262,83,241,324,100,316,416,68,417,485,64,563,627,84,520,604,107,996,1103,112,846,958,64,785,849,115,953,1068,168,758,926,123,165,288,1262,6941,8203
IARE701002,4,0,4,11,0,11,10,0,10,17,3,20,27,0,27,37,3,40,13,0,13,18,0,18,3,0,3,11,0,11,3,0,3,5,0,5,8,0,8,8,0,8,12,0,12,187,6,193
IARE702001,3,3,6,14,0,14,17,0,17,17,4,21,36,8,44,30,4,34,16,5,21,29,3,32,15,5,20,19,13,32,8,3,11,3,3,6,3,5,8,29,0,29,9,3,12,248,59,307
IARE702002,3,0,3,5,0,5,0,0,0,3,0,3,4,0,4,3,0,3,0,0,0,3,3,6,0,0,0,3,5,8,3,0,3,0,3,3,3,0,3,11,0,11,6,3,9,47,14,61
IARE702003,0,0,0,11,0,11,7,0,7,6,3,9,17,3,20,26,6,32,11,4,15,18,9,27,10,6,16,13,8,21,10,0,10,3,3,6,0,0,0,9,3,12,7,7,14,148,52,200
IARE702004,0,0,0,3,0,3,0,0,0,0,0,0,4,0,4,8,0,8,5,0,5,0,3,3,4,0,4,0,6,6,0,3,3,0,3,3,0,0,0,7,3,10,0,0,0,31,18,49
IARE702005,0,0,0,0,0,0,3,0,3,4,0,4,9,0,9,11,0,11,9,3,12,4,0,4,4,4,8,3,9,12,3,8,11,0,4,4,0,0,0,8,7,15,6,0,6,64,35,99
IARE702006,0,0,0,4,0,4,0,0,0,0,0,0,5,0,5,3,0,3,4,0,4,7,3,10,6,0,6,9,0,9,3,0,3,3,3,6,0,0,0,0,0,0,0,0,0,44,6,50
IARE702007,0,0,0,3,0,3,7,0,7,0,0,0,6,3,9,3,4,7,7,7,14,5,6,11,10,5,15,5,7,12,11,4,15,0,3,3,3,0,3,12,0,12,0,0,0,72,39,111
IARE702008,0,3,3,11,0,11,7,0,7,3,3,6,10,3,13,5,3,8,0,3,3,0,5,5,5,5,10,0,5,5,0,7,7,0,0,0,0,5,5,10,0,10,5,3,8,56,45,101
IARE702009,0,5,5,11,3,14,3,3,6,4,5,9,6,13,19,5,39,44,3,43,46,9,41,50,5,32,37,3,45,48,3,21,24,4,18,22,4,12,16,4,17,21,11,6,17,75,303,378
IARE702010,0,0,0,3,0,3,0,0,0,0,0,0,8,0,8,6,0,6,0,4,4,0,3,3,0,5,5,5,0,5,0,3,3,0,4,4,0,4,4,6,0,6,3,0,3,31,23,54
IARE702011,0,0,0,3,0,3,0,0,0,0,0,0,4,0,4,6,0,6,3,3,6,3,3,6,6,3,9,0,0,0,0,3,3,0,0,0,3,3,6,16,0,16,14,0,14,58,15,73
IARE702012,0,0,0,7,0,7,0,0,0,10,0,10,21,0,21,11,0,11,3,0,3,10,0,10,6,0,6,3,7,10,3,0,3,3,0,3,0,5,5,12,0,12,13,0,13,102,12,114
IARE702013,0,0,0,3,0,3,5,0,5,4,0,4,7,3,10,5,0,5,9,0,9,6,3,9,3,0,3,3,5,8,0,0,0,3,4,7,0,3,3,4,0,4,5,4,9,57,22,79
IARE702014,0,0,0,3,0,3,13,0,13,6,0,6,16,0,16,14,5,19,9,5,14,10,4,14,5,3,8,10,4,14,3,5,8,0,4,4,3,3,6,8,3,11,5,0,5,105,36,141
IARE702015,0,0,0,4,0,4,0,0,0,0,0,0,0,0,0,4,0,4,0,4,4,4,0,4,4,0,4,5,0,5,0,4,4,0,0,0,0,0,0,6,0,6,4,0,4,31,8,39
IARE702016,0,0,0,7,0,7,4,0,4,3,0,3,3,0,3,3,0,3,3,0,3,5,0,5,0,3,3,0,0,0,0,0,0,0,0,0,0,0,0,7,0,7,0,0,0,35,3,38
IARE702017,0,3,3,3,0,3,0,3,3,0,0,0,13,0,13,10,3,13,4,3,7,8,3,11,10,10,20,13,10,23,3,3,6,3,3,6,3,3,6,11,0,11,7,0,7,88,44,132
IARE703001,4,14,18,3,3,6,0,23,23,0,31,31,10,51,61,6,53,59,7,90,97,8,102,110,8,115,123,13,192,205,7,163,170,9,128,137,19,271,290,19,172,191,5,24,29,118,1432,1550
IARE703002,4,8,12,0,8,8,4,11,15,5,26,31,9,45,54,6,59,65,13,49,62,16,99,115,20,83,103,27,184,211,28,171,199,28,173,201,28,210,238,20,164,184,5,21,26,213,1311,1524
IARE703003,3,17,20,9,12,21,17,51,68,11,93,104,18,80,98,36,85,121,12,72,84,14,112,126,10,104,114,22,201,223,13,143,156,7,132,139,14,195,209,19,110,129,16,46,62,221,1453,1674
IARE703004,0,27,27,3,17,20,9,34,43,11,73,84,17,62,79,21,54,75,3,64,67,16,38,54,12,41,53,15,64,79,4,27,31,5,39,44,3,39,42,14,56,70,17,24,41,150,659,809
IARE703005,0,67,67,6,40,46,36,90,126,37,183,220,38,187,225,21,219,240,16,300,316,17,427,444,16,443,459,48,805,853,25,684,709,26,884,910,55,1402,1457,48,777,825,39,101,140,428,6609,7037
IARE703006,3,17,20,3,10,13,12,16,28,10,49,59,21,48,69,21,65,86,20,77,97,13,81,94,27,101,128,28,158,186,23,157,180,22,112,134,25,146,171,32,137,169,16,35,51,276,1209,1485
IARE703007,5,70,75,5,41,46,12,77,89,10,156,166,37,265,302,27,292,319,28,276,304,28,340,368,32,316,348,40,603,643,64,599,663,39,469,508,77,819,896,79,624,703,16,131,147,499,5078,5577
IARE703008,0,9,9,4,5,9,11,18,29,10,35,45,19,40,59,11,36,47,12,38,50,13,44,57,10,59,69,15,114,129,14,91,105,13,66,79,15,128,143,23,82,105,8,23,31,178,788,966
IARE703009,3,9,12,5,10,15,15,26,41,8,57,65,11,57,68,26,65,91,7,92,99,14,108,122,7,105,112,16,188,204,10,146,156,4,101,105,12,156,168,15,113,128,5,30,35,158,1263,1421
IARE703010,3,12,15,3,7,10,3,14,17,12,44,56,12,58,70,12,65,77,11,93,104,12,86,98,10,103,113,24,192,216,18,133,151,10,121,131,17,208,225,27,133,160,10,25,35,184,1294,1478
IARE703011,3,19,22,3,13,16,4,20,24,8,46,54,18,59,77,9,82,91,8,90,98,16,110,126,10,117,127,25,203,228,8,195,203,10,158,168,22,261,283,33,195,228,17,44,61,194,1612,1806
IARE703012,3,24,27,3,17,20,4,39,43,8,88,96,11,99,110,7,125,132,11,154,165,10,171,181,12,174,186,14,280,294,14,224,238,14,197,211,19,425,444,17,243,260,6,60,66,153,2320,2473
IARE703013,11,47,58,17,46,63,50,107,157,73,223,296,99,245,344,87,299,386,60,372,432,70,579,649,82,603,685,129,1043,1172,147,1084,1231,89,865,954,101,1089,1190,143,880,1023,35,138,173,1193,7620,8813
IARE703014,3,9,12,3,25,28,6,33,39,14,73,87,11,95,106,16,122,138,11,131,142,19,153,172,15,207,222,28,364,392,21,318,339,20,346,366,41,497,538,21,276,297,10,41,51,239,2690,2929
IARE704001,0,3,3,15,4,19,10,13,23,10,10,20,19,15,34,27,15,42,20,19,39,26,25,51,20,15,35,32,28,60,17,22,39,4,11,15,3,12,15,17,17,34,3,14,17,223,223,446
IARE704002,0,7,7,4,5,9,3,5,8,5,12,17,10,13,23,10,23,33,13,29,42,14,41,55,9,35,44,11,55,66,14,36,50,15,52,67,12,73,85,18,48,66,0,13,13,138,447,585
IARE704003,0,0,0,0,0,0,0,0,0,0,0,0,8,4,12,12,0,12,19,4,23,13,17,30,17,17,34,33,11,44,30,12,42,19,5,24,36,14,50,19,0,19,4,0,4,210,84,294
IARE704004,3,0,3,6,0,6,3,0,3,4,0,4,11,3,14,20,3,23,25,3,28,26,10,36,27,3,30,39,19,58,28,12,40,15,3,18,6,4,10,32,4,36,0,0,0,245,64,309
IARE704005,0,3,3,37,0,37,20,0,20,31,0,31,42,3,45,27,4,31,40,6,46,27,8,35,18,8,26,18,27,45,8,11,19,8,4,12,4,4,8,9,3,12,3,0,3,292,81,373
IARE704006,5,0,5,34,4,38,26,0,26,37,4,41,91,3,94,60,3,63,34,9,43,62,6,68,33,14,47,30,16,46,18,6,24,7,5,12,4,12,16,25,0,25,4,7,11,470,89,559
IARE705001,3,0,3,0,0,0,3,0,3,3,0,3,3,7,10,19,9,28,14,4,18,8,5,13,4,5,9,13,8,21,6,7,13,6,13,19,5,6,11,8,9,17,32,0,32,127,73,200
IARE705002,0,0,0,3,0,3,3,0,3,4,0,4,11,0,11,9,0,9,10,0,10,20,3,23,4,5,9,13,8,21,0,5,5,0,0,0,0,0,0,3,0,3,3,0,3,83,21,104
IARE705003,0,7,7,10,3,13,14,4,18,6,3,9,35,9,44,30,11,41,25,20,45,13,12,25,23,15,38,17,18,35,16,7,23,4,7,11,10,8,18,15,29,44,12,15,27,230,168,398
IARE705004,0,3,3,3,3,6,4,7,11,0,4,4,9,14,23,17,16,33,7,9,16,17,8,25,13,10,23,16,9,25,13,0,13,6,10,16,5,8,13,14,0,14,9,11,20,133,112,245
IARE705005,9,20,29,15,12,27,61,41,102,32,71,103,80,88,168,55,108,163,36,127,163,50,149,199,22,173,195,63,294,357,60,249,309,21,220,241,36,251,287,79,258,337,52,60,112,671,2121,2792
IARE705006,0,0,0,7,0,7,0,0,0,3,0,3,8,3,11,15,0,15,3,0,3,9,7,16,4,3,7,5,4,9,4,7,11,0,4,4,0,4,4,15,0,15,4,3,7,77,35,112
IARE705007,0,0,0,0,0,0,0,0,0,3,0,3,5,0,5,14,0,14,5,4,9,8,3,11,11,0,11,14,10,24,7,6,13,12,4,16,6,0,6,11,0,11,0,0,0,96,27,123
IARE705008,4,0,4,3,0,3,6,0,6,7,3,10,14,0,14,14,8,22,4,6,10,7,7,14,3,13,16,11,10,21,3,10,13,0,8,8,0,9,9,9,11,20,3,22,25,88,107,195
IARE705009,0,0,0,0,0,0,0,0,0,3,0,3,3,0,3,8,3,11,6,7,13,5,3,8,6,8,14,11,6,17,5,6,11,3,0,3,0,6,6,7,0,7,0,5,5,57,44,101
IARE706001,0,3,3,0,0,0,3,0,3,5,0,5,31,0,31,22,3,25,14,5,19,43,6,49,24,16,40,29,30,59,21,19,40,16,65,81,24,98,122,22,30,52,7,3,10,261,278,539
IARE706002,0,0,0,3,3,6,7,0,7,0,0,0,14,0,14,8,0,8,7,0,7,9,5,14,6,0,6,14,4,18,11,0,11,5,3,8,5,3,8,12,0,12,0,0,0,101,18,119
IARE706003,0,0,0,0,0,0,6,0,6,3,0,3,3,0,3,5,0,5,9,0,9,7,0,7,7,0,7,8,0,8,9,0,9,4,0,4,3,0,3,17,0,17,0,0,0,81,0,81
IARE706004,0,0,0,3,0,3,3,0,3,0,3,3,7,0,7,8,3,11,13,5,18,16,8,24,10,8,18,36,20,56,18,15,33,11,15,26,24,11,35,33,0,33,3,0,3,185,88,273
IARE706005,3,6,9,0,3,3,0,8,8,3,8,11,9,11,20,11,9,20,9,22,31,7,45,52,15,60,75,22,162,184,5,100,105,10,257,267,18,291,309,14,101,115,3,12,15,129,1095,1224
IARE706006,0,0,0,4,0,4,4,0,4,4,0,4,14,0,14,3,3,6,10,0,10,9,0,9,11,0,11,7,8,15,4,3,7,4,0,4,0,3,3,6,0,6,6,3,9,86,20,106
IARE706007,0,0,0,3,0,3,8,0,8,3,0,3,13,0,13,19,3,22,25,6,31,24,3,27,29,10,39,26,9,35,30,10,40,5,9,14,9,6,15,6,0,6,0,0,0,200,56,256
IARE706008,0,0,0,0,0,0,0,0,0,0,0,0,0,0,0,3,3,6,6,4,10,9,9,18,4,13,17,4,5,9,9,8,17,6,8,14,16,11,27,10,0,10,9,0,9,76,61,137
IARE707001,0,0,0,3,0,3,0,0,0,0,0,0,9,0,9,16,0,16,3,4,7,9,0,9,3,5,8,10,6,16,4,3,7,0,0,0,0,0,0,6,0,6,7,0,7,70,18,88
IARE707002,0,0,0,0,0,0,4,0,4,5,0,5,15,0,15,14,0,14,3,0,3,15,0,15,5,0,5,9,3,12,3,7,10,0,0,0,0,3,3,0,0,0,0,0,0,73,13,86
IARE707003,0,3,3,4,0,4,14,0,14,5,3,8,17,5,22,16,10,26,4,11,15,11,8,19,0,6,6,3,12,15,3,8,11,0,4,4,0,5,5,12,7,19,9,10,19,98,92,190
IARE707004,0,0,0,3,0,3,0,0,0,3,0,3,0,3,3,0,3,3,0,3,3,3,4,7,0,0,0,4,3,7,0,4,4,0,0,0,3,0,3,0,0,0,35,3,38,51,23,74
IARE707005,11,3,14,10,3,13,8,9,17,12,23,35,20,19,39,35,27,62,18,44,62,27,37,64,16,40,56,32,78,110,30,51,81,17,53,70,11,48,59,35,54,89,51,25,76,333,514,847
IARE707006,3,0,3,3,0,3,4,0,4,3,0,3,8,0,8,5,3,8,3,0,3,7,3,10,4,0,4,9,0,9,5,0,5,3,3,6,0,4,4,3,0,3,0,0,0,60,13,73
IARE794994,0,0,0,0,0,0,0,0,0,0,0,0,0,0,0,0,0,0,0,0,0,0,0,0,0,0,0,0,0,0,0,0,0,0,0,0,0,0,0,0,0,0,0,0,0,0,0,0
IARE797997,0,0,0,0,0,0,0,0,0,0,0,0,0,0,0,0,0,0,0,0,0,0,0,0,0,0,0,0,0,0,0,0,0,0,0,0,0,0,0,0,0,0,0,0,0,0,0,0
IARE801001,8,536,544,34,644,678,32,1129,1161,62,2361,2423,64,3036,3100,62,3176,3238,63,3428,3491,81,4373,4454,60,4566,4626,136,8389,8525,130,6740,6870,104,7862,7966,178,13705,13883,98,5338,5436,18,794,812,1130,66077,67207
IARE801002,12,363,375,35,465,500,38,1012,1050,53,2185,2238,96,2955,3051,77,3012,3089,55,3094,3149,90,3811,3901,77,3974,4051,140,7404,7544,139,5884,6023,123,7289,7412,236,13726,13962,108,4771,4879,34,790,824,1313,60735,62048
IARE801003,3,0,3,0,0,0,0,0,0,0,3,3,0,12,12,0,8,8,0,8,8,0,11,11,0,10,10,0,22,22,0,19,19,0,13,13,0,37,37,0,21,21,0,3,3,3,167,170
IARE894994,0,0,0,0,0,0,0,0,0,0,0,0,0,0,0,0,0,0,0,0,0,0,0,0,0,0,0,0,0,0,0,0,0,0,0,0,0,0,0,0,0,0,0,0,0,0,0,0
IARE897997,0,0,0,0,0,0,0,0,0,0,0,0,0,0,0,0,0,0,0,0,0,0,0,0,0,0,0,0,0,0,0,0,0,0,0,0,0,0,0,0,0,0,0,0,0,0,0,0
IARE901001,0,0,0,0,3,3,0,4,4,0,11,11,0,18,18,0,23,23,0,23,23,0,48,48,0,30,30,0,63,63,0,63,63,0,50,50,4,68,72,0,42,42,3,9,12,7,455,462
IARE901002,0,0,0,0,3,3,0,0,0,0,0,0,0,3,3,0,14,14,0,9,9,0,12,12,3,8,11,0,10,10,0,18,18,0,15,15,0,14,14,3,28,31,0,4,4,6,138,144
IARE902001,3,0,3,0,0,0,0,0,0,3,3,6,14,3,17,8,0,8,5,0,5,5,0,5,4,3,7,5,4,9,3,0,3,3,6,9,0,3,3,5,3,8,3,3,6,61,28,89
IARE994994,0,0,0,0,0,0,0,0,0,0,0,0,0,0,0,0,0,0,0,0,0,0,0,0,0,0,0,0,0,0,0,0,0,0,0,0,0,0,0,0,0,0,0,0,0,0,0,0
IARE997997,0,0,0,0,0,0,0,0,0,0,0,0,0,0,0,0,0,0,0,0,0,0,0,0,0,0,0,0,0,0,0,0,0,0,0,0,0,0,0,0,0,0,0,0,0,0,0,0
