region_id,OH_T_NS_DS_FUA,OH_T_NS_DS_OD_CCH,OH_T_NS_DS_OD_IH_t_SO,OH_T_NS_OD_HF_a_SO,OH_T_NS_DS_OD_Tot,OH_T_NS_DS_NS,OH_T_NS_DS_Tot,OH_Tot_DS_SHouse,OH_Tot_DS_SDRTHT,OH_Tot_DS_F_u_or_a,OH_Tot_DS_OD_CCHb,OH_Tot_DS_OD_IH_t_SO,OH_Tot_DS_OD_HF_a_to_a_s_o,OH_Tot_DS_OD_Tot,OH_Tot_DS_NS,OH_Tot_Tot,T_h_OO_DS_SH,T_h_OO_DS_SDRTHT,T_h_OO_DS_FUA,T_h_OO_DS_OD_CCH,T_h_OO_DS_OD_IH_t_SO,T_h_OO_OD_HF_a_SO,T_h_OO_DS_OD_Tot,T_h_OO_DS_NS,T_h_OO_DS_Tot,T_h_M_DS_SH,T_h_M_DS_SDRTHT,T_h_M_DS_FUA,T_h_M_DS_OD_CCH,T_h_M_DS_OD_IH_t_SO,T_h_M_OD_HF_a_SO,T_h_M_DS_OD_Tot,T_h_M_DS_NS,T_h_M_DS_Tot,T_h_RREA_DS_SH,T_h_RREA_DS_SDRTHT,T_h_RREA_DS_FUA,T_h_RREA_DS_OD_CCH,T_h_RREA_DS_OD_IH_t_SO,T_h_RREA_OD_HF_a_SO,T_h_RREA_DS_OD_Tot,T_h_RREA_DS_NS,T_h_RREA_DS_Tot,T_h_RHA_DS_SH,T_h_RHA_DS_SDRTHT,T_h_RHA_DS_FUA,T_h_RHA_DS_OD_CCH,T_h_RHA_DS_OD_IH_t_SO,T_h_RHA_OD_HF_a_SO,T_h_RHA_DS_OD_Tot,T_h_RHA_DS_NS,T_h_RHA_DS_Tot,T_h_R_PSH_DS_SH,T_h_R_PSH_DS_SDRTHT,T_h_R_PSH_DS_FUA,T_h_R_PSH_DS_OD_CCH,T_h_R_PSH_DS_OD_IH_t_SO,T_h_R_PSH_OD_HF_a_SO,T_h_R_PSH_DS_OD_Tot,T_h_R_PSH_DS_NS,T_h_R_PSH_DS_Tot,T_h_R_HCC_DS_SH,T_h_R_HCC_DS_SDRTHT,T_h_R_HCC_DS_FUA,T_h_R_HCC_DS_OD_CCH,T_h_R_HCC_DS_OD_IH_t_SO,T_h_R_HCC_OD_HF_a_SO,T_h_R_HCC_DS_OD_Tot,T_h_R_HCC_DS_NS,T_h_R_HCC_DS_Tot,T_h_R_OLT_DS_SH,T_h_R_OLT_DS_SDRTHT,T_h_R_OLT_DS_FUA,T_h_R_OLT_DS_OD_CCH,T_h_R_OLT_DS_OD_IH_t_SO,T_h_R_OLT_OD_HF_a_SO,T_h_R_OLT_DS_OD_Tot,T_h_R_OLT_DS_NS,T_h_R_OLT_DS_Tot,T_h_R_LNS_DS_SH,T_h_R_LNS_DS_SDRTHT,T_h_R_LNS_DS_FUA,T_h_R_LNS_DS_OD_CCH,T_h_R_LNS_DS_OD_IH_t_SO,T_h_R_LNS_OD_HF_a_SO,T_h_R_LNS_DS_OD_Tot,T_h_R_LNS_DS_NS,T_h_R_LNS_DS_Tot,T_h_R_Tot_DS_SH,T_h_R_Tot_DS_SDRTHT,T_h_R_Tot_DS_FUA,T_h_R_Tot_DS_OD_CCH,T_h_R_Tot_DS_OD_IH_t_SO,T_h_R_Tot_OD_HF_a_SO,T_h_R_Tot_DS_OD_Tot,T_h_R_Tot_DS_NS,T_h_R_Tot_DS_Tot,T_h_OTT_DS_SH,T_h_OTT_DS_SDRTHT,T_h_OTT_DS_FUA,T_h_OTT_DS_OD_CCH,T_h_OTT_DS_OD_IH_t_SO,T_h_OTT_OD_HF_a_SO,T_h_OTT_DS_OD_Tot,T_h_OTT_DS_NS,T_h_OTT_DS_Tot,T_h_T_NS_DS_SH,T_h_T_NS_DS_SDRTHT,T_h_T_NS_DS_FUA,T_h_T_NS_DS_OD_CCH,T_h_T_NS_DS_OD_IH_t_SO,T_h_T_NS_OD_HF_a_SO,T_h_T_NS_DS_OD_Tot,T_h_T_NS_DS_NS,T_h_T_NS_DS_Tot,T_h_Tot_DS_SH,T_h_Tot_DS_SDRTHT,T_h_Tot_DS_FUA,T_h_Tot_DS_OD_CCH,T_h_Tot_DS_OD_IH_t_SO,T_h_Tot_OD_HF_a_SO,T_h_Tot_DS_OD_Tot,T_h_Tot_DS_NS,T_h_Tot_DS_Tot
LGA10050,132,7,0,0,7,0,520,14033,1031,2947,65,0,25,90,13,18114,4829,236,335,35,0,3,38,0,5438,5903,161,337,0,0,5,5,0,6406,1714,429,1626,0,0,9,9,6,3784,584,14,231,0,0,0,0,0,829,686,97,272,0,0,5,5,4,1064,44,40,58,0,0,0,0,0,142,103,15,26,23,0,3,26,3,173,67,0,18,0,0,0,0,0,85,3198,595,2231,23,0,17,40,13,6077,125,20,4,0,0,0,0,0,149,354,44,141,7,0,0,7,0,546,14409,1056,3048,65,0,25,90,13,18616
LGA10110,27,4,0,0,4,0,195,6641,455,888,27,0,14,41,9,8034,2735,75,65,7,0,6,13,4,2892,2230,35,50,4,0,0,4,5,2324,1020,204,577,0,0,0,0,0,1801,282,64,105,0,0,0,0,0,451,402,36,80,0,0,0,0,0,518,42,36,26,0,0,0,0,0,104,83,7,12,15,0,8,23,0,125,61,5,7,0,0,0,0,0,73,1890,352,807,15,0,8,23,0,3072,49,13,5,0,0,0,0,0,67,176,17,32,7,0,0,7,0,232,7080,492,959,33,0,14,47,9,8587
LGA10150,175,0,0,3,3,3,385,5819,1818,7413,0,0,90,90,31,15171,2880,479,1040,0,0,5,5,3,4407,1852,635,1742,0,0,7,7,3,4239,591,467,3500,0,0,44,44,20,4622,29,41,162,0,0,0,0,0,232,235,128,583,0,0,18,18,5,969,32,11,113,0,0,3,3,0,159,26,12,50,0,0,7,7,0,95,30,3,28,0,0,3,3,0,64,943,662,4436,0,0,75,75,25,6141,27,13,81,0,0,0,0,0,121,157,47,178,0,0,3,3,3,388,5859,1836,7477,0,0,90,90,34,15296
LGA10200,273,0,0,0,0,0,745,10919,2659,8293,0,0,54,54,26,21951,4128,546,820,0,0,9,9,3,5506,3863,960,2270,0,0,8,8,3,7104,1394,592,3815,0,0,14,14,9,5824,244,247,339,0,0,0,0,8,838,675,162,573,0,0,18,18,3,1431,39,33,57,0,0,0,0,0,129,127,14,89,0,0,5,5,0,235,62,16,50,0,0,0,0,0,128,2541,1064,4923,0,0,37,37,20,8585,74,18,42,0,0,0,0,0,134,389,83,278,0,0,0,0,0,750,10995,2671,8333,0,0,54,54,26,22079
LGA10250,85,21,0,0,21,0,376,10718,1920,1925,456,9,28,493,7,15063,4921,568,450,325,3,5,333,3,6275,3574,346,227,18,0,3,21,0,4168,1158,632,605,5,3,7,15,4,2414,225,113,263,0,0,0,0,0,601,660,207,171,14,3,9,26,0,1064,51,28,56,0,0,0,0,0,135,140,10,12,76,0,4,80,0,242,67,16,11,0,0,0,0,0,94,2301,1006,1118,95,6,20,121,4,4550,67,17,110,6,0,0,6,0,200,234,60,90,21,0,0,21,0,405,11097,1997,1995,465,9,28,502,7,15598
LGA10300,3,0,0,5,5,0,27,708,19,18,3,0,10,13,0,758,326,0,0,3,0,0,3,0,329,212,3,0,0,0,5,5,0,220,29,6,10,0,0,0,0,0,45,16,0,3,0,0,0,0,0,19,83,4,0,0,0,0,0,0,87,16,5,0,0,0,0,0,0,21,37,0,8,0,0,0,0,0,45,17,4,0,0,0,0,0,0,21,198,19,21,0,0,0,0,0,238,10,0,0,0,0,0,0,0,10,22,0,3,0,0,5,5,0,30,768,22,24,3,0,10,13,0,827
LGA10350,364,3,0,6,9,0,1820,39125,9288,7823,40,24,177,241,89,56566,16494,2055,867,8,8,23,39,13,19468,13428,3636,1859,0,6,25,31,30,18984,3454,1465,2200,0,3,81,84,34,7237,2398,1077,1814,0,0,0,0,5,5294,1802,489,400,0,3,34,37,7,2735,115,168,185,0,0,3,3,0,471,308,95,72,25,0,5,30,0,505,201,50,51,4,0,0,4,0,306,8278,3344,4722,29,6,123,158,46,16548,237,58,91,0,4,3,7,3,396,1184,281,367,3,0,6,9,0,1841,39621,9374,7906,40,24,180,244,92,57237
LGA10470,35,4,0,3,7,0,331,11158,940,856,30,6,23,59,29,13042,4136,181,123,19,0,6,25,6,4471,4462,133,83,0,3,3,6,6,4690,1474,431,472,0,0,3,3,5,2385,388,70,93,0,0,5,5,0,556,662,96,70,3,0,3,6,5,839,41,28,4,0,0,0,0,0,73,86,6,7,4,0,0,4,4,107,85,7,5,0,3,0,3,0,100,2736,638,651,7,3,11,21,14,4060,57,7,5,0,0,0,0,3,72,270,47,38,4,0,3,7,0,362,11661,1006,900,30,6,23,59,29,13655
LGA10550,37,7,0,3,10,0,327,10184,849,1010,175,25,40,240,14,12297,4883,309,274,113,13,8,134,9,5609,3321,111,126,15,9,5,29,0,3587,871,190,392,0,0,5,5,5,1463,246,57,41,0,0,0,0,0,344,636,66,123,9,3,16,28,0,853,39,42,22,0,0,0,0,0,103,99,8,15,24,0,3,27,0,149,87,12,8,5,0,0,5,0,112,1978,375,601,38,3,24,65,5,3024,68,30,11,5,0,0,5,0,114,254,41,37,7,0,3,10,0,342,10504,866,1049,178,25,40,243,14,12676
LGA10600,11,6,0,0,6,0,117,4337,100,206,143,19,20,182,4,4829,2074,13,43,91,8,5,104,0,2234,1285,7,6,6,4,3,13,4,1315,445,48,74,0,0,3,3,0,570,62,10,28,0,0,0,0,0,100,385,14,38,13,4,6,23,0,460,19,5,3,6,0,0,6,0,33,47,0,0,21,0,3,24,0,71,41,0,3,7,3,0,10,0,54,999,77,146,47,7,12,66,0,1288,39,0,9,4,0,0,4,0,52,95,9,11,6,0,0,6,0,121,4492,106,215,154,19,20,193,4,5010
LGA10650,17,0,0,3,3,0,112,2778,146,162,58,0,24,82,0,3168,1307,50,31,44,0,3,47,0,1435,872,18,9,0,0,6,6,0,905,209,37,67,0,0,3,3,0,316,20,0,4,0,0,0,0,0,24,216,14,25,4,0,3,7,0,262,8,13,6,0,0,0,0,0,27,61,0,3,7,0,3,10,0,74,42,3,0,0,0,0,0,0,45,556,67,105,11,0,9,20,0,748,27,4,0,3,0,3,6,0,37,93,7,17,0,0,3,3,0,120,2855,146,162,58,0,24,82,0,3245
LGA10750,224,24,0,3,27,4,2244,74893,10370,4662,260,12,96,368,71,90364,20312,1088,225,97,4,12,113,28,21766,35932,4121,783,12,0,9,21,14,40871,9572,2595,1961,5,0,49,54,12,14194,5316,1754,1077,0,0,0,0,0,8147,3407,571,257,14,5,14,33,6,4274,223,102,157,0,0,3,3,0,485,461,66,38,116,3,9,128,7,700,279,52,37,3,0,0,3,0,371,19258,5140,3527,138,8,75,221,25,28171,368,91,31,0,0,0,0,0,490,1806,281,239,27,0,3,30,4,2360,77676,10721,4805,274,12,99,385,71,93658
LGA10800,4,5,0,0,5,0,67,2033,14,84,5,3,21,29,0,2160,1040,0,8,0,3,13,16,0,1064,593,0,7,0,0,3,3,0,603,88,3,27,0,0,0,0,0,118,41,0,4,0,0,0,0,0,45,154,4,10,0,0,4,4,0,172,7,0,10,0,0,0,0,0,17,83,4,11,0,0,0,0,0,98,36,3,0,0,0,4,4,0,43,409,14,62,0,0,8,8,0,493,25,0,3,0,0,0,0,0,28,64,0,4,5,0,0,5,0,73,2131,14,84,5,3,24,32,0,2261
LGA10850,4,0,0,0,0,0,64,2341,53,58,7,0,9,16,0,2468,949,8,3,7,0,0,7,0,967,903,11,0,0,0,0,0,0,914,236,21,36,0,0,4,4,0,297,47,5,0,0,0,0,0,0,52,136,3,4,0,0,5,5,0,148,8,5,11,0,0,0,0,0,24,35,3,0,0,0,0,0,0,38,26,0,0,0,0,0,0,0,26,488,37,51,0,0,9,9,0,585,19,0,0,0,0,0,0,0,19,60,0,4,0,0,0,0,0,64,2419,56,58,7,0,9,16,0,2549
LGA10900,19,3,0,0,3,0,498,25380,1392,564,11,3,26,40,21,27397,9955,444,76,5,0,3,8,7,10490,11139,188,46,0,0,10,10,3,11386,2758,327,237,0,0,9,9,4,3335,160,138,52,0,0,0,0,0,350,1082,80,69,3,3,7,13,4,1248,83,78,37,0,0,0,0,0,198,86,14,9,0,0,0,0,0,109,115,10,7,0,0,0,0,0,132,4284,647,411,3,3,16,22,8,5372,154,96,24,0,0,0,0,3,277,441,44,19,3,0,0,3,0,507,25973,1419,576,11,3,29,43,21,28032
LGA10950,3,4,0,0,4,0,41,812,22,22,10,0,6,16,3,875,424,0,0,0,0,0,0,3,427,233,0,0,3,0,0,3,0,236,50,3,0,0,0,6,6,0,59,49,4,5,0,0,0,0,0,58,76,3,7,6,0,0,6,0,92,12,0,3,0,0,0,0,0,15,58,12,13,0,0,0,0,0,83,22,0,0,0,0,0,0,0,22,267,22,28,6,0,6,12,0,329,7,0,0,0,0,0,0,0,7,40,3,3,4,0,0,4,0,50,971,25,31,13,0,6,19,3,1049
LGA11000,0,0,0,0,0,0,24,948,13,15,3,0,4,7,0,983,498,0,0,3,3,0,6,0,504,254,0,0,0,0,0,0,0,254,22,0,6,0,0,4,4,0,32,10,0,3,0,0,0,0,0,13,91,7,6,0,0,0,0,0,104,3,0,0,0,0,0,0,0,3,31,3,0,0,0,0,0,0,34,23,3,0,0,0,0,0,0,26,180,13,15,0,0,4,4,0,212,8,0,0,0,0,0,0,0,8,28,0,0,0,0,0,0,0,28,968,13,15,3,3,4,10,0,1006
LGA11050,0,3,0,0,3,0,20,896,31,0,6,3,5,14,0,941,468,8,0,3,3,0,6,0,482,250,0,0,0,0,0,0,0,250,52,3,0,0,0,5,5,0,60,4,4,0,0,0,0,0,0,8,64,3,0,0,0,0,0,0,67,0,10,0,0,0,0,0,0,10,35,0,0,0,0,0,0,0,35,18,0,0,0,0,0,0,0,18,173,20,0,0,0,5,5,0,198,12,3,0,0,0,0,0,0,15,17,0,0,3,0,0,3,0,20,920,31,0,6,3,5,14,0,965
LGA11100,194,0,0,0,0,0,388,5438,1999,6266,0,0,72,72,35,13810,2576,506,884,0,0,10,10,3,3979,1871,742,1719,0,0,10,10,9,4351,488,281,2142,0,0,29,29,11,2951,173,336,875,0,0,0,0,4,1388,216,71,381,0,0,19,19,4,691,28,22,42,0,0,0,0,4,96,24,32,44,0,0,4,4,0,104,31,9,44,0,0,0,0,0,84,960,751,3528,0,0,52,52,23,5314,27,14,39,0,0,0,0,0,80,143,54,199,0,0,0,0,0,396,5577,2067,6369,0,0,72,72,35,14120
LGA11150,0,5,0,0,5,0,34,605,3,19,12,0,0,12,0,639,283,0,0,7,0,0,7,0,290,201,0,3,0,0,0,0,0,204,12,0,0,0,0,0,0,0,12,58,0,10,0,0,0,0,0,68,92,0,8,0,0,0,0,0,100,42,0,0,0,0,0,0,0,42,108,6,7,0,0,0,0,0,121,27,0,0,0,0,0,0,0,27,339,6,25,0,0,0,0,0,370,11,0,0,0,0,0,0,0,11,55,0,3,5,0,0,5,0,63,889,6,31,12,0,0,12,0,938
LGA11200,3,0,0,0,0,0,6,236,0,17,4,0,0,4,0,257,144,0,0,4,0,0,4,3,151,65,0,0,0,0,0,0,0,65,5,0,0,0,0,0,0,0,5,57,0,0,0,0,0,0,0,57,39,0,4,0,0,0,0,0,43,104,0,15,0,0,0,0,0,119,53,0,13,0,0,0,0,0,66,31,0,3,0,0,0,0,0,34,289,0,35,0,0,0,0,0,324,17,0,0,0,0,0,0,0,17,15,0,3,0,0,0,0,0,18,530,0,38,4,0,0,4,3,575
LGA11250,30,0,0,0,0,0,276,6513,65,284,16,0,4,20,9,6891,3260,4,69,13,0,4,17,0,3350,2112,5,45,0,0,3,3,3,2168,588,14,59,0,0,0,0,0,661,71,7,22,3,0,0,3,0,103,449,18,59,0,0,0,0,3,529,31,3,0,0,0,0,0,0,34,147,11,21,3,0,0,3,0,182,42,3,3,0,0,0,0,0,48,1328,56,164,6,0,0,6,3,1557,39,5,3,0,0,0,0,3,50,274,4,34,0,0,0,0,0,312,7013,74,315,19,0,7,26,9,7437
LGA11300,130,0,0,3,3,3,329,5595,1198,3807,0,0,60,60,11,10671,2750,358,522,0,0,10,10,0,3640,1695,358,706,0,0,7,7,0,2766,618,248,1807,0,0,23,23,5,2701,21,74,213,0,0,0,0,0,308,251,89,310,0,0,14,14,3,667,46,7,31,0,0,0,0,0,84,31,7,54,0,0,3,3,0,95,28,13,26,0,0,3,3,0,70,995,438,2441,0,0,43,43,8,3925,33,8,28,0,0,0,0,0,69,157,36,130,0,0,3,3,3,329,5630,1198,3827,0,0,63,63,11,10729
LGA11350,36,55,3,3,61,0,328,8982,1003,575,285,12,48,345,20,10925,3510,198,79,125,3,3,131,6,3924,2916,231,59,10,0,3,13,4,3223,1032,319,203,0,0,5,5,4,1563,71,38,50,0,0,0,0,0,159,1175,164,128,30,0,26,56,9,1532,32,17,15,4,0,0,4,0,68,62,8,9,66,3,3,72,0,151,110,10,13,0,0,5,5,0,138,2482,556,418,100,3,39,142,13,3611,78,9,10,3,3,0,6,0,103,208,31,36,55,3,3,61,0,336,9194,1025,602,293,12,48,353,23,11197
LGA11400,6,0,0,0,0,0,103,4338,64,61,35,10,20,65,0,4528,2011,7,6,20,5,3,28,0,2052,1553,3,3,3,5,7,15,0,1574,233,23,20,0,0,4,4,0,280,28,0,0,0,0,0,0,0,28,347,7,9,7,0,6,13,0,376,6,11,18,0,0,0,0,0,35,105,4,0,5,0,0,5,0,114,75,4,3,0,0,0,0,0,82,794,49,50,12,0,10,22,0,915,48,0,3,0,0,0,0,0,51,100,5,6,0,0,0,0,0,111,4506,64,68,35,10,20,65,0,4703
LGA11450,14,9,0,0,9,0,298,15926,994,271,143,0,11,154,26,17371,4208,253,70,112,0,0,112,6,4649,9052,320,28,4,0,0,4,17,9421,1859,172,81,0,0,0,0,0,2112,213,76,34,0,0,0,0,0,323,633,44,29,3,0,3,6,0,712,26,26,5,0,0,0,0,3,60,65,0,0,12,0,4,16,0,81,47,7,6,0,0,0,0,0,60,2843,325,155,15,0,7,22,3,3348,51,87,9,3,0,4,7,0,154,245,36,14,9,0,0,9,0,304,16399,1021,276,143,0,11,154,26,17876
LGA11500,65,0,0,0,0,0,1060,36418,6939,1720,3,3,133,139,18,45234,10173,978,233,0,3,45,48,3,11435,17578,2078,272,0,0,59,59,3,19990,4212,1702,556,0,0,19,19,0,6489,3179,1749,340,0,0,0,0,8,5276,1500,355,110,0,0,10,10,0,1975,115,94,55,0,0,0,0,0,264,165,17,23,0,0,3,3,0,208,116,28,15,0,0,3,3,0,162,9287,3945,1099,0,0,35,35,8,14374,178,55,110,3,0,0,3,4,350,839,229,69,0,0,0,0,0,1137,38055,7285,1783,3,3,139,145,18,47286
LGA11520,257,0,0,6,6,0,638,12681,3341,11640,3,0,132,135,56,27853,6183,857,2201,3,0,14,17,10,9268,4293,1168,3209,0,0,13,13,9,8692,1243,802,4403,0,0,60,60,32,6540,91,173,479,0,0,0,0,0,743,448,169,793,0,0,34,34,5,1449,14,22,80,0,0,0,0,0,116,43,72,161,0,0,4,4,0,280,61,19,61,0,0,4,4,0,145,1900,1257,5977,0,0,102,102,37,9273,68,20,52,0,0,0,0,0,140,309,69,260,0,0,6,6,0,644,12753,3371,11699,3,0,135,138,56,28017
LGA11550,713,0,0,12,12,3,1630,23892,4615,16608,12,0,234,246,152,45513,11000,940,2090,9,0,33,42,39,14111,7956,1532,3566,3,0,20,23,35,13112,2387,1089,7082,0,0,122,122,54,10734,593,487,1598,0,0,0,0,0,2678,910,282,1019,0,0,38,38,15,2264,83,95,231,0,0,0,0,0,409,166,38,201,0,0,8,8,6,419,94,29,119,0,0,4,4,0,246,4233,2020,10250,0,0,172,172,75,16750,145,37,114,0,0,0,0,0,296,767,150,726,0,0,12,12,3,1658,24101,4679,16746,12,0,237,249,152,45927
LGA11600,0,3,0,0,3,0,34,838,6,25,25,6,3,34,0,903,400,0,0,12,3,0,15,0,415,213,0,3,3,0,0,3,0,219,11,0,3,0,0,0,0,0,14,12,0,0,0,0,0,0,0,12,111,3,7,0,0,3,3,0,124,3,0,7,0,0,0,0,0,10,96,3,8,4,3,0,7,0,114,22,0,0,3,0,0,3,0,25,255,6,25,7,3,3,13,0,299,14,0,0,0,0,0,0,0,14,34,0,0,3,0,0,3,0,37,916,6,28,25,6,3,34,0,984
LGA11700,3,3,0,0,3,0,34,427,0,36,19,0,14,33,13,509,232,0,10,5,0,8,13,24,279,66,0,0,0,0,3,3,3,72,0,0,0,0,0,0,0,0,0,78,0,3,0,0,0,0,14,95,37,0,6,0,0,0,0,5,48,30,0,3,0,0,0,0,0,33,84,0,15,7,0,9,16,0,115,22,0,3,0,0,0,0,0,25,251,0,30,7,0,9,16,19,316,24,0,0,4,0,0,4,0,28,33,0,3,3,0,3,6,3,45,606,0,43,19,0,23,42,49,740
LGA11720,22,3,0,0,3,3,519,15764,833,523,38,3,25,66,17,17203,6127,127,55,22,3,6,31,3,6343,6524,48,32,3,0,6,9,3,6616,2042,439,235,0,0,3,3,5,2724,413,71,156,0,0,0,0,0,640,813,41,34,4,0,4,8,0,896,21,32,6,0,0,0,0,0,59,105,30,6,6,0,6,12,3,156,94,17,3,3,0,0,3,0,117,3488,630,440,13,0,13,26,8,4592,86,30,0,0,0,0,0,0,116,482,45,25,6,0,0,6,3,561,16707,880,552,44,3,25,72,17,18228
LGA11730,34,34,3,3,40,3,456,15821,741,1037,392,35,76,503,33,18135,7666,251,200,260,20,16,296,3,8416,5193,79,68,20,12,17,49,3,5392,1677,254,469,0,0,18,18,5,2423,289,41,97,3,0,0,3,0,430,1077,101,161,15,0,18,33,0,1372,109,27,21,0,0,0,0,11,168,149,7,27,72,0,7,79,3,265,134,5,13,3,0,0,3,0,155,3435,435,788,93,0,43,136,19,4813,106,3,8,6,3,3,12,5,134,401,24,37,34,3,3,40,3,505,16801,792,1101,413,38,82,533,33,19260
LGA11750,3,0,0,0,0,0,34,1292,15,115,26,0,11,37,4,1463,525,0,3,16,0,3,19,4,551,435,0,0,0,0,0,0,0,435,149,13,44,0,0,4,4,0,210,77,0,11,0,0,0,0,0,88,74,0,3,10,0,4,14,0,91,38,0,13,0,0,0,0,0,51,164,6,40,0,0,0,0,0,210,23,0,9,0,0,0,0,0,32,525,19,120,10,0,8,18,0,682,10,0,0,0,0,0,0,0,10,38,0,6,0,0,0,0,0,44,1533,19,129,26,0,11,37,4,1722
LGA11800,104,27,0,3,30,0,634,18970,2751,2396,695,13,43,751,12,24880,7726,686,400,462,3,5,470,0,9282,6861,397,212,16,0,8,24,0,7494,2503,912,1079,11,0,5,16,3,4513,574,293,284,0,0,0,0,0,1151,1282,257,267,39,3,16,58,3,1867,78,73,73,0,0,0,0,0,224,139,33,39,138,3,6,147,3,361,121,23,32,11,0,0,11,0,187,4697,1591,1774,199,6,27,232,9,8303,149,107,48,17,4,0,21,3,328,432,95,107,30,0,3,33,0,667,19865,2876,2541,724,13,43,780,12,26074
LGA11860,0,0,0,0,0,0,9,531,0,0,3,0,0,3,0,534,231,0,0,0,0,0,0,0,231,165,0,0,0,0,0,0,0,165,8,0,0,0,0,0,0,0,8,0,0,0,0,0,0,0,0,0,48,0,0,3,0,0,3,0,51,0,0,0,0,0,0,0,0,0,40,0,0,0,0,0,0,0,40,30,0,0,0,0,0,0,0,30,126,0,0,3,0,0,3,0,129,13,0,0,0,0,0,0,0,13,9,0,0,0,0,0,0,0,9,544,0,0,3,0,0,3,0,547
LGA12000,13,0,0,0,0,0,48,1366,4,58,6,0,11,17,0,1445,662,0,15,6,0,5,11,0,688,479,0,0,0,0,0,0,0,479,38,0,0,0,0,0,0,0,38,9,4,5,0,0,0,0,0,18,143,0,5,0,0,3,3,0,151,0,0,6,0,0,0,0,0,6,18,0,5,0,0,3,3,0,26,12,0,5,0,0,0,0,0,17,220,4,26,0,0,6,6,0,256,13,0,4,0,0,0,0,0,17,35,0,13,0,0,0,0,0,48,1409,4,58,6,0,11,17,0,1488
LGA12050,7,0,0,0,0,0,86,3391,169,117,7,12,10,29,7,3713,1466,19,10,7,4,0,11,0,1506,1260,8,0,0,8,8,16,3,1287,304,101,42,0,0,0,0,0,447,59,9,25,0,0,0,0,0,93,217,15,23,0,0,5,5,4,264,20,7,0,0,0,0,0,0,27,45,6,6,0,0,0,0,0,57,29,0,4,0,0,0,0,0,33,674,138,100,0,0,5,5,4,921,22,4,3,0,0,0,0,0,29,69,10,7,0,0,0,0,0,86,3491,179,120,7,12,13,32,7,3829
LGA12150,0,0,0,0,0,0,39,1051,21,21,6,0,5,11,3,1107,639,6,0,3,0,0,3,3,651,320,3,0,3,0,3,6,0,329,62,0,7,0,0,0,0,0,69,78,5,0,0,0,0,0,0,83,133,3,14,0,0,5,5,0,155,31,6,9,0,0,0,0,0,46,69,3,7,3,0,0,3,0,82,46,0,0,0,0,0,0,0,46,419,17,37,3,0,5,8,0,481,23,3,0,0,0,0,0,0,26,51,0,0,0,0,0,0,0,51,1452,29,37,9,0,8,17,3,1538
LGA12200,4,0,0,0,0,0,83,2628,38,139,5,0,4,9,3,2817,1304,21,22,5,0,0,5,0,1352,819,0,5,0,0,0,0,3,827,168,7,61,0,0,0,0,0,236,149,0,19,0,0,0,0,0,168,155,3,21,0,0,0,0,0,179,0,0,0,0,0,0,0,0,0,40,3,3,0,0,4,4,0,50,34,0,0,0,0,0,0,0,34,546,13,104,0,0,4,4,0,667,16,3,4,0,0,0,0,0,23,78,4,4,0,0,0,0,0,86,2763,41,139,5,0,4,9,3,2955
LGA12300,17,8,0,0,8,0,140,3738,133,381,63,0,12,75,12,4339,1664,54,114,44,0,3,47,3,1882,1298,19,45,3,0,3,6,3,1371,320,32,141,0,0,3,3,0,496,37,3,3,0,0,0,0,0,43,249,13,43,0,0,3,3,3,311,10,0,14,0,0,0,0,0,24,54,0,0,11,0,0,11,3,68,33,3,3,0,0,0,0,0,39,703,51,204,11,0,6,17,6,981,20,9,8,0,0,0,0,0,37,110,5,17,8,0,0,8,0,140,3795,138,388,66,0,12,78,12,4411
LGA12350,6,0,0,0,0,8,154,4014,138,172,22,3,17,42,8,4374,1937,34,18,11,0,4,15,0,2004,1261,8,3,3,3,3,9,0,1281,409,40,109,0,0,3,3,0,561,137,6,27,0,0,0,0,0,170,283,13,24,0,0,4,4,0,324,19,13,3,0,0,0,0,0,35,68,3,4,5,0,0,5,0,80,32,0,7,3,0,3,6,0,45,948,75,174,8,0,10,18,0,1215,25,18,0,0,0,0,0,0,43,161,9,17,3,0,0,3,8,198,4332,144,212,25,3,17,45,8,4741
LGA12500,4,3,0,0,3,0,119,2474,152,119,34,0,21,55,0,2800,1027,28,22,19,0,4,23,0,1100,858,10,5,0,0,7,7,0,880,314,78,52,0,0,6,6,0,450,93,5,18,0,0,0,0,0,116,116,18,14,3,0,0,3,0,151,20,3,4,0,0,0,0,0,27,11,3,3,9,0,0,9,3,29,20,0,0,0,0,0,0,0,20,574,107,91,12,0,6,18,3,793,6,0,3,0,0,4,4,0,13,104,16,7,3,0,0,3,0,130,2569,161,128,34,0,21,55,3,2916
LGA12600,50,21,0,0,21,0,284,10362,658,1030,52,0,45,97,3,12150,3966,105,126,14,0,8,22,3,4222,4928,90,53,3,0,9,12,3,5086,1449,400,559,0,0,15,15,0,2423,474,75,198,0,0,0,0,0,747,626,52,68,0,0,14,14,0,760,46,14,32,0,0,0,0,0,92,81,8,17,14,0,7,21,0,127,72,9,6,3,0,0,3,0,90,2748,558,880,17,0,36,53,0,4239,50,12,83,0,0,0,0,0,145,232,32,60,24,0,0,24,0,348,11924,797,1202,58,0,53,111,6,14040
LGA12700,0,0,0,0,0,0,74,2892,50,28,14,0,8,22,0,2992,1307,4,8,11,0,0,11,0,1330,1090,0,0,3,0,3,6,0,1096,206,9,13,0,0,0,0,0,228,27,10,0,0,0,0,0,0,37,210,4,7,0,0,5,5,0,226,4,12,0,0,0,0,0,0,16,44,0,0,0,0,0,0,0,44,27,0,0,0,0,0,0,0,27,518,35,20,0,0,5,5,0,578,28,6,3,0,0,0,0,0,37,73,5,0,0,0,0,0,0,78,3016,50,31,14,0,8,22,0,3119
LGA12750,49,21,0,0,21,0,404,11505,973,848,244,8,45,297,11,13634,5919,330,204,157,6,15,178,5,6636,3240,93,65,4,5,8,17,0,3415,1233,263,329,7,0,0,7,0,1832,230,96,85,3,0,0,3,0,414,825,100,102,12,0,15,27,3,1057,101,12,11,0,0,0,0,0,124,89,14,13,35,0,4,39,0,155,80,9,10,3,0,5,8,0,107,2558,494,550,60,0,24,84,3,3689,76,51,21,5,0,4,9,3,160,299,60,52,24,0,0,24,0,435,12092,1028,892,250,11,51,312,11,14335
LGA12850,322,3,0,4,7,0,2058,40878,7517,6631,68,3,89,160,51,55237,15868,1408,816,26,0,7,33,14,18139,14448,2299,1283,0,0,14,14,14,18058,4423,1438,2776,0,3,41,44,9,8690,1960,1409,784,0,0,0,0,0,4153,2085,402,382,3,0,16,19,6,2894,172,143,102,0,0,0,0,4,421,450,98,114,36,0,7,43,0,705,216,44,57,3,0,0,3,0,320,9306,3534,4215,42,3,64,109,19,17183,274,45,45,0,0,0,0,4,368,1450,305,328,3,0,4,7,0,2090,41346,7591,6687,71,3,89,163,51,55838
LGA12900,12,11,0,0,11,0,111,2890,118,152,25,6,0,31,3,3194,1286,27,15,8,3,0,11,3,1342,1047,7,4,0,3,0,3,0,1061,276,68,85,0,0,0,0,0,429,141,6,17,0,0,0,0,0,164,231,12,20,0,0,0,0,0,263,3,3,9,0,0,0,0,0,15,79,0,3,6,0,0,6,0,88,49,0,4,0,0,0,0,0,53,779,89,138,6,0,0,6,0,1012,20,0,0,0,0,0,0,0,20,100,4,12,11,0,0,11,0,127,3232,127,169,25,6,0,31,3,3562
LGA12950,4,8,0,0,8,0,47,1319,6,93,14,3,5,22,0,1440,686,0,14,3,3,0,6,0,706,409,0,17,0,0,0,0,0,426,79,3,57,0,0,0,0,0,139,60,0,0,0,0,0,0,0,60,140,3,8,0,0,5,5,0,156,23,0,0,0,0,0,0,0,23,30,0,6,6,0,0,6,0,42,23,0,3,0,0,0,0,0,26,355,6,74,6,0,5,11,0,446,20,0,0,0,0,0,0,0,20,41,0,4,8,0,0,8,0,53,1511,6,109,17,3,5,25,0,1651
LGA13010,3,0,0,0,0,0,104,3068,113,59,9,6,4,19,6,3265,1516,16,7,9,3,0,12,3,1554,875,5,0,0,0,4,4,3,887,332,56,48,0,0,0,0,0,436,73,7,4,0,0,0,0,0,84,199,7,6,0,0,0,0,0,212,30,16,0,0,0,0,0,0,46,60,0,0,0,0,0,0,0,60,33,3,0,0,3,0,3,0,39,727,89,58,0,3,0,3,0,877,36,6,0,0,0,0,0,0,42,100,4,3,0,0,0,0,0,107,3254,120,68,9,6,4,19,6,3467
LGA13050,3,0,0,0,0,0,50,1740,18,72,28,0,30,58,0,1888,947,3,3,16,0,7,23,0,976,453,0,3,3,0,3,6,0,462,163,0,41,0,0,11,11,0,215,38,0,6,0,0,0,0,0,44,127,11,9,3,0,6,9,0,156,5,0,0,0,0,0,0,0,5,36,0,8,6,0,3,9,0,53,15,0,4,0,0,0,0,0,19,384,11,68,9,0,20,29,0,492,13,0,0,0,0,0,0,0,13,46,7,3,0,0,0,0,0,56,1843,21,77,28,0,30,58,0,1999
LGA13100,231,21,0,3,24,0,1597,45175,8522,5136,529,0,82,611,109,59553,17009,3037,1170,350,0,12,362,19,21597,19101,1376,655,19,0,12,31,24,21187,5635,2004,1928,43,0,30,73,47,9687,747,639,606,0,0,0,0,0,1992,2276,449,313,25,0,20,45,16,3099,86,131,125,0,0,0,0,0,342,266,71,24,75,0,9,84,3,448,206,47,55,5,0,0,5,0,313,9216,3341,3051,148,0,59,207,66,15881,239,561,184,6,0,0,6,3,993,964,407,239,24,0,3,27,0,1637,46529,8722,5299,547,0,86,633,112,61295
LGA13310,18,4,3,0,7,0,249,8945,572,440,78,15,57,150,27,10134,3539,136,21,40,6,4,50,7,3753,3306,72,24,4,6,8,18,11,3431,887,236,280,0,0,12,12,9,1424,481,19,56,0,0,0,0,0,556,562,57,31,0,0,21,21,0,671,24,24,17,0,0,0,0,0,65,103,6,4,37,0,6,43,0,156,59,5,3,3,0,3,6,0,73,2116,347,391,40,0,42,82,9,2945,57,8,0,0,0,3,3,0,68,215,19,21,4,3,0,7,0,262,9233,582,457,88,15,57,160,27,10459
LGA13320,57,27,0,4,31,0,461,10277,1745,1227,350,3,55,408,13,13670,5396,799,333,236,0,8,244,9,6781,2887,169,93,18,0,11,29,4,3182,1186,379,579,0,3,15,18,0,2162,49,108,68,0,0,0,0,0,225,617,119,115,7,0,11,18,0,869,55,60,11,0,0,0,0,0,126,94,14,21,51,3,4,58,0,187,57,14,11,8,0,5,13,0,95,2058,694,805,66,6,35,107,0,3664,124,55,3,12,0,0,12,0,194,289,107,61,27,0,4,31,0,488,10754,1824,1295,359,6,58,423,13,14309
LGA13340,0,0,0,0,0,3,123,3429,40,20,8,3,12,23,9,3521,1543,0,0,8,0,5,13,3,1559,1209,4,4,0,0,4,4,3,1224,174,15,7,0,0,3,3,0,199,13,4,0,0,0,0,0,0,17,278,0,3,0,3,0,3,0,284,6,5,3,0,0,0,0,0,14,85,0,0,0,0,0,0,0,85,61,3,3,0,0,0,0,0,67,617,27,16,0,3,3,6,0,666,35,0,3,0,0,0,0,0,38,114,9,0,0,0,0,0,3,126,3518,40,23,8,3,12,23,9,3613
LGA13380,60,5,0,3,8,4,464,14732,1051,1100,177,14,58,249,22,17154,7014,355,198,125,4,5,134,4,7705,4843,94,52,4,5,9,18,0,5007,1795,368,526,0,0,21,21,4,2714,394,42,160,0,0,0,0,0,596,836,81,83,6,0,11,17,6,1023,104,37,47,0,0,0,0,0,188,77,17,15,43,0,9,52,4,165,108,7,14,0,5,5,10,0,139,3314,552,845,49,5,46,100,14,4825,68,41,23,0,0,0,0,0,132,377,38,66,5,0,3,8,4,493,15616,1080,1184,183,14,63,260,22,18162
LGA13450,34,3,3,0,6,0,263,6896,498,540,43,6,4,53,0,7987,2682,114,83,20,3,0,23,0,2902,2421,68,57,0,0,0,0,0,2546,894,245,273,3,0,4,7,0,1419,280,9,41,0,0,0,0,0,330,474,42,54,3,0,0,3,0,573,36,6,20,0,0,0,0,0,62,134,7,13,17,0,0,17,0,171,93,8,3,0,0,0,0,0,104,1911,317,404,23,0,4,27,0,2659,46,10,3,0,0,0,0,0,59,228,15,38,3,3,0,6,0,287,7288,524,585,46,6,4,56,0,8453
LGA13500,7,0,0,0,0,0,45,1247,21,51,12,0,31,43,0,1362,600,7,12,4,0,11,15,0,634,375,0,0,3,0,3,6,0,381,73,4,23,0,0,3,3,0,103,28,0,5,0,0,0,0,0,33,80,10,4,0,0,8,8,0,102,0,0,0,0,0,0,0,0,0,45,0,3,5,0,3,8,0,56,25,0,0,0,0,3,3,0,28,251,14,35,5,0,17,22,0,322,22,0,0,0,0,0,0,0,22,38,0,7,0,0,0,0,0,45,1286,21,54,12,0,31,43,0,1404
LGA13550,8,7,0,0,7,0,101,3528,118,263,25,0,17,42,3,3954,1603,30,43,21,0,6,27,0,1703,1245,8,11,0,0,8,8,3,1275,430,40,148,0,0,3,3,0,621,133,6,27,0,0,0,0,0,166,286,6,36,0,0,3,3,0,331,23,9,16,0,0,0,0,0,48,105,4,11,0,0,3,3,0,123,47,0,0,0,0,0,0,0,47,1024,65,238,0,0,9,9,0,1336,33,15,0,0,0,0,0,0,48,103,6,11,7,0,0,7,0,127,4008,124,303,28,0,23,51,3,4489
LGA13650,0,9,0,0,9,0,48,1407,26,25,9,0,9,18,0,1476,697,6,4,3,0,0,3,0,710,445,3,0,0,0,3,3,0,451,56,4,18,0,0,0,0,0,78,38,3,0,0,0,0,0,0,41,141,7,3,0,0,3,3,0,154,23,0,0,0,0,0,0,0,23,52,0,0,0,0,0,0,0,52,23,3,0,0,0,3,3,0,29,333,17,21,0,0,6,6,0,377,21,0,0,0,0,0,0,0,21,45,0,0,9,0,0,9,0,54,1541,26,25,12,0,9,21,0,1613
LGA13660,4,0,0,0,0,0,66,1846,6,47,18,6,16,40,0,1939,947,0,0,18,3,6,27,0,974,441,0,0,0,3,6,9,0,450,82,0,8,0,0,0,0,0,90,3,3,10,0,0,0,0,0,16,164,0,8,0,0,0,0,0,172,3,0,6,0,0,0,0,0,9,116,0,5,0,0,4,4,0,125,70,0,3,0,0,0,0,0,73,438,3,40,0,0,4,4,0,485,33,3,3,0,0,0,0,0,39,66,0,4,0,0,0,0,0,70,1925,6,47,18,6,16,40,0,2018
LGA13700,0,3,0,0,3,0,32,1301,22,19,11,0,11,22,0,1364,674,10,5,3,0,4,7,0,696,375,0,0,0,0,4,4,0,379,69,5,4,0,0,0,0,0,78,11,0,0,0,0,0,0,0,11,115,0,7,0,0,0,0,0,122,4,3,0,0,0,0,0,0,7,43,0,6,5,0,0,5,0,54,34,0,0,0,0,3,3,0,37,276,8,17,5,0,3,8,0,309,14,3,0,0,0,0,0,0,17,29,4,0,3,0,0,3,0,36,1368,25,22,11,0,11,22,0,1437
LGA13800,31,10,0,3,13,0,404,17260,1864,748,148,15,70,233,18,20123,5649,424,78,63,3,4,70,3,6224,8386,370,87,3,3,7,13,3,8859,1687,682,331,3,3,38,44,3,2747,459,150,102,3,0,0,3,0,714,821,132,68,7,0,12,19,3,1043,79,27,35,0,0,0,0,0,141,281,64,12,66,0,3,69,3,429,95,19,5,0,3,4,7,3,129,3422,1074,553,79,6,57,142,12,5203,108,14,14,0,3,3,6,0,142,318,55,31,10,0,3,13,0,417,17883,1937,763,155,15,74,244,18,20845
LGA13850,8,0,0,0,0,0,38,1012,0,69,5,3,3,11,0,1092,444,0,6,5,0,0,5,0,455,291,0,3,0,0,3,3,0,297,61,0,35,0,0,0,0,0,96,38,0,4,0,0,0,0,0,42,120,0,14,0,0,3,3,0,137,3,0,0,0,0,0,0,0,3,59,0,5,0,3,0,3,0,67,18,0,0,0,0,0,0,0,18,299,0,58,0,3,3,6,0,363,10,0,0,0,0,0,0,0,10,33,0,8,0,0,0,0,0,41,1077,0,75,5,3,6,14,0,1166
LGA13950,215,0,0,4,4,0,873,20069,4660,7793,5,0,58,63,17,32602,8110,869,595,0,0,4,4,0,9578,7321,1656,1828,0,0,0,0,4,10809,2322,1068,3494,0,0,29,29,6,6919,556,546,1055,9,0,0,9,0,2166,1013,260,417,0,0,10,10,7,1707,98,88,116,0,0,3,3,0,305,143,22,49,0,0,5,5,0,219,96,19,48,0,0,3,3,0,166,4228,2003,5179,9,0,50,59,13,11482,143,59,53,0,0,0,0,0,255,541,126,215,0,0,4,4,0,886,20343,4713,7870,9,0,58,67,17,33010
LGA14000,200,0,0,0,0,0,767,39540,4003,8641,87,6,66,159,38,52381,16806,1232,1293,58,0,6,64,6,19401,17405,1298,2287,4,3,9,16,10,21016,3032,677,3206,4,0,21,25,12,6952,117,184,370,0,0,0,0,0,671,1294,174,696,6,3,20,29,5,2198,70,71,260,0,0,3,3,0,404,172,32,54,15,0,3,18,0,276,141,14,47,0,0,3,3,0,205,4826,1152,4633,25,3,50,78,17,10706,245,253,264,0,0,4,4,5,771,476,97,203,3,0,0,3,0,779,39758,4032,8680,90,6,69,165,38,52673
LGA14100,31,0,0,0,0,0,92,2918,442,1081,0,0,35,35,0,4476,1381,170,205,0,0,3,3,0,1759,1104,148,169,0,0,0,0,0,1421,209,77,294,0,0,16,16,0,596,10,0,276,0,0,0,0,0,286,87,29,66,0,0,16,16,0,198,18,0,12,0,0,0,0,0,30,10,6,7,0,0,0,0,0,23,16,3,5,0,0,0,0,0,24,350,115,660,0,0,32,32,0,1157,37,0,21,0,0,0,0,0,58,52,9,31,0,0,0,0,0,92,2924,442,1086,0,0,35,35,0,4487
LGA14150,177,0,0,3,3,0,645,16095,3347,7708,0,0,141,141,11,27302,7714,1012,1209,0,0,13,13,3,9951,5607,1038,2283,0,0,12,12,4,8944,1417,466,3028,0,0,83,83,4,4998,392,433,304,0,0,0,0,0,1129,513,156,609,0,0,26,26,0,1304,38,61,29,0,0,0,0,0,128,68,36,44,0,0,0,0,0,148,54,19,37,0,0,4,4,0,114,2482,1171,4051,0,0,113,113,4,7821,89,52,36,0,0,0,0,0,177,357,108,184,0,0,3,3,0,652,16249,3381,7763,0,0,141,141,11,27545
LGA14200,31,4,3,0,7,0,171,5122,73,431,39,12,13,64,0,5690,2242,12,52,14,3,6,23,0,2329,1784,14,6,0,3,0,3,0,1807,558,29,199,0,0,3,3,0,789,158,0,43,0,0,0,0,0,201,337,3,38,4,0,3,7,0,385,20,0,71,0,0,0,0,0,91,89,0,12,20,3,0,23,0,124,93,3,6,0,0,4,4,0,106,1255,35,369,24,3,10,37,0,1696,45,12,3,0,0,0,0,0,60,146,3,34,4,3,0,7,0,190,5472,76,464,42,12,16,70,0,6082
LGA14250,0,0,0,0,0,0,14,500,6,12,0,0,4,4,0,522,249,3,0,0,0,0,0,0,252,141,0,0,0,0,0,0,0,141,19,0,6,0,0,0,0,0,25,4,3,0,0,0,0,0,0,7,48,0,3,0,0,0,0,0,51,0,0,3,0,0,0,0,0,3,20,0,0,0,0,4,4,0,24,16,0,0,0,0,0,0,0,16,107,3,12,0,0,4,4,0,126,11,0,0,0,0,0,0,0,11,14,0,0,0,0,0,0,0,14,522,6,12,0,0,4,4,0,544
LGA14300,3,0,0,0,0,3,53,1728,46,14,0,0,6,6,7,1801,709,7,3,0,0,0,0,4,723,642,0,0,0,0,0,0,0,642,160,26,8,0,0,0,0,0,194,56,0,0,0,0,0,0,0,56,123,4,0,0,0,3,3,0,130,9,7,0,0,0,0,0,0,16,25,4,0,0,0,0,0,0,29,22,0,0,0,0,3,3,0,25,395,41,8,0,0,6,6,0,450,13,0,0,0,0,0,0,0,13,49,6,3,0,0,0,0,3,61,1808,54,14,0,0,6,6,7,1889
LGA14350,18,10,0,0,10,0,259,8561,465,395,115,22,12,149,6,9576,4206,168,65,62,9,3,74,3,4516,2719,95,24,3,6,3,12,3,2853,1081,139,220,5,0,3,8,0,1448,315,37,39,0,0,0,0,3,394,576,34,33,5,7,6,18,3,664,116,21,16,0,0,0,0,0,153,68,3,19,42,0,0,42,0,132,85,6,11,0,0,0,0,0,102,2241,240,338,52,7,9,68,6,2893,53,5,0,4,0,0,4,0,62,245,15,21,10,0,0,10,0,291,9464,523,448,131,22,15,168,12,10615
LGA14400,35,3,0,3,6,0,161,5920,651,639,22,0,42,64,3,7277,2858,244,196,13,0,5,18,0,3316,2082,149,41,0,0,4,4,0,2276,570,166,155,3,0,22,25,3,919,32,15,15,0,0,0,0,0,62,297,57,56,0,0,8,8,0,418,11,6,40,0,0,0,0,0,57,28,0,9,3,0,0,3,0,40,27,3,9,0,0,0,0,0,39,965,247,284,6,0,30,36,3,1535,27,0,96,0,0,0,0,0,123,98,22,35,6,0,3,9,0,164,6030,662,652,25,0,42,67,3,7414
LGA14450,154,0,0,0,0,0,445,10843,1600,6700,6,0,72,78,16,19237,5392,534,1253,3,0,5,8,0,7187,3826,522,2044,3,0,5,8,4,6404,851,291,2494,0,0,41,41,8,3685,31,83,112,0,0,0,0,0,226,391,91,508,0,0,21,21,4,1015,26,7,27,0,0,0,0,0,60,42,20,44,0,0,0,0,0,106,47,5,47,0,0,0,0,0,99,1388,497,3232,0,0,62,62,12,5191,45,19,54,0,0,0,0,0,118,251,43,154,0,0,0,0,0,448,10902,1615,6737,6,0,72,78,16,19348
LGA14500,164,0,0,0,0,3,600,28294,1517,5821,5,0,15,20,52,35704,13672,730,1954,5,0,0,5,10,16371,11348,303,1402,0,0,5,5,8,13066,1963,226,1576,0,0,6,6,10,3781,20,0,10,0,0,0,0,0,30,718,79,382,0,0,4,4,11,1194,33,25,97,0,0,0,0,4,159,57,12,35,0,0,0,0,3,107,80,4,41,0,0,0,0,0,125,2871,346,2141,0,0,10,10,28,5396,103,67,170,0,0,0,0,3,343,359,74,164,0,0,0,0,3,600,28353,1520,5831,5,0,15,20,52,35776
LGA14550,0,4,0,3,7,0,96,3277,27,52,30,8,13,51,0,3407,1630,7,11,18,5,0,23,0,1671,994,0,0,5,3,3,11,0,1005,241,12,30,0,0,0,0,0,283,38,5,3,0,0,0,0,0,46,291,3,10,3,0,3,6,0,310,47,0,7,0,0,0,0,0,54,49,0,0,0,0,4,4,0,53,41,3,0,3,0,0,3,0,47,707,23,50,6,0,7,13,0,793,27,0,4,0,0,0,0,0,31,92,0,0,4,3,3,10,0,102,3450,30,65,33,11,13,57,0,3602
LGA14600,3,3,0,0,3,0,80,2006,27,31,12,3,3,18,0,2082,1056,0,0,9,3,0,12,0,1068,568,0,0,0,0,3,3,0,571,103,3,19,0,0,0,0,0,125,99,3,13,0,0,0,0,0,115,213,7,7,0,0,0,0,0,227,54,4,0,0,0,0,0,0,58,103,13,0,0,0,0,0,0,116,64,0,4,3,0,0,3,0,71,636,30,43,3,0,0,3,0,712,28,3,0,0,0,0,0,0,31,84,3,3,3,0,0,3,0,93,2372,36,46,15,3,3,21,0,2475
LGA14650,178,53,0,3,56,0,1676,58728,4942,3621,556,12,104,672,33,67996,24033,1795,799,347,0,15,362,12,27001,24001,590,308,12,3,12,27,8,24934,5835,1065,1083,3,3,48,54,7,8044,2029,749,663,0,0,0,0,0,3441,2878,336,288,8,3,21,32,3,3537,160,84,172,0,0,0,0,0,416,277,84,27,143,0,7,150,3,541,221,17,33,6,3,3,12,0,283,11400,2335,2266,160,9,79,248,13,16262,235,188,181,6,0,0,6,0,610,1293,211,189,53,0,6,59,0,1752,60962,5119,3743,578,12,112,702,33,70559
LGA14700,90,0,0,0,0,3,190,5904,704,5156,0,0,32,32,44,11840,2721,211,1025,0,0,0,0,3,3960,2271,216,1487,0,0,5,5,0,3979,508,153,1869,0,0,20,20,3,2553,82,27,92,0,0,0,0,0,201,189,75,415,0,0,7,7,3,689,9,0,66,0,0,0,0,0,75,12,3,27,0,0,0,0,29,71,28,3,20,0,0,0,0,0,51,828,261,2489,0,0,27,27,35,3640,16,6,82,0,0,0,0,3,107,83,14,96,0,0,0,0,3,196,5919,708,5179,0,0,32,32,44,11882
LGA14750,5,0,3,0,3,0,103,3135,159,205,15,3,14,32,0,3531,1292,33,40,7,0,5,12,0,1377,1198,12,25,3,0,0,3,0,1238,334,61,96,0,0,3,3,0,494,116,11,0,0,0,0,0,0,127,212,27,21,3,0,0,3,0,263,11,12,0,0,0,0,0,0,23,57,0,14,8,0,6,14,0,85,39,0,12,0,0,0,0,0,51,769,111,143,11,0,9,20,0,1043,14,0,3,0,0,0,0,0,17,96,9,5,0,3,0,3,0,113,3369,165,216,21,3,14,38,0,3788
LGA14800,117,0,0,14,14,3,351,7449,7658,5657,3,6,247,256,21,21041,2705,1921,556,3,0,21,24,0,5206,2966,2939,1074,0,0,37,37,3,7019,1124,1896,2771,0,0,102,102,8,5901,46,242,615,0,3,0,3,0,906,457,539,444,0,0,66,66,7,1513,21,32,81,0,0,0,0,0,134,22,52,29,0,0,7,7,0,110,33,23,26,0,0,4,4,0,86,1703,2784,3966,0,3,179,182,15,8650,26,22,31,0,3,0,3,0,82,128,94,122,0,0,14,14,3,361,7528,7760,5749,3,6,251,260,21,21318
LGA14850,47,8,0,6,14,0,342,13245,856,1142,211,25,62,298,14,15555,5459,172,135,102,5,7,114,6,5886,5039,101,109,7,4,14,25,4,5278,1282,319,568,4,0,23,27,0,2196,291,96,138,3,0,0,3,0,528,1186,105,152,15,9,12,36,4,1483,77,32,24,3,0,0,3,0,136,84,13,22,82,3,7,92,0,211,104,8,3,6,4,0,10,0,125,3024,573,907,113,16,42,171,4,4679,92,17,15,3,0,0,3,0,127,263,43,51,11,0,6,17,0,374,13877,906,1217,236,25,69,330,14,16344
LGA14870,14,21,3,3,27,0,262,6711,401,214,30,6,41,77,3,7406,3001,103,13,6,0,7,13,0,3130,2376,40,9,0,3,6,9,0,2434,606,150,104,0,0,17,17,3,880,324,37,56,0,0,0,0,0,417,379,37,25,3,0,4,7,0,448,8,6,4,0,0,3,3,0,21,53,5,0,0,0,4,4,0,62,58,3,4,0,0,0,0,0,65,1428,238,193,3,0,28,31,3,1893,38,22,0,0,0,0,0,0,60,208,21,14,21,3,3,27,0,270,7051,424,229,30,6,44,80,3,7787
LGA14900,303,0,0,4,4,4,1592,39445,6232,6620,45,6,34,85,47,52429,11393,934,550,23,0,3,26,7,12910,18750,2370,1313,4,0,4,8,12,22453,4304,1404,2621,3,0,12,15,6,8350,2005,806,1405,0,0,0,0,0,4216,1578,267,267,0,3,7,10,3,2125,109,92,144,0,0,0,0,5,350,793,78,70,15,0,4,19,5,965,199,35,52,0,3,0,3,5,294,8988,2682,4559,18,6,23,47,24,16300,198,64,32,0,3,0,3,0,297,1014,306,308,0,0,4,4,4,1636,40343,6356,6762,45,9,34,88,47,53596
LGA14920,0,3,0,0,3,0,61,2505,32,40,9,3,10,22,4,2603,1246,5,9,3,0,0,3,4,1267,718,4,0,0,3,4,7,0,729,226,17,17,0,0,3,3,0,263,50,7,4,0,0,0,0,0,61,280,7,11,0,0,3,3,0,301,26,5,8,0,0,0,0,0,39,119,0,0,0,0,0,0,0,119,59,0,3,3,0,0,3,0,65,760,36,43,3,0,6,9,0,848,32,0,0,0,0,0,0,0,32,69,0,0,3,0,0,3,0,72,2825,45,52,9,3,10,22,4,2948
LGA14950,0,0,0,0,0,0,41,1068,0,10,4,0,6,10,9,1097,542,0,0,4,0,0,4,0,546,342,0,0,0,0,6,6,0,348,26,0,3,0,0,0,0,0,29,3,0,0,0,0,0,0,3,6,93,0,3,0,0,0,0,3,99,9,0,0,0,0,0,0,3,12,26,0,4,0,0,0,0,0,30,9,0,0,0,0,0,0,0,9,166,0,10,0,0,0,0,9,185,7,0,0,0,0,0,0,0,7,41,0,0,0,0,0,0,0,41,1098,0,10,4,0,6,10,9,1127
LGA15050,59,7,0,0,7,0,460,20347,1405,1134,78,3,70,151,4,23041,6963,308,129,24,3,8,35,0,7435,9263,200,93,3,0,18,21,0,9577,2443,541,546,3,0,29,32,0,3562,999,193,193,0,0,0,0,0,1385,816,105,79,3,0,15,18,0,1018,31,30,30,0,0,0,0,0,91,235,16,15,39,0,0,39,4,309,71,7,7,3,0,0,3,0,88,4595,892,870,48,0,44,92,4,6453,82,27,34,0,0,0,0,0,143,359,57,62,10,0,0,10,0,488,21262,1484,1188,85,3,70,158,4,24096
LGA15150,183,0,0,3,3,0,297,6089,1780,7132,0,0,48,48,19,15068,2683,588,1602,0,0,9,9,0,4882,2453,546,1356,0,0,5,5,0,4360,557,405,2904,0,0,16,16,13,3895,45,33,178,0,0,0,0,0,256,215,148,772,0,0,10,10,6,1151,13,3,54,0,0,0,0,0,70,16,27,30,0,0,0,0,0,73,15,12,43,0,0,5,5,0,75,861,628,3981,0,0,31,31,19,5520,29,3,42,0,0,0,0,0,74,88,23,183,0,0,3,3,0,297,6114,1788,7164,0,0,48,48,19,15133
LGA15200,286,0,0,7,7,0,686,9849,8105,11028,7,3,373,383,70,29435,3992,1920,1049,4,0,40,44,9,7014,3445,3098,2633,0,0,36,36,20,9232,1428,2143,5471,0,0,166,166,26,9234,118,166,574,0,0,0,0,0,858,568,603,872,3,3,99,105,12,2160,95,58,174,0,0,3,3,0,330,40,28,65,0,0,18,18,0,151,53,41,59,0,0,5,5,0,158,2302,3039,7215,3,3,291,297,38,12891,54,42,34,0,0,3,3,3,136,251,152,293,0,0,7,7,0,703,10044,8251,11224,7,3,377,387,70,29976
LGA15270,25,13,0,3,16,0,238,7243,295,281,92,14,35,141,3,7963,3218,60,48,44,8,8,60,3,3389,2396,35,9,3,3,7,13,0,2453,852,146,140,5,0,8,13,0,1151,209,18,51,0,0,0,0,0,278,457,19,11,3,3,3,9,0,496,26,3,7,0,0,0,0,0,36,126,3,3,21,0,3,24,0,156,87,0,5,3,0,3,6,0,98,1757,189,217,32,3,17,52,0,2215,52,3,0,0,0,0,0,0,55,188,18,25,13,0,3,16,0,247,7611,305,299,92,14,35,141,3,8359
LGA15300,16,12,0,0,12,0,124,3327,80,294,51,0,11,62,6,3769,1329,23,8,30,0,8,38,3,1401,1133,11,8,3,0,3,6,0,1158,383,36,194,0,0,3,3,0,616,218,47,66,0,0,0,0,0,331,290,7,19,3,0,3,6,0,322,143,3,20,0,0,0,0,0,166,296,0,32,6,0,0,6,3,337,103,0,7,0,0,0,0,0,110,1433,93,338,9,0,6,15,3,1882,46,0,3,0,0,0,0,0,49,133,4,22,12,0,0,12,0,171,4074,131,379,54,0,17,71,6,4661
LGA15350,116,0,0,0,0,0,194,4172,1344,5143,6,0,9,15,46,10720,2126,516,1282,3,0,3,6,14,3944,1402,418,997,0,0,0,0,11,2828,358,270,2094,0,0,3,3,13,2738,3,23,21,0,0,0,0,0,47,172,85,496,0,0,3,3,8,764,5,3,48,0,0,0,0,0,56,9,4,13,0,0,0,0,0,26,18,3,34,0,0,0,0,0,55,565,388,2706,0,0,6,6,21,3686,22,6,57,3,0,0,3,0,88,62,16,116,0,0,0,0,0,194,4177,1344,5158,6,0,9,15,46,10740
LGA15500,21,4,0,0,4,0,84,2286,23,228,47,0,9,56,13,2606,1037,7,89,26,0,0,26,3,1162,740,4,13,3,0,4,7,5,769,251,9,73,0,0,0,0,5,338,14,0,3,0,0,0,0,0,17,121,3,15,0,0,5,5,0,144,41,0,7,0,0,0,0,0,48,41,0,0,14,0,0,14,0,55,30,0,0,0,0,0,0,0,30,498,12,98,14,0,5,19,5,632,48,0,10,0,0,0,0,0,58,62,0,21,4,0,0,4,0,87,2385,23,231,47,0,9,56,13,2708
LGA15550,0,0,0,0,0,0,20,681,0,29,10,3,6,19,0,729,276,0,0,6,3,0,9,0,285,224,0,0,0,0,3,3,0,227,55,0,7,3,0,0,3,0,65,8,0,3,0,0,0,0,0,11,89,0,16,0,0,3,3,0,108,8,0,9,0,0,0,0,0,17,57,0,0,4,0,0,4,0,61,25,0,3,0,0,0,0,0,28,242,0,38,7,0,3,10,0,290,10,0,0,0,0,0,0,0,10,23,0,0,0,0,0,0,0,23,775,0,38,13,3,6,22,0,835
LGA15650,16,3,0,3,6,0,148,4603,198,303,45,0,11,56,17,5177,1444,38,11,13,0,4,17,3,1513,1805,16,29,6,0,0,6,0,1856,810,99,175,0,0,4,4,14,1102,239,24,37,0,0,0,0,0,300,258,3,21,0,0,0,0,3,285,47,10,11,0,0,0,0,0,68,125,0,7,20,0,0,20,0,152,55,0,7,3,0,0,3,0,65,1534,136,258,23,0,4,27,17,1972,26,8,3,0,0,0,0,0,37,115,17,16,3,0,3,6,0,154,4924,215,317,45,0,11,56,20,5532
LGA15700,29,13,0,3,16,0,236,6137,326,484,119,6,45,170,0,7117,3116,97,103,84,3,11,98,0,3414,1788,31,18,5,0,9,14,0,1851,607,110,218,3,0,15,18,0,953,236,14,58,0,0,0,0,0,308,412,20,51,0,0,9,9,0,492,50,20,32,0,0,0,0,0,102,57,10,8,13,3,4,20,0,95,65,7,4,4,0,0,4,0,80,1427,181,371,20,3,28,51,0,2030,42,10,11,0,0,0,0,0,63,182,29,32,13,0,3,16,0,259,6555,348,535,122,6,51,179,0,7617
LGA15750,22,11,0,0,11,0,162,3826,29,309,47,4,10,61,12,4237,1702,4,14,24,0,7,31,5,1756,1322,0,9,0,4,0,4,7,1342,208,18,155,0,0,0,0,0,381,166,3,56,0,0,0,0,0,225,379,3,71,3,0,3,6,0,459,29,3,13,0,0,0,0,0,45,189,3,25,10,0,0,10,3,230,79,0,14,3,0,0,3,0,96,1050,30,334,16,0,3,19,3,1436,47,0,7,0,0,0,0,0,54,154,3,22,14,0,0,14,0,193,4275,37,386,54,4,10,68,15,4781
LGA15800,3,11,0,0,11,0,86,1880,28,76,14,0,5,19,0,2003,892,5,15,0,0,5,5,0,917,642,7,5,0,0,0,0,4,658,122,7,32,0,0,0,0,0,161,47,3,3,0,0,0,0,0,53,200,6,13,3,0,0,3,0,222,10,0,3,0,0,0,0,0,13,53,0,13,0,0,0,0,0,66,28,3,3,0,0,0,0,0,34,460,19,67,3,0,0,3,0,549,21,0,0,0,0,0,0,0,21,81,3,3,14,0,0,14,0,101,2096,34,90,17,0,5,22,4,2246
LGA15850,4,0,0,0,0,0,58,1842,25,55,12,3,15,30,3,1955,918,3,9,3,3,3,9,0,939,693,0,0,3,0,3,6,0,699,186,23,31,0,0,3,3,0,243,108,4,10,0,0,0,0,0,122,167,6,10,0,0,3,3,0,186,17,3,6,0,0,0,0,0,26,66,3,6,3,0,3,6,0,81,39,0,7,3,0,0,3,0,49,583,39,70,6,0,9,15,0,707,26,0,0,0,0,0,0,3,29,74,0,4,0,0,0,0,0,78,2294,42,83,12,3,15,30,3,2452
LGA15900,331,0,0,3,3,7,1520,41594,6790,7785,24,0,168,192,85,56446,15716,1395,897,15,0,22,37,10,18055,16410,1184,952,3,0,29,32,13,18591,5483,2007,3014,3,3,67,73,30,10607,743,1066,1697,0,0,0,0,6,3512,2799,697,882,0,0,32,32,19,4429,131,209,122,0,0,3,3,0,465,312,100,65,3,0,11,14,0,491,194,57,56,0,0,0,0,0,307,9662,4136,5836,6,3,113,122,55,19811,193,125,79,0,0,4,4,0,401,1007,215,360,0,0,3,3,7,1592,42988,7055,8124,24,3,171,198,85,58450
LGA15950,360,0,0,3,3,9,474,3925,4146,20107,17,0,83,100,51,28329,1778,1297,3826,11,0,5,16,9,6926,1313,1229,4122,3,0,14,17,13,6694,507,1133,9300,3,0,41,44,17,11001,10,66,375,0,0,0,0,0,451,221,323,1897,0,0,16,16,3,2460,7,6,28,0,0,0,0,0,41,18,15,89,0,0,4,4,3,129,18,24,89,0,0,0,0,0,131,781,1567,11778,3,0,61,64,23,14213,15,18,84,0,0,0,0,0,117,50,55,363,0,0,3,3,9,480,3937,4166,20173,17,0,83,100,54,28430
LGA16100,0,0,0,0,0,0,46,1732,32,37,15,0,0,15,0,1816,789,0,0,4,0,0,4,0,793,592,5,0,0,0,0,0,0,597,174,22,20,0,0,0,0,0,216,27,0,8,0,0,0,0,0,35,91,0,6,0,0,0,0,0,97,3,3,3,0,0,0,0,0,9,39,0,3,11,0,0,11,0,53,22,3,0,0,0,0,0,0,25,356,28,40,11,0,0,11,0,435,11,0,0,0,0,0,0,0,11,46,3,0,0,0,0,0,0,49,1794,36,40,15,0,0,15,0,1885
LGA16150,35,16,3,3,22,0,352,11268,909,765,41,6,44,91,6,13039,4092,196,66,19,0,3,22,3,4379,4348,110,34,3,0,3,6,3,4501,1881,426,364,0,0,26,26,0,2697,610,124,182,0,0,0,0,0,916,528,48,55,6,0,3,9,0,640,51,6,29,0,0,3,3,0,89,76,8,12,3,3,3,9,0,105,47,4,9,0,0,0,0,0,60,3193,616,651,9,3,35,47,0,4507,53,9,14,0,0,3,3,0,79,294,46,38,16,3,3,22,0,400,11980,977,803,47,6,47,100,6,13866
LGA16180,0,18,0,0,18,0,82,4499,72,17,136,7,10,153,3,4744,1732,12,0,78,0,3,81,3,1828,2183,14,4,12,7,3,22,0,2223,264,20,3,0,0,4,4,0,291,12,0,0,0,0,0,0,0,12,248,9,7,9,0,0,9,0,273,0,0,0,0,0,0,0,0,0,41,5,0,19,0,0,19,0,65,43,0,3,3,0,0,3,0,49,608,34,13,31,0,4,35,0,690,21,3,0,0,0,0,0,0,24,55,9,0,18,0,0,18,0,82,4599,72,17,139,7,10,156,3,4847
LGA16200,12,9,0,0,9,0,147,4477,168,178,36,3,15,54,6,4883,1972,36,6,10,3,4,17,0,2031,1575,5,10,3,0,4,7,3,1600,492,70,79,0,0,4,4,0,645,203,7,43,0,0,0,0,3,256,387,17,13,3,0,3,6,0,423,47,16,13,0,0,0,0,0,76,79,4,9,11,0,0,11,0,103,44,0,3,0,0,0,0,0,47,1252,114,160,14,0,7,21,3,1550,39,15,0,0,0,0,0,0,54,134,11,12,9,0,0,9,0,166,4972,181,188,36,3,15,54,6,5401
LGA16250,593,0,0,0,0,7,1509,29537,7482,18786,4,6,102,112,100,56017,11185,1204,1840,0,0,14,14,8,14251,11126,2780,4118,0,0,22,22,24,18070,3153,1588,8428,0,3,40,43,32,13244,1627,967,1859,0,0,5,5,4,4462,1436,371,1135,4,3,13,20,16,2978,85,162,411,0,0,0,0,4,662,223,226,157,0,0,4,4,4,614,151,38,111,0,0,4,4,4,308,6675,3352,12101,4,6,66,76,64,22268,184,75,317,0,0,0,0,0,576,757,170,604,0,0,0,0,7,1538,29927,7581,18980,4,6,102,112,103,56703
LGA16350,169,7,0,4,11,11,1270,46530,6138,4063,151,6,58,215,81,57027,14271,1022,479,109,3,10,122,12,15906,23343,1738,900,7,0,6,13,3,25997,5501,2101,1704,0,0,23,23,4,9333,1307,755,564,0,0,3,3,0,2629,2271,408,270,14,3,18,35,5,2989,91,124,69,0,0,0,0,10,294,304,23,25,17,0,0,17,0,369,191,34,28,0,0,0,0,4,257,9665,3445,2660,31,3,44,78,23,15871,173,47,24,6,0,0,6,32,282,959,175,179,7,0,4,11,11,1335,48411,6427,4242,160,6,64,230,81,59391
LGA16370,107,0,0,4,4,0,421,14532,2155,2802,32,3,111,146,9,19644,6091,830,869,23,0,17,40,0,7830,6218,712,598,0,0,15,15,3,7546,1133,270,736,3,0,50,53,0,2192,5,4,0,0,0,0,0,0,9,733,151,314,3,3,15,21,0,1219,10,4,52,0,0,0,0,0,66,61,14,25,3,0,5,8,0,108,79,13,23,0,0,0,0,6,121,2021,456,1150,9,3,70,82,6,3715,67,84,100,0,0,5,5,0,256,235,82,107,0,0,4,4,0,428,14632,2164,2824,32,3,111,146,9,19775
LGA16380,164,16,3,20,39,3,815,21132,3247,2773,581,3,188,772,21,27945,9949,1165,646,377,0,42,419,3,12182,7053,456,304,20,0,12,32,3,7848,2418,800,1129,11,0,40,51,4,4402,402,244,232,0,0,4,4,0,882,1181,227,249,17,0,16,33,5,1695,72,66,41,0,0,3,3,0,182,130,28,34,152,0,9,161,3,356,104,22,33,6,0,0,6,0,165,4307,1387,1718,186,0,72,258,12,7682,188,194,75,3,0,46,49,0,506,489,147,168,16,3,20,39,3,846,21986,3349,2911,602,3,192,797,21,29064
LGA16400,43,27,0,0,27,0,568,18888,2514,1050,446,15,35,496,18,22966,7760,694,260,296,5,4,305,0,9019,6938,410,108,16,5,14,35,4,7495,2337,924,402,0,0,8,8,3,3674,586,123,131,0,0,0,0,3,843,855,170,98,12,5,6,23,3,1149,86,54,7,0,0,0,0,0,147,511,55,14,107,0,3,110,0,690,81,23,8,0,0,0,0,5,117,4456,1349,660,119,5,17,141,14,6620,144,69,23,7,0,0,7,0,243,454,74,43,27,0,0,27,0,598,19752,2596,1094,465,15,35,515,18,23975
LGA16470,70,11,0,3,14,0,293,9108,2074,2325,26,3,39,68,11,13586,2975,358,241,6,3,10,19,5,3598,4331,749,508,0,0,0,0,6,5594,665,606,1118,0,0,9,9,0,2398,482,88,112,0,0,0,0,0,682,393,219,245,0,0,9,9,0,866,30,36,21,0,0,0,0,0,87,359,23,35,9,0,5,14,0,431,33,19,14,0,0,3,3,0,69,1962,991,1545,9,0,26,35,0,4533,46,18,16,0,0,0,0,0,80,175,42,74,11,0,3,14,0,305,9489,2158,2384,26,3,39,68,11,14110
LGA16550,604,0,0,3,3,3,1134,14278,7261,24980,0,0,194,194,61,46774,7202,2217,3688,0,0,31,31,3,13141,4536,2433,4612,0,0,18,18,12,11611,1348,1357,10910,0,0,102,102,22,13739,244,511,2336,0,0,0,0,0,3091,589,449,2446,0,0,34,34,13,3531,55,43,211,0,0,0,0,0,309,82,139,184,0,0,6,6,0,411,68,31,171,0,0,3,3,5,278,2386,2530,16258,0,0,145,145,40,21359,61,55,174,0,0,3,3,3,296,365,173,613,0,0,3,3,3,1157,14550,7408,25345,0,0,200,200,61,47564
LGA16610,26,8,0,0,8,0,226,6687,431,599,153,3,33,189,6,7912,2925,107,97,96,0,5,101,3,3233,2344,69,36,6,3,13,22,0,2471,706,137,296,3,0,8,11,3,1153,205,25,42,0,0,0,0,0,272,496,48,82,3,0,7,10,0,636,56,26,31,0,0,0,0,0,113,99,12,18,38,0,0,38,0,167,70,12,5,3,0,0,3,0,90,1632,260,474,47,0,15,62,3,2431,42,7,21,0,0,0,0,0,70,198,22,26,8,0,0,8,0,254,7141,465,654,157,3,33,193,6,8459
LGA16650,396,11,0,7,18,0,1017,16842,4354,12590,73,3,192,268,57,34111,8109,1661,2044,40,0,17,57,5,11876,5434,1505,3524,0,0,27,27,20,10510,1774,707,5029,0,3,99,102,22,7634,105,88,579,0,0,0,0,0,772,734,221,830,6,0,26,32,7,1824,64,26,64,0,0,3,3,3,160,89,34,78,16,0,13,29,0,230,98,20,74,0,0,3,3,0,195,2864,1096,6654,22,3,144,169,32,10815,92,23,71,0,0,0,0,0,186,507,100,396,11,0,7,18,0,1021,17006,4385,12689,73,3,195,271,57,34408
LGA16700,285,0,0,3,3,3,819,19782,5653,11963,8,0,50,58,25,37481,9118,1435,1566,5,0,10,15,3,12137,7211,1717,2630,0,0,3,3,0,11561,1756,1304,5430,0,0,21,21,9,8520,253,472,719,0,0,0,0,3,1447,839,345,837,0,0,9,9,3,2033,49,87,224,0,0,0,0,4,364,74,116,81,6,0,4,10,0,281,81,35,66,0,0,0,0,0,182,3052,2359,7357,6,0,34,40,19,12827,73,77,182,0,0,0,0,0,332,428,100,285,0,0,3,3,3,819,19882,5688,12020,11,0,50,61,25,37676
LGA16900,34,16,0,3,19,0,494,17758,2404,1094,280,3,45,328,0,21584,6558,598,162,227,0,3,230,0,7548,7684,490,139,3,0,3,6,0,8319,1608,750,416,0,0,22,22,0,2796,1156,290,229,0,0,0,0,0,1675,807,195,95,3,0,11,14,0,1111,45,20,19,0,0,0,0,0,84,69,25,9,37,0,0,37,0,140,62,14,13,0,0,3,3,0,92,3747,1294,781,40,0,36,76,0,5898,80,35,25,3,3,0,6,0,146,392,77,37,16,0,3,19,0,525,18461,2494,1144,289,3,45,337,0,22436
LGA16950,75,38,0,3,41,5,971,30190,1725,1432,578,6,59,643,62,34052,14306,530,295,419,0,10,429,21,15581,9725,165,108,9,3,11,23,11,10032,3486,557,483,5,0,10,15,0,4541,806,216,259,0,0,0,0,0,1281,1731,124,138,19,3,10,32,5,2030,160,53,78,0,0,0,0,0,291,463,15,26,95,0,10,105,10,619,178,14,12,5,0,0,5,0,209,6824,979,996,124,3,30,157,15,8971,177,91,40,4,0,5,9,10,327,812,83,79,41,0,3,44,5,1023,31844,1848,1518,597,6,59,662,62,35934
LGA17000,11,4,0,0,4,0,122,6548,383,340,81,6,23,110,4,7385,2236,54,57,30,3,5,38,0,2385,2937,101,34,0,3,7,10,0,3082,817,201,159,0,0,5,5,0,1182,289,16,67,0,0,0,0,0,372,271,22,10,4,0,6,10,0,313,5,0,6,0,0,0,0,0,11,125,4,3,46,0,0,46,4,182,57,0,0,0,0,0,0,0,57,1564,243,245,50,0,11,61,4,2117,34,3,6,0,0,0,0,0,43,113,3,11,4,0,0,4,0,131,6884,404,353,84,6,23,113,4,7758
LGA17050,8,17,4,0,21,35,101,1750,244,217,39,7,9,55,62,2328,744,76,41,12,0,6,18,7,886,618,71,61,0,0,0,0,3,753,164,49,74,0,0,0,0,6,293,8,3,0,0,0,0,0,0,11,135,29,22,0,3,0,3,5,194,0,3,0,0,0,0,0,0,3,37,9,11,7,0,3,10,3,70,24,3,3,3,0,0,3,0,33,368,96,110,10,3,3,16,14,604,15,0,3,0,0,0,0,3,21,33,4,8,17,4,0,21,35,101,1778,247,223,39,7,9,55,62,2365
LGA17100,128,0,0,0,0,0,338,5582,905,4800,0,0,32,32,6,11325,2548,180,528,0,0,0,0,0,3256,1886,231,1432,0,0,5,5,0,3554,583,163,2145,0,0,20,20,0,2911,114,190,156,0,0,0,0,0,460,179,41,327,0,0,10,10,0,557,15,49,29,0,0,0,0,0,93,25,13,27,0,0,0,0,6,71,33,4,25,0,0,0,0,0,62,949,460,2709,0,0,30,30,6,4154,47,13,17,0,0,0,0,0,77,181,29,128,0,0,0,0,0,338,5611,913,4814,0,0,35,35,6,11379
LGA17150,441,6,0,3,9,0,1447,49815,8495,15807,148,4,146,298,20,74435,22161,3077,2963,59,0,23,82,4,28287,22485,2673,4192,4,0,18,22,6,29378,2814,1357,5844,3,4,63,70,3,10088,353,492,931,0,0,0,0,0,1776,1263,334,1087,6,0,32,38,3,2725,100,100,185,0,0,0,0,0,385,145,199,55,75,0,0,75,3,477,126,26,69,3,0,4,7,4,232,4801,2508,8171,87,4,99,190,13,15683,181,95,252,0,0,3,3,0,531,762,253,448,6,0,3,9,0,1472,50390,8606,16026,156,4,146,306,23,75351
LGA17200,1144,0,0,6,6,24,1609,3002,15080,53124,9,0,230,239,528,71973,1003,3127,6124,3,0,23,26,14,10294,809,4369,11762,3,0,25,28,42,17010,648,4061,23908,0,0,104,104,105,28826,179,1564,4439,3,0,7,10,267,6459,235,1544,4840,0,0,62,62,41,6722,25,168,566,0,0,0,0,6,765,24,73,448,0,0,8,8,12,565,24,105,319,0,0,3,3,5,456,1135,7515,34520,3,0,184,187,436,43793,22,106,263,0,0,0,0,21,412,88,371,1175,0,0,6,6,24,1664,3057,15488,53844,9,0,238,247,537,73173
LGA17310,87,21,0,3,24,0,605,16816,844,1362,105,13,53,171,28,19221,6922,236,153,46,4,8,58,4,7373,6571,108,75,3,6,16,25,10,6789,2283,240,798,0,0,15,15,3,3339,589,96,139,0,0,0,0,3,827,1116,57,142,6,3,17,26,4,1345,30,36,39,0,0,0,0,0,105,259,11,35,33,0,0,33,4,342,139,7,31,3,0,0,3,0,180,4416,447,1184,42,3,32,77,14,6138,119,40,5,3,0,0,3,3,170,460,86,98,24,0,3,27,0,671,18488,917,1515,118,13,59,190,31,21141
LGA17350,6,0,0,0,0,0,73,2092,13,115,0,8,7,15,6,2241,1044,3,23,0,5,4,9,0,1079,587,4,6,0,3,3,6,0,603,140,0,26,0,0,0,0,0,166,50,0,6,0,0,0,0,0,56,153,3,16,0,0,0,0,3,175,23,0,22,0,0,0,0,0,45,27,0,6,0,0,0,0,3,36,29,0,4,0,0,0,0,0,33,422,3,80,0,0,0,0,6,511,24,0,0,0,0,0,0,0,24,64,3,6,0,0,0,0,0,73,2141,13,115,0,8,7,15,6,2290
LGA17400,0,0,0,0,0,0,62,2324,29,64,56,21,6,83,9,2509,1203,4,5,36,10,0,46,3,1261,662,3,0,13,5,3,21,3,689,172,22,29,0,0,0,0,0,223,44,5,11,0,0,0,0,0,60,184,0,10,7,3,3,13,0,207,34,0,6,0,0,0,0,0,40,52,0,7,0,0,0,0,3,62,31,0,3,0,3,0,3,0,37,517,27,66,7,6,3,16,3,629,36,0,3,0,0,0,0,0,39,66,0,0,0,0,0,0,0,66,2484,34,74,56,21,6,83,9,2684
LGA17420,64,4,0,0,4,0,725,44551,5644,2673,42,3,11,56,63,52987,17303,1289,568,20,0,0,20,10,19190,21675,2200,821,0,0,5,5,17,24718,3425,1251,918,3,0,0,3,8,5605,138,173,43,0,0,0,0,8,362,1183,284,151,5,3,6,14,0,1632,43,96,18,0,0,0,0,6,163,171,136,36,10,0,0,10,10,363,139,31,20,0,0,0,0,0,190,5099,1971,1186,18,3,6,27,32,8315,165,123,48,0,0,0,0,7,343,571,92,64,4,0,0,4,0,731,44813,5675,2687,42,3,11,56,66,53297
LGA17450,0,3,0,0,3,0,50,1211,0,30,9,3,9,21,0,1262,569,0,0,6,3,0,9,0,578,327,0,0,0,0,3,3,0,330,84,0,7,0,0,3,3,0,94,12,0,3,0,0,0,0,0,15,128,0,9,0,0,3,3,0,140,5,0,0,0,0,0,0,0,5,36,0,6,0,0,0,0,0,42,19,0,5,0,0,0,0,0,24,284,0,30,0,0,6,6,0,320,12,0,0,0,0,0,0,0,12,47,0,0,3,0,0,3,0,50,1239,0,30,9,3,9,21,0,1290
LGA17500,10,3,0,0,3,16,129,3639,72,228,21,3,11,35,16,3990,1603,21,31,7,3,3,13,0,1668,1205,0,14,0,0,8,8,0,1227,357,9,124,0,0,0,0,0,490,171,17,9,0,0,0,0,0,197,232,4,30,3,0,0,3,0,269,9,9,0,0,0,0,0,0,18,90,3,10,8,0,0,8,0,111,39,3,10,0,0,3,3,0,55,898,45,183,11,0,3,14,0,1140,20,3,3,0,0,0,0,0,26,106,3,10,3,0,0,3,16,138,3832,72,241,21,3,14,38,16,4199
LGA17550,180,46,3,3,52,3,950,20985,6160,3988,1049,11,62,1122,45,32300,9361,2238,1027,742,5,14,761,14,13401,7588,1253,511,41,0,9,50,5,9407,2135,1353,1426,4,0,12,16,9,4939,263,385,265,0,0,0,0,0,913,1539,642,511,30,0,18,48,11,2751,65,61,52,0,0,0,0,0,178,162,67,70,186,0,6,192,3,494,137,43,38,18,3,0,21,0,239,4301,2551,2362,238,3,36,277,23,9514,130,130,57,15,0,0,15,0,332,514,242,190,49,3,3,55,3,1004,21894,6414,4147,1085,11,62,1158,45,33658
LGA17620,9,0,0,0,0,3,155,4611,105,190,82,0,20,102,6,5014,1776,6,17,42,0,4,46,3,1848,1592,7,9,4,0,4,8,0,1616,381,55,89,0,0,4,4,0,529,105,14,26,0,0,0,0,0,145,411,9,19,0,0,5,5,0,444,30,3,14,0,0,0,0,0,47,211,3,12,36,0,3,39,0,265,126,0,0,0,0,0,0,0,126,1264,84,160,36,0,12,48,0,1556,57,3,3,0,0,0,0,0,63,140,8,9,0,0,0,0,3,160,4829,108,198,82,0,20,102,6,5243
LGA17640,3,0,0,0,0,0,71,2649,40,18,14,3,20,37,0,2744,1342,21,3,6,3,7,16,0,1382,808,3,3,5,0,7,12,0,826,113,3,0,0,0,3,3,0,119,15,0,3,0,0,0,0,0,18,210,0,3,0,0,0,0,0,213,9,7,3,0,0,0,0,0,19,61,0,0,0,0,0,0,0,61,46,3,0,0,0,3,3,0,52,454,13,9,0,0,6,6,0,482,34,0,0,3,0,0,3,0,37,65,3,3,0,0,0,0,0,71,2703,40,18,14,3,20,37,0,2798
LGA17650,3,0,0,0,0,0,41,1959,9,51,15,0,12,27,0,2046,928,0,7,10,0,5,15,0,950,725,3,3,3,0,3,6,0,737,132,3,30,0,0,0,0,0,165,10,0,7,0,0,0,0,0,17,160,0,5,3,0,4,7,0,172,3,0,0,0,0,0,0,0,3,59,0,0,8,0,0,8,0,67,22,0,3,0,0,0,0,0,25,386,3,45,11,0,4,15,0,449,16,0,3,0,0,0,0,0,19,40,3,6,0,0,0,0,0,49,2095,9,64,24,0,12,36,0,2204
LGA17700,0,0,0,0,0,0,17,424,0,0,0,0,3,3,0,427,222,0,0,0,0,3,3,0,225,116,0,0,0,0,0,0,0,116,6,0,0,0,0,0,0,0,6,6,0,0,0,0,0,0,0,6,41,0,0,0,0,0,0,0,41,3,0,0,0,0,0,0,0,3,15,0,0,0,0,0,0,0,15,11,0,0,0,0,0,0,0,11,82,0,0,0,0,0,0,0,82,5,0,0,0,0,0,0,0,5,17,0,0,0,0,0,0,0,17,442,0,0,0,0,3,3,0,445
LGA17750,103,12,0,3,15,0,536,17369,895,2119,52,6,71,129,20,20532,5961,210,288,17,0,6,23,3,6485,7103,130,183,3,6,9,18,0,7434,2185,314,1183,0,0,31,31,17,3730,959,64,150,0,0,3,3,0,1176,1082,68,178,3,0,13,16,0,1344,36,18,50,0,0,0,0,0,104,467,19,21,17,0,3,20,0,527,109,10,17,3,0,3,6,0,142,4838,493,1599,23,0,53,76,17,7023,93,47,47,0,0,0,0,0,187,416,42,111,12,0,3,15,0,584,18411,922,2228,55,6,71,132,20,21713
LGA17800,3,4,0,0,4,0,52,1343,12,76,16,3,10,29,3,1463,667,5,19,6,0,3,9,3,703,356,0,3,0,3,3,6,0,365,52,3,35,0,0,0,0,0,90,9,0,0,0,0,0,0,0,9,137,4,13,3,0,4,7,0,161,3,0,0,0,0,0,0,0,3,67,0,3,3,0,3,6,0,76,30,0,0,0,0,0,0,0,30,298,7,51,6,0,7,13,0,369,18,0,3,0,0,0,0,0,21,45,0,6,4,0,0,4,0,55,1384,12,82,16,3,13,32,3,1513
LGA17850,0,3,0,0,3,0,39,1071,12,26,6,0,12,18,0,1127,552,0,3,0,0,3,3,0,558,268,0,3,0,0,3,3,0,274,37,9,10,0,0,0,0,0,56,23,0,10,0,0,0,0,0,33,99,3,3,0,3,3,6,0,111,6,0,0,0,0,0,0,0,6,54,0,3,3,0,0,3,0,60,49,0,3,0,0,0,0,0,52,268,12,29,3,3,3,9,0,318,20,0,0,0,0,3,3,0,23,38,3,0,3,0,0,3,0,44,1146,15,35,6,3,12,21,0,1217
LGA17900,5,19,3,3,25,0,109,1575,16,70,159,33,19,211,7,1879,867,3,3,105,24,11,140,7,1020,329,3,6,3,0,3,6,0,344,58,5,10,3,0,0,3,0,76,148,0,20,3,0,0,3,0,171,168,0,11,7,3,3,13,0,192,105,0,19,0,0,0,0,0,124,192,7,26,7,0,5,12,0,237,79,3,3,8,4,5,17,0,102,750,15,89,28,7,13,48,0,902,52,0,0,12,8,0,20,3,75,112,0,8,22,3,3,28,0,148,2110,21,106,170,42,30,242,10,2489
LGA17950,3,0,0,3,3,0,33,868,26,32,9,0,9,18,0,944,448,5,0,7,0,3,10,0,463,225,3,0,0,0,0,0,0,228,18,5,5,0,0,0,0,0,28,51,0,0,0,0,0,0,0,51,102,8,10,6,0,3,9,0,129,12,0,14,0,0,0,0,0,26,71,7,0,4,0,0,4,0,82,40,0,0,0,0,0,0,0,40,294,20,29,10,0,3,13,0,356,10,3,0,0,0,0,0,0,13,31,0,7,0,0,3,3,0,41,1008,31,36,17,0,9,26,0,1101
LGA18000,448,11,0,3,14,0,1077,30474,3094,16559,46,3,86,135,41,50303,12988,914,2984,18,0,13,31,7,16924,13152,779,4842,0,0,14,14,10,18797,2207,484,5634,0,0,30,30,10,8365,201,210,488,0,0,0,0,0,899,1183,268,1413,7,3,22,32,10,2906,42,82,284,0,0,0,0,0,408,102,71,97,10,0,4,14,4,288,128,32,106,0,0,0,0,0,266,3863,1147,8022,17,3,56,76,24,13132,169,164,363,0,0,0,0,0,696,506,112,454,11,0,3,14,0,1086,30678,3116,16665,46,3,86,135,41,50635
LGA18020,8,5,0,3,8,0,104,3141,20,104,20,12,31,63,14,3342,1690,6,16,8,12,15,35,3,1750,814,0,0,3,0,4,7,5,826,162,4,31,0,0,0,0,3,200,81,0,9,0,0,0,0,0,90,354,7,20,4,0,4,8,0,389,11,0,15,0,0,0,0,0,26,116,0,10,0,0,5,5,3,134,73,0,0,0,0,0,0,0,73,797,11,85,4,0,9,13,6,912,42,0,8,0,0,0,0,0,50,103,3,11,5,0,3,8,0,125,3446,20,120,20,12,31,63,14,3663
LGA18050,476,0,0,5,5,0,701,4926,4651,14934,3,3,150,156,58,24725,2311,1580,2549,0,3,15,18,7,6465,1711,1635,2565,3,0,14,17,17,5945,496,837,6793,0,0,78,78,21,8225,10,24,411,0,0,0,0,3,448,248,409,1805,0,0,37,37,7,2506,5,12,93,0,0,0,0,0,110,15,11,96,0,0,4,4,3,129,22,29,153,0,0,0,0,0,204,796,1322,9351,0,0,119,119,34,11622,21,18,97,0,0,0,0,0,136,104,116,476,0,0,5,5,0,701,4943,4671,15038,3,3,153,159,58,24869
LGA18100,5,0,0,0,0,0,52,1368,34,60,5,0,0,5,0,1467,756,4,9,5,0,0,5,0,774,343,0,5,0,0,0,0,0,348,50,9,15,0,0,0,0,0,74,17,0,3,0,0,0,0,0,20,134,0,8,0,0,0,0,0,142,3,14,12,0,0,0,0,0,29,24,0,3,0,0,0,0,0,27,19,3,0,0,0,0,0,0,22,247,26,41,0,0,0,0,0,314,11,0,0,0,0,0,0,0,11,46,4,5,0,0,0,0,0,55,1403,34,60,5,0,0,5,0,1502
LGA18150,6,4,0,0,4,0,77,2358,42,90,10,6,13,29,0,2519,1228,11,7,3,6,4,13,0,1259,800,7,3,0,0,3,3,0,813,290,7,31,3,0,3,6,0,334,102,7,15,0,0,0,0,0,124,202,5,11,0,0,3,3,0,221,37,12,19,0,0,0,0,0,68,61,6,11,0,0,0,0,0,78,42,0,3,0,0,3,3,0,48,734,37,90,3,0,9,12,0,873,25,0,0,0,0,0,0,0,25,75,7,6,4,0,0,4,0,92,2862,62,106,10,6,16,32,0,3062
LGA18200,3,6,0,4,10,0,85,2047,22,75,56,0,22,78,4,2226,855,4,19,31,0,8,39,0,917,784,4,3,3,0,4,7,4,802,151,3,46,0,0,0,0,0,200,36,3,0,0,0,0,0,0,39,164,3,7,5,0,3,8,0,182,57,8,3,0,0,3,3,0,71,79,3,9,12,0,3,15,0,106,22,3,0,3,3,0,6,0,31,509,23,65,20,3,9,32,0,629,21,0,0,0,0,0,0,0,21,79,0,3,9,0,4,13,0,95,2248,31,90,63,3,25,91,4,2464
LGA18250,176,0,0,0,0,0,393,12257,1915,10390,3,0,52,55,4,24621,5891,531,1924,0,0,8,8,0,8354,4317,687,2221,3,0,9,12,4,7241,1180,449,4650,0,0,16,16,0,6295,28,45,322,0,0,0,0,0,395,512,133,785,0,0,12,12,0,1442,21,14,61,0,0,3,3,0,99,28,15,82,0,0,4,4,0,129,67,6,57,0,0,0,0,0,130,1836,662,5957,0,0,35,35,0,8490,58,16,148,0,0,0,0,0,222,192,25,176,0,0,0,0,0,393,12294,1921,10426,3,0,52,55,4,24700
LGA18350,15,6,0,0,6,3,370,14739,1182,282,59,9,40,108,20,16331,6461,376,60,32,3,10,45,3,6945,5402,229,11,3,3,3,9,4,5655,1482,331,93,5,0,16,21,4,1931,270,77,39,0,0,0,0,0,386,689,61,27,0,3,7,10,0,787,92,46,21,0,0,0,0,0,159,146,11,5,10,0,0,10,6,178,105,12,4,3,0,0,3,0,124,2784,538,189,18,3,23,44,10,3565,116,9,21,0,0,4,4,0,150,312,43,15,6,0,0,6,3,379,15075,1195,296,59,9,40,108,20,16694
LGA18400,14,18,0,3,21,0,341,12740,409,220,74,15,27,116,3,13488,4048,186,40,17,3,3,23,3,4300,6832,52,18,4,6,4,14,0,6916,1097,69,52,3,0,11,14,0,1232,97,14,20,0,0,0,0,0,131,516,32,23,4,3,6,13,0,584,43,8,35,0,0,0,0,0,86,116,0,7,24,3,0,27,0,150,79,5,4,4,0,0,4,0,92,1948,128,141,35,6,17,58,0,2275,59,38,10,0,0,0,0,0,107,303,15,14,18,0,3,21,0,353,13190,419,223,74,15,27,116,3,13951
LGA18450,403,44,0,11,55,0,1865,49689,7968,11269,497,3,223,723,46,69695,21424,1897,1677,373,6,28,407,9,25414,18988,1738,1582,8,3,20,31,9,22348,4047,1907,4497,3,0,101,104,18,10573,2426,1601,1764,0,0,0,0,5,5796,2193,536,1088,7,0,48,55,8,3880,113,119,129,0,0,0,0,0,361,259,46,146,61,0,10,71,0,522,199,37,106,3,0,3,6,0,348,9237,4246,7730,74,0,162,236,31,21480,260,109,203,12,0,5,17,0,589,1193,266,419,44,0,11,55,0,1933,51102,8256,11611,511,9,226,746,49,71764
LGA18500,309,0,0,0,0,0,523,4902,4585,10812,3,0,55,58,45,20402,2616,1694,2880,0,0,7,7,13,7210,1475,1276,2001,0,0,7,7,4,4763,417,1065,4072,3,0,18,21,22,5597,3,9,67,0,0,0,0,0,79,210,360,1194,0,0,15,15,3,1782,3,8,50,0,0,0,0,0,61,28,20,40,0,0,8,8,3,99,38,29,94,0,0,0,0,0,161,699,1491,5517,3,0,41,44,28,7779,23,29,133,0,0,0,0,0,185,105,109,312,0,0,0,0,0,526,4918,4599,10843,3,0,55,58,45,20463
LGA18550,183,34,0,3,37,0,1515,44631,4906,3150,562,4,96,662,26,53375,16504,1404,768,263,0,11,274,3,18953,18002,803,214,9,4,18,31,7,19057,6897,1470,1140,13,0,29,42,3,9552,727,622,393,3,0,3,6,3,1751,2633,309,232,24,0,16,40,4,3218,113,80,126,0,0,0,0,0,319,305,33,46,236,3,11,250,3,637,212,58,26,8,0,5,13,3,312,10887,2572,1963,284,3,64,351,16,15789,225,135,150,7,0,0,7,0,517,1150,214,187,38,0,3,41,0,1592,46768,5128,3282,601,7,96,704,26,55908
LGA18710,0,5,0,0,5,0,91,4773,164,54,32,14,4,50,0,5041,1730,42,10,14,3,0,17,0,1799,2190,31,5,3,11,0,14,0,2240,284,42,28,0,0,0,0,0,354,68,0,0,0,0,0,0,0,68,345,20,10,3,0,4,7,0,382,35,3,0,0,0,0,0,0,38,89,0,4,6,0,0,6,0,99,45,0,0,4,0,0,4,0,49,866,65,42,13,0,4,17,0,990,31,19,0,0,0,0,0,0,50,88,7,0,5,0,0,5,0,100,4905,164,57,35,14,4,53,0,5179
LGA18750,11,0,0,0,0,0,135,3989,166,211,18,0,6,24,6,4396,1718,32,36,17,0,0,17,0,1803,1288,12,15,0,0,0,0,0,1315,500,97,93,0,0,0,0,0,690,94,13,14,0,0,0,0,0,121,259,14,16,0,0,6,6,3,298,10,4,14,0,0,0,0,0,28,64,0,0,0,0,0,0,3,67,51,0,3,4,0,0,4,0,58,978,128,140,4,0,6,10,6,1262,35,0,15,0,0,0,0,0,50,123,7,11,0,0,0,0,0,141,4142,179,217,21,0,6,27,6,4571
LGA19399,0,3,0,0,3,0,11,339,0,16,14,0,3,17,0,372,155,0,3,8,0,0,8,0,166,76,0,3,3,0,0,3,0,82,0,0,0,0,0,0,0,0,0,8,0,0,0,0,0,0,0,8,31,0,7,0,0,0,0,0,38,3,0,0,0,0,0,0,0,3,49,0,3,0,0,3,3,0,55,11,0,0,0,0,0,0,0,11,102,0,10,0,0,3,3,0,115,12,0,0,0,0,0,0,0,12,11,0,0,3,0,0,3,0,14,356,0,16,14,0,3,17,0,389
LGA19499,0,0,0,0,0,0,0,0,0,0,0,0,0,0,0,0,0,0,0,0,0,0,0,0,0,0,0,0,0,0,0,0,0,0,0,0,0,0,0,0,0,0,0,0,0,0,0,0,0,0,0,0,0,0,0,0,0,0,0,0,0,0,0,0,0,0,0,0,0,0,0,0,0,0,0,0,0,0,0,0,0,0,0,0,0,0,0,0,0,0,0,0,0,0,0,0,0,0,0,0,0,0,0,0,0,0,0,0,0,0,0,0,0,0,0,0,0,0,0,0,0,0,0,0
