region_id,HYSC_Y10_e_No_In_F,HYSC_Y10_e_No_In_P,HYSC_Y10_e_In_s_nsM,HYSC_Y10_e_In_s_nsF,HYSC_Y10_e_In_s_nsP,HYSC_Y10_e_TotM,HYSC_Y10_e_TotF,HYSC_Y10_e_TotP,HYSC_Y9_e_Ind_M,HYSC_Y9_e_Ind_F,HYSC_Y9_e_Ind_P,HYSC_Y9_e_No_In_M,HYSC_Y9_e_No_In_F,HYSC_Y9_e_No_In_P,HYSC_Y9_e_In_st_nsM,HYSC_Y9_e_In_st_nsF,HYSC_Y9_e_In_st_nsP,HYSC_Y9_e_TotM,HYSC_Y9_e_TotF,HYSC_Y9_e_TotP,HYSC_Y8_bel_Ind_M,HYSC_Y8_bel_Ind_F,HYSC_Y8_bel_Ind_P,HYSC_Y8_bel_No_Ind_M,HYSC_Y8_bel_No_Ind_F,HYSC_Y8_bel_No_Ind_P,HYSC_Y8_be_In_st_nsM,HYSC_Y8_be_In_st_nsF,HYSC_Y8_be_In_st_nsP,HYSC_Y8_bel_TotM,HYSC_Y8_bel_TotF,HYSC_Y8_bel_TotP,HYSC_Dng_to_sc_Ind_M,HYSC_Dng_to_sc_Ind_F,HYSC_Dng_to_sc_Ind_P,HYSC_Dng_to_sc_No_In_M,HYSC_Dng_to_sc_No_In_F,HYSC_Dng_to_sc_No_In_P,HYSC_Dng_sc_In_st_nsM,HYSC_Dng_sc_In_st_nsF,HYSC_Dng_sc_In_st_nsP,HYSC_Dng_to_sc_TotM,HYSC_Dng_to_sc_TotF,HYSC_Dng_to_sc_TotP,tpe_ur_occ_pvte_dwg_Sh_Indi_M,tpe_ur_occ_pvte_dwg_Sh_Indi_F,tpe_ur_occ_pvte_dwg_Sh_Indi_P,tpe_ur_occ_pte_dw_Sh_No_Ind_M,tpe_ur_occ_pte_dw_Sh_No_Ind_F,tpe_ur_occ_pte_dw_Sh_No_Ind_P,t_ur_occ_pte_dw_Sh_In_st_nsM,t_ur_occ_pte_dw_Sh_In_st_nsF,t_ur_occ_pte_dw_Sh_In_st_nsP,tpe_ur_occ_pvte_dwg_Sh_TotM,tpe_ur_occ_pvte_dwg_Sh_TotF,tpe_ur_occ_pvte_dwg_Sh_TotP,t_ur_oc_p_dw_im_h_t_s_o_In_M,t_ur_oc_p_dw_im_h_t_s_o_In_F,t_ur_oc_p_dw_im_h_t_s_o_In_P,T_ur_o_pr_d_I_h_t_s_o_No_In_M,T_ur_o_pr_d_I_h_t_s_o_No_In_F,T_ur_o_pr_d_I_h_t_s_o_No_In_P,t_ur_o_p_d_I_h_t_s_o_i_s_nsM,t_ur_o_p_d_I_h_t_s_o_i_s_nsF,t_ur_o_p_d_I_h_t_s_o_i_s_nsP,t_ur_o_p_d_I_h_t_s_o_TotM,t_ur_o_p_d_I_h_t_s_o_TotF,t_ur_o_p_d_I_h_t_s_o_TotP,ty_ur_oc_p_dw_Ot_p_dw_In_M,ty_ur_oc_p_dw_Ot_p_dw_In_F,ty_ur_oc_p_dw_Ot_p_dw_In_P,ty_ur_o_pr_d_Ot_pr_d_No_In_M,ty_ur_o_pr_d_Ot_pr_d_No_In_F,ty_ur_o_pr_d_Ot_pr_d_No_In_P,ty_ur_o_p_d_O_p_d_In_st_nsM,ty_ur_o_p_d_O_p_d_In_st_nsF,ty_ur_o_p_d_O_p_d_In_st_nsP,ty_ur_oc_pr_dw_Ot_pr_dw_TotM,ty_ur_oc_pr_dw_Ot_pr_dw_TotF,ty_ur_oc_pr_dw_Ot_pr_dw_TotP,ty_ur_occ_pri_dw_Tot_Ind_M,ty_ur_occ_pri_dw_Tot_Ind_F,ty_ur_occ_pri_dw_Tot_Ind_P,ty_ur_occ_pri_dw_Tot_No_Ind_M,ty_ur_occ_pri_dw_Tot_No_Ind_F,ty_ur_occ_pri_dw_Tot_No_Ind_P,ty_ur_oc_pr_dw_Tot_In_st_nsM,ty_ur_oc_pr_dw_Tot_In_st_nsF,ty_ur_oc_pr_dw_Tot_In_st_nsP,ty_ur_occ_pri_dw_Tot_TotM,ty_ur_occ_pri_dw_Tot_TotF,ty_ur_occ_pri_dw_Tot_TotP,ty_ur_Non_pri_dw_Ind_M,ty_ur_Non_pri_dw_Ind_F,ty_ur_Non_pri_dw_Ind_P,ty_ur_Non_pri_dw_NonInd_M,ty_ur_Non_pri_dw_NonInd_F,ty_ur_Non_pri_dw_NonInd_P,ty_ur_Non_pri_dw_IndSt_nsM,ty_ur_Non_pri_dw_IndSt_nsF,ty_ur_Non_pri_dw_IndSt_nsP,tpe_ur_Non_pvte_dwg_TotM,tpe_ur_Non_pvte_dwg_TotF,tpe_ur_Non_pvte_dwg_TotP
LGA10050,5011,10053,48,42,90,5191,5160,10351,44,50,94,1552,1562,3114,26,20,46,1622,1632,3254,43,54,97,1069,1146,2215,23,30,53,1135,1230,2365,0,0,0,85,89,174,8,4,12,93,93,186,421,443,864,16961,18174,35135,691,651,1342,18073,19268,37341,0,0,0,3,0,3,0,0,0,3,0,3,76,84,160,2892,3254,6146,231,186,417,3199,3524,6723,497,527,1024,19856,21428,41284,922,837,1759,21275,22792,44067,8,0,8,323,539,862,34,46,80,365,585,950
LGA10110,2025,4014,17,24,41,2114,2193,4307,81,90,171,584,593,1177,14,4,18,679,687,1366,60,44,104,383,397,780,6,8,14,449,449,898,4,3,7,37,36,73,0,0,0,41,39,80,540,625,1165,7809,8452,16261,327,438,765,8676,9515,18191,0,0,0,0,0,0,0,0,0,0,0,0,83,94,177,1039,1179,2218,141,162,303,1263,1435,2698,623,719,1342,8848,9631,18479,468,600,1068,9939,10950,20889,24,41,65,687,739,1426,51,45,96,762,825,1587
LGA10150,2089,4021,29,26,55,1980,2141,4121,5,8,13,578,642,1220,6,7,13,589,657,1246,6,6,12,855,1145,2000,12,15,27,873,1166,2039,0,0,0,202,326,528,7,11,18,209,337,546,33,48,81,8010,8477,16487,392,379,771,8435,8904,17339,0,0,0,0,0,0,0,0,0,0,0,0,63,57,120,9435,10055,19490,781,688,1469,10279,10800,21079,96,105,201,17445,18532,35977,1173,1067,2240,18714,19704,38418,14,4,18,561,711,1272,93,130,223,668,845,1513
LGA10200,3434,7057,57,47,104,3704,3509,7213,10,8,18,1192,1164,2356,21,17,38,1223,1189,2412,7,10,17,1837,2343,4180,42,32,74,1886,2385,4271,0,0,0,977,1335,2312,23,27,50,1000,1362,2362,65,80,145,18058,17814,35872,1104,935,2039,19227,18829,38056,0,0,0,0,0,0,0,0,0,0,0,0,39,42,81,15041,14208,29249,1538,1184,2722,16618,15434,32052,104,122,226,33099,32022,65121,2642,2119,4761,35845,34263,70108,147,60,207,1226,406,1632,41,18,59,1414,484,1898
LGA10250,5173,9715,25,42,67,4683,5347,10030,38,65,103,1368,1495,2863,17,19,36,1423,1579,3002,39,44,83,958,978,1936,11,18,29,1008,1040,2048,8,3,11,27,30,57,0,0,0,35,33,68,405,473,878,13057,13711,26768,412,395,807,13874,14579,28453,0,0,0,7,4,11,0,0,0,7,4,11,112,145,257,3403,4057,7460,160,193,353,3675,4395,8070,517,618,1135,16467,17772,34239,572,588,1160,17556,18978,36534,4,4,8,192,379,571,15,8,23,211,391,602
LGA10300,197,414,0,3,3,226,211,437,14,8,22,107,73,180,0,0,0,121,81,202,11,7,18,127,86,213,0,0,0,138,93,231,0,0,0,5,16,21,0,0,0,5,16,21,59,74,133,887,853,1740,76,48,124,1022,975,1997,0,0,0,0,0,0,0,0,0,0,0,0,6,0,6,36,36,72,8,5,13,50,41,91,65,74,139,923,889,1812,84,53,137,1072,1016,2088,0,0,0,19,19,38,0,0,0,19,19,38
LGA10350,15245,30312,188,154,342,15379,15580,30959,77,62,139,4219,4765,8984,49,42,91,4345,4869,9214,29,47,76,4852,5964,10816,70,95,165,4951,6106,11057,5,4,9,1549,2304,3853,27,40,67,1581,2348,3929,458,560,1018,59440,60831,120271,3089,2828,5917,62987,64219,127206,0,0,0,27,26,53,0,0,0,27,26,53,149,148,297,21567,22975,44542,1775,1745,3520,23491,24868,48359,607,708,1315,81034,83832,164866,4864,4573,9437,86505,89113,175618,7,0,7,946,1069,2015,142,131,273,1095,1200,2295
LGA10470,4198,8582,43,35,78,4544,4374,8918,77,84,161,1219,1230,2449,12,9,21,1308,1323,2631,40,41,81,767,683,1450,15,14,29,822,738,1560,3,0,3,46,39,85,0,5,5,49,44,93,554,617,1171,14177,14601,28778,585,576,1161,15316,15794,31110,0,0,0,3,4,7,0,0,0,3,4,7,59,99,158,1407,1571,2978,170,156,326,1636,1826,3462,613,716,1329,15587,16176,31763,755,732,1487,16955,17624,34579,188,17,205,1052,624,1676,25,30,55,1265,671,1936
LGA10550,3968,7910,35,37,72,4063,4083,8146,52,42,94,1221,1123,2344,9,21,30,1282,1186,2468,35,39,74,910,781,1691,13,15,28,958,835,1793,4,3,7,49,21,70,0,0,0,53,24,77,369,386,755,11676,12095,23771,440,454,894,12485,12935,25420,0,0,0,31,16,47,4,5,9,35,21,56,44,45,89,1603,1731,3334,77,85,162,1724,1861,3585,413,431,844,13310,13842,27152,521,544,1065,14244,14817,29061,3,5,8,127,234,361,18,42,60,148,281,429
LGA10600,1527,3040,11,13,24,1573,1567,3140,16,20,36,515,508,1023,5,3,8,536,531,1067,15,13,28,326,301,627,9,6,15,350,320,670,0,0,0,17,12,29,0,0,0,17,12,29,149,149,298,4912,5319,10231,135,126,261,5196,5594,10790,0,0,0,14,14,28,3,0,3,17,14,31,20,15,35,336,329,665,10,13,23,366,357,723,169,164,333,5262,5662,10924,148,139,287,5579,5965,11544,3,3,6,47,77,124,0,0,0,50,80,130
LGA10650,843,1729,12,9,21,909,869,1778,7,5,12,408,327,735,5,4,9,420,336,756,7,4,11,372,286,658,5,8,13,384,298,682,3,0,3,11,8,19,0,3,3,14,11,25,70,77,147,3113,3150,6263,110,103,213,3293,3330,6623,0,0,0,5,0,5,0,0,0,5,0,5,8,6,14,277,266,543,25,35,60,310,307,617,78,83,161,3395,3416,6811,135,138,273,3608,3637,7245,0,0,0,62,81,143,3,0,3,65,81,146
LGA10750,25920,51944,270,256,526,27029,27051,54080,395,428,823,7265,7809,15074,89,111,200,7749,8348,16097,261,250,511,5762,6954,12716,89,121,210,6112,7325,13437,18,17,35,918,1538,2456,26,38,64,962,1593,2555,3227,3368,6595,114919,116995,231914,4784,4529,9313,122930,124892,247822,0,0,0,16,7,23,13,9,22,29,16,45,466,525,991,19370,20459,39829,1121,1011,2132,20957,21995,42952,3693,3893,7586,134305,137461,271766,5918,5549,11467,143916,146903,290819,167,12,179,1181,1112,2293,82,85,167,1430,1209,2639
LGA10800,787,1657,4,11,15,900,826,1726,12,9,21,306,254,560,3,4,7,321,267,588,11,4,15,205,164,369,0,0,0,216,168,384,0,0,0,9,4,13,0,0,0,9,4,13,102,109,211,2448,2437,4885,47,46,93,2597,2592,5189,0,0,0,0,3,3,0,0,0,0,3,3,10,0,10,83,100,183,7,4,11,100,104,204,112,109,221,2531,2540,5071,54,50,104,2697,2699,5396,0,0,0,21,43,64,0,0,0,21,43,64
LGA10850,889,1844,7,13,20,984,929,1913,11,9,20,287,254,541,5,3,8,303,266,569,12,0,12,217,156,373,3,0,3,232,156,388,0,0,0,4,8,12,0,0,0,4,8,12,93,84,177,2899,2957,5856,129,130,259,3121,3171,6292,0,0,0,0,0,0,0,0,0,0,0,0,4,5,9,94,92,186,8,0,8,106,97,203,97,89,186,2993,3049,6042,137,130,267,3227,3268,6495,4,0,4,46,44,90,0,0,0,50,44,94
LGA10900,8071,15604,80,78,158,7769,8295,16064,49,60,109,1797,1996,3793,17,20,37,1863,2076,3939,23,20,43,809,897,1706,16,16,32,848,933,1781,3,0,3,71,79,150,5,8,13,79,87,166,580,584,1164,30659,32931,63590,1494,1466,2960,32733,34981,67714,0,0,0,3,4,7,0,0,0,3,4,7,28,32,60,1390,1727,3117,126,111,237,1544,1870,3414,608,616,1224,32052,34662,66714,1620,1577,3197,34280,36855,71135,11,5,16,453,586,1039,50,84,134,514,675,1189
LGA10950,308,659,6,3,9,401,359,760,20,17,37,108,94,202,0,0,0,128,111,239,22,9,31,96,57,153,0,5,5,118,71,189,0,0,0,7,6,13,0,0,0,7,6,13,180,200,380,1011,967,1978,75,84,159,1266,1251,2517,0,0,0,0,0,0,0,0,0,0,0,0,4,8,12,44,44,88,10,3,13,58,55,113,184,208,392,1055,1011,2066,85,87,172,1324,1306,2630,5,0,5,17,21,38,3,0,3,25,21,46
LGA11000,279,587,0,3,3,312,285,597,3,3,6,126,100,226,3,3,6,132,106,238,5,3,8,122,91,213,0,3,3,127,97,224,0,0,0,6,0,6,3,0,3,9,0,9,21,17,38,1032,1022,2054,31,21,52,1084,1060,2144,0,0,0,0,0,0,4,0,4,4,0,4,4,0,4,24,23,47,3,0,3,31,23,54,25,17,42,1056,1045,2101,38,21,59,1119,1083,2202,0,0,0,18,34,52,3,4,7,21,38,59
LGA11050,300,613,4,5,9,322,311,633,0,6,6,106,102,208,0,5,5,106,113,219,0,4,4,109,77,186,0,0,0,109,81,190,0,0,0,6,3,9,0,0,0,6,3,9,17,27,44,1031,1000,2031,27,39,66,1075,1066,2141,0,0,0,4,4,8,0,0,0,4,4,8,0,0,0,28,36,64,3,0,3,31,36,67,17,27,44,1063,1040,2103,30,39,69,1110,1106,2216,0,0,0,12,16,28,0,0,0,12,16,28
LGA11100,2671,5392,41,34,75,2833,2766,5599,15,33,48,721,828,1549,12,14,26,748,875,1623,12,15,27,907,1225,2132,14,23,37,933,1263,2196,0,0,0,208,313,521,0,5,5,208,318,526,135,142,277,7756,8093,15849,387,387,774,8278,8622,16900,0,0,0,0,0,0,0,0,0,0,0,0,134,160,294,9470,9684,19154,682,680,1362,10286,10524,20810,269,302,571,17226,17777,35003,1069,1067,2136,18564,19146,37710,3,3,6,216,169,385,42,11,53,261,183,444
LGA11150,166,375,4,7,11,275,266,541,58,58,116,70,54,124,0,0,0,128,112,240,56,35,91,67,35,102,3,0,3,126,70,196,6,4,10,11,4,15,0,0,0,17,8,25,348,392,740,724,663,1387,161,136,297,1233,1191,2424,0,0,0,0,0,0,0,0,0,0,0,0,8,11,19,26,23,49,20,10,30,54,44,98,356,403,759,750,686,1436,181,146,327,1287,1235,2522,9,3,12,15,14,29,0,4,4,24,21,45
LGA11200,72,163,3,3,6,200,193,393,73,75,148,37,17,54,3,0,3,113,92,205,82,72,154,32,19,51,0,0,0,114,91,205,8,6,14,3,0,3,0,0,0,11,6,17,428,455,883,271,246,517,44,37,81,743,738,1481,0,0,0,0,0,0,0,0,0,0,0,0,26,40,66,12,14,26,3,3,6,41,57,98,454,495,949,283,260,543,47,40,87,784,795,1579,7,11,18,6,7,13,3,0,3,16,18,34
LGA11250,2429,4846,22,29,51,2572,2624,5196,57,76,133,868,1003,1871,10,21,31,935,1100,2035,48,56,104,762,715,1477,13,7,20,823,778,1601,3,3,6,32,22,54,0,0,0,35,25,60,522,624,1146,6872,7174,14046,411,440,851,7805,8238,16043,0,0,0,0,0,0,0,0,0,0,0,0,32,33,65,277,317,594,28,59,87,337,409,746,554,657,1211,7149,7491,14640,439,499,938,8142,8647,16789,50,11,61,122,218,340,17,18,35,189,247,436
LGA11300,1628,3046,18,14,32,1446,1658,3104,5,9,14,422,513,935,6,8,14,433,530,963,0,8,8,671,926,1597,10,17,27,681,951,1632,0,0,0,212,319,531,0,6,6,212,325,537,25,33,58,8139,8666,16805,326,288,614,8490,8987,17477,0,0,0,0,0,0,0,0,0,0,0,0,18,17,35,5952,6155,12107,478,355,833,6448,6527,12975,43,50,93,14091,14821,28912,804,643,1447,14938,15514,30452,7,6,13,441,494,935,85,68,153,533,568,1101
LGA11350,2921,5707,28,30,58,2858,3010,5868,19,13,32,695,712,1407,13,9,22,727,734,1461,9,12,21,452,453,905,16,13,29,477,478,955,3,3,6,23,38,61,3,3,6,29,44,73,185,219,404,10424,11060,21484,584,549,1133,11193,11828,23021,0,0,0,10,0,10,0,0,0,10,0,10,40,41,81,1611,1703,3314,176,118,294,1827,1862,3689,225,260,485,12045,12763,24808,760,667,1427,13030,13690,26720,4,0,4,211,293,504,23,16,39,238,309,547
LGA11400,1550,3371,15,13,28,1882,1614,3496,17,17,34,554,449,1003,3,0,3,574,466,1040,20,6,26,388,286,674,0,3,3,408,295,703,0,0,0,15,13,28,0,0,0,15,13,28,177,187,364,5496,5472,10968,128,158,286,5801,5817,11618,0,0,0,16,11,27,0,0,0,16,11,27,9,5,14,131,130,261,3,0,3,143,135,278,186,192,378,5643,5613,11256,131,158,289,5960,5963,11923,0,5,5,39,88,127,4,11,15,43,104,147
LGA11450,6759,13704,52,47,99,7119,6927,14046,37,35,72,1645,1766,3411,12,16,28,1694,1817,3511,24,24,48,895,947,1842,15,14,29,934,985,1919,3,3,6,98,135,233,0,5,5,101,143,244,526,500,1026,24109,24772,48881,874,807,1681,25509,26079,51588,0,0,0,0,3,3,0,0,0,0,3,3,32,26,58,1172,1486,2658,65,68,133,1269,1580,2849,558,526,1084,25281,26261,51542,939,875,1814,26778,27662,54440,3,0,3,122,319,441,9,19,28,134,338,472
LGA11500,15897,31570,154,133,287,16239,16554,32793,192,275,467,4440,4908,9348,63,53,116,4695,5236,9931,107,122,229,2574,2997,5571,42,56,98,2723,3175,5898,3,5,8,396,603,999,13,11,24,412,619,1031,1715,2000,3715,54062,55589,109651,2553,2575,5128,58330,60164,118494,0,0,0,3,5,8,3,0,3,6,5,11,352,455,807,9017,10435,19452,762,839,1601,10131,11729,21860,2067,2455,4522,63082,66029,129111,3318,3414,6732,68467,71898,140365,14,8,22,475,744,1219,32,40,72,521,792,1313
LGA11520,5171,9453,33,37,70,4346,5238,9584,8,7,15,1041,1313,2354,8,10,18,1057,1330,2387,0,6,6,1335,1752,3087,21,23,44,1356,1781,3137,0,0,0,278,405,683,4,4,8,282,409,691,61,81,142,17667,18572,36239,678,624,1302,18406,19277,37683,0,0,0,0,0,0,0,0,0,0,0,0,51,65,116,15125,16712,31837,1577,1274,2851,16753,18051,34804,112,146,258,32792,35284,68076,2255,1898,4153,35159,37328,72487,0,4,4,275,414,689,13,22,35,288,440,728
LGA11550,8372,16698,107,98,205,8508,8556,17064,28,31,59,2310,2597,4907,25,29,54,2363,2657,5020,20,26,46,4226,4987,9213,58,71,129,4304,5084,9388,0,3,3,1414,2101,3515,25,33,58,1439,2137,3576,192,243,435,35753,36462,72215,1728,1664,3392,37673,38369,76042,0,0,0,0,3,3,0,0,0,0,3,3,151,166,317,26132,25859,51991,2593,2236,4829,28876,28261,57137,343,409,752,61885,62324,124209,4321,3900,8221,66549,66633,133182,5,0,5,389,492,881,12,12,24,406,504,910
LGA11600,262,631,5,7,12,395,281,676,13,11,24,108,84,192,0,5,5,121,100,221,6,6,12,129,72,201,3,5,8,138,83,221,0,3,3,7,7,14,0,0,0,7,10,17,67,86,153,1064,939,2003,43,41,84,1174,1066,2240,0,0,0,4,3,7,0,0,0,4,3,7,3,0,3,53,33,86,3,3,6,59,36,95,70,86,156,1121,975,2096,46,44,90,1237,1105,2342,0,3,3,18,23,41,3,0,3,21,26,47
LGA11700,114,272,5,3,8,232,204,436,45,51,96,73,42,115,0,0,0,118,93,211,71,72,143,79,31,110,3,0,3,153,103,256,0,0,0,3,3,6,0,0,0,3,3,6,249,293,542,490,396,886,48,23,71,787,712,1499,0,0,0,0,0,0,0,0,0,0,0,0,9,10,19,49,51,100,3,0,3,61,61,122,258,303,561,539,447,986,51,23,74,848,773,1621,30,0,30,18,10,28,4,0,4,52,10,62
LGA11720,6879,14145,71,48,119,7616,7221,14837,108,117,225,2397,2687,5084,26,36,62,2531,2840,5371,60,55,115,1413,1513,2926,29,25,54,1502,1593,3095,0,7,7,84,70,154,37,25,62,121,102,223,1016,1106,2122,20078,20680,40758,912,919,1831,22006,22705,44711,3,0,3,7,8,15,0,0,0,10,8,18,52,56,108,1103,1271,2374,94,71,165,1249,1398,2647,1071,1162,2233,21188,21959,43147,1006,990,1996,23265,24111,47376,107,7,114,539,396,935,72,33,105,718,436,1154
LGA11730,7173,13877,73,66,139,7045,7563,14608,145,164,309,2354,2253,4607,27,23,50,2526,2440,4966,99,77,176,1587,1427,3014,23,32,55,1709,1536,3245,7,3,10,59,59,118,3,3,6,69,65,134,1108,1227,2335,18520,19218,37738,690,700,1390,20318,21145,41463,3,3,6,36,22,58,7,0,7,46,25,71,101,111,212,1718,1761,3479,104,99,203,1923,1971,3894,1212,1341,2553,20274,21001,41275,801,799,1600,22287,23141,45428,94,13,107,384,478,862,12,11,23,490,502,992
LGA11750,492,1129,10,3,13,718,576,1294,43,45,88,163,125,288,0,3,3,206,173,379,31,14,45,128,106,234,3,3,6,162,123,285,0,0,0,6,5,11,0,0,0,6,5,11,280,251,531,1611,1539,3150,149,118,267,2040,1908,3948,0,0,0,3,0,3,0,0,0,3,0,3,16,12,28,135,100,235,14,9,23,165,121,286,296,263,559,1749,1639,3388,163,127,290,2208,2029,4237,4,0,4,24,25,49,7,3,10,35,28,63
LGA11800,8746,16858,73,106,179,8466,9169,17635,134,160,294,2487,2658,5145,30,37,67,2651,2855,5506,84,82,166,1606,1532,3138,34,29,63,1724,1643,3367,4,3,7,114,122,236,4,3,7,122,128,250,1012,1123,2135,23557,24893,48450,907,917,1824,25476,26933,52409,0,0,0,8,7,15,4,0,4,12,7,19,205,245,450,4632,5110,9742,291,298,589,5128,5653,10781,1217,1368,2585,28197,30010,58207,1202,1215,2417,30616,32593,63209,13,12,25,374,650,1024,41,41,82,428,703,1131
LGA11860,109,306,0,0,0,197,112,309,3,0,3,68,52,120,0,0,0,71,52,123,0,3,3,42,25,67,0,3,3,42,31,73,0,0,0,0,0,0,0,0,0,0,0,0,13,17,30,723,646,1369,23,18,41,759,681,1440,0,0,0,3,0,3,0,0,0,3,0,3,0,0,0,6,3,9,0,0,0,6,3,9,13,17,30,732,649,1381,23,18,41,768,684,1452,0,0,0,0,0,0,0,0,0,0,0,0
LGA12000,527,1138,7,7,14,630,551,1181,4,5,9,182,196,378,0,3,3,186,204,390,0,0,0,138,98,236,3,0,3,141,98,239,0,0,0,5,0,5,0,0,0,5,0,5,41,56,97,1688,1743,3431,76,84,160,1805,1883,3688,0,0,0,0,0,0,0,0,0,0,0,0,0,0,0,52,61,113,7,5,12,59,66,125,41,56,97,1740,1804,3544,83,89,172,1864,1949,3813,0,0,0,10,39,49,3,0,3,13,39,52
LGA12050,1166,2341,13,3,16,1215,1197,2412,10,17,27,331,317,648,0,4,4,341,338,679,4,8,12,263,236,499,4,4,8,271,248,519,0,0,0,8,11,19,0,0,0,8,11,19,95,104,199,3895,3983,7878,156,145,301,4146,4232,8378,3,0,3,14,12,26,0,0,0,17,12,29,7,8,15,219,192,411,23,18,41,249,218,467,105,112,217,4128,4187,8315,179,163,342,4412,4462,8874,22,0,22,138,73,211,7,5,12,167,78,245
LGA12150,339,745,9,10,19,530,464,994,75,72,147,133,112,245,0,3,3,208,187,395,67,50,117,143,72,215,4,4,8,214,126,340,5,3,8,5,5,10,0,0,0,10,8,18,489,548,1037,1192,1125,2317,103,101,204,1784,1774,3558,0,0,0,3,0,3,0,0,0,3,0,3,27,14,41,31,36,67,12,6,18,70,56,126,516,562,1078,1226,1161,2387,115,107,222,1857,1830,3687,3,6,9,27,30,57,0,0,0,30,36,66
LGA12200,1047,2035,9,6,15,1018,1083,2101,18,28,46,345,305,650,3,3,6,366,336,702,17,12,29,269,261,530,3,3,6,289,276,565,0,3,3,11,7,18,0,0,0,11,10,21,128,140,268,2846,3079,5925,150,125,275,3124,3344,6468,0,0,0,0,0,0,0,0,0,0,0,0,0,3,3,121,129,250,10,9,19,131,141,272,128,143,271,2967,3208,6175,160,134,294,3255,3485,6740,0,0,0,48,84,132,0,0,0,48,84,132
LGA12300,1184,2545,17,17,34,1391,1213,2604,8,3,11,570,488,1058,9,3,12,587,494,1081,6,5,11,409,362,771,7,10,17,422,377,799,0,0,0,11,10,21,3,0,3,14,10,24,61,63,124,4379,4377,8756,168,132,300,4608,4572,9180,0,0,0,4,3,7,0,0,0,4,3,7,5,8,13,409,473,882,8,26,34,422,507,929,66,71,137,4792,4853,9645,176,158,334,5034,5082,10116,0,0,0,49,65,114,3,3,6,52,68,120
LGA12350,1658,3299,12,9,21,1724,1746,3470,41,45,86,602,519,1121,7,9,16,650,573,1223,57,36,93,474,371,845,9,5,14,540,412,952,0,7,7,19,12,31,0,0,0,19,19,38,354,339,693,4695,4789,9484,270,268,538,5319,5396,10715,0,0,0,8,0,8,0,0,0,8,0,8,36,24,60,241,244,485,24,23,47,301,291,592,390,363,753,4944,5033,9977,294,291,585,5628,5687,11315,3,0,3,64,109,173,3,4,7,70,113,183
LGA12500,815,1596,11,6,17,815,849,1664,14,10,24,311,323,634,0,3,3,325,336,661,9,6,15,273,264,537,6,3,9,288,273,561,3,0,3,9,19,28,0,0,0,12,19,31,123,103,226,2681,2916,5597,148,140,288,2952,3159,6111,0,0,0,0,0,0,0,0,0,0,0,0,17,5,22,203,215,418,23,11,34,243,231,474,140,108,248,2884,3131,6015,171,151,322,3195,3390,6585,0,0,0,36,74,110,0,3,3,36,77,113
LGA12600,4312,8782,54,70,124,4992,4931,9923,222,256,478,1183,1226,2409,15,21,36,1420,1503,2923,168,149,317,930,823,1753,18,23,41,1116,995,2111,13,15,28,44,42,86,3,3,6,60,60,120,1924,2227,4151,13000,13996,26996,578,600,1178,15502,16823,32325,0,0,0,0,3,3,0,0,0,0,3,3,237,248,485,1194,1433,2627,101,91,192,1532,1772,3304,2161,2475,4636,14194,15432,29626,679,691,1370,17034,18598,35632,46,16,62,270,371,641,47,31,78,363,418,781
LGA12700,1128,2431,10,20,30,1345,1187,2532,15,8,23,409,345,754,4,3,7,428,356,784,8,5,13,252,217,469,4,9,13,264,231,495,0,0,0,13,7,20,0,0,0,13,7,20,126,124,250,3569,3553,7122,138,140,278,3833,3817,7650,0,0,0,7,3,10,0,0,0,7,3,10,0,3,3,64,65,129,6,3,9,70,71,141,126,127,253,3640,3621,7261,144,143,287,3910,3891,7801,3,0,3,35,46,81,0,3,3,38,49,87
LGA12750,4696,9155,41,54,95,4656,4927,9583,97,134,231,1471,1488,2959,17,16,33,1585,1638,3223,90,75,165,1023,972,1995,22,16,38,1135,1063,2198,9,5,14,38,31,69,5,0,5,52,36,88,718,789,1507,12770,13150,25920,673,662,1335,14161,14601,28762,3,0,3,4,5,9,3,0,3,10,5,15,90,78,168,1548,1721,3269,143,115,258,1781,1914,3695,811,867,1678,14322,14876,29198,819,777,1596,15952,16520,32472,8,6,14,154,351,505,23,46,69,185,403,588
LGA12850,13158,26819,223,192,415,14008,13491,27499,69,73,142,4402,4639,9041,75,67,142,4546,4779,9325,46,35,81,6990,9049,16039,100,140,240,7136,9224,16360,6,6,12,3576,5787,9363,54,80,134,3636,5873,9509,507,538,1045,66664,67873,134537,3041,2953,5994,70212,71364,141576,0,3,3,3,0,3,0,0,0,3,3,6,125,96,221,18215,19801,38016,1096,1034,2130,19436,20931,40367,632,637,1269,84882,87674,172556,4137,3987,8124,89651,92298,181949,4,3,7,464,834,1298,21,17,38,489,854,1343
LGA12900,1152,2314,9,14,23,1243,1261,2504,54,60,114,404,346,750,6,5,11,464,411,875,38,31,69,319,230,549,7,8,15,364,269,633,0,0,0,15,17,32,0,0,0,15,17,32,371,379,750,3423,3475,6898,96,105,201,3890,3959,7849,0,0,0,8,3,11,0,0,0,8,3,11,14,19,33,191,192,383,15,16,31,220,227,447,385,398,783,3622,3670,7292,111,121,232,4118,4189,8307,20,31,51,73,135,208,9,13,22,102,179,281
LGA12950,527,1092,6,12,18,621,597,1218,32,37,69,198,166,364,3,4,7,233,207,440,28,15,43,164,136,300,3,0,3,195,151,346,0,5,5,6,9,15,0,0,0,6,14,20,229,222,451,1469,1597,3066,77,102,179,1775,1921,3696,0,0,0,0,0,0,0,0,0,0,0,0,12,17,29,96,118,214,8,3,11,116,138,254,241,239,480,1565,1715,3280,85,105,190,1891,2059,3950,5,4,9,35,53,88,12,3,15,52,60,112
LGA13010,1214,2347,7,16,23,1184,1278,2462,25,25,50,387,365,752,6,3,9,418,393,811,19,19,38,365,303,668,7,4,11,391,326,717,3,4,7,16,14,30,0,0,0,19,18,37,187,206,393,3365,3520,6885,142,121,263,3694,3847,7541,0,0,0,3,0,3,3,0,3,6,0,6,14,9,23,109,124,233,17,10,27,140,143,283,201,215,416,3477,3644,7121,162,131,293,3840,3990,7830,39,0,39,118,93,211,0,4,4,157,97,254
LGA13050,750,1460,5,9,14,748,785,1533,7,10,17,269,266,535,3,5,8,279,281,560,8,12,20,204,154,358,3,6,9,215,172,387,0,0,0,8,4,12,0,0,0,8,4,12,111,107,218,1930,1941,3871,43,45,88,2084,2093,4177,0,0,0,3,5,8,0,0,0,3,5,8,0,4,4,105,96,201,12,8,20,117,108,225,111,111,222,2038,2042,4080,55,53,108,2204,2206,4410,0,0,0,19,36,55,0,3,3,19,39,58
LGA13100,20289,38426,176,225,401,18698,20893,39591,162,168,330,5090,6140,11230,55,68,123,5307,6376,11683,82,82,164,2672,3089,5761,51,57,108,2805,3228,6033,17,8,25,155,133,288,6,3,9,178,144,322,1380,1362,2742,57562,60445,118007,2530,2434,4964,61472,64241,125713,0,0,0,0,0,0,3,0,3,3,0,3,263,305,568,10717,13578,24295,858,867,1725,11838,14750,26588,1643,1667,3310,68279,74023,142302,3391,3301,6692,73313,78991,152304,34,5,39,712,1309,2021,67,114,181,813,1428,2241
LGA13310,3687,7250,42,37,79,3686,3800,7486,32,35,67,1143,1153,2296,13,10,23,1188,1198,2386,21,20,41,828,763,1591,16,14,30,865,797,1662,3,0,3,66,44,110,3,0,3,72,44,116,267,301,568,10567,10912,21479,414,379,793,11248,11592,22840,0,0,0,19,20,39,0,7,7,19,27,46,28,28,56,883,888,1771,67,42,109,978,958,1936,295,329,624,11469,11820,23289,481,428,909,12245,12577,24822,98,13,111,701,302,1003,20,13,33,819,328,1147
LGA13320,5121,9823,44,48,92,4879,5324,10203,81,82,163,1809,1952,3761,17,25,42,1907,2059,3966,59,52,111,1098,1008,2106,13,25,38,1170,1085,2255,4,4,8,38,34,72,0,0,0,42,38,80,507,505,1012,11422,11812,23234,498,470,968,12427,12787,25214,0,3,3,10,5,15,6,0,6,16,8,24,109,113,222,2551,2934,5485,145,156,301,2805,3203,6008,616,621,1237,13983,14751,28734,649,626,1275,15248,15998,31246,3,0,3,143,238,381,92,188,280,238,426,664
LGA13340,1119,2422,11,8,19,1329,1137,2466,10,13,23,499,374,873,8,8,16,517,395,912,3,5,8,313,237,550,4,4,8,320,246,566,3,3,6,9,6,15,0,0,0,12,9,21,86,96,182,4267,4181,8448,206,176,382,4559,4453,9012,0,0,0,7,0,7,0,0,0,7,0,7,0,6,6,53,53,106,8,5,13,61,64,125,86,102,188,4327,4234,8561,214,181,395,4627,4517,9144,3,0,3,45,92,137,3,4,7,51,96,147
LGA13380,6728,12983,69,52,121,6535,7039,13574,143,161,304,2248,2318,4566,28,19,47,2419,2498,4917,98,101,199,1568,1365,2933,23,21,44,1689,1487,3176,8,4,12,44,42,86,5,0,5,57,46,103,1067,1094,2161,17184,18069,35253,747,776,1523,18998,19939,38937,0,3,3,24,21,45,0,0,0,24,24,48,83,91,174,1660,1936,3596,110,77,187,1853,2104,3957,1150,1188,2338,18868,20026,38894,857,853,1710,20875,22067,42942,4,5,9,200,375,575,50,79,129,254,459,713
LGA13450,2766,5754,39,34,73,3138,2897,6035,65,89,154,782,746,1528,13,13,26,860,848,1708,43,44,87,887,843,1730,23,24,47,953,911,1864,3,3,6,108,124,232,4,5,9,115,132,247,415,424,839,9283,9239,18522,571,508,1079,10269,10171,20440,0,0,0,7,7,14,0,0,0,7,7,14,54,51,105,1027,1089,2116,160,109,269,1241,1249,2490,469,475,944,10317,10335,20652,731,617,1348,11517,11427,22944,4,0,4,114,175,289,20,15,35,138,190,328
LGA13500,444,982,9,6,15,555,459,1014,3,7,10,179,148,327,5,6,11,187,161,348,3,3,6,146,110,256,0,3,3,149,116,265,0,0,0,8,9,17,3,0,3,11,9,20,44,45,89,1559,1494,3053,50,36,86,1653,1575,3228,0,0,0,0,0,0,0,0,0,0,0,0,0,0,0,89,102,191,10,8,18,99,110,209,44,45,89,1648,1596,3244,60,44,104,1752,1685,3437,0,0,0,8,17,25,3,0,3,11,17,28
LGA13550,1478,3020,9,11,20,1669,1639,3308,76,72,148,511,435,946,9,11,20,596,518,1114,69,54,123,391,276,667,6,6,12,466,336,802,5,3,8,20,13,33,0,0,0,25,16,41,600,608,1208,4395,4393,8788,247,237,484,5242,5238,10480,0,0,0,0,0,0,0,0,0,0,0,0,40,28,68,276,326,602,21,18,39,337,372,709,640,636,1276,4671,4719,9390,268,255,523,5579,5610,11189,4,3,7,72,85,157,8,0,8,84,88,172
LGA13650,532,1086,4,3,7,597,584,1181,23,20,43,197,155,352,0,5,5,220,180,400,29,21,50,178,144,322,8,0,8,215,165,380,4,0,4,4,5,9,0,0,0,8,5,13,202,206,408,1701,1677,3378,93,76,169,1996,1959,3955,0,0,0,0,0,0,0,0,0,0,0,0,3,3,6,52,46,98,5,3,8,60,52,112,205,209,414,1753,1723,3476,98,79,177,2056,2011,4067,0,3,3,13,38,51,0,3,3,13,44,57
LGA13660,635,1309,8,12,20,705,660,1365,16,5,21,233,200,433,0,3,3,249,208,457,7,3,10,276,194,470,3,3,6,286,200,486,3,0,3,10,8,18,3,0,3,16,8,24,98,77,175,2068,2050,4118,54,44,98,2220,2171,4391,0,0,0,0,3,3,0,0,0,0,3,3,0,6,6,66,60,126,3,3,6,69,69,138,98,83,181,2134,2113,4247,57,47,104,2289,2243,4532,0,0,0,30,46,76,0,5,5,30,51,81
LGA13700,453,962,3,10,13,525,479,1004,6,7,13,142,144,286,3,3,6,151,154,305,11,3,14,162,104,266,6,3,9,179,110,289,0,0,0,6,10,16,0,0,0,6,10,16,78,73,151,1412,1493,2905,61,61,122,1551,1627,3178,0,0,0,0,0,0,0,0,0,0,0,0,3,3,6,55,52,107,9,0,9,67,55,122,81,76,157,1467,1545,3012,70,61,131,1618,1682,3300,0,0,0,25,25,50,0,3,3,25,28,53
LGA13800,8022,16469,74,72,146,8690,8265,16955,79,87,166,2156,2054,4210,16,30,46,2251,2171,4422,44,45,89,1220,1031,2251,18,15,33,1282,1091,2373,4,3,7,83,73,156,3,5,8,90,81,171,660,673,1333,24684,24946,49630,1150,1171,2321,26494,26790,53284,0,0,0,20,12,32,3,0,3,23,12,35,97,88,185,2338,2705,5043,184,131,315,2619,2924,5543,757,761,1518,27042,27663,54705,1337,1302,2639,29136,29726,58862,19,10,29,533,375,908,23,19,42,575,404,979
LGA13850,301,617,5,3,8,337,318,655,7,0,7,141,117,258,3,5,8,151,122,273,12,7,19,138,90,228,0,3,3,150,100,250,0,0,0,12,3,15,0,0,0,12,3,15,82,63,145,1112,1180,2292,45,41,86,1239,1284,2523,0,0,0,4,0,4,0,0,0,4,0,4,3,6,9,62,51,113,7,10,17,72,67,139,85,69,154,1178,1231,2409,52,51,103,1315,1351,2666,0,0,0,22,15,37,7,9,16,29,24,53
LGA13950,7843,15581,94,85,179,7915,8025,15940,30,42,72,2062,2314,4376,33,38,71,2125,2394,4519,29,20,49,2366,2888,5254,27,48,75,2422,2956,5378,0,6,6,655,924,1579,14,15,29,669,945,1614,260,298,558,29387,30116,59503,1357,1249,2606,31004,31663,62667,0,0,0,0,0,0,0,0,0,0,0,0,103,109,212,15022,15401,30423,1403,1234,2637,16528,16744,33272,363,407,770,44409,45517,89926,2760,2483,5243,47532,48407,95939,4,0,4,220,447,667,34,82,116,258,529,787
LGA14000,11279,20791,80,105,185,9644,11453,21097,11,15,26,2534,3085,5619,21,31,52,2566,3131,5697,9,10,19,1308,1662,2970,18,24,42,1335,1696,3031,0,3,3,266,394,660,8,11,19,274,408,682,212,223,435,58010,59662,117672,1224,1212,2436,59446,61097,120543,0,0,0,0,0,0,0,3,3,0,3,3,38,55,93,12667,14407,27074,592,590,1182,13297,15052,28349,250,278,528,70677,74069,144746,1816,1805,3621,72743,76152,148895,3,11,14,658,1592,2250,65,126,191,726,1729,2455
LGA14100,824,1462,3,3,6,652,827,1479,6,0,6,324,251,575,0,8,8,330,259,589,0,0,0,124,173,297,3,5,8,127,178,305,0,0,0,23,29,52,0,0,0,23,29,52,14,4,18,4100,4315,8415,117,133,250,4231,4452,8683,0,0,0,0,0,0,0,0,0,0,0,0,0,7,7,1240,1523,2763,64,63,127,1304,1593,2897,14,11,25,5340,5838,11178,181,196,377,5535,6045,11580,28,0,28,661,368,1029,11,15,26,700,383,1083
LGA14150,6167,11664,43,60,103,5593,6277,11870,17,30,47,1526,1980,3506,18,28,46,1561,2038,3599,8,9,17,1550,2081,3631,25,27,52,1583,2117,3700,4,3,7,334,580,914,6,10,16,344,593,937,156,181,337,23124,23983,47107,777,723,1500,24057,24887,48944,0,0,0,0,0,0,0,0,0,0,0,0,64,59,123,12254,13478,25732,588,625,1213,12906,14162,27068,220,240,460,35378,37461,72839,1365,1348,2713,36963,39049,76012,0,4,4,232,602,834,10,18,28,242,624,866
LGA14200,2032,4040,31,16,47,2141,2143,4284,58,54,112,695,702,1397,6,12,18,759,768,1527,49,42,91,607,494,1101,7,15,22,663,551,1214,10,0,10,25,25,50,0,0,0,35,25,60,467,435,902,6118,6421,12539,246,205,451,6831,7061,13892,0,0,0,5,3,8,4,0,4,9,3,12,42,29,71,359,426,785,16,10,26,417,465,882,509,464,973,6482,6850,13332,266,215,481,7257,7529,14786,3,4,7,82,150,232,9,0,9,94,154,248
LGA14250,124,292,0,0,0,171,131,302,3,4,7,71,53,124,3,0,3,77,57,134,3,0,3,81,42,123,3,0,3,87,42,129,0,3,3,4,3,7,0,0,0,4,6,10,22,19,41,623,559,1182,36,25,61,681,603,1284,0,0,0,0,0,0,0,0,0,0,0,0,0,0,0,17,16,33,4,0,4,21,16,37,22,19,41,640,575,1215,40,25,65,702,619,1321,0,0,0,13,3,16,3,0,3,16,3,19
LGA14300,650,1379,5,6,11,762,680,1442,7,6,13,248,210,458,3,3,6,258,219,477,6,9,15,154,132,286,4,3,7,164,144,308,0,0,0,3,3,6,0,0,0,3,3,6,78,98,176,2144,2123,4267,115,88,203,2337,2309,4646,0,0,0,0,0,0,0,0,0,0,0,0,6,3,9,34,47,81,4,3,7,44,53,97,84,101,185,2178,2170,4348,119,91,210,2381,2362,4743,189,0,189,562,20,582,4,6,10,755,26,781
LGA14350,3724,7298,39,36,75,3876,4065,7941,160,198,358,1354,1254,2608,14,17,31,1528,1469,2997,117,105,222,990,888,1878,14,14,28,1121,1007,2128,16,14,30,50,31,81,0,0,0,66,45,111,1145,1268,2413,9878,10043,19921,465,450,915,11488,11761,23249,0,0,0,30,21,51,6,5,11,36,26,62,133,139,272,846,889,1735,64,57,121,1043,1085,2128,1278,1407,2685,10754,10953,21707,535,512,1047,12567,12872,25439,179,23,202,436,239,675,27,53,80,642,315,957
LGA14400,2610,4973,22,25,47,2415,2670,5085,10,9,19,604,737,1341,6,10,16,620,756,1376,4,6,10,356,344,700,3,6,9,363,356,719,0,0,0,20,19,39,0,3,3,20,22,42,111,118,229,7614,7861,15475,232,189,421,7957,8168,16125,0,0,0,0,0,0,0,0,0,0,0,0,23,19,42,1051,1224,2275,30,48,78,1104,1291,2395,134,137,271,8665,9085,17750,262,237,499,9061,9459,18520,0,0,0,75,187,262,0,4,4,75,191,266
LGA14450,3865,7252,40,42,82,3446,3930,7376,7,5,12,896,1076,1972,10,11,21,913,1092,2005,0,8,8,986,1302,2288,11,15,26,997,1325,2322,0,0,0,212,365,577,3,3,6,215,368,583,58,72,130,15947,16264,32211,518,472,990,16523,16808,33331,0,0,0,0,0,0,0,0,0,0,0,0,43,43,86,9193,10182,19375,513,499,1012,9749,10724,20473,101,115,216,25140,26446,51586,1031,971,2002,26272,27532,53804,0,0,0,132,259,391,10,11,21,142,270,412
LGA14500,5896,9554,33,44,77,3697,5952,9649,3,0,3,1278,1606,2884,6,14,20,1287,1620,2907,4,0,4,581,730,1311,3,11,14,588,741,1329,0,0,0,70,143,213,3,0,3,73,143,216,54,50,104,41624,43909,85533,1092,1091,2183,42770,45050,87820,0,0,0,0,0,0,0,0,0,0,0,0,8,7,15,6404,8071,14475,339,442,781,6751,8520,15271,62,57,119,48028,51980,100008,1431,1533,2964,49521,53570,103091,3,19,22,363,1168,1531,81,195,276,447,1382,1829
LGA14550,1204,2436,15,12,27,1300,1268,2568,19,29,48,416,354,770,7,10,17,442,393,835,25,9,34,361,262,623,0,7,7,386,278,664,0,0,0,9,12,21,0,0,0,9,12,21,199,207,406,3783,3779,7562,175,183,358,4157,4169,8326,3,0,3,9,6,15,0,0,0,12,6,18,25,15,40,86,91,177,10,8,18,121,114,235,227,222,449,3878,3876,7754,185,191,376,4290,4289,8579,0,0,0,34,58,92,5,0,5,39,58,97
LGA14600,668,1425,7,4,11,872,778,1650,45,52,97,265,204,469,3,3,6,313,259,572,64,48,112,238,166,404,0,5,5,302,219,521,8,3,11,25,10,35,3,0,3,36,13,49,437,500,937,2387,2301,4688,119,97,216,2943,2898,5841,0,0,0,3,3,6,0,0,0,3,3,6,24,22,46,40,51,91,6,5,11,70,78,148,461,522,983,2430,2355,4785,125,102,227,3016,2979,5995,6,3,9,28,47,75,0,4,4,34,54,88
LGA14650,26149,51160,251,210,461,25899,27063,52962,269,315,584,7944,8931,16875,81,123,204,8294,9369,17663,154,111,265,4179,4534,8713,59,76,135,4392,4721,9113,9,14,23,262,181,443,5,9,14,276,204,480,2274,2465,4739,74648,77206,151854,2182,2119,4301,79104,81790,160894,0,0,0,7,7,14,3,0,3,10,7,17,233,278,511,6598,8270,14868,351,344,695,7182,8892,16074,2507,2743,5250,81253,85483,166736,2536,2463,4999,86296,90689,176985,25,21,46,895,1520,2415,78,147,225,998,1688,2686
LGA14700,1509,2635,6,14,20,1139,1531,2670,0,0,0,334,365,699,4,8,12,338,373,711,0,3,3,177,268,445,4,0,4,181,271,452,0,0,0,33,36,69,3,0,3,36,36,72,7,21,28,8603,8810,17413,179,224,403,8789,9055,17844,0,0,0,0,0,0,0,0,0,0,0,0,13,24,37,5233,5980,11213,256,284,540,5502,6288,11790,20,45,65,13836,14790,28626,435,508,943,14291,15343,29634,7,0,7,212,243,455,20,32,52,239,275,514
LGA14750,1480,2928,12,13,25,1517,1577,3094,28,25,53,462,415,877,8,5,13,498,445,943,23,19,42,409,311,720,3,10,13,435,340,775,0,0,0,19,27,46,3,3,6,22,30,52,255,318,573,4018,4028,8046,185,260,445,4458,4606,9064,0,0,0,3,3,6,0,0,0,3,3,6,15,14,29,290,326,616,63,51,114,368,391,759,270,332,602,4311,4357,8668,248,311,559,4829,5000,9829,5,9,14,259,316,575,9,12,21,273,337,610
LGA14800,2385,4563,20,26,46,2243,2465,4708,15,30,45,561,594,1155,8,9,17,584,633,1217,12,8,20,585,706,1291,4,7,11,601,721,1322,0,4,4,83,132,215,3,0,3,86,136,222,81,85,166,8926,9859,18785,348,317,665,9355,10261,19616,0,0,0,0,3,3,0,0,0,0,3,3,128,171,299,12516,14476,26992,863,886,1749,13507,15533,29040,209,256,465,21442,24338,45780,1211,1203,2414,22862,25797,48659,14,5,19,494,420,914,61,42,103,569,467,1036
LGA14850,5384,10378,42,39,81,5201,5612,10813,94,95,189,1444,1430,2874,17,18,35,1555,1543,3098,44,52,96,1051,1042,2093,21,24,45,1116,1118,2234,5,5,10,61,43,104,3,0,3,69,48,117,751,770,1521,16050,16884,32934,582,552,1134,17383,18206,35589,3,0,3,26,14,40,3,7,10,32,21,53,110,131,241,1666,1858,3524,101,109,210,1877,2098,3975,864,901,1765,17742,18756,36498,686,668,1354,19292,20325,39617,14,11,25,341,437,778,53,42,95,408,490,898
LGA14870,2683,5706,36,26,62,3151,2803,5954,40,47,87,854,961,1815,10,13,23,904,1021,1925,31,26,57,638,584,1222,8,12,20,677,622,1299,3,0,3,27,13,40,0,0,0,30,13,43,368,364,732,7823,7905,15728,423,369,792,8614,8638,17252,0,0,0,3,3,6,0,0,0,3,3,6,38,28,66,537,493,1030,35,38,73,610,559,1169,406,392,798,8363,8401,16764,458,407,865,9227,9200,18427,59,0,59,372,114,486,21,40,61,452,154,606
LGA14900,14086,29240,186,157,343,15587,14529,30116,130,158,288,4110,4291,8401,53,67,120,4293,4516,8809,78,75,153,4105,5065,9170,57,78,135,4240,5218,9458,8,11,19,1284,1893,3177,18,34,52,1310,1938,3248,1013,1058,2071,64345,65422,129767,3403,3345,6748,68761,69825,138586,0,0,0,4,3,7,0,0,0,4,3,7,196,245,441,15397,16319,31716,1655,1591,3246,17248,18155,35403,1209,1303,2512,79746,81744,161490,5058,4936,9994,86013,87983,173996,8,12,20,868,739,1607,75,56,131,951,807,1758
LGA14920,927,1925,12,11,23,1092,1028,2120,47,49,96,333,311,644,6,0,6,386,360,746,35,25,60,286,206,492,6,4,10,327,235,562,5,0,5,12,11,23,0,0,0,17,11,28,350,371,721,2893,2840,5733,131,116,247,3374,3327,6701,0,0,0,3,3,6,0,0,0,3,3,6,18,15,33,68,66,134,0,8,8,86,89,175,368,386,754,2964,2909,5873,131,124,255,3463,3419,6882,3,4,7,36,43,79,3,0,3,42,47,89
LGA14950,377,832,5,3,8,467,387,854,10,3,13,134,111,245,3,0,3,147,114,261,0,3,3,132,87,219,3,0,3,135,90,225,0,0,0,0,0,0,0,3,3,0,3,3,38,28,66,1302,1230,2532,50,38,88,1390,1296,2686,0,0,0,0,3,3,0,0,0,0,3,3,3,0,3,18,13,31,0,0,0,21,13,34,41,28,69,1320,1246,2566,50,38,88,1411,1312,2723,0,0,0,13,44,57,0,0,0,13,44,57
LGA15050,8948,18010,78,72,150,9363,9297,18660,117,128,245,2485,2911,5396,38,27,65,2640,3066,5706,66,65,131,1372,1539,2911,15,28,43,1453,1632,3085,4,0,4,60,53,113,3,0,3,67,53,120,974,1047,2021,27083,28260,55343,938,957,1895,28995,30264,59259,0,0,0,0,3,3,0,0,0,0,3,3,88,131,219,2037,2320,4357,161,134,295,2286,2585,4871,1062,1178,2240,29120,30583,59703,1099,1091,2190,31281,32852,64133,4,3,7,167,304,471,34,26,60,205,333,538
LGA15150,2274,3925,21,23,44,1679,2310,3989,6,4,10,440,520,960,3,7,10,449,531,980,8,0,8,206,262,468,3,8,11,217,270,487,0,0,0,28,23,51,3,0,3,31,23,54,23,22,45,8798,9135,17933,282,322,604,9103,9479,18582,0,0,0,0,0,0,0,0,0,0,0,0,35,21,56,8365,9081,17446,789,706,1495,9189,9808,18997,58,43,101,17163,18216,35379,1071,1028,2099,18292,19287,37579,3,0,3,120,155,275,25,11,36,148,166,314
LGA15200,3396,7074,48,35,83,3848,3548,7396,42,66,108,916,828,1744,9,10,19,967,904,1871,27,41,68,1684,2030,3714,27,36,63,1738,2107,3845,7,3,10,478,745,1223,4,8,12,489,756,1245,222,245,467,12969,13506,26475,700,699,1399,13891,14450,28341,0,0,0,7,3,10,0,3,3,7,6,13,230,301,531,19111,20211,39322,1796,1470,3266,21137,21982,43119,452,546,998,32087,33720,65807,2496,2172,4668,35035,36438,71473,26,13,39,970,580,1550,199,81,280,1195,674,1869
LGA15270,2799,5783,27,31,58,3136,2908,6044,46,39,85,952,891,1843,12,8,20,1010,938,1948,33,19,52,694,594,1288,22,12,34,749,625,1374,0,0,0,40,38,78,4,0,4,44,38,82,397,367,764,8778,8751,17529,546,390,936,9721,9508,19229,0,0,0,16,4,20,0,0,0,16,4,20,16,31,47,499,527,1026,68,42,110,583,600,1183,413,398,811,9293,9282,18575,614,432,1046,10320,10112,20432,3,0,3,105,171,276,30,27,57,138,198,336
LGA15300,1159,2558,19,15,34,1687,1483,3170,188,183,371,385,295,680,6,3,9,579,481,1060,133,130,263,382,247,629,7,7,14,522,384,906,5,7,12,27,16,43,0,0,0,32,23,55,1041,1212,2253,4155,3935,8090,369,333,702,5565,5480,11045,0,0,0,3,0,3,0,0,0,3,0,3,133,132,265,351,321,672,96,90,186,580,543,1123,1174,1344,2518,4509,4256,8765,465,423,888,6148,6023,12171,12,11,23,80,71,151,16,3,19,108,85,193
LGA15350,1374,2116,5,18,23,747,1395,2142,3,0,3,224,317,541,0,3,3,227,320,547,0,0,0,94,128,222,0,0,0,94,128,222,0,0,0,8,18,26,0,0,0,8,18,26,5,0,5,5940,6378,12318,295,307,602,6240,6685,12925,0,0,0,0,0,0,0,0,0,0,0,0,10,9,19,5168,6478,11646,547,558,1105,5725,7045,12770,15,9,24,11108,12856,23964,842,865,1707,11965,13730,25695,0,0,0,123,213,336,12,12,24,135,225,360
LGA15500,612,1307,8,9,17,723,641,1364,16,18,34,381,268,649,3,3,6,400,289,689,21,9,30,266,263,529,0,3,3,287,275,562,0,3,3,10,10,20,0,0,0,10,13,23,96,113,209,2655,2656,5311,112,91,203,2863,2860,5723,0,0,0,0,3,3,0,0,0,0,3,3,0,6,6,218,235,453,25,13,38,243,254,497,96,119,215,2873,2894,5767,137,104,241,3106,3117,6223,0,4,4,44,60,104,4,0,4,48,64,112
LGA15550,227,509,6,3,9,316,259,575,11,10,21,115,86,201,0,3,3,126,99,225,14,10,24,77,44,121,0,3,3,91,57,148,0,0,0,5,4,9,0,0,0,5,4,9,109,86,195,893,789,1682,61,63,124,1063,938,2001,0,0,0,4,0,4,0,0,0,4,0,4,7,8,15,35,37,72,0,3,3,42,48,90,116,94,210,932,826,1758,61,66,127,1109,986,2095,0,0,0,9,12,21,0,0,0,9,12,21
LGA15650,1873,4101,21,17,38,2348,1990,4338,32,43,75,662,588,1250,11,9,20,705,640,1345,17,14,31,419,339,758,8,4,12,444,357,801,0,0,0,15,12,27,0,0,0,15,12,27,327,373,700,6103,5917,12020,380,365,745,6810,6655,13465,0,0,0,0,3,3,0,0,0,0,3,3,23,22,45,451,403,854,66,37,103,540,462,1002,350,395,745,6554,6323,12877,446,402,848,7350,7120,14470,50,0,50,359,130,489,8,4,12,417,134,551
LGA15700,2574,5018,20,21,41,2592,2728,5320,73,81,154,902,933,1835,11,10,21,986,1024,2010,50,57,107,656,607,1263,8,10,18,714,674,1388,4,3,7,33,14,47,0,0,0,37,17,54,538,575,1113,6792,7181,13973,273,251,524,7603,8007,15610,0,0,0,8,3,11,0,0,0,8,3,11,73,71,144,697,718,1415,38,42,80,808,831,1639,611,646,1257,7497,7902,15399,311,293,604,8419,8841,17260,0,4,4,74,133,207,0,3,3,74,140,214
LGA15750,1447,3058,21,10,31,1741,1627,3368,76,87,163,543,482,1025,7,10,17,626,579,1205,49,48,97,419,270,689,4,6,10,472,324,796,7,4,11,13,8,21,0,0,0,20,12,32,534,588,1122,4803,4724,9527,233,251,484,5570,5563,11133,0,0,0,6,4,10,0,0,0,6,4,10,69,69,138,280,284,564,30,19,49,379,372,751,603,657,1260,5089,5012,10101,263,270,533,5955,5939,11894,6,4,10,68,78,146,14,7,21,88,89,177
LGA15800,700,1436,11,9,20,791,757,1548,37,44,81,246,210,456,7,3,10,290,257,547,30,21,51,229,176,405,3,3,6,262,200,462,3,3,6,0,3,3,3,0,3,6,6,12,244,266,510,2179,2215,4394,133,156,289,2556,2637,5193,0,0,0,0,0,0,0,0,0,0,0,0,11,17,28,74,76,150,16,17,33,101,110,211,255,283,538,2253,2291,4544,149,173,322,2657,2747,5404,4,0,4,48,55,103,6,7,13,58,62,120
LGA15850,650,1412,4,7,11,883,785,1668,53,62,115,232,202,434,5,4,9,290,268,558,53,48,101,185,141,326,4,3,7,242,192,434,4,0,4,6,7,13,3,0,3,13,7,20,518,616,1134,2245,2212,4457,125,104,229,2888,2932,5820,0,0,0,0,0,0,0,0,0,0,0,0,31,34,65,89,77,166,9,5,14,129,116,245,549,650,1199,2334,2289,4623,134,109,243,3017,3048,6065,0,0,0,29,38,67,0,5,5,29,43,72
LGA15900,16080,31678,135,130,265,16143,16655,32798,199,200,399,4771,5535,10306,51,73,124,5021,5808,10829,99,91,190,2728,3295,6023,33,56,89,2860,3442,6302,14,8,22,385,462,847,14,18,32,413,488,901,1364,1376,2740,51025,52848,103873,1854,1709,3563,54243,55933,110176,0,0,0,5,4,9,0,0,0,5,4,9,432,457,889,12009,12746,24755,914,784,1698,13355,13987,27342,1796,1833,3629,63039,65598,128637,2768,2493,5261,67603,69924,137527,40,21,61,1384,1858,3242,170,182,352,1594,2061,3655
LGA15950,2544,4306,16,12,28,1786,2563,4349,3,3,6,395,480,875,3,6,9,401,489,890,0,0,0,212,266,478,5,7,12,217,273,490,0,0,0,47,62,109,3,3,6,50,65,115,8,6,14,4853,5299,10152,246,255,501,5107,5560,10667,0,0,0,0,0,0,0,0,0,0,0,0,56,45,101,20331,23129,43460,2136,2072,4208,22523,25246,47769,64,51,115,25184,28428,53612,2382,2327,4709,27630,30806,58436,5,0,5,446,345,791,68,25,93,519,370,889
LGA16100,641,1406,4,4,8,788,659,1447,6,9,15,212,177,389,7,4,11,225,190,415,7,6,13,151,109,260,3,3,6,161,118,279,0,0,0,15,11,26,0,0,0,15,11,26,69,55,124,2149,2043,4192,75,73,148,2293,2171,4464,0,0,0,0,0,0,0,0,0,0,0,0,7,3,10,77,43,120,3,5,8,87,51,138,76,58,134,2226,2086,4312,78,78,156,2380,2222,4602,15,0,15,107,20,127,0,0,0,122,20,142
LGA16150,4426,8723,39,34,73,4521,4655,9176,75,104,179,1238,1345,2583,10,15,25,1323,1464,2787,80,62,142,931,905,1836,13,12,25,1024,979,2003,8,6,14,104,94,198,5,3,8,117,103,220,833,861,1694,14016,14879,28895,655,652,1307,15504,16392,31896,0,0,0,0,3,3,3,0,3,3,3,6,103,92,195,1194,1373,2567,147,101,248,1444,1566,3010,936,953,1889,15210,16255,31465,805,753,1558,16951,17961,34912,14,27,41,404,524,928,82,22,104,500,573,1073
LGA16180,1183,2469,13,11,24,1318,1213,2531,6,13,19,383,287,670,4,0,4,393,300,693,3,0,3,231,160,391,3,3,6,237,163,400,0,0,0,11,17,28,0,0,0,11,17,28,99,101,200,5955,5995,11950,323,315,638,6377,6411,12788,0,0,0,16,14,30,0,0,0,16,14,30,0,6,6,218,185,403,32,6,38,250,197,447,99,107,206,6189,6194,12383,355,321,676,6643,6622,13265,4,3,7,50,66,116,24,22,46,78,91,169
LGA16200,1774,3594,15,17,32,1948,1921,3869,50,54,104,571,560,1131,5,12,17,626,626,1252,52,33,85,500,431,931,3,3,6,555,467,1022,6,3,9,18,19,37,0,0,0,24,22,46,532,551,1083,5442,5632,11074,337,321,658,6311,6504,12815,0,0,0,0,0,0,0,0,0,0,0,0,23,17,40,271,312,583,25,26,51,319,355,674,555,568,1123,5713,5944,11657,362,347,709,6630,6859,13489,0,3,3,71,123,194,6,7,13,77,133,210
LGA16250,11200,21920,126,113,239,10987,11440,22427,62,70,132,3039,3301,6340,38,40,78,3139,3411,6550,53,43,96,2800,3447,6247,48,46,94,2901,3536,6437,6,3,9,1137,1432,2569,21,23,44,1164,1458,2622,386,391,777,43617,44424,88041,2189,1998,4187,46192,46813,93005,0,0,0,12,5,17,0,0,0,12,5,17,246,225,471,30225,30294,60519,2439,2052,4491,32910,32571,65481,632,616,1248,73854,74723,148577,4628,4050,8678,79114,79389,158503,76,15,91,1730,1659,3389,176,149,325,1982,1823,3805
LGA16350,21839,43914,189,165,354,22826,22571,45397,226,244,470,5726,5718,11444,53,90,143,6005,6052,12057,133,145,278,3385,3635,7020,56,60,116,3574,3840,7414,11,5,16,301,437,738,12,13,25,324,455,779,2045,2148,4193,68193,69567,137760,2625,2470,5095,72863,74185,147048,0,0,0,15,5,20,0,0,0,15,5,20,379,425,804,10116,11483,21599,740,730,1470,11235,12638,23873,2424,2573,4997,78324,81055,159379,3365,3200,6565,84113,86828,170941,113,87,200,835,999,1834,79,95,174,1027,1181,2208
LGA16370,5114,9492,30,56,86,4440,5192,9632,6,4,10,1063,1136,2199,6,11,17,1075,1151,2226,6,5,11,468,476,944,10,12,22,484,493,977,0,0,0,36,50,86,3,0,3,39,50,89,99,83,182,20298,20775,41073,755,710,1465,21152,21568,42720,0,0,0,3,0,3,0,0,0,3,0,3,24,27,51,4711,5465,10176,256,229,485,4991,5721,10712,123,110,233,25012,26240,51252,1011,939,1950,26146,27289,53435,0,0,0,188,528,716,4,16,20,192,544,736
LGA16380,10351,19407,82,87,169,9400,10722,20122,106,111,217,3089,3418,6507,29,48,77,3224,3577,6801,70,61,131,1958,1839,3797,30,28,58,2058,1928,3986,6,0,6,60,57,117,3,4,7,69,61,130,921,949,1870,25087,26767,51854,876,840,1716,26884,28556,55440,0,0,0,6,3,9,3,3,6,9,6,15,199,198,397,4863,5940,10803,326,279,605,5388,6417,11805,1120,1147,2267,29956,32710,62666,1205,1122,2327,32281,34979,67260,10,16,26,292,591,883,51,110,161,353,717,1070
LGA16400,8999,17637,78,84,162,8978,9328,18306,114,151,265,2662,2857,5519,30,28,58,2806,3036,5842,70,56,126,1411,1358,2769,24,27,51,1505,1441,2946,4,0,4,87,67,154,5,4,9,96,71,167,937,1023,1960,23704,24535,48239,1008,988,1996,25649,26546,52195,0,0,0,21,12,33,3,0,3,24,12,36,114,121,235,3455,3819,7274,334,280,614,3903,4220,8123,1051,1144,2195,27180,28366,55546,1345,1268,2613,29576,30778,60354,0,0,0,264,233,497,97,127,224,361,360,721
LGA16470,3282,6588,32,23,55,3431,3427,6858,56,50,106,861,837,1698,7,12,19,924,899,1823,28,30,58,694,770,1464,8,9,17,730,809,1539,4,3,7,65,93,158,3,3,6,72,99,171,420,436,856,12685,13068,25753,472,444,916,13577,13948,27525,0,0,0,4,0,4,0,0,0,4,0,4,112,110,222,3888,3736,7624,375,234,609,4375,4080,8455,532,546,1078,16577,16804,33381,847,678,1525,17956,18028,35984,5,0,5,138,172,310,22,11,33,165,183,348
LGA16550,6983,13170,69,82,151,6389,7252,13641,55,89,144,1644,1888,3532,17,33,50,1716,2010,3726,48,58,106,1615,2147,3762,25,35,60,1688,2240,3928,5,7,12,282,449,731,5,9,14,292,465,757,322,351,673,20288,21080,41368,964,980,1944,21574,22411,43985,0,0,0,0,0,0,3,0,3,3,0,3,367,476,843,32345,35310,67655,3188,2929,6117,35900,38715,74615,689,827,1516,52633,56390,109023,4155,3909,8064,57477,61126,118603,217,30,247,2923,1943,4866,247,173,420,3387,2146,5533
LGA16610,3047,6061,31,27,58,3177,3235,6412,73,79,152,1055,982,2037,21,12,33,1149,1073,2222,49,48,97,880,780,1660,15,15,30,944,843,1787,8,4,12,31,19,50,0,0,0,39,23,62,565,612,1177,8178,8364,16542,354,339,693,9097,9315,18412,0,0,0,4,3,7,0,0,0,4,3,7,80,95,175,928,1021,1949,61,51,112,1069,1167,2236,645,707,1352,9110,9388,18498,415,390,805,10170,10485,20655,0,3,3,100,126,226,7,3,10,107,132,239
LGA16650,6765,13120,68,79,147,6481,6911,13392,18,16,34,1676,1934,3610,18,26,44,1712,1976,3688,6,10,16,2377,3261,5638,32,39,71,2415,3310,5725,0,0,0,587,902,1489,9,14,23,596,916,1512,173,158,331,24268,24932,49200,1196,1132,2328,25637,26222,51859,0,0,0,0,3,3,0,0,0,0,3,3,105,103,208,18785,19431,38216,1689,1458,3147,20579,20992,41571,278,261,539,43053,44366,87419,2885,2590,5475,46216,47217,93433,3,0,3,495,786,1281,21,38,59,519,824,1343
LGA16700,6560,12234,51,50,101,5760,6649,12409,8,10,18,1504,1919,3423,24,30,54,1536,1959,3495,7,9,16,1469,1881,3350,23,26,49,1499,1916,3415,0,4,4,366,506,872,5,0,5,371,510,881,83,96,179,28220,29241,57461,909,895,1804,29212,30232,59444,0,0,0,0,0,0,0,0,0,0,0,0,63,66,129,17027,19048,36075,932,860,1792,18022,19974,37996,146,162,308,45247,48289,93536,1841,1755,3596,47234,50206,97440,9,9,18,877,1106,1983,197,230,427,1083,1345,2428
LGA16900,9102,17833,96,79,175,9043,9387,18430,95,91,186,2375,2683,5058,20,34,54,2490,2808,5298,54,45,99,1611,1762,3373,23,24,47,1688,1831,3519,6,5,11,140,181,321,7,4,11,153,190,343,822,805,1627,24703,25426,50129,749,743,1492,26274,26974,53248,0,0,0,0,0,0,0,0,0,0,0,0,101,120,221,3091,3703,6794,158,176,334,3350,3999,7349,923,925,1848,27794,29129,56923,907,919,1826,29624,30973,60597,3,3,6,155,304,459,3,7,10,161,314,475
LGA16950,12687,24604,95,109,204,12458,13249,25707,239,253,492,4160,4298,8458,27,55,82,4426,4606,9032,146,129,275,2609,2408,5017,38,35,73,2793,2572,5365,13,7,20,105,86,191,4,7,11,122,100,222,1751,1882,3633,34730,36232,70962,1737,1723,3460,38218,39837,78055,0,0,0,6,8,14,0,0,0,6,8,14,169,176,345,2654,3144,5798,253,253,506,3076,3573,6649,1920,2058,3978,37390,39384,76774,1990,1976,3966,41300,43418,84718,100,15,115,842,712,1554,158,132,290,1100,859,1959
LGA17000,2954,6277,24,22,46,3444,3064,6508,51,37,88,844,831,1675,6,9,15,901,877,1778,25,20,45,493,396,889,9,9,18,527,425,952,0,5,5,31,21,52,4,0,4,35,26,61,364,377,741,9239,8886,18125,381,323,704,9984,9586,19570,0,0,0,6,7,13,0,0,0,6,7,13,26,38,64,726,724,1450,51,41,92,803,803,1606,390,415,805,9971,9617,19588,432,364,796,10793,10396,21189,7,3,10,259,139,398,16,9,25,282,151,433
LGA17050,621,1456,0,8,8,851,636,1487,0,0,0,201,161,362,4,0,4,205,161,366,0,4,4,118,81,199,0,0,0,118,85,203,0,0,0,9,6,15,3,0,3,12,6,18,23,23,46,2213,2092,4305,215,158,373,2451,2273,4724,0,0,0,3,0,3,0,0,0,3,0,3,9,6,15,560,512,1072,113,73,186,682,591,1273,32,29,61,2776,2604,5380,328,231,559,3136,2864,6000,11,0,11,320,191,511,87,59,146,418,250,668
LGA17100,1626,3070,20,19,39,1475,1658,3133,4,3,7,438,448,886,9,3,12,451,454,905,3,0,3,461,647,1108,5,10,15,469,657,1126,0,0,0,155,270,425,5,3,8,160,273,433,30,19,49,8538,8726,17264,461,454,915,9029,9199,18228,0,0,0,0,0,0,0,0,0,0,0,0,24,19,43,7110,6942,14052,799,711,1510,7933,7672,15605,54,38,92,15648,15668,31316,1260,1165,2425,16962,16871,33833,3,3,6,217,225,442,7,12,19,227,240,467
LGA17150,23570,45476,169,187,356,22273,23944,46217,61,58,119,4646,5845,10491,25,71,96,4732,5974,10706,36,32,68,2270,2808,5078,33,60,93,2339,2900,5239,5,3,8,232,293,525,10,9,19,247,305,552,596,563,1159,73037,74574,147611,1818,1754,3572,75451,76891,152342,0,0,0,3,4,7,0,0,0,3,4,7,257,229,486,21450,24591,46041,1439,1308,2747,23146,26128,49274,853,792,1645,94490,99169,193659,3257,3062,6319,98600,103023,201623,18,5,23,464,1211,1675,27,30,57,509,1246,1755
LGA17200,5106,11063,66,73,139,6235,5395,11630,87,100,187,1397,1205,2602,20,17,37,1504,1322,2826,84,84,168,1392,1475,2867,38,28,66,1514,1587,3101,12,9,21,484,643,1127,16,10,26,512,662,1174,52,62,114,3620,3584,7204,319,282,601,3991,3928,7919,0,0,0,0,0,0,3,0,3,3,0,3,858,875,1733,65988,60031,126019,10373,8198,18571,77219,69104,146323,910,937,1847,69608,63615,133223,10695,8480,19175,81213,73032,154245,67,64,131,3118,2462,5580,913,563,1476,4098,3089,7187
LGA17310,7049,13927,59,79,138,7403,7642,15045,235,235,470,2215,2160,4375,24,29,53,2474,2424,4898,162,132,294,1476,1292,2768,21,30,51,1659,1454,3113,9,6,15,77,59,136,3,0,3,89,65,154,1878,2111,3989,20165,21524,41689,852,943,1795,22895,24578,47473,3,0,3,14,12,26,0,0,0,17,12,29,190,162,352,1709,1878,3587,146,139,285,2045,2179,4224,2071,2273,4344,21888,23414,45302,998,1082,2080,24957,26769,51726,80,9,89,568,417,985,60,72,132,708,498,1206
LGA17350,852,1709,12,8,20,878,875,1753,9,3,12,307,260,567,0,10,10,316,273,589,8,10,18,232,217,449,5,0,5,245,227,472,0,0,0,3,0,3,0,3,3,3,3,6,43,42,85,2431,2439,4870,74,78,152,2548,2559,5107,0,0,0,10,9,19,0,0,0,10,9,19,3,4,7,87,99,186,7,7,14,97,110,207,46,46,92,2528,2547,5075,81,85,166,2655,2678,5333,0,0,0,31,53,84,0,3,3,31,56,87
LGA17400,898,1764,7,9,16,914,958,1872,28,22,50,279,261,540,4,0,4,311,283,594,29,26,55,249,203,452,5,5,10,283,234,517,4,0,4,12,9,21,0,0,0,16,9,25,190,222,412,2548,2568,5116,161,134,295,2899,2924,5823,3,0,3,17,15,32,5,0,5,25,15,40,16,10,26,107,134,241,16,7,23,139,151,290,209,232,441,2672,2717,5389,182,141,323,3063,3090,6153,0,0,0,39,63,102,3,5,8,42,68,110
LGA17420,14116,26720,97,128,225,12776,14327,27103,21,23,44,3073,3258,6331,25,38,63,3119,3319,6438,3,15,18,1558,1879,3437,18,21,39,1579,1915,3494,0,0,0,264,381,645,8,5,13,272,386,658,249,270,519,69541,70564,140105,1715,1669,3384,71505,72503,144008,0,0,0,8,11,19,0,0,0,8,11,19,34,35,69,8742,10093,18835,396,408,804,9172,10536,19708,283,305,588,78291,80668,158959,2111,2077,4188,80685,83050,163735,9,4,13,510,544,1054,26,19,45,545,567,1112
LGA17450,382,813,9,9,18,447,395,842,3,4,7,158,134,292,0,0,0,161,138,299,3,0,3,134,82,216,0,3,3,137,85,222,0,3,3,11,7,18,0,0,0,11,10,21,31,23,54,1375,1339,2714,65,59,124,1471,1421,2892,0,0,0,3,3,6,0,0,0,3,3,6,0,3,3,34,20,54,9,3,12,43,26,69,31,26,57,1412,1362,2774,74,62,136,1517,1450,2967,21,0,21,118,19,137,0,0,0,139,19,158
LGA17500,1408,2912,10,10,20,1555,1471,3026,20,33,53,534,466,1000,8,0,8,562,499,1061,13,17,30,397,329,726,3,0,3,413,346,759,0,4,4,16,14,30,0,0,0,16,18,34,177,262,439,4501,4327,8828,156,156,312,4834,4745,9579,0,0,0,0,0,0,0,0,0,0,0,0,12,14,26,247,207,454,21,24,45,280,245,525,189,276,465,4748,4534,9282,177,180,357,5114,4990,10104,0,0,0,54,91,145,5,0,5,59,91,150
LGA17550,11251,21455,105,116,221,10594,11679,22273,137,116,253,3050,3365,6415,46,50,96,3233,3531,6764,83,86,169,2218,2333,4551,37,55,92,2338,2474,4812,8,3,11,95,75,170,4,3,7,107,81,188,1022,1021,2043,25767,27266,53033,1070,1114,2184,27859,29401,57260,0,0,0,16,8,24,4,0,4,20,8,28,369,371,740,9254,10738,19992,610,624,1234,10233,11733,21966,1391,1392,2783,35037,38012,73049,1684,1738,3422,38112,41142,79254,6,15,21,481,861,1342,26,47,73,513,923,1436
LGA17620,1691,3606,15,16,31,1997,1759,3756,24,20,44,598,539,1137,5,9,14,627,568,1195,27,7,34,470,346,816,13,7,20,510,360,870,0,0,0,24,8,32,0,0,0,24,8,32,247,238,485,5576,5586,11162,208,247,455,6031,6071,12102,0,0,0,5,0,5,3,0,3,8,0,8,9,6,15,297,297,594,26,16,42,332,319,651,256,244,500,5878,5883,11761,237,263,500,6371,6390,12761,3,6,9,77,123,200,11,0,11,91,129,220
LGA17640,907,1922,12,7,19,1041,931,1972,4,9,13,321,270,591,4,3,7,329,282,611,6,0,6,294,225,519,8,6,14,308,231,539,3,0,3,12,8,20,0,0,0,15,8,23,53,62,115,3059,3054,6113,131,124,255,3243,3240,6483,0,0,0,3,0,3,3,3,6,6,3,9,0,0,0,61,74,135,4,4,8,65,78,143,53,62,115,3123,3128,6251,138,131,269,3314,3321,6635,0,0,0,28,48,76,0,3,3,28,51,79
LGA17650,744,1480,12,0,12,780,784,1564,23,18,41,238,188,426,0,0,0,261,206,467,27,11,38,176,125,301,3,3,6,206,139,345,0,0,0,9,8,17,3,0,3,12,8,20,138,162,300,2412,2478,4890,102,79,181,2652,2719,5371,0,3,3,0,3,3,0,0,0,0,6,6,19,9,28,62,66,128,7,0,7,88,75,163,157,174,331,2474,2547,5021,109,79,188,2740,2800,5540,0,0,0,15,28,43,0,0,0,15,28,43
LGA17700,138,300,0,0,0,165,142,307,0,5,5,60,42,102,0,0,0,60,47,107,6,0,6,50,34,84,0,0,0,56,34,90,0,0,0,6,0,6,0,0,0,6,0,6,17,17,34,509,459,968,25,33,58,551,509,1060,0,0,0,0,0,0,0,0,0,0,0,0,0,0,0,6,3,9,3,0,3,9,3,12,17,17,34,515,462,977,28,33,61,560,512,1072,0,0,0,5,9,14,0,0,0,5,9,14
LGA17750,6831,13479,68,62,130,6992,7149,14141,129,163,292,1854,1881,3735,27,33,60,2010,2077,4087,87,75,162,1257,1168,2425,20,28,48,1364,1271,2635,8,5,13,62,67,129,5,3,8,75,75,150,1125,1214,2339,21928,23286,45214,590,660,1250,23643,25160,48803,0,0,0,14,13,27,0,0,0,14,13,27,92,100,192,2244,2579,4823,145,105,250,2481,2784,5265,1217,1314,2531,24186,25878,50064,735,765,1500,26138,27957,54095,29,13,42,966,889,1855,55,61,116,1050,963,2013
LGA17800,338,762,6,0,6,443,349,792,0,5,5,205,158,363,3,9,12,208,172,380,3,3,6,166,133,299,8,0,8,177,136,313,3,0,3,10,3,13,0,0,0,13,3,16,38,37,75,1589,1499,3088,120,91,211,1747,1627,3374,0,0,0,3,0,3,0,0,0,3,0,3,7,6,13,76,90,166,8,8,16,91,104,195,45,43,88,1668,1589,3257,128,99,227,1841,1731,3572,0,3,3,22,42,64,3,3,6,25,48,73
LGA17850,367,779,0,3,3,427,391,818,8,10,18,122,117,239,0,0,0,130,127,257,19,11,30,125,94,219,3,3,6,147,108,255,0,3,3,3,6,9,0,0,0,3,9,12,93,97,190,1191,1214,2405,27,25,52,1311,1336,2647,0,3,3,0,0,0,0,0,0,0,3,3,9,6,15,43,39,82,4,0,4,56,45,101,102,106,208,1234,1253,2487,31,25,56,1367,1384,2751,0,3,3,25,19,44,3,0,3,28,22,50
LGA17900,424,1063,6,6,12,822,619,1441,97,98,195,223,127,350,5,10,15,325,235,560,90,77,167,238,100,338,11,3,14,339,180,519,15,11,26,13,5,18,3,0,3,31,16,47,714,822,1536,1821,1471,3292,201,169,370,2736,2462,5198,5,4,9,35,15,50,6,3,9,46,22,68,55,45,100,240,130,370,45,12,57,340,187,527,774,871,1645,2096,1616,3712,252,184,436,3122,2671,5793,11,8,19,40,15,55,3,3,6,54,26,80
LGA17950,274,620,0,4,4,371,309,680,16,28,44,95,60,155,0,0,0,111,88,199,28,17,45,102,59,161,5,4,9,135,80,215,3,0,3,3,0,3,0,0,0,6,0,6,130,183,313,1007,979,1986,48,39,87,1185,1201,2386,0,0,0,0,0,0,0,0,0,0,0,0,15,22,37,67,46,113,4,6,10,86,74,160,145,205,350,1074,1025,2099,52,45,97,1271,1275,2546,0,0,0,16,15,31,3,0,3,19,15,34
LGA18000,11580,21916,94,105,199,10494,11733,22227,19,26,45,2488,2974,5462,25,31,56,2532,3031,5563,4,15,19,1443,1716,3159,21,23,44,1468,1754,3222,3,4,7,263,324,587,11,5,16,277,333,610,199,172,371,45379,46121,91500,1141,1114,2255,46719,47407,94126,0,0,0,0,0,0,3,0,3,3,0,3,79,105,184,17755,19525,37280,1160,1073,2233,18994,20703,39697,278,277,555,63134,65646,128780,2304,2187,4491,65716,68110,133826,4,16,20,551,1110,1661,31,34,65,586,1160,1746
LGA18020,1126,2311,17,15,32,1276,1217,2493,39,49,88,434,390,824,11,6,17,484,445,929,40,30,70,402,271,673,8,15,23,450,316,766,3,3,6,21,7,28,0,0,0,24,10,34,376,381,757,3599,3556,7155,224,205,429,4199,4142,8341,3,0,3,19,7,26,0,0,0,22,7,29,11,20,31,116,121,237,11,10,21,138,151,289,390,401,791,3734,3684,7418,235,215,450,4359,4300,8659,8,3,11,30,93,123,4,7,11,42,103,145
LGA18050,2427,4655,35,33,68,2275,2470,4745,9,0,9,588,583,1171,15,12,27,612,595,1207,3,5,8,466,604,1070,7,10,17,476,619,1095,0,3,3,73,89,162,5,3,8,78,95,173,16,19,35,7054,7294,14348,483,472,955,7553,7785,15338,0,0,0,0,0,0,0,0,0,0,0,0,92,77,169,18875,20119,38994,2842,2511,5353,21809,22707,44516,108,96,204,25929,27413,53342,3325,2983,6308,29362,30492,59854,4,11,15,363,393,756,64,62,126,431,466,897
LGA18100,493,985,3,7,10,505,506,1011,0,0,0,200,165,365,8,0,8,208,165,373,3,5,8,171,113,284,4,3,7,178,121,299,0,0,0,7,0,7,0,0,0,7,0,7,39,27,66,1567,1519,3086,58,38,96,1664,1584,3248,0,0,0,0,0,0,3,4,7,3,4,7,0,0,0,56,72,128,7,3,10,63,75,138,39,27,66,1623,1591,3214,68,45,113,1730,1663,3393,0,0,0,12,25,37,6,0,6,18,25,43
LGA18150,868,1748,13,14,27,1058,1023,2081,69,86,155,309,296,605,8,6,14,386,388,774,71,62,133,279,199,478,6,12,18,356,273,629,3,3,6,14,6,20,0,0,0,17,9,26,646,637,1283,2721,2806,5527,178,150,328,3545,3593,7138,0,0,0,4,3,7,0,0,0,4,3,7,36,27,63,100,117,217,9,16,25,145,160,305,682,664,1346,2825,2926,5751,187,166,353,3694,3756,7450,245,25,270,214,67,281,4,20,24,463,112,575
LGA18200,535,1174,8,4,12,710,597,1307,49,61,110,287,244,531,4,0,4,340,305,645,58,47,105,274,172,446,8,3,11,340,222,562,5,6,11,11,3,14,0,0,0,16,9,25,257,312,569,2520,2402,4922,154,116,270,2931,2830,5761,3,0,3,0,0,0,3,0,3,6,0,6,29,34,63,133,109,242,15,11,26,177,154,331,289,346,635,2653,2511,5164,172,127,299,3114,2984,6098,7,0,7,94,39,133,7,0,7,108,39,147
LGA18250,2925,5114,20,16,36,2220,2959,5179,3,3,6,632,806,1438,6,8,14,641,817,1458,3,3,6,532,741,1273,3,14,17,538,758,1296,0,0,0,139,223,362,0,3,3,139,226,365,30,39,69,17477,18322,35799,498,531,1029,18005,18892,36897,0,0,0,0,0,0,0,0,0,0,0,0,33,25,58,12113,13642,25755,857,807,1664,13003,14474,27477,63,64,127,29590,31964,61554,1355,1338,2693,31008,33366,64374,3,0,3,217,406,623,30,28,58,250,434,684
LGA18350,5456,10372,43,38,81,5051,5577,10628,27,35,62,1362,1441,2803,18,18,36,1407,1494,2901,20,18,38,791,763,1554,14,15,29,825,796,1621,3,0,3,46,32,78,3,0,3,52,32,84,326,370,696,17349,18675,36024,650,636,1286,18325,19681,38006,0,0,0,9,6,15,3,0,3,12,6,18,25,22,47,1183,1450,2633,74,73,147,1282,1545,2827,351,392,743,18541,20131,38672,727,709,1436,19619,21232,40851,0,21,21,305,651,956,22,78,100,327,750,1077
LGA18400,5715,12016,48,35,83,6479,5871,12350,32,33,65,1504,1446,2950,14,19,33,1550,1498,3048,21,14,35,854,733,1587,14,10,24,889,757,1646,3,3,6,52,42,94,0,3,3,55,48,103,465,500,965,18844,18868,37712,698,680,1378,20007,20048,40055,0,0,0,18,22,40,0,3,3,18,25,43,13,13,26,533,699,1232,33,34,67,579,746,1325,478,513,991,19395,19589,38984,731,717,1448,20604,20819,41423,3,3,6,70,118,188,10,20,30,83,141,224
LGA18450,21473,42771,205,189,394,21946,22122,44068,200,225,425,6041,6828,12869,68,103,171,6309,7156,13465,124,116,240,4861,5718,10579,81,117,198,5066,5951,11017,6,5,11,519,786,1305,11,18,29,536,809,1345,1460,1509,2969,66631,67836,134467,2104,2186,4290,70195,71531,141726,0,0,0,4,0,4,0,0,0,4,0,4,471,507,978,17457,18455,35912,1396,1119,2515,19324,20081,39405,1931,2016,3947,84092,86291,170383,3500,3305,6805,89523,91612,181135,26,23,49,1228,1695,2923,149,114,263,1403,1832,3235
LGA18500,1952,3261,15,26,41,1332,1987,3319,3,0,3,394,476,870,4,11,15,401,487,888,0,0,0,190,287,477,5,5,10,195,292,487,0,0,0,27,35,62,0,0,0,27,35,62,14,11,25,6957,7318,14275,576,576,1152,7547,7905,15452,0,0,0,0,0,0,0,0,0,0,0,0,26,27,53,13302,16013,29315,1919,1889,3808,15247,17929,33176,40,38,78,20259,23331,43590,2495,2465,4960,22794,25834,48628,15,11,26,433,489,922,47,35,82,495,535,1030
LGA18550,21179,40933,227,193,420,20538,22003,42541,258,266,524,6097,6972,13069,66,79,145,6421,7317,13738,141,137,278,3467,3769,7236,54,58,112,3662,3964,7626,9,5,14,231,174,405,4,9,13,244,188,432,2204,2378,4582,56251,59289,115540,2269,2185,4454,60724,63852,124576,3,0,3,6,3,9,3,0,3,12,3,15,320,316,636,6647,8236,14883,438,500,938,7405,9052,16457,2527,2694,5221,62904,67528,130432,2710,2685,5395,68141,72907,141048,12,6,18,598,1088,1686,72,81,153,682,1175,1857
LGA18710,1361,2838,14,15,29,1526,1397,2923,12,8,20,364,331,695,3,4,7,379,343,722,12,3,15,293,205,498,6,5,11,311,213,524,3,0,3,14,8,22,0,0,0,17,8,25,135,130,265,6247,6372,12619,301,317,618,6683,6819,13502,0,0,0,20,22,42,0,0,0,20,22,42,7,3,10,178,233,411,28,22,50,213,258,471,142,133,275,6445,6627,13072,329,339,668,6916,7099,14015,0,0,0,54,104,158,7,0,7,61,104,165
LGA18750,1584,3256,12,16,28,1708,1637,3345,17,20,37,505,483,988,3,6,9,525,509,1034,18,17,35,442,384,826,5,5,10,465,406,871,0,0,0,22,16,38,0,0,0,22,16,38,152,181,333,4819,5032,9851,235,261,496,5206,5474,10680,0,0,0,0,0,0,4,0,4,4,0,4,12,14,26,267,291,558,21,18,39,300,323,623,164,195,359,5086,5323,10409,260,279,539,5510,5797,11307,3,0,3,53,123,176,9,5,14,65,128,193
LGA19399,114,271,0,0,0,164,117,281,0,0,0,41,35,76,0,0,0,41,35,76,4,3,7,56,30,86,0,3,3,60,36,96,0,0,0,0,3,3,0,0,0,0,3,3,13,17,30,409,350,759,7,10,17,429,377,806,0,0,0,0,0,0,0,0,0,0,0,0,0,0,0,32,29,61,0,0,0,32,29,61,13,17,30,441,379,820,7,10,17,461,406,867,0,0,0,29,19,48,5,0,5,34,19,53
LGA19499,953,2300,22,12,34,1455,1051,2506,60,40,100,435,320,755,11,4,15,506,364,870,51,16,67,332,164,496,7,6,13,390,186,576,7,3,10,56,26,82,5,3,8,68,32,100,0,0,0,0,0,0,0,0,0,0,0,0,0,0,0,0,0,0,0,0,0,0,0,0,0,0,0,0,0,0,0,0,0,0,0,0,0,0,0,0,0,0,0,0,0,0,0,0,0,0,0,0,0,0,0,0,0,0,0,0
