region_id,H_w_In_ps_OO_DS_SH,H_w_In_ps_OO_DS_SDRTHT,H_w_In_ps_OO_DS_FUA,H_w_In_ps_OO_DS_OD_CCH,H_w_In_ps_OO_DS_OD_IH_t_SO,H_w_In_ps_OO_OD_HF_a_SO,H_w_In_ps_OO_DS_OD_Tot,H_w_In_ps_OO_DS_NS,H_w_In_ps_OO_Tot,H_w_In_ps_M_DS_SH,H_w_In_ps_M_DS_SDRTHT,H_w_In_ps_M_DS_FUA,H_w_In_ps_M_DS_OD_CCH,H_w_In_ps_M_DS_OD_IH_t_SO,H_w_In_ps_M_OD_HF_a_SO,H_w_In_ps_M_DS_OD_Tot,H_w_In_ps_M_DS_NS,H_w_In_ps_M_Tot,H_w_In_ps_RREA_DS_SH,H_w_In_ps_RREA_DS_SDRTHT,H_w_In_ps_RREA_DS_FUA,H_w_In_ps_RREA_DS_OD_CCH,H_w_In_ps_RREA_DS_OD_IH_t_SO,H_w_In_ps_RREA_OD_HF_a_SO,H_w_In_ps_RREA_DS_OD_Tot,H_w_In_ps_RREA_DS_NS,H_w_In_ps_RREA_Tot,H_w_In_ps_RHA_DS_SH,H_w_In_ps_RHA_DS_SDRTHT,H_w_In_ps_RHA_DS_FUA,H_w_In_ps_RHA_DS_OD_CCH,H_w_In_ps_RHA_DS_OD_IH_t_SO,H_w_In_ps_RHA_OD_HF_a_SO,H_w_In_ps_RHA_DS_OD_Tot,H_w_In_ps_RHA_DS_NS,H_w_In_ps_RHA_Tot,H_w_In_ps_R_PSH_DS_SH,H_w_In_ps_R_PSH_DS_SDRTHT,H_w_In_ps_R_PSH_DS_FUA,H_w_In_ps_R_PSH_DS_OD_CCH,H_w_In_ps_R_PSH_DS_OD_IH_t_SO,H_w_In_ps_R_PSH_OD_HF_a_SO,H_w_In_ps_R_PSH_DS_OD_Tot,H_w_In_ps_R_PSH_DS_NS,H_w_In_ps_R_PSH_Tot,H_w_In_ps_R_HCC_DS_SH,H_w_In_ps_R_HCC_DS_SDRTHT,H_w_In_ps_R_HCC_DS_FUA,H_w_In_ps_R_HCC_DS_OD_CCH,H_w_In_ps_R_HCC_DS_OD_IH_t_SO,H_w_In_ps_R_HCC_OD_HF_a_SO,H_w_In_ps_R_HCC_DS_OD_Tot,H_w_In_ps_R_HCC_DS_NS,H_w_In_ps_R_HCC_Tot,H_w_In_ps_R_OLT_DS_SH,H_w_In_ps_R_OLT_DS_SDRTHT,H_w_In_ps_R_OLT_DS_FUA,H_w_In_ps_R_OLT_DS_OD_CCH,H_w_In_ps_R_OLT_DS_OD_IH_t_SO,H_w_In_ps_R_OLT_OD_HF_a_SO,H_w_In_ps_R_OLT_DS_OD_Tot,H_w_In_ps_R_OLT_DS_NS,H_w_In_ps_R_OLT_Tot,H_w_In_ps_R_LNS_DS_SH,H_w_In_ps_R_LNS_DS_SDRTHT,H_w_In_ps_R_LNS_DS_FUA,H_w_In_ps_R_LNS_DS_OD_CCH,H_w_In_ps_R_LNS_DS_OD_IH_t_SO,H_w_In_ps_R_LNS_OD_HF_a_SO,H_w_In_ps_R_LNS_DS_OD_Tot,H_w_In_ps_R_LNS_DS_NS,H_w_In_ps_R_LNS_Tot,H_w_In_ps_R_Tot_DS_SH,H_w_In_ps_R_Tot_DS_SDRTHT,H_w_In_ps_R_Tot_DS_FUA,H_w_In_ps_R_Tot_DS_OD_CCH,H_w_In_ps_R_Tot_DS_OD_IH_t_SO,H_w_In_ps_R_Tot_OD_HF_a_SO,H_w_In_ps_R_Tot_DS_OD_Tot,H_w_In_ps_R_Tot_DS_NS,H_w_In_ps_R_Tot_Tot,H_w_In_ps_OTT_DS_SH,H_w_In_ps_OTT_DS_SDRTHT,H_w_In_ps_OTT_DS_FUA,H_w_In_ps_OTT_DS_OD_CCH,H_w_In_ps_OTT_DS_OD_IH_t_SO,H_w_In_ps_OTT_OD_HF_a_SO,H_w_In_ps_OTT_DS_OD_Tot,H_w_In_ps_OTT_DS_NS,H_w_In_ps_OTT_Tot,H_w_In_ps_T_NS_DS_SH,H_w_In_ps_T_NS_DS_SDRTHT,H_w_In_ps_T_NS_DS_FUA,H_w_In_ps_T_NS_DS_OD_CCH,H_w_In_ps_T_NS_DS_OD_IH_t_SO,H_w_In_ps_T_NS_OD_HF_a_SO,H_w_In_ps_T_NS_DS_OD_Tot,H_w_In_ps_T_NS_DS_NS,H_w_In_ps_T_NS_Tot,H_w_In_ps_Tot_DS_SH,H_w_In_ps_Tot_DS_SDRTHT,H_w_In_ps_Tot_DS_FUA,H_w_In_ps_Tot_DS_OD_CCH,H_w_In_ps_Tot_DS_OD_IH_t_SO,H_w_In_ps_Tot_OD_HF_a_SO,H_w_In_ps_Tot_DS_OD_Tot,H_w_In_ps_Tot_DS_NS,H_w_In_ps_Tot_Tot,OH_OO_DS_SH,OH_OO_DS_SDRTHT,OH_OO_DS_FUA,OH_OO_DS_OD_CCH,OH_OO_DS_OD_IH_t_SO,OH_OO_OD_HF_a_SO,OH_OO_DS_OD_Tot,OH_OO_DS_NS,OH_OO_DS_Tot,OH_M_DS_SH,OH_M_DS_SDRTHT,OH_M_DS_FUA,OH_M_DS_OD_CCH,OH_M_DS_OD_IH_t_SO,OH_M_OD_HF_a_SO,OH_M_DS_OD_Tot,OH_M_DS_NS,OH_M_DS_Tot,OH_RREA_DS_SH,OH_RREA_DS_SDRTHT,OH_RREA_DS_FUA,OH_RREA_DS_OD_CCH,OH_RREA_DS_OD_IH_t_SO,OH_RREA_OD_HF_a_SO,OH_RREA_DS_OD_Tot,OH_RREA_DS_NS,OH_RREA_DS_Tot,OH_RHA_DS_SH,OH_RHA_DS_SDRTHT,OH_RHA_DS_FUA,OH_RHA_DS_OD_CCH,OH_RHA_DS_OD_IH_t_SO,OH_RHA_OD_HF_a_SO,OH_RHA_DS_OD_Tot,OH_RHA_DS_NS,OH_RHA_DS_Tot,OH_R_PSH_DS_SH,OH_R_PSH_DS_SDRTHT,OH_R_PSH_DS_FUA,OH_R_PSH_DS_OD_CCH,OH_R_PSH_DS_OD_IH_t_SO,OH_R_PSH_OD_HF_a_SO,OH_R_PSH_DS_OD_Tot,OH_R_PSH_DS_NS,OH_R_PSH_DS_Tot,OH_R_HCC_DS_SH,OH_R_HCC_DS_SDRTHT,OH_R_HCC_DS_FUA,OH_R_HCC_DS_OD_CCH,OH_R_HCC_DS_OD_IH_t_SO,OH_R_HCC_OD_HF_a_SO,OH_R_HCC_DS_OD_Tot,OH_R_HCC_DS_NS,OH_R_HCC_DS_Tot,OH_R_OLT_DS_SH,OH_R_OLT_DS_SDRTHT,OH_R_OLT_DS_FUA,OH_R_OLT_DS_OD_CCH,OH_R_OLT_DS_OD_IH_t_SO,OH_R_OLT_OD_HF_a_SO,OH_R_OLT_DS_OD_Tot,OH_R_OLT_DS_NS,OH_R_OLT_DS_Tot,OH_R_LNS_DS_SH,OH_R_LNS_DS_SDRTHT,OH_R_LNS_DS_FUA,OH_R_LNS_DS_OD_CCH,OH_R_LNS_DS_OD_IH_t_SO,OH_R_LNS_OD_HF_a_SO,OH_R_LNS_DS_OD_Tot,OH_R_LNS_DS_NS,OH_R_LNS_DS_Tot,OH_R_Tot_DS_SH,OH_R_Tot_DS_SDRTHT,OH_R_Tot_DS_FUA,OH_R_Tot_DS_OD_CCH,OH_R_Tot_DS_OD_IH_t_SO,OH_R_Tot_OD_HF_a_SO,OH_R_Tot_DS_OD_Tot,OH_R_Tot_DS_NS,OH_R_Tot_DS_Tot,OH_OTT_DS_SH,OH_OTT_DS_SDRTHT,OH_OTT_DS_FUA,OH_OTT_DS_OD_CCH,OH_OTT_DS_OD_IH_t_SO,OH_OTT_OD_HF_a_SO,OH_OTT_DS_OD_Tot,OH_OTT_DS_NS,OH_OTT_DS_Tot,OH_T_NS_DS_SH,OH_T_NS_DS_SDRTHT
LGA10050,31,5,0,0,0,0,0,0,36,86,0,7,0,0,0,0,0,93,86,14,54,0,0,0,0,0,154,110,3,24,0,0,0,0,0,137,23,0,4,0,0,0,0,0,27,9,0,3,0,0,0,0,0,12,6,3,0,0,0,0,0,0,9,5,0,0,0,0,0,0,0,5,239,20,85,0,0,0,0,0,344,3,0,0,0,0,0,0,0,3,17,0,9,0,0,0,0,0,26,376,25,101,0,0,0,0,0,502,4798,231,335,35,0,3,38,0,5402,5817,161,330,0,0,5,5,0,6313,1628,415,1572,0,0,9,9,6,3630,474,11,207,0,0,0,0,0,692,663,97,268,0,0,5,5,4,1037,35,40,55,0,0,0,0,0,130,97,12,26,23,0,3,26,3,164,62,0,18,0,0,0,0,0,80,2959,575,2146,23,0,17,40,13,5733,122,20,4,0,0,0,0,0,146,337,44
LGA10110,33,0,0,0,0,0,0,0,33,84,0,0,0,0,0,0,0,84,105,10,34,0,0,0,0,0,149,133,23,23,0,0,0,0,0,179,23,0,0,0,0,0,0,0,23,33,0,9,0,0,0,0,0,42,3,0,0,3,0,0,3,0,6,0,0,0,0,0,0,0,0,0,297,33,66,3,0,0,3,0,399,0,0,0,0,0,0,0,0,0,25,4,5,3,0,0,3,0,37,439,37,71,6,0,0,6,0,553,2702,75,65,7,0,6,13,4,2859,2146,35,50,4,0,0,4,5,2240,915,194,543,0,0,0,0,0,1652,149,41,82,0,0,0,0,0,272,379,36,80,0,0,0,0,0,495,9,36,17,0,0,0,0,0,62,80,7,12,12,0,8,20,0,119,61,5,7,0,0,0,0,0,73,1593,319,741,12,0,8,20,0,2673,49,13,5,0,0,0,0,0,67,151,13
LGA10150,6,3,0,0,0,0,0,0,9,7,3,14,0,0,0,0,0,24,16,7,38,0,0,0,0,3,64,3,5,6,0,0,0,0,0,14,0,0,0,0,0,0,0,0,0,4,0,3,0,0,0,0,0,7,4,0,0,0,0,0,0,0,4,0,0,0,0,0,0,0,0,0,27,12,47,0,0,0,0,3,89,0,0,0,0,0,0,0,0,0,0,0,3,0,0,0,0,0,3,40,18,64,0,0,0,0,3,125,2874,476,1040,0,0,5,5,3,4398,1845,632,1728,0,0,7,7,3,4215,575,460,3462,0,0,44,44,17,4558,26,36,156,0,0,0,0,0,218,235,128,583,0,0,18,18,5,969,28,11,110,0,0,3,3,0,152,22,12,50,0,0,7,7,0,91,30,3,28,0,0,3,3,0,64,916,650,4389,0,0,75,75,22,6052,27,13,81,0,0,0,0,0,121,157,47
LGA10200,20,0,0,0,0,0,0,0,20,18,3,7,0,0,0,0,0,28,22,3,22,0,0,0,0,0,47,13,3,3,0,0,0,0,0,19,3,3,0,0,0,0,0,0,6,0,0,0,0,0,0,0,0,0,0,0,0,0,0,0,0,0,0,0,0,0,0,0,0,0,0,0,38,9,25,0,0,0,0,0,72,0,0,3,0,0,0,0,0,3,0,0,5,0,0,0,0,0,5,76,12,40,0,0,0,0,0,128,4108,546,820,0,0,9,9,3,5486,3845,957,2263,0,0,8,8,3,7076,1372,589,3793,0,0,14,14,9,5777,231,244,336,0,0,0,0,8,819,672,159,573,0,0,18,18,3,1425,39,33,57,0,0,0,0,0,129,127,14,89,0,0,5,5,0,235,62,16,50,0,0,0,0,0,128,2503,1055,4898,0,0,37,37,20,8513,74,18,39,0,0,0,0,0,131,389,83
LGA10250,46,4,0,6,0,0,6,0,56,90,6,3,0,0,0,0,0,99,72,34,36,0,0,0,0,0,142,71,11,17,0,0,0,0,0,99,29,8,6,3,0,0,3,0,46,40,5,3,0,0,0,0,0,48,7,3,0,0,0,0,0,0,10,3,0,0,0,0,0,0,0,3,222,61,62,3,0,0,3,0,348,3,0,0,0,0,0,0,0,3,18,6,5,0,0,0,0,0,29,379,77,70,9,0,0,9,0,535,4875,564,450,319,3,5,327,3,6219,3484,340,224,18,0,3,21,0,4069,1086,598,569,5,3,7,15,4,2272,154,102,246,0,0,0,0,0,502,631,199,165,11,3,9,23,0,1018,11,23,53,0,0,0,0,0,87,133,7,12,76,0,4,80,0,232,64,16,11,0,0,0,0,0,91,2079,945,1056,92,6,20,118,4,4202,64,17,110,6,0,0,6,0,197,216,54
LGA10300,12,0,0,0,0,0,0,0,12,4,0,0,0,0,0,0,0,4,3,3,0,0,0,0,0,0,6,7,0,3,0,0,0,0,0,10,11,0,0,0,0,0,0,0,11,16,0,0,0,0,0,0,0,16,4,0,3,0,0,0,0,0,7,0,0,0,0,0,0,0,0,0,41,3,6,0,0,0,0,0,50,0,0,0,0,0,0,0,0,0,3,0,0,0,0,0,0,0,3,60,3,6,0,0,0,0,0,69,314,0,0,3,0,0,3,0,317,208,3,0,0,0,5,5,0,216,26,3,10,0,0,0,0,0,39,9,0,0,0,0,0,0,0,9,72,4,0,0,0,0,0,0,76,0,5,0,0,0,0,0,0,5,33,0,5,0,0,0,0,0,38,17,4,0,0,0,0,0,0,21,157,16,15,0,0,0,0,0,188,10,0,0,0,0,0,0,0,10,19,0
LGA10350,111,10,3,0,0,0,0,0,124,129,21,9,0,0,0,0,0,159,93,16,15,0,0,3,3,3,130,106,28,38,0,0,0,0,0,172,28,6,4,0,0,0,0,0,38,4,5,7,0,0,0,0,0,16,3,0,0,0,0,0,0,0,3,4,0,0,0,0,0,0,0,4,238,55,64,0,0,3,3,3,363,0,0,4,0,0,0,0,0,4,18,0,3,0,0,0,0,0,21,496,86,83,0,0,3,3,3,671,16383,2045,864,8,8,23,39,13,19344,13299,3615,1850,0,6,25,31,30,18825,3361,1449,2185,0,3,78,81,31,7107,2292,1049,1776,0,0,0,0,5,5122,1774,483,396,0,3,34,37,7,2697,111,163,178,0,0,3,3,0,455,305,95,72,25,0,5,30,0,502,197,50,51,4,0,0,4,0,302,8040,3289,4658,29,6,120,155,43,16185,237,58,87,0,4,3,7,3,392,1166,281
LGA10470,66,8,0,0,0,0,0,0,74,136,0,0,0,0,0,0,0,136,127,26,23,0,0,0,0,0,176,101,17,12,0,0,0,0,0,130,45,4,6,0,0,0,0,0,55,3,0,0,0,0,0,0,0,3,0,0,0,0,0,0,0,0,0,3,0,0,0,0,0,0,0,3,279,47,41,0,0,0,0,0,367,5,0,0,0,0,0,0,0,5,17,11,3,0,0,0,0,0,31,503,66,44,0,0,0,0,0,613,4070,173,123,19,0,6,25,6,4397,4326,133,83,0,3,3,6,6,4554,1347,405,449,0,0,3,3,5,2209,287,53,81,0,0,5,5,0,426,617,92,64,3,0,3,6,5,784,38,28,4,0,0,0,0,0,70,86,6,7,4,0,0,4,4,107,82,7,5,0,3,0,3,0,97,2457,591,610,7,3,11,21,14,3693,52,7,5,0,0,0,0,3,67,253,36
LGA10550,51,3,3,0,0,0,0,0,57,75,0,5,0,0,0,0,0,80,48,4,17,0,0,0,0,0,69,81,3,6,0,0,0,0,0,90,22,4,5,0,0,0,0,0,31,19,3,0,0,0,0,0,0,22,3,0,3,3,0,0,3,0,9,3,0,0,0,0,0,0,0,3,176,14,31,3,0,0,3,0,224,3,0,0,0,0,0,0,0,3,15,0,0,0,0,0,0,0,15,320,17,39,3,0,0,3,0,379,4832,306,271,113,13,8,134,9,5552,3246,111,121,15,9,5,29,0,3507,823,186,375,0,0,5,5,5,1394,165,54,35,0,0,0,0,0,254,614,62,118,9,3,16,28,0,822,20,39,22,0,0,0,0,0,81,96,8,12,21,0,3,24,0,140,84,12,8,5,0,0,5,0,109,1802,361,570,35,3,24,62,5,2800,65,30,11,5,0,0,5,0,111,239,41
LGA10600,31,0,0,3,0,0,3,0,34,44,0,0,0,0,0,0,0,44,37,3,3,0,0,0,0,0,43,8,0,3,0,0,0,0,0,11,25,3,3,0,0,0,0,0,31,3,0,0,0,0,0,0,0,3,3,0,0,4,0,0,4,0,7,0,0,0,4,0,0,4,0,4,76,6,9,8,0,0,8,0,99,0,0,0,0,0,0,0,0,0,4,0,0,0,0,0,0,0,4,155,6,9,11,0,0,11,0,181,2043,13,43,88,8,5,101,0,2200,1241,7,6,6,4,3,13,4,1271,408,45,71,0,0,3,3,0,527,54,10,25,0,0,0,0,0,89,360,11,35,13,4,6,23,0,429,16,5,3,6,0,0,6,0,30,44,0,0,17,0,3,20,0,64,41,0,3,3,3,0,6,0,50,923,71,137,39,7,12,58,0,1189,39,0,9,4,0,0,4,0,52,91,9
LGA10650,10,0,0,0,0,0,0,0,10,25,0,0,0,0,0,0,0,25,21,0,0,0,0,0,0,0,21,3,0,0,0,0,0,0,0,3,6,0,0,0,0,0,0,0,6,0,0,0,0,0,0,0,0,0,0,0,0,0,0,0,0,0,0,4,0,0,0,0,0,0,0,4,34,0,0,0,0,0,0,0,34,0,0,0,0,0,0,0,0,0,8,0,0,0,0,0,0,0,8,77,0,0,0,0,0,0,0,77,1297,50,31,44,0,3,47,0,1425,847,18,9,0,0,6,6,0,880,188,37,67,0,0,3,3,0,295,17,0,4,0,0,0,0,0,21,210,14,25,4,0,3,7,0,256,8,13,6,0,0,0,0,0,27,61,0,3,7,0,3,10,0,74,38,3,0,0,0,0,0,0,41,522,67,105,11,0,9,20,0,714,27,4,0,3,0,3,6,0,37,85,7
LGA10750,320,9,0,3,0,0,3,0,332,679,32,11,0,0,0,0,0,722,517,47,27,0,0,3,3,0,594,940,222,75,0,0,0,0,0,1237,152,15,7,3,0,0,3,0,177,36,15,5,0,0,0,0,0,56,19,0,3,5,0,0,5,0,27,13,0,0,0,0,0,0,0,13,1677,299,117,8,0,3,11,0,2104,20,0,0,0,0,0,0,0,20,87,11,15,3,0,0,3,0,116,2783,351,143,14,0,3,17,0,3294,19992,1079,225,94,4,12,110,28,21434,35253,4089,772,12,0,9,21,14,40149,9055,2548,1934,5,0,46,51,12,13600,4376,1532,1002,0,0,0,0,0,6910,3255,556,250,11,5,14,30,6,4097,187,87,152,0,0,3,3,0,429,442,66,35,111,3,9,123,7,673,266,52,37,3,0,0,3,0,358,17581,4841,3410,130,8,72,210,25,26067,348,91,31,0,0,0,0,0,470,1719,270
LGA10800,15,0,0,0,0,3,3,0,18,31,0,0,0,0,0,0,0,31,11,0,0,0,0,0,0,0,11,14,0,0,0,0,0,0,0,14,17,0,0,0,0,0,0,0,17,0,0,0,0,0,0,0,0,0,4,0,0,0,0,0,0,0,4,0,0,0,0,0,0,0,0,0,46,0,0,0,0,0,0,0,46,0,0,0,0,0,0,0,0,0,6,0,0,0,0,0,0,0,6,98,0,0,0,0,3,3,0,101,1025,0,8,0,3,10,13,0,1046,562,0,7,0,0,3,3,0,572,77,3,27,0,0,0,0,0,107,27,0,4,0,0,0,0,0,31,137,4,10,0,0,4,4,0,155,7,0,10,0,0,0,0,0,17,79,4,11,0,0,0,0,0,94,36,3,0,0,0,4,4,0,43,363,14,62,0,0,8,8,0,447,25,0,3,0,0,0,0,0,28,58,0
LGA10850,12,0,0,0,0,0,0,0,12,22,0,0,0,0,0,0,0,22,21,3,0,0,0,0,0,0,24,11,0,0,0,0,0,0,0,11,6,0,0,0,0,0,0,0,6,0,0,0,0,0,0,0,0,0,3,0,0,0,0,0,0,0,3,0,0,0,0,0,0,0,0,0,41,3,0,0,0,0,0,0,44,3,0,0,0,0,0,0,0,3,0,0,0,0,0,0,0,0,0,78,3,0,0,0,0,0,0,81,937,8,3,7,0,0,7,0,955,881,11,0,0,0,0,0,0,892,215,18,36,0,0,4,4,0,273,36,5,0,0,0,0,0,0,41,130,3,4,0,0,5,5,0,142,8,5,11,0,0,0,0,0,24,32,3,0,0,0,0,0,0,35,26,0,0,0,0,0,0,0,26,447,34,51,0,0,9,9,0,541,16,0,0,0,0,0,0,0,16,60,0
LGA10900,120,3,0,0,0,0,0,0,123,231,3,0,0,0,0,0,0,234,149,9,4,0,0,3,3,0,165,18,7,8,0,0,0,0,0,33,38,5,0,0,0,0,0,0,43,13,0,0,0,0,0,0,0,13,3,0,0,0,0,0,0,0,3,4,0,0,0,0,0,0,0,4,225,21,12,0,0,3,3,0,261,8,0,0,0,0,0,0,0,8,9,0,0,0,0,0,0,0,9,593,27,12,0,0,3,3,0,635,9835,441,76,5,0,3,8,7,10367,10908,185,46,0,0,10,10,3,11152,2609,318,233,0,0,6,6,4,3170,142,131,44,0,0,0,0,0,317,1044,75,69,3,3,7,13,4,1205,70,78,37,0,0,0,0,0,185,83,14,9,0,0,0,0,0,106,111,10,7,0,0,0,0,0,128,4059,626,399,3,3,13,19,8,5111,146,96,24,0,0,0,0,3,269,432,44
LGA10950,34,0,0,0,0,0,0,0,34,39,0,0,3,0,0,3,0,42,14,0,0,0,0,0,0,0,14,26,0,0,0,0,0,0,0,26,18,0,3,0,0,0,0,0,21,9,0,3,0,0,0,0,0,12,10,3,3,0,0,0,0,0,16,0,0,0,0,0,0,0,0,0,77,3,9,0,0,0,0,0,89,0,0,0,0,0,0,0,0,0,9,0,0,0,0,0,0,0,9,159,3,9,3,0,0,3,0,174,390,0,0,0,0,0,0,3,393,194,0,0,0,0,0,0,0,194,36,3,0,0,0,6,6,0,45,23,4,5,0,0,0,0,0,32,58,3,4,6,0,0,6,0,71,3,0,0,0,0,0,0,0,3,48,9,10,0,0,0,0,0,67,22,0,0,0,0,0,0,0,22,190,19,19,6,0,6,12,0,240,7,0,0,0,0,0,0,0,7,31,3
LGA11000,5,0,0,0,3,0,3,0,8,6,0,0,0,0,0,0,0,6,0,0,0,0,0,0,0,0,0,0,0,0,0,0,0,0,0,0,5,0,0,0,0,0,0,0,5,0,0,0,0,0,0,0,0,0,0,0,0,0,0,0,0,0,0,0,0,0,0,0,0,0,0,0,5,0,0,0,0,0,0,0,5,0,0,0,0,0,0,0,0,0,4,0,0,0,0,0,0,0,4,20,0,0,0,3,0,3,0,23,493,0,0,3,0,0,3,0,496,248,0,0,0,0,0,0,0,248,22,0,6,0,0,4,4,0,32,10,0,3,0,0,0,0,0,13,86,7,6,0,0,0,0,0,99,3,0,0,0,0,0,0,0,3,31,3,0,0,0,0,0,0,34,23,3,0,0,0,0,0,0,26,175,13,15,0,0,4,4,0,207,8,0,0,0,0,0,0,0,8,24,0
LGA11050,8,0,0,0,0,0,0,0,8,5,0,0,0,0,0,0,0,5,4,0,0,0,0,0,0,0,4,0,0,0,0,0,0,0,0,0,4,0,0,0,0,0,0,0,4,0,0,0,0,0,0,0,0,0,3,0,0,0,0,0,0,0,3,0,0,0,0,0,0,0,0,0,11,0,0,0,0,0,0,0,11,0,0,0,0,0,0,0,0,0,0,0,0,0,0,0,0,0,0,24,0,0,0,0,0,0,0,24,460,8,0,3,3,0,6,0,474,245,0,0,0,0,0,0,0,245,48,3,0,0,0,5,5,0,56,4,4,0,0,0,0,0,0,8,60,3,0,0,0,0,0,0,63,0,10,0,0,0,0,0,0,10,32,0,0,0,0,0,0,0,32,18,0,0,0,0,0,0,0,18,162,20,0,0,0,5,5,0,187,12,3,0,0,0,0,0,0,15,17,0
LGA11100,23,8,0,0,0,0,0,0,31,38,16,19,0,0,0,0,0,73,28,5,40,0,0,0,0,0,73,33,39,29,0,0,0,0,0,101,3,0,6,0,0,0,0,0,9,5,0,4,0,0,0,0,0,9,0,0,0,0,0,0,0,0,0,3,0,0,0,0,0,0,0,3,72,44,79,0,0,0,0,0,195,3,0,0,0,0,0,0,0,3,3,0,5,0,0,0,0,0,8,139,68,103,0,0,0,0,0,310,2553,498,884,0,0,10,10,3,3948,1833,726,1700,0,0,10,10,9,4278,460,276,2102,0,0,29,29,11,2878,140,297,846,0,0,0,0,4,1287,213,71,375,0,0,19,19,4,682,23,22,38,0,0,0,0,4,87,24,32,44,0,0,4,4,0,104,28,9,44,0,0,0,0,0,81,888,707,3449,0,0,52,52,23,5119,24,14,39,0,0,0,0,0,77,140,54
LGA11150,38,0,0,0,0,0,0,0,38,59,0,0,0,0,0,0,0,59,5,0,0,0,0,0,0,0,5,54,0,4,0,0,0,0,0,58,31,0,5,0,0,0,0,0,36,39,0,0,0,0,0,0,0,39,16,3,0,0,0,0,0,0,19,10,0,0,0,0,0,0,0,10,155,3,9,0,0,0,0,0,167,6,0,0,0,0,0,0,0,6,26,0,3,0,0,0,0,0,29,284,3,12,0,0,0,0,0,299,245,0,0,7,0,0,7,0,252,142,0,3,0,0,0,0,0,145,7,0,0,0,0,0,0,0,7,4,0,6,0,0,0,0,0,10,61,0,3,0,0,0,0,0,64,3,0,0,0,0,0,0,0,3,92,3,7,0,0,0,0,0,102,17,0,0,0,0,0,0,0,17,184,3,16,0,0,0,0,0,203,5,0,0,0,0,0,0,0,5,29,0
LGA11200,46,0,0,0,0,0,0,3,49,21,0,0,0,0,0,0,0,21,5,0,0,0,0,0,0,0,5,53,0,0,0,0,0,0,0,53,16,0,0,0,0,0,0,0,16,101,0,15,0,0,0,0,0,116,12,0,3,0,0,0,0,0,15,15,0,3,0,0,0,0,0,18,202,0,21,0,0,0,0,0,223,13,0,0,0,0,0,0,0,13,12,0,0,0,0,0,0,0,12,294,0,21,0,0,0,0,3,318,98,0,0,4,0,0,4,0,102,44,0,0,0,0,0,0,0,44,0,0,0,0,0,0,0,0,0,4,0,0,0,0,0,0,0,4,23,0,4,0,0,0,0,0,27,3,0,0,0,0,0,0,0,3,41,0,10,0,0,0,0,0,51,16,0,0,0,0,0,0,0,16,87,0,14,0,0,0,0,0,101,4,0,0,0,0,0,0,0,4,3,0
LGA11250,82,0,3,3,0,0,3,0,88,152,0,0,0,0,3,3,0,155,108,3,7,0,0,0,0,0,118,28,3,8,0,0,0,0,0,39,55,0,5,0,0,0,0,0,60,14,0,0,0,0,0,0,0,14,23,3,4,0,0,0,0,0,30,3,0,0,0,0,0,0,0,3,231,9,24,0,0,0,0,0,264,3,0,0,0,0,0,0,0,3,32,0,4,0,0,0,0,0,36,500,9,31,3,0,3,6,0,546,3178,4,66,10,0,4,14,0,3262,1960,5,45,0,0,0,0,3,2013,480,11,52,0,0,0,0,0,543,43,4,14,3,0,0,3,0,64,394,18,54,0,0,0,0,3,469,17,3,0,0,0,0,0,0,20,124,8,17,3,0,0,3,0,152,39,3,3,0,0,0,0,0,45,1097,47,140,6,0,0,6,3,1293,36,5,3,0,0,0,0,3,47,242,4
LGA11300,9,0,0,0,0,0,0,0,9,7,0,3,0,0,0,0,0,10,16,0,4,0,0,3,3,0,23,0,0,4,0,0,0,0,0,4,3,0,3,0,0,0,0,0,6,0,0,3,0,0,0,0,0,3,0,0,3,0,0,0,0,0,3,0,0,0,0,0,0,0,0,0,19,0,17,0,0,3,3,0,39,0,0,0,0,0,0,0,0,0,0,0,0,0,0,0,0,0,0,35,0,20,0,0,3,3,0,58,2741,358,522,0,0,10,10,0,3631,1688,358,703,0,0,7,7,0,2756,602,248,1803,0,0,20,20,5,2678,21,74,209,0,0,0,0,0,304,248,89,307,0,0,14,14,3,661,46,7,28,0,0,0,0,0,81,31,7,51,0,0,3,3,0,92,28,13,26,0,0,3,3,0,70,976,438,2424,0,0,40,40,8,3886,33,8,28,0,0,0,0,0,69,157,36
LGA11350,40,3,0,0,0,0,0,0,43,78,3,3,0,0,0,0,0,84,41,7,14,0,0,0,0,0,62,6,0,0,0,0,0,0,0,6,33,5,6,0,0,0,0,3,47,6,0,4,0,0,0,0,0,10,0,0,0,8,0,0,8,0,8,4,0,0,0,0,0,0,0,4,90,12,24,8,0,0,8,3,137,0,0,0,0,0,0,0,0,0,4,4,0,0,0,0,0,0,8,212,22,27,8,0,0,8,3,272,3470,195,79,125,3,3,131,6,3881,2838,228,56,10,0,3,13,4,3139,991,312,189,0,0,5,5,4,1501,65,38,50,0,0,0,0,0,153,1142,159,122,30,0,26,56,6,1485,26,17,11,4,0,0,4,0,58,62,8,9,58,3,3,64,0,143,106,10,13,0,0,5,5,0,134,2392,544,394,92,3,39,134,10,3474,78,9,10,3,3,0,6,0,103,204,27
LGA11400,37,0,0,0,0,0,0,0,37,58,0,0,0,0,0,0,0,58,19,0,7,0,0,0,0,0,26,5,0,0,0,0,0,0,0,5,28,0,0,0,0,0,0,0,28,0,0,0,0,0,0,0,0,0,7,0,0,0,0,0,0,0,7,3,0,0,0,0,0,0,0,3,62,0,7,0,0,0,0,0,69,3,0,0,0,0,0,0,0,3,8,0,0,0,0,0,0,0,8,168,0,7,0,0,0,0,0,175,1974,7,6,20,5,3,28,0,2015,1495,3,3,3,5,7,15,0,1516,214,23,13,0,0,4,4,0,254,23,0,0,0,0,0,0,0,23,319,7,9,7,0,6,13,0,348,6,11,18,0,0,0,0,0,35,98,4,0,5,0,0,5,0,107,72,4,3,0,0,0,0,0,79,732,49,43,12,0,10,22,0,846,45,0,3,0,0,0,0,0,48,92,5
LGA11450,58,4,0,0,0,0,0,0,62,259,9,0,0,0,0,0,0,268,91,11,0,0,0,0,0,0,102,25,0,5,0,0,0,0,0,30,26,0,0,0,0,0,0,0,26,0,0,0,0,0,0,0,0,0,5,0,0,0,0,0,0,0,5,3,0,0,0,0,0,0,0,3,150,11,5,0,0,0,0,0,166,0,3,0,0,0,0,0,0,3,6,0,0,0,0,0,0,0,6,473,27,5,0,0,0,0,0,505,4150,249,70,112,0,0,112,6,4587,8793,311,28,4,0,0,4,17,9153,1768,161,81,0,0,0,0,0,2010,188,76,29,0,0,0,0,0,293,607,44,29,3,0,3,6,0,686,26,26,5,0,0,0,0,3,60,60,0,0,12,0,4,16,0,76,44,7,6,0,0,0,0,0,57,2693,314,150,15,0,7,22,3,3182,51,84,9,3,0,4,7,0,151,239,36
LGA11500,155,5,0,0,0,6,6,0,166,525,27,0,0,0,0,0,0,552,290,56,16,0,0,0,0,0,362,477,216,30,0,0,0,0,0,723,91,11,4,0,0,0,0,0,106,12,9,6,0,0,0,0,0,27,13,0,3,0,0,0,0,0,16,6,0,0,0,0,0,0,0,6,889,292,59,0,0,0,0,0,1240,12,5,0,0,0,0,0,0,17,56,17,4,0,0,0,0,0,77,1637,346,63,0,0,6,6,0,2052,10018,973,233,0,3,39,42,3,11269,17053,2051,272,0,0,59,59,3,19438,3922,1646,540,0,0,19,19,0,6127,2702,1533,310,0,0,0,0,8,4553,1409,344,106,0,0,10,10,0,1869,103,85,49,0,0,0,0,0,237,152,17,20,0,0,3,3,0,192,110,28,15,0,0,3,3,0,156,8398,3653,1040,0,0,35,35,8,13134,166,50,110,3,0,0,3,4,333,783,212
LGA11520,16,7,5,0,0,0,0,0,28,22,8,11,0,0,0,0,0,41,20,0,24,0,0,3,3,0,47,6,8,3,0,0,0,0,0,17,5,0,8,0,0,0,0,0,13,0,0,0,0,0,0,0,0,0,0,0,5,0,0,0,0,0,5,3,4,0,0,0,0,0,0,7,34,12,40,0,0,3,3,0,89,0,0,0,0,0,0,0,0,0,0,3,3,0,0,0,0,0,6,72,30,59,0,0,3,3,0,164,6167,850,2196,3,0,14,17,10,9240,4271,1160,3198,0,0,13,13,9,8651,1223,802,4379,0,0,57,57,32,6493,85,165,476,0,0,0,0,0,726,443,169,785,0,0,34,34,5,1436,14,22,80,0,0,0,0,0,116,43,72,156,0,0,4,4,0,275,58,15,61,0,0,4,4,0,138,1866,1245,5937,0,0,99,99,37,9184,68,20,52,0,0,0,0,0,140,309,66
LGA11550,37,5,9,0,0,0,0,0,51,55,6,23,0,0,0,0,0,84,59,11,45,0,0,3,3,0,118,24,25,29,0,0,0,0,0,78,15,0,7,0,0,0,0,0,22,6,11,9,0,0,0,0,0,26,0,0,3,0,0,0,0,0,3,0,0,0,0,0,0,0,0,0,104,47,93,0,0,3,3,0,247,4,0,0,0,0,0,0,0,4,9,6,13,0,0,0,0,0,28,209,64,138,0,0,3,3,0,414,10963,935,2081,9,0,33,42,39,14060,7901,1526,3543,3,0,20,23,35,13028,2328,1078,7037,0,0,119,119,54,10616,569,462,1569,0,0,0,0,0,2600,895,282,1012,0,0,38,38,15,2242,77,84,222,0,0,0,0,0,383,166,38,198,0,0,8,8,6,416,94,29,119,0,0,4,4,0,246,4129,1973,10157,0,0,169,169,75,16503,141,37,114,0,0,0,0,0,292,758,144
LGA11600,15,0,0,0,0,0,0,0,15,16,0,3,0,0,0,0,0,19,6,0,0,0,0,0,0,0,6,9,0,0,0,0,0,0,0,9,20,0,0,0,0,0,0,0,20,0,0,0,0,0,0,0,0,0,9,0,0,0,0,0,0,0,9,0,0,0,0,0,0,0,0,0,44,0,0,0,0,0,0,0,44,0,0,0,0,0,0,0,0,0,3,0,0,0,0,0,0,0,3,78,0,3,0,0,0,0,0,81,385,0,0,12,3,0,15,0,400,197,0,0,3,0,0,3,0,200,5,0,3,0,0,0,0,0,8,3,0,0,0,0,0,0,0,3,91,3,7,0,0,3,3,0,104,3,0,7,0,0,0,0,0,10,87,3,8,4,3,0,7,0,105,22,0,0,3,0,0,3,0,25,211,6,25,7,3,3,13,0,255,14,0,0,0,0,0,0,0,14,31,0
LGA11700,31,0,0,0,0,0,0,11,42,9,0,0,0,0,3,3,3,15,0,0,0,0,0,0,0,0,0,69,0,0,0,0,0,0,14,83,13,0,3,0,0,0,0,5,21,27,0,0,0,0,0,0,0,27,21,0,4,0,0,3,3,0,28,4,0,0,0,0,0,0,0,4,134,0,7,0,0,3,3,19,163,0,0,0,0,0,0,0,0,0,5,0,0,0,0,3,3,3,11,179,0,7,0,0,9,9,36,231,201,0,10,5,0,8,13,13,237,57,0,0,0,0,0,0,0,57,0,0,0,0,0,0,0,0,0,9,0,3,0,0,0,0,0,12,24,0,3,0,0,0,0,0,27,3,0,3,0,0,0,0,0,6,63,0,11,7,0,6,13,0,87,18,0,3,0,0,0,0,0,21,117,0,23,7,0,6,13,0,153,24,0,0,4,0,0,4,0,28,28,0
LGA11720,182,3,0,3,0,0,3,0,188,382,3,0,0,0,0,0,0,385,201,23,15,0,0,0,0,0,239,65,11,5,0,0,0,0,0,81,67,0,0,0,0,0,0,0,67,0,0,3,0,0,0,0,0,3,3,0,3,0,0,0,0,0,6,5,3,0,0,0,0,0,0,8,341,37,26,0,0,0,0,0,404,6,0,0,0,0,0,0,0,6,32,4,3,3,0,0,3,0,42,943,47,29,6,0,0,6,0,1025,5945,124,55,19,3,6,28,3,6155,6142,45,32,3,0,6,9,3,6231,1841,416,220,0,0,3,3,5,2485,348,60,151,0,0,0,0,0,559,746,41,34,4,0,4,8,0,829,21,32,3,0,0,0,0,0,56,102,30,3,6,0,6,12,3,150,89,14,3,3,0,0,3,0,109,3147,593,414,13,0,13,26,8,4188,80,30,0,0,0,0,0,0,110,450,41
LGA11730,164,0,0,7,3,0,10,0,174,285,3,3,3,0,0,3,0,294,197,21,29,0,0,3,3,0,250,97,8,9,3,0,0,3,0,117,91,9,7,0,0,3,3,0,110,72,3,10,0,0,0,0,0,85,16,0,0,8,0,0,8,0,24,8,0,3,0,0,0,0,0,11,481,41,58,11,0,6,17,0,597,11,0,0,0,0,0,0,0,11,39,7,3,0,0,0,0,0,49,980,51,64,21,3,6,30,0,1125,7502,251,200,253,17,16,286,3,8242,4908,76,65,17,12,17,46,3,5098,1480,233,440,0,0,15,15,5,2173,192,33,88,0,0,0,0,0,313,986,92,154,15,0,15,30,0,1262,37,24,11,0,0,0,0,11,83,133,7,27,64,0,7,71,3,241,126,5,10,3,0,0,3,0,144,2954,394,730,82,0,37,119,19,4216,95,3,8,6,3,3,12,5,123,362,17
LGA11750,41,0,0,0,0,0,0,0,41,63,0,0,0,0,0,0,0,63,31,4,3,0,0,0,0,0,38,30,0,3,0,0,0,0,0,33,14,0,0,0,0,0,0,0,14,34,0,5,0,0,0,0,0,39,18,0,0,0,0,0,0,0,18,3,0,0,0,0,0,0,0,3,130,4,11,0,0,0,0,0,145,0,0,0,0,0,0,0,0,0,7,0,3,0,0,0,0,0,10,241,4,14,0,0,0,0,0,259,484,0,3,16,0,3,19,4,510,372,0,0,0,0,0,0,0,372,118,9,41,0,0,4,4,0,172,47,0,8,0,0,0,0,0,55,60,0,3,10,0,4,14,0,77,4,0,8,0,0,0,0,0,12,146,6,40,0,0,0,0,0,192,20,0,9,0,0,0,0,0,29,395,15,109,10,0,8,18,0,537,10,0,0,0,0,0,0,0,10,31,0
LGA11800,101,5,4,8,0,0,8,0,118,264,13,6,0,0,0,0,0,283,220,53,79,0,0,0,0,0,352,149,26,28,0,0,0,0,0,203,79,16,19,4,0,0,4,0,118,28,4,3,0,0,0,0,0,35,10,5,3,14,0,0,14,0,32,11,0,0,0,0,0,0,0,11,497,104,132,18,0,0,18,0,751,9,0,0,0,0,0,0,0,9,24,3,3,3,0,0,3,0,33,895,125,145,29,0,0,29,0,1194,7625,681,396,454,3,5,462,0,9164,6597,384,206,16,0,8,24,0,7211,2283,859,1000,11,0,5,16,3,4161,425,267,256,0,0,0,0,0,948,1203,241,248,35,3,16,54,3,1749,50,69,70,0,0,0,0,0,189,129,28,36,124,3,6,133,3,329,110,23,32,11,0,0,11,0,176,4200,1487,1642,181,6,27,214,9,7552,140,107,48,17,4,0,21,3,319,408,92
LGA11860,3,0,0,0,0,0,0,0,3,4,0,0,0,0,0,0,0,4,3,0,0,0,0,0,0,0,3,0,0,0,0,0,0,0,0,0,0,0,0,0,0,0,0,0,0,0,0,0,0,0,0,0,0,0,3,0,0,0,0,0,0,0,3,0,0,0,0,0,0,0,0,0,6,0,0,0,0,0,0,0,6,0,0,0,0,0,0,0,0,0,0,0,0,0,0,0,0,0,0,13,0,0,0,0,0,0,0,13,228,0,0,0,0,0,0,0,228,161,0,0,0,0,0,0,0,161,5,0,0,0,0,0,0,0,5,0,0,0,0,0,0,0,0,0,48,0,0,3,0,0,3,0,51,0,0,0,0,0,0,0,0,0,37,0,0,0,0,0,0,0,37,30,0,0,0,0,0,0,0,30,120,0,0,3,0,0,3,0,123,13,0,0,0,0,0,0,0,13,9,0
LGA12000,6,0,0,0,0,0,0,0,6,23,0,0,0,0,0,0,0,23,3,0,0,0,0,0,0,0,3,3,0,0,0,0,0,0,0,3,5,0,0,0,0,0,0,0,5,0,0,0,0,0,0,0,0,0,3,0,0,0,0,0,0,0,3,0,0,0,0,0,0,0,0,0,14,0,0,0,0,0,0,0,14,0,0,0,0,0,0,0,0,0,0,0,0,0,0,0,0,0,0,43,0,0,0,0,0,0,0,43,656,0,15,6,0,5,11,0,682,456,0,0,0,0,0,0,0,456,35,0,0,0,0,0,0,0,35,6,4,5,0,0,0,0,0,15,138,0,5,0,0,3,3,0,146,0,0,6,0,0,0,0,0,6,15,0,5,0,0,3,3,0,23,12,0,5,0,0,0,0,0,17,206,4,26,0,0,6,6,0,242,13,0,4,0,0,0,0,0,17,35,0
LGA12050,15,0,0,0,0,0,0,0,15,37,0,0,0,0,3,3,0,40,21,7,0,0,0,0,0,0,28,8,0,0,0,0,0,0,0,8,7,0,3,0,0,0,0,0,10,3,3,0,0,0,0,0,0,6,3,0,0,0,0,0,0,0,3,3,0,0,0,0,0,0,0,3,45,10,3,0,0,0,0,0,58,3,0,0,0,0,0,0,0,3,0,0,0,0,0,0,0,0,0,100,10,3,0,0,3,3,0,116,1451,19,10,7,4,0,11,0,1491,1223,8,0,0,8,5,13,3,1247,283,94,42,0,0,0,0,0,419,51,9,25,0,0,0,0,0,85,210,15,20,0,0,5,5,4,254,17,4,0,0,0,0,0,0,21,42,6,6,0,0,0,0,0,54,26,0,4,0,0,0,0,0,30,629,128,97,0,0,5,5,4,863,19,4,3,0,0,0,0,0,26,69,10
LGA12150,72,0,0,0,0,0,0,0,72,97,0,0,0,0,3,3,0,100,40,0,7,0,0,0,0,0,47,73,5,0,0,0,0,0,0,78,50,0,0,0,0,0,0,0,50,31,3,9,0,0,0,0,0,43,18,0,0,3,0,0,3,0,21,4,0,0,0,0,0,0,0,4,216,8,16,3,0,0,3,0,243,4,0,0,0,0,0,0,0,4,12,0,0,0,0,0,0,0,12,401,8,16,3,0,3,6,0,431,567,6,0,3,0,0,3,3,579,223,3,0,3,0,0,3,0,229,22,0,0,0,0,0,0,0,22,5,0,0,0,0,0,0,0,5,83,3,14,0,0,5,5,0,105,0,3,0,0,0,0,0,0,3,51,3,7,0,0,0,0,0,61,42,0,0,0,0,0,0,0,42,203,9,21,0,0,5,5,0,238,19,3,0,0,0,0,0,0,22,39,0
LGA12200,38,0,0,0,0,0,0,0,38,42,0,0,0,0,0,0,0,42,13,3,0,0,0,0,0,0,16,21,0,0,0,0,0,0,0,21,9,0,0,0,0,0,0,0,9,0,0,0,0,0,0,0,0,0,3,0,0,0,0,0,0,0,3,3,0,0,0,0,0,0,0,3,49,3,0,0,0,0,0,0,52,3,0,0,0,0,0,0,0,3,3,0,0,0,0,0,0,0,3,135,3,0,0,0,0,0,0,138,1266,21,22,5,0,0,5,0,1314,777,0,5,0,0,0,0,3,785,155,4,61,0,0,0,0,0,220,128,0,19,0,0,0,0,0,147,146,3,21,0,0,0,0,0,170,0,0,0,0,0,0,0,0,0,37,3,3,0,0,4,4,0,47,31,0,0,0,0,0,0,0,31,497,10,104,0,0,4,4,0,615,13,3,4,0,0,0,0,0,20,75,4
LGA12300,10,0,0,0,0,0,0,0,10,19,0,3,3,0,0,3,0,25,19,5,4,0,0,0,0,0,28,3,0,0,0,0,0,0,0,3,3,0,0,0,0,0,0,0,3,0,0,0,0,0,0,0,0,0,3,0,0,0,0,0,0,0,3,0,0,0,0,0,0,0,0,0,28,5,4,0,0,0,0,0,37,0,0,0,0,0,0,0,0,0,0,0,0,0,0,0,0,0,0,57,5,7,3,0,0,3,0,72,1654,54,114,44,0,3,47,3,1872,1279,19,42,0,0,3,3,3,1346,301,27,137,0,0,3,3,0,468,34,3,3,0,0,0,0,0,40,246,13,43,0,0,3,3,3,308,10,0,14,0,0,0,0,0,24,51,0,0,11,0,0,11,3,65,33,3,3,0,0,0,0,0,39,675,46,200,11,0,6,17,6,944,20,9,8,0,0,0,0,0,37,110,5
LGA12350,51,0,0,0,0,0,0,0,51,87,0,0,0,0,0,0,0,87,57,6,19,0,0,0,0,0,82,41,0,3,0,0,0,0,0,44,31,0,0,0,0,0,0,0,31,15,0,3,0,0,0,0,0,18,6,0,0,0,0,0,0,0,6,0,0,4,0,0,0,0,0,4,150,6,29,0,0,0,0,0,185,0,0,0,0,0,0,0,0,0,30,0,11,3,0,0,3,0,44,318,6,40,3,0,0,3,0,367,1886,34,18,11,0,4,15,0,1953,1174,8,3,3,3,3,9,0,1194,352,34,90,0,0,3,3,0,479,96,6,24,0,0,0,0,0,126,252,13,24,0,0,4,4,0,293,4,13,0,0,0,0,0,0,17,62,3,4,5,0,0,5,0,74,32,0,3,3,0,3,6,0,41,798,69,145,8,0,10,18,0,1030,25,18,0,0,0,0,0,0,43,131,9
LGA12500,5,0,0,0,0,0,0,0,5,24,0,0,0,0,0,0,0,24,22,6,0,0,0,0,0,0,28,22,0,3,0,0,0,0,0,25,4,0,3,0,0,0,0,0,7,10,0,0,0,0,0,0,0,10,0,0,0,0,0,0,0,3,3,3,0,0,0,0,0,0,0,3,61,6,6,0,0,0,0,3,76,0,0,0,0,0,0,0,0,0,5,3,3,0,0,0,0,0,11,95,9,9,0,0,0,0,3,116,1022,28,22,19,0,4,23,0,1095,834,10,5,0,0,7,7,0,856,292,72,52,0,0,6,6,0,422,71,5,15,0,0,0,0,0,91,112,18,11,3,0,0,3,0,144,10,3,4,0,0,0,0,0,17,11,3,3,9,0,0,9,0,26,17,0,0,0,0,0,0,0,17,513,101,85,12,0,6,18,0,717,6,0,3,0,0,4,4,0,13,99,13
LGA12600,160,3,3,3,0,0,3,3,172,541,12,4,0,0,0,0,0,557,339,72,89,0,0,3,3,0,503,309,26,53,0,0,0,0,0,388,101,10,10,0,0,5,5,0,126,37,6,3,0,0,0,0,0,46,15,4,0,0,0,0,0,0,19,7,3,0,0,0,0,0,0,10,808,121,155,0,0,8,8,0,1092,5,0,0,0,0,0,0,0,5,48,3,10,3,0,0,3,0,64,1562,139,172,6,0,8,14,3,1890,3806,102,123,11,0,8,19,0,4050,4387,78,49,3,0,9,12,3,4529,1110,328,470,0,0,12,12,0,1920,165,49,145,0,0,0,0,0,359,525,42,58,0,0,9,9,0,634,9,8,29,0,0,0,0,0,46,66,4,17,14,0,7,21,0,108,65,6,6,3,0,0,3,0,80,1940,437,725,17,0,28,45,0,3147,45,12,83,0,0,0,0,0,140,184,29
LGA12700,21,0,0,0,0,0,0,0,21,54,0,0,0,0,0,0,0,54,23,0,0,0,0,0,0,0,23,5,0,0,0,0,0,0,0,5,17,0,3,0,0,0,0,0,20,0,0,0,0,0,0,0,0,0,0,0,0,0,0,0,0,0,0,0,0,0,0,0,0,0,0,0,45,0,3,0,0,0,0,0,48,0,0,0,0,0,0,0,0,0,4,0,0,0,0,0,0,0,4,124,0,3,0,0,0,0,0,127,1286,4,8,11,0,0,11,0,1309,1036,0,0,3,0,3,6,0,1042,183,9,13,0,0,0,0,0,205,22,10,0,0,0,0,0,0,32,193,4,4,0,0,5,5,0,206,4,12,0,0,0,0,0,0,16,44,0,0,0,0,0,0,0,44,27,0,0,0,0,0,0,0,27,473,35,17,0,0,5,5,0,530,28,6,3,0,0,0,0,0,37,69,5
LGA12750,78,3,3,0,3,3,6,0,90,115,4,0,0,0,0,0,0,119,104,16,16,0,0,0,0,0,136,126,14,16,0,0,0,0,0,156,40,4,3,3,0,3,6,0,53,84,3,3,0,0,0,0,0,90,10,0,0,0,0,0,0,0,10,8,5,0,0,0,0,0,0,13,372,42,38,3,0,3,6,0,458,3,0,0,0,0,0,0,0,3,19,6,3,3,0,0,3,0,31,587,55,44,6,3,6,15,0,701,5841,327,201,157,3,12,172,5,6546,3125,89,65,4,5,8,17,0,3296,1129,247,313,7,0,0,7,0,1696,104,82,69,3,0,0,3,0,258,785,96,99,9,0,12,21,3,1004,17,9,8,0,0,0,0,0,34,79,14,13,35,0,4,39,0,145,72,4,10,3,0,5,8,0,94,2186,452,512,57,0,21,78,3,3231,73,51,21,5,0,4,9,3,157,280,54
LGA12850,76,4,0,0,0,0,0,0,80,103,8,0,0,0,0,0,0,111,113,13,20,0,0,0,0,0,146,122,39,22,0,0,0,0,0,183,15,0,0,0,0,0,0,0,15,4,6,5,0,0,0,0,0,15,4,0,0,3,0,0,3,0,7,4,0,0,0,0,0,0,0,4,262,58,47,3,0,0,3,0,370,5,0,3,0,0,0,0,0,8,22,4,6,0,0,0,0,0,32,468,74,56,3,0,0,3,0,601,15792,1404,816,26,0,7,33,14,18059,14345,2291,1283,0,0,14,14,14,17947,4310,1425,2756,0,3,41,44,9,8544,1838,1370,762,0,0,0,0,0,3970,2070,402,382,3,0,16,19,6,2879,168,137,97,0,0,0,0,4,406,446,98,114,33,0,7,40,0,698,212,44,57,3,0,0,3,0,316,9044,3476,4168,39,3,64,106,19,16813,269,45,42,0,0,0,0,4,360,1428,301
LGA12900,58,0,0,0,0,0,0,0,58,113,0,0,0,0,0,0,0,113,60,3,3,0,0,0,0,0,66,43,3,7,0,0,0,0,0,53,34,3,4,0,0,0,0,0,41,0,0,0,0,0,0,0,0,0,8,0,3,0,0,0,0,0,11,5,0,0,0,0,0,0,0,5,150,9,17,0,0,0,0,0,176,5,0,0,0,0,0,0,0,5,16,0,0,0,0,0,0,0,16,342,9,17,0,0,0,0,0,368,1228,27,15,8,3,0,11,3,1284,934,7,4,0,3,0,3,0,948,216,65,82,0,0,0,0,0,363,98,3,10,0,0,0,0,0,111,197,9,16,0,0,0,0,0,222,3,3,9,0,0,0,0,0,15,71,0,0,6,0,0,6,0,77,44,0,4,0,0,0,0,0,48,629,80,121,6,0,0,6,0,836,15,0,0,0,0,0,0,0,15,84,4
LGA12950,30,0,0,0,0,0,0,0,30,46,0,0,0,0,0,0,0,46,29,0,13,0,0,0,0,0,42,32,0,0,0,0,0,0,0,32,24,0,0,0,0,0,0,0,24,14,0,0,0,0,0,0,0,14,5,0,3,3,0,0,3,0,11,3,0,0,0,0,0,0,0,3,107,0,16,3,0,0,3,0,126,3,0,0,0,0,0,0,0,3,6,0,0,0,0,0,0,0,6,192,0,16,3,0,0,3,0,211,656,0,14,3,3,0,6,0,676,363,0,17,0,0,0,0,0,380,50,3,44,0,0,0,0,0,97,28,0,0,0,0,0,0,0,28,116,3,8,0,0,5,5,0,132,9,0,0,0,0,0,0,0,9,25,0,3,3,0,0,3,0,31,20,0,3,0,0,0,0,0,23,248,6,58,3,0,5,8,0,320,17,0,0,0,0,0,0,0,17,35,0
LGA13010,31,0,0,0,0,0,0,0,31,42,0,0,0,0,0,0,0,42,54,4,5,0,0,0,0,0,63,20,3,4,0,0,0,0,0,27,18,0,0,0,0,0,0,0,18,11,0,0,0,0,0,0,0,11,0,0,0,0,0,0,0,0,0,3,0,0,0,0,0,0,0,3,106,7,9,0,0,0,0,0,122,4,0,0,0,0,0,0,0,4,3,0,0,0,0,0,0,0,3,186,7,9,0,0,0,0,0,202,1485,16,7,9,3,0,12,3,1523,833,5,0,0,0,4,4,3,845,278,52,43,0,0,0,0,0,373,53,4,0,0,0,0,0,0,57,181,7,6,0,0,0,0,0,194,19,16,0,0,0,0,0,0,35,60,0,0,0,0,0,0,0,60,30,3,0,0,3,0,3,0,36,621,82,49,0,3,0,3,0,755,32,6,0,0,0,0,0,0,38,97,4
LGA13050,19,0,0,0,0,0,0,0,19,29,0,0,0,0,0,0,0,29,28,0,5,0,0,0,0,0,33,6,0,0,0,0,0,0,0,6,12,0,0,0,0,0,0,0,12,0,0,0,0,0,0,0,0,0,6,0,0,0,0,0,0,0,6,0,0,0,0,0,0,0,0,0,52,0,5,0,0,0,0,0,57,0,0,0,0,0,0,0,0,0,3,3,0,0,0,0,0,0,6,103,3,5,0,0,0,0,0,111,928,3,3,16,0,7,23,0,957,424,0,3,3,0,3,6,0,433,135,0,36,0,0,11,11,0,182,32,0,6,0,0,0,0,0,38,115,11,9,3,0,6,9,0,144,5,0,0,0,0,0,0,0,5,30,0,8,6,0,3,9,0,47,15,0,4,0,0,0,0,0,19,332,11,63,9,0,20,29,0,435,13,0,0,0,0,0,0,0,13,43,4
LGA13100,221,14,11,10,0,0,10,0,256,506,20,19,0,0,0,0,0,545,339,83,70,0,0,0,0,3,495,106,50,35,0,0,0,0,0,191,113,13,14,0,0,4,4,0,144,15,5,3,0,0,0,0,0,23,14,0,0,5,0,0,5,0,19,9,0,0,0,0,0,0,0,9,596,151,122,5,0,4,9,3,881,12,5,3,0,0,0,0,0,20,19,10,8,3,0,0,3,0,40,1354,200,163,18,0,4,22,3,1742,16788,3023,1159,340,0,12,352,19,21341,18595,1356,636,19,0,12,31,24,20642,5296,1921,1858,43,0,30,73,44,9192,641,589,571,0,0,0,0,0,1801,2163,436,299,25,0,16,41,16,2955,71,126,122,0,0,0,0,0,319,252,71,24,70,0,9,79,3,429,197,47,55,5,0,0,5,0,304,8620,3190,2929,143,0,55,198,63,15000,227,556,181,6,0,0,6,3,973,945,397
LGA13310,50,0,0,4,0,0,4,0,54,117,0,3,0,0,0,0,0,120,41,5,11,0,0,0,0,0,57,37,0,0,0,0,0,0,0,37,22,5,0,0,0,0,0,0,27,4,0,0,0,0,0,0,0,4,4,0,0,6,0,0,6,0,10,0,0,0,0,0,0,0,0,0,108,10,11,6,0,0,6,0,135,3,0,0,0,0,0,0,0,3,10,0,3,0,0,0,0,0,13,288,10,17,10,0,0,10,0,325,3489,136,21,36,6,4,46,7,3699,3189,72,21,4,6,8,18,11,3311,846,231,269,0,0,12,12,9,1367,444,19,56,0,0,0,0,0,519,540,52,31,0,0,21,21,0,644,20,24,17,0,0,0,0,0,61,99,6,4,31,0,6,37,0,146,59,5,3,3,0,3,6,0,73,2008,337,380,34,0,42,76,9,2810,54,8,0,0,0,3,3,0,65,205,19
LGA13320,87,12,0,6,0,0,6,0,105,137,3,3,3,0,3,6,0,149,129,27,46,0,3,0,3,0,205,17,20,5,0,0,0,0,0,42,45,0,3,0,0,0,0,0,48,38,7,3,0,0,0,0,0,48,5,0,4,0,0,0,0,0,9,3,0,0,0,0,0,0,0,3,237,54,61,0,3,0,3,0,355,0,3,0,0,0,0,0,0,3,16,7,4,0,0,0,0,0,27,477,79,68,9,3,3,15,0,639,5309,787,333,230,0,8,238,9,6676,2750,166,90,15,0,8,23,4,3033,1057,352,533,0,0,15,15,0,1957,32,88,63,0,0,0,0,0,183,572,119,112,7,0,11,18,0,821,17,53,8,0,0,0,0,0,78,89,14,17,51,3,4,58,0,178,54,14,11,8,0,5,13,0,92,1821,640,744,66,3,35,104,0,3309,124,52,3,12,0,0,12,0,191,273,100
LGA13340,13,0,0,0,0,0,0,0,13,38,0,0,0,0,0,0,0,38,13,0,3,0,0,0,0,0,16,0,0,0,0,0,0,0,0,0,13,0,0,0,0,0,0,0,13,0,0,0,0,0,0,0,0,0,3,0,0,0,0,0,0,0,3,3,0,0,0,0,0,0,0,3,32,0,3,0,0,0,0,0,35,3,0,0,0,0,0,0,0,3,3,0,0,0,0,0,0,0,3,89,0,3,0,0,0,0,0,92,1530,0,0,8,0,5,13,3,1546,1171,4,4,0,0,4,4,3,1186,161,15,4,0,0,3,3,0,183,13,4,0,0,0,0,0,0,17,265,0,3,0,3,0,3,0,271,6,5,3,0,0,0,0,0,14,82,0,0,0,0,0,0,0,82,58,3,3,0,0,0,0,0,64,585,27,13,0,3,3,6,0,631,32,0,3,0,0,0,0,0,35,111,9
LGA13380,131,3,3,3,0,0,3,0,140,219,0,0,0,0,0,0,0,219,206,23,36,0,0,0,0,0,265,173,0,24,0,0,0,0,0,197,60,0,5,0,0,0,0,0,65,57,0,7,0,0,0,0,0,64,12,0,3,3,0,5,8,0,23,6,0,0,0,0,0,0,0,6,514,23,75,3,0,5,8,0,620,0,0,0,0,0,0,0,0,0,20,3,6,0,0,0,0,0,29,884,29,84,6,0,5,11,0,1008,6883,352,195,122,4,5,131,4,7565,4624,94,52,4,5,9,18,0,4788,1589,345,490,0,0,21,21,4,2449,221,42,136,0,0,0,0,0,399,776,81,78,6,0,11,17,6,958,47,37,40,0,0,0,0,0,124,65,17,12,40,0,4,44,4,142,102,7,14,0,5,5,10,0,133,2800,529,770,46,5,41,92,14,4205,68,41,23,0,0,0,0,0,132,357,35
LGA13450,31,3,0,3,0,0,3,0,37,85,3,0,0,0,0,0,0,88,92,9,21,0,0,0,0,0,122,100,4,8,0,0,0,0,0,112,32,4,5,0,0,0,0,0,41,12,0,4,0,0,0,0,0,16,12,0,3,0,0,0,0,0,15,8,0,0,0,0,0,0,0,8,256,17,41,0,0,0,0,0,314,3,0,0,0,0,0,0,0,3,17,3,4,0,0,0,0,0,24,392,26,45,3,0,0,3,0,466,2651,111,83,17,3,0,20,0,2865,2336,65,57,0,0,0,0,0,2458,802,236,252,3,0,4,7,0,1297,180,5,33,0,0,0,0,0,218,442,38,49,3,0,0,3,0,532,24,6,16,0,0,0,0,0,46,122,7,10,17,0,0,17,0,156,85,8,3,0,0,0,0,0,96,1655,300,363,23,0,4,27,0,2345,43,10,3,0,0,0,0,0,56,211,12
LGA13500,7,0,0,0,0,0,0,0,7,15,0,0,0,0,0,0,0,15,3,0,3,0,0,0,0,0,6,4,0,0,0,0,0,0,0,4,10,0,0,0,0,0,0,0,10,0,0,0,0,0,0,0,0,0,0,0,0,0,0,0,0,0,0,0,0,0,0,0,0,0,0,0,17,0,3,0,0,0,0,0,20,0,0,0,0,0,0,0,0,0,0,0,0,0,0,0,0,0,0,39,0,3,0,0,0,0,0,42,593,7,12,4,0,11,15,0,627,360,0,0,3,0,3,6,0,366,70,4,20,0,0,3,3,0,97,24,0,5,0,0,0,0,0,29,70,10,4,0,0,8,8,0,92,0,0,0,0,0,0,0,0,0,45,0,3,5,0,3,8,0,56,25,0,0,0,0,3,3,0,28,234,14,32,5,0,17,22,0,302,22,0,0,0,0,0,0,0,22,38,0
LGA13550,79,0,0,3,0,3,6,0,85,106,0,3,0,0,3,3,0,112,119,3,20,0,0,0,0,0,142,77,0,5,0,0,0,0,0,82,49,0,0,0,0,0,0,0,49,11,3,5,0,0,0,0,0,19,8,0,4,0,0,0,0,0,12,3,0,0,0,0,0,0,0,3,267,6,34,0,0,0,0,0,307,5,0,0,0,0,0,0,0,5,23,0,3,0,0,0,0,0,26,480,6,40,3,0,6,9,0,535,1524,30,43,18,0,3,21,0,1618,1139,8,8,0,0,5,5,3,1163,311,37,128,0,0,3,3,0,479,56,6,22,0,0,0,0,0,84,237,6,36,0,0,3,3,0,282,12,6,11,0,0,0,0,0,29,97,4,7,0,0,3,3,0,111,44,0,0,0,0,0,0,0,44,757,59,204,0,0,9,9,0,1029,28,15,0,0,0,0,0,0,43,80,6
LGA13650,15,0,0,3,0,0,3,0,18,28,0,0,0,0,0,0,0,28,9,0,0,0,0,0,0,0,9,30,0,0,0,0,0,0,0,30,19,0,0,0,0,0,0,0,19,20,0,0,0,0,0,0,0,20,7,0,0,0,0,0,0,0,7,0,0,0,0,0,0,0,0,0,85,0,0,0,0,0,0,0,85,0,0,0,0,0,0,0,0,0,6,0,0,0,0,0,0,0,6,134,0,0,3,0,0,3,0,137,682,6,4,0,0,0,0,0,692,417,3,0,0,0,3,3,0,423,47,4,18,0,0,0,0,0,69,8,3,0,0,0,0,0,0,11,122,7,3,0,0,3,3,0,135,3,0,0,0,0,0,0,0,3,45,0,0,0,0,0,0,0,45,23,3,0,0,0,3,3,0,29,248,17,21,0,0,6,6,0,292,21,0,0,0,0,0,0,0,21,39,0
LGA13660,18,0,0,0,0,0,0,0,18,22,0,0,0,0,0,0,0,22,10,0,0,0,0,0,0,0,10,0,0,0,0,0,0,0,0,0,11,0,0,0,0,0,0,0,11,0,0,0,0,0,0,0,0,0,11,0,0,0,0,0,0,0,11,0,0,0,0,0,0,0,0,0,32,0,0,0,0,0,0,0,32,3,0,0,0,0,0,0,0,3,4,0,0,0,0,0,0,0,4,79,0,0,0,0,0,0,0,79,929,0,0,18,3,6,27,0,956,419,0,0,0,3,6,9,0,428,72,0,8,0,0,0,0,0,80,3,3,10,0,0,0,0,0,16,153,0,8,0,0,0,0,0,161,3,0,6,0,0,0,0,0,9,105,0,5,0,0,4,4,0,114,70,0,3,0,0,0,0,0,73,406,3,40,0,0,4,4,0,453,30,3,3,0,0,0,0,0,36,62,0
LGA13700,18,3,0,0,0,0,0,0,21,23,0,0,0,0,0,0,0,23,3,0,0,0,0,0,0,0,3,0,0,0,0,0,0,0,0,0,12,0,3,0,0,0,0,0,15,0,0,0,0,0,0,0,0,0,0,0,0,0,0,0,0,0,0,4,0,0,0,0,0,0,0,4,19,0,3,0,0,0,0,0,22,3,0,0,0,0,0,0,0,3,4,0,0,0,0,0,0,0,4,67,3,3,0,0,0,0,0,73,656,7,5,3,0,4,7,0,675,352,0,0,0,0,4,4,0,356,66,5,4,0,0,0,0,0,75,11,0,0,0,0,0,0,0,11,103,0,4,0,0,0,0,0,107,4,3,0,0,0,0,0,0,7,43,0,6,5,0,0,5,0,54,30,0,0,0,0,3,3,0,33,257,8,14,5,0,3,8,0,287,11,3,0,0,0,0,0,0,14,25,4
LGA13800,88,3,0,3,0,0,3,0,94,249,10,0,0,0,0,0,0,259,113,28,10,0,0,4,4,0,155,85,19,5,0,0,0,0,0,109,41,10,0,0,0,0,0,0,51,12,0,0,0,0,0,0,0,12,12,3,0,4,0,0,4,0,19,4,0,0,0,0,0,0,0,4,267,60,15,4,0,4,8,0,350,6,0,0,0,0,0,0,0,6,13,0,0,0,0,0,0,0,13,623,73,15,7,0,4,11,0,722,5561,421,78,60,3,4,67,3,6130,8137,360,87,3,3,7,13,3,8600,1574,654,321,3,3,34,40,3,2592,374,131,97,3,0,0,3,0,605,780,122,68,7,0,12,19,3,992,67,27,35,0,0,0,0,0,129,269,61,12,62,0,3,65,3,410,91,19,5,0,3,4,7,3,125,3155,1014,538,75,6,53,134,12,4853,102,14,14,0,3,3,6,0,136,305,55
LGA13850,7,0,3,0,0,0,0,0,10,17,0,0,0,0,0,0,0,17,3,0,3,0,0,0,0,0,6,14,0,0,0,0,0,0,0,14,10,0,0,0,0,3,3,0,13,3,0,0,0,0,0,0,0,3,8,0,0,0,0,0,0,0,8,0,0,0,0,0,0,0,0,0,38,0,3,0,0,3,3,0,44,0,0,0,0,0,0,0,0,0,3,0,0,0,0,0,0,0,3,65,0,6,0,0,3,3,0,74,437,0,3,5,0,0,5,0,445,274,0,3,0,0,3,3,0,280,58,0,32,0,0,0,0,0,90,24,0,4,0,0,0,0,0,28,110,0,14,0,0,0,0,0,124,0,0,0,0,0,0,0,0,0,51,0,5,0,3,0,3,0,59,18,0,0,0,0,0,0,0,18,261,0,55,0,3,0,3,0,319,10,0,0,0,0,0,0,0,10,30,0
LGA13950,57,6,3,0,0,0,0,0,66,65,3,13,0,0,0,0,0,81,71,17,18,0,0,0,0,0,106,41,16,32,4,0,0,4,0,93,21,3,7,0,0,0,0,0,31,0,5,4,0,0,0,0,0,9,0,0,0,0,0,0,0,0,0,3,0,0,0,0,0,0,0,3,136,41,61,4,0,0,4,0,242,6,0,0,0,0,0,0,0,6,10,3,0,0,0,0,0,0,13,274,53,77,4,0,0,4,0,408,8053,863,592,0,0,4,4,0,9512,7256,1653,1815,0,0,0,0,4,10728,2251,1051,3476,0,0,29,29,6,6813,515,530,1023,5,0,0,5,0,2073,992,257,410,0,0,10,10,7,1676,98,83,112,0,0,3,3,0,296,143,22,49,0,0,5,5,0,219,93,19,48,0,0,3,3,0,163,4092,1962,5118,5,0,50,55,13,11240,137,59,53,0,0,0,0,0,249,531,123
LGA14000,50,5,0,0,0,0,0,0,55,85,6,11,0,0,0,0,0,102,41,8,12,0,0,3,3,0,64,8,6,7,0,0,0,0,0,21,20,0,3,0,0,0,0,0,23,3,4,0,0,0,0,0,0,7,5,0,0,0,0,0,0,0,5,0,0,0,0,0,0,0,0,0,77,18,22,0,0,3,3,0,120,0,0,3,0,0,0,0,0,3,6,0,3,3,0,0,3,0,12,218,29,39,3,0,3,6,0,292,16756,1227,1293,58,0,6,64,6,19346,17320,1292,2276,4,3,9,16,10,20914,2991,669,3194,4,0,18,22,12,6888,109,178,363,0,0,0,0,0,650,1274,174,693,6,3,20,29,5,2175,67,67,260,0,0,3,3,0,397,167,32,54,15,0,3,18,0,271,141,14,47,0,0,3,3,0,205,4749,1134,4611,25,3,47,75,17,10586,245,253,261,0,0,4,4,5,768,470,97
LGA14100,6,0,0,0,0,0,0,0,6,0,0,0,0,0,0,0,0,0,0,0,5,0,0,0,0,0,5,0,0,0,0,0,0,0,0,0,0,0,0,0,0,0,0,0,0,0,0,0,0,0,0,0,0,0,0,0,0,0,0,0,0,0,0,0,0,0,0,0,0,0,0,0,0,0,5,0,0,0,0,0,5,0,0,0,0,0,0,0,0,0,0,0,0,0,0,0,0,0,0,6,0,5,0,0,0,0,0,11,1375,170,205,0,0,3,3,0,1753,1104,148,169,0,0,0,0,0,1421,209,77,289,0,0,16,16,0,591,10,0,276,0,0,0,0,0,286,87,29,66,0,0,16,16,0,198,18,0,12,0,0,0,0,0,30,10,6,7,0,0,0,0,0,23,16,3,5,0,0,0,0,0,24,350,115,655,0,0,32,32,0,1152,37,0,21,0,0,0,0,0,58,52,9
LGA14150,37,0,4,0,0,0,0,0,41,37,3,6,0,0,0,0,0,46,37,6,30,0,0,0,0,0,73,28,20,4,0,0,0,0,0,52,8,0,4,0,0,0,0,0,12,0,5,0,0,0,0,0,0,5,4,0,0,0,0,0,0,0,4,3,0,0,0,0,0,0,0,3,80,31,38,0,0,0,0,0,149,0,0,0,0,0,0,0,0,0,0,0,7,0,0,0,0,0,7,154,34,55,0,0,0,0,0,243,7677,1012,1205,0,0,13,13,3,9910,5570,1035,2277,0,0,12,12,4,8898,1380,460,2998,0,0,83,83,4,4925,364,413,300,0,0,0,0,0,1077,505,156,605,0,0,26,26,0,1292,38,56,29,0,0,0,0,0,123,64,36,44,0,0,0,0,0,144,51,19,37,0,0,4,4,0,111,2402,1140,4013,0,0,113,113,4,7672,89,52,36,0,0,0,0,0,177,357,108
LGA14200,40,0,3,0,0,3,3,0,46,82,0,0,0,0,0,0,0,82,77,3,11,0,0,0,0,0,91,79,0,10,0,0,0,0,0,89,23,0,0,0,0,0,0,0,23,17,0,3,0,0,0,0,0,20,9,0,0,3,0,0,3,0,12,7,0,3,0,0,0,0,0,10,212,3,27,3,0,0,3,0,245,0,0,0,0,0,0,0,0,0,16,0,3,0,0,0,0,0,19,350,3,33,3,0,3,6,0,392,2202,12,49,14,3,3,20,0,2283,1702,14,6,0,3,0,3,0,1725,481,26,188,0,0,3,3,0,698,79,0,33,0,0,0,0,0,112,314,3,38,4,0,3,7,0,362,3,0,68,0,0,0,0,0,71,80,0,12,17,3,0,20,0,112,86,3,3,0,0,4,4,0,96,1043,32,342,21,3,10,34,0,1451,45,12,3,0,0,0,0,0,60,130,3
LGA14250,12,0,0,0,0,0,0,0,12,5,0,0,0,0,0,0,0,5,0,0,0,0,0,0,0,0,0,0,0,0,0,0,0,0,0,0,5,0,0,0,0,0,0,0,5,0,0,0,0,0,0,0,0,0,0,0,0,0,0,0,0,0,0,0,0,0,0,0,0,0,0,0,5,0,0,0,0,0,0,0,5,0,0,0,0,0,0,0,0,0,0,0,0,0,0,0,0,0,0,22,0,0,0,0,0,0,0,22,237,3,0,0,0,0,0,0,240,136,0,0,0,0,0,0,0,136,19,0,6,0,0,0,0,0,25,4,3,0,0,0,0,0,0,7,43,0,3,0,0,0,0,0,46,0,0,3,0,0,0,0,0,3,20,0,0,0,0,4,4,0,24,16,0,0,0,0,0,0,0,16,102,3,12,0,0,4,4,0,121,11,0,0,0,0,0,0,0,11,14,0
LGA14300,12,0,0,0,0,0,0,0,12,30,0,0,0,0,0,0,0,30,13,5,0,0,0,0,0,0,18,10,0,0,0,0,0,0,0,10,10,0,0,0,0,0,0,0,10,0,0,0,0,0,0,0,0,0,0,0,0,0,0,0,0,0,0,0,0,0,0,0,0,0,0,0,33,5,0,0,0,0,0,0,38,0,0,0,0,0,0,0,0,0,5,3,0,0,0,0,0,0,8,80,8,0,0,0,0,0,0,88,697,7,3,0,0,0,0,4,711,612,0,0,0,0,0,0,0,612,147,21,8,0,0,0,0,0,176,46,0,0,0,0,0,0,0,46,113,4,0,0,0,3,3,0,120,9,7,0,0,0,0,0,0,16,25,4,0,0,0,0,0,0,29,22,0,0,0,0,3,3,0,25,362,36,8,0,0,6,6,0,412,13,0,0,0,0,0,0,0,13,44,3
LGA14350,117,5,0,4,0,0,4,3,129,182,7,0,0,0,0,0,0,189,206,15,25,0,0,0,0,0,246,212,18,10,0,0,0,0,3,243,53,0,0,0,0,3,3,0,56,79,5,9,0,0,0,0,0,93,7,0,6,12,0,0,12,0,25,14,3,0,0,0,0,0,0,17,571,41,50,12,0,3,15,3,680,4,5,0,0,0,0,0,0,9,29,0,3,0,0,0,0,0,32,903,58,53,16,0,3,19,6,1039,4089,163,65,58,9,3,70,0,4387,2537,88,24,3,6,3,12,3,2664,875,124,195,5,0,3,8,0,1202,103,19,29,0,0,0,0,0,151,523,34,33,5,7,3,15,3,608,37,16,7,0,0,0,0,0,60,61,3,13,30,0,0,30,0,107,71,3,11,0,0,0,0,0,85,1670,199,288,40,7,6,53,3,2213,49,0,0,4,0,0,4,0,53,216,15
LGA14400,22,0,3,0,0,0,0,0,25,41,0,0,0,0,0,0,0,41,28,4,5,0,0,0,0,0,37,4,3,0,0,0,0,0,0,7,8,4,5,0,0,0,0,0,17,4,0,0,0,0,0,0,0,4,3,0,0,0,0,0,0,0,3,0,0,0,0,0,0,0,0,0,47,11,10,0,0,0,0,0,68,0,0,0,0,0,0,0,0,0,0,0,0,3,0,0,3,0,3,110,11,13,3,0,0,3,0,137,2836,244,193,13,0,5,18,0,3291,2041,149,41,0,0,4,4,0,2235,542,162,150,3,0,22,25,3,882,28,12,15,0,0,0,0,0,55,289,53,51,0,0,8,8,0,401,7,6,40,0,0,0,0,0,53,25,0,9,3,0,0,3,0,37,27,3,9,0,0,0,0,0,39,918,236,274,6,0,30,36,3,1467,27,0,96,0,0,0,0,0,123,98,22
LGA14450,18,0,6,0,0,0,0,0,24,9,5,7,0,0,0,0,0,21,18,7,18,0,0,0,0,0,43,3,3,0,0,0,0,0,0,6,8,0,3,0,0,0,0,0,11,0,0,0,0,0,0,0,0,0,0,0,0,0,0,0,0,0,0,0,0,3,0,0,0,0,0,3,29,10,24,0,0,0,0,0,63,0,0,0,0,0,0,0,0,0,3,0,0,0,0,0,0,0,3,59,15,37,0,0,0,0,0,111,5374,534,1247,3,0,5,8,0,7163,3817,517,2037,3,0,5,8,4,6383,833,284,2476,0,0,41,41,8,3642,28,80,112,0,0,0,0,0,220,383,91,505,0,0,21,21,4,1004,26,7,27,0,0,0,0,0,60,42,20,44,0,0,0,0,0,106,47,5,44,0,0,0,0,0,96,1359,487,3208,0,0,62,62,12,5128,45,19,54,0,0,0,0,0,118,248,43
LGA14500,18,0,3,0,0,0,0,0,21,26,3,0,0,0,0,0,0,29,9,0,4,0,0,0,0,0,13,0,0,0,0,0,0,0,0,0,3,0,3,0,0,0,0,0,6,0,0,0,0,0,0,0,0,0,0,0,0,0,0,0,0,0,0,3,0,0,0,0,0,0,0,3,15,0,7,0,0,0,0,0,22,0,0,0,0,0,0,0,0,0,0,0,0,0,0,0,0,0,0,59,3,10,0,0,0,0,0,72,13654,730,1951,5,0,0,5,10,16350,11322,300,1402,0,0,5,5,8,13037,1954,226,1572,0,0,6,6,10,3768,20,0,10,0,0,0,0,0,30,715,79,379,0,0,4,4,11,1188,33,25,97,0,0,0,0,4,159,57,12,35,0,0,0,0,3,107,77,4,41,0,0,0,0,0,122,2856,346,2134,0,0,10,10,28,5374,103,67,170,0,0,0,0,3,343,359,74
LGA14550,27,0,0,3,0,0,3,0,30,36,0,0,0,0,0,0,0,36,27,0,3,0,0,0,0,0,30,15,0,3,0,0,0,0,0,18,21,0,0,0,0,0,0,0,21,35,0,7,0,0,0,0,0,42,6,0,0,0,0,0,0,0,6,0,3,0,0,0,0,0,0,3,104,3,13,0,0,0,0,0,120,3,0,0,0,0,0,0,0,3,3,0,0,0,3,0,3,0,6,173,3,13,3,3,0,6,0,195,1603,7,11,15,5,0,20,0,1641,958,0,0,5,3,3,11,0,969,214,12,27,0,0,0,0,0,253,23,5,0,0,0,0,0,0,28,270,3,10,3,0,3,6,0,289,12,0,0,0,0,0,0,0,12,43,0,0,0,0,4,4,0,47,41,0,0,3,0,0,3,0,44,603,20,37,6,0,7,13,0,673,24,0,4,0,0,0,0,0,28,89,0
LGA14600,63,0,0,3,0,0,3,0,66,74,0,0,0,0,0,0,0,74,32,3,8,0,0,0,0,0,43,83,0,7,0,0,0,0,0,90,35,3,0,0,0,0,0,0,38,49,0,0,0,0,0,0,0,49,8,3,0,0,0,0,0,0,11,9,0,0,0,0,0,0,0,9,216,9,15,0,0,0,0,0,240,0,0,0,0,0,0,0,0,0,13,0,0,0,0,0,0,0,13,366,9,15,3,0,0,3,0,393,993,0,0,6,3,0,9,0,1002,494,0,0,0,0,3,3,0,497,71,0,11,0,0,0,0,0,82,16,3,6,0,0,0,0,0,25,178,4,7,0,0,0,0,0,189,5,4,0,0,0,0,0,0,9,95,10,0,0,0,0,0,0,105,55,0,4,3,0,0,3,0,62,420,21,28,3,0,0,3,0,472,28,3,0,0,0,0,0,0,31,71,3
LGA14650,365,9,8,6,0,0,6,0,388,825,12,6,0,0,0,0,0,843,426,29,30,0,0,5,5,0,490,331,85,49,0,0,0,0,0,465,155,21,7,0,0,0,0,0,183,38,5,7,0,0,0,0,0,50,18,4,4,16,0,0,16,0,42,12,4,0,0,0,0,0,0,16,980,148,97,16,0,5,21,0,1246,10,0,0,0,0,0,0,0,10,54,8,11,0,0,3,3,0,76,2234,177,122,22,0,8,30,0,2563,23668,1786,791,341,0,15,356,12,26613,23176,578,302,12,3,12,27,8,24091,5409,1036,1053,3,3,43,49,7,7554,1698,664,614,0,0,0,0,0,2976,2723,315,281,8,3,21,32,3,3354,122,79,165,0,0,0,0,0,366,259,80,23,127,0,7,134,3,499,209,13,33,6,3,3,12,0,267,10420,2187,2169,144,9,74,227,13,15016,225,188,181,6,0,0,6,0,600,1239,203
LGA14700,9,0,0,0,0,0,0,0,9,3,0,6,0,0,0,0,0,9,0,4,11,0,0,0,0,0,15,3,0,0,0,0,0,0,0,3,0,0,0,0,0,0,0,0,0,0,0,0,0,0,0,0,0,0,0,0,0,0,0,0,0,0,0,0,0,0,0,0,0,0,0,0,3,4,11,0,0,0,0,0,18,0,0,0,0,0,0,0,0,0,0,0,6,0,0,0,0,0,6,15,4,23,0,0,0,0,0,42,2712,211,1025,0,0,0,0,3,3951,2268,216,1481,0,0,5,5,0,3970,508,149,1858,0,0,20,20,3,2538,79,27,92,0,0,0,0,0,198,189,75,415,0,0,7,7,3,689,9,0,66,0,0,0,0,0,75,12,3,27,0,0,0,0,29,71,28,3,20,0,0,0,0,0,51,825,257,2478,0,0,27,27,35,3622,16,6,82,0,0,0,0,3,107,83,14
LGA14750,28,0,0,0,0,0,0,0,28,64,0,0,0,0,0,0,0,64,63,3,5,0,0,0,0,0,71,40,3,0,0,0,0,0,0,43,21,0,3,3,0,0,3,0,27,3,0,0,0,0,0,0,0,3,5,0,0,3,0,0,3,0,8,0,0,3,0,0,0,0,0,3,132,6,11,6,0,0,6,0,155,0,0,0,0,0,0,0,0,0,10,0,0,0,0,0,0,0,10,234,6,11,6,0,0,6,0,257,1264,33,40,7,0,5,12,0,1349,1134,12,25,3,0,0,3,0,1174,271,58,91,0,0,3,3,0,423,76,8,0,0,0,0,0,0,84,191,27,18,0,0,0,0,0,236,8,12,0,0,0,0,0,0,20,52,0,14,5,0,6,11,0,77,39,0,9,0,0,0,0,0,48,637,105,132,5,0,9,14,0,888,14,0,3,0,0,0,0,0,17,86,9
LGA14800,13,11,3,0,0,0,0,0,27,16,23,6,0,0,0,0,0,45,12,20,30,0,0,4,4,0,66,13,29,37,0,0,0,0,0,79,7,9,3,0,0,0,0,0,19,4,6,4,0,0,0,0,0,14,3,4,0,0,0,0,0,0,7,3,0,0,0,0,0,0,0,3,42,68,74,0,0,4,4,0,188,3,0,4,0,0,0,0,0,7,5,0,5,0,0,0,0,0,10,79,102,92,0,0,4,4,0,277,2692,1910,553,3,0,21,24,0,5179,2950,2916,1068,0,0,37,37,3,6974,1112,1876,2741,0,0,98,98,8,5835,33,213,578,0,3,0,3,0,827,450,530,441,0,0,66,66,7,1494,17,26,77,0,0,0,0,0,120,19,48,29,0,0,7,7,0,103,30,23,26,0,0,4,4,0,83,1661,2716,3892,0,3,175,178,15,8462,23,22,27,0,3,0,3,0,75,123,94
LGA14850,72,0,3,6,0,0,6,0,81,184,0,3,0,0,0,0,0,187,117,15,32,0,0,0,0,0,164,94,17,17,0,0,0,0,0,128,83,4,12,0,0,3,3,0,102,34,8,0,3,0,0,3,0,45,13,0,4,13,0,4,17,0,34,7,3,0,0,0,0,0,0,10,348,47,65,16,0,7,23,0,483,6,0,0,0,0,0,0,0,6,22,3,4,3,0,0,3,0,32,632,50,75,25,0,7,32,0,789,5387,172,132,96,5,7,108,6,5805,4855,101,106,7,4,14,25,4,5091,1165,304,536,4,0,23,27,0,2032,197,79,121,3,0,0,3,0,400,1103,101,140,15,9,9,33,4,1381,43,24,24,0,0,0,0,0,91,71,13,18,69,3,3,75,0,177,97,5,3,6,4,0,10,0,115,2676,526,842,97,16,35,148,4,4196,86,17,15,3,0,0,3,0,121,241,40
LGA14870,64,0,0,0,0,0,0,0,64,121,3,0,0,0,3,3,0,127,50,9,5,0,0,0,0,0,64,53,3,5,0,0,0,0,0,61,29,5,5,0,0,0,0,0,39,3,3,0,0,0,0,0,0,6,0,0,0,0,0,0,0,0,0,7,0,0,0,0,0,0,0,7,142,20,15,0,0,0,0,0,177,5,0,0,0,0,0,0,0,5,8,0,0,0,0,0,0,0,8,340,23,15,0,0,3,3,0,381,2937,103,13,6,0,7,13,0,3066,2255,37,9,0,3,3,6,0,2307,556,141,99,0,0,17,17,3,816,271,34,51,0,0,0,0,0,356,350,32,20,3,0,4,7,0,409,5,3,4,0,0,3,3,0,15,53,5,0,0,0,4,4,0,62,51,3,4,0,0,0,0,0,58,1286,218,178,3,0,28,31,3,1716,33,22,0,0,0,0,0,0,55,200,21
LGA14900,125,8,3,0,0,0,0,0,136,221,23,6,0,0,0,0,0,250,171,26,28,0,0,0,0,0,225,243,44,74,0,0,0,0,0,361,43,0,10,0,0,0,0,0,53,25,9,10,0,0,0,0,0,44,23,5,3,0,0,0,0,0,31,13,0,0,0,0,0,0,0,13,518,84,125,0,0,0,0,0,727,4,0,3,0,3,0,3,0,10,30,9,5,0,0,0,0,0,44,898,124,142,0,3,0,3,0,1167,11268,926,547,23,0,3,26,7,12774,18529,2347,1307,4,0,4,8,12,22203,4133,1378,2593,3,0,12,15,6,8125,1762,762,1331,0,0,0,0,0,3855,1535,267,257,0,3,7,10,3,2072,84,83,134,0,0,0,0,5,306,770,73,67,15,0,4,19,5,934,186,35,52,0,3,0,3,5,281,8470,2598,4434,18,6,23,47,24,15573,194,64,29,0,0,0,0,0,287,984,297
LGA14920,63,0,0,0,0,0,0,0,63,74,0,0,0,0,0,0,0,74,62,6,7,0,0,0,0,0,75,26,4,0,0,0,0,0,0,30,39,3,0,0,0,0,0,0,42,26,0,5,0,0,0,0,0,31,10,0,0,0,0,0,0,0,10,9,0,0,0,0,0,0,0,9,172,13,12,0,0,0,0,0,197,0,0,0,0,0,0,0,0,0,11,0,0,0,0,0,0,0,11,320,13,12,0,0,0,0,0,345,1183,5,9,3,0,0,3,4,1204,644,4,0,0,3,4,7,0,655,164,11,10,0,0,3,3,0,188,24,3,4,0,0,0,0,0,31,241,4,11,0,0,3,3,0,259,0,5,3,0,0,0,0,0,8,109,0,0,0,0,0,0,0,109,50,0,3,3,0,0,3,0,56,588,23,31,3,0,6,9,0,651,32,0,0,0,0,0,0,0,32,58,0
LGA14950,11,0,0,0,0,0,0,0,11,11,0,0,0,0,0,0,0,11,0,0,0,0,0,0,0,0,0,0,0,0,0,0,0,0,0,0,8,0,0,0,0,0,0,0,8,0,0,0,0,0,0,0,0,0,0,0,0,0,0,0,0,0,0,0,0,0,0,0,0,0,0,0,8,0,0,0,0,0,0,0,8,0,0,0,0,0,0,0,0,0,0,0,0,0,0,0,0,0,0,30,0,0,0,0,0,0,0,30,531,0,0,4,0,0,4,0,535,331,0,0,0,0,6,6,0,337,26,0,3,0,0,0,0,0,29,3,0,0,0,0,0,0,3,6,85,0,3,0,0,0,0,3,91,9,0,0,0,0,0,0,3,12,26,0,4,0,0,0,0,0,30,9,0,0,0,0,0,0,0,9,158,0,10,0,0,0,0,9,177,7,0,0,0,0,0,0,0,7,41,0
LGA15050,108,4,3,0,0,0,0,0,115,350,8,4,0,0,0,0,0,362,177,24,30,0,0,0,0,0,231,183,28,14,0,0,0,0,0,225,51,7,0,0,0,0,0,0,58,11,4,0,0,0,0,0,0,15,8,0,0,4,0,0,4,0,12,3,0,0,0,0,0,0,0,3,433,63,44,4,0,0,4,0,544,6,0,0,0,0,0,0,0,6,18,4,3,3,0,0,3,0,28,915,79,54,7,0,0,7,0,1055,6855,304,126,24,3,8,35,0,7320,8913,192,89,3,0,18,21,0,9215,2266,517,516,3,0,29,32,0,3331,816,165,179,0,0,0,0,0,1160,765,98,79,3,0,15,18,0,960,20,26,30,0,0,0,0,0,76,227,16,15,35,0,0,35,4,297,68,7,7,3,0,0,3,0,85,4162,829,826,44,0,44,88,4,5909,76,27,34,0,0,0,0,0,137,341,53
LGA15150,8,4,4,0,0,0,0,0,16,5,4,5,0,0,0,0,0,14,0,0,18,0,0,0,0,0,18,7,0,0,0,0,0,0,0,7,5,0,5,0,0,0,0,0,10,0,0,0,0,0,0,0,0,0,0,0,0,0,0,0,0,0,0,0,0,0,0,0,0,0,0,0,12,0,23,0,0,0,0,0,35,0,0,0,0,0,0,0,0,0,0,0,0,0,0,0,0,0,0,25,8,32,0,0,0,0,0,65,2675,584,1598,0,0,9,9,0,4866,2448,542,1351,0,0,5,5,0,4346,557,405,2886,0,0,16,16,13,3877,38,33,178,0,0,0,0,0,249,210,148,767,0,0,10,10,6,1141,13,3,54,0,0,0,0,0,70,16,27,30,0,0,0,0,0,73,15,12,43,0,0,5,5,0,75,849,628,3958,0,0,31,31,19,5485,29,3,42,0,0,0,0,0,74,88,23
LGA15200,27,15,3,0,0,0,0,0,45,35,31,29,0,0,0,0,0,95,32,33,85,0,0,4,4,0,154,56,35,44,0,0,0,0,0,135,12,12,16,0,0,0,0,0,40,18,12,9,0,0,0,0,0,39,4,0,0,0,0,0,0,0,4,3,0,3,0,0,0,0,0,6,125,92,157,0,0,4,4,0,378,3,3,0,0,0,0,0,0,6,5,5,7,0,0,0,0,0,17,195,146,196,0,0,4,4,0,541,3965,1905,1046,4,0,40,44,9,6969,3410,3067,2604,0,0,36,36,20,9137,1396,2110,5386,0,0,162,162,26,9080,62,131,530,0,0,0,0,0,723,556,591,856,3,3,99,105,12,2120,77,46,165,0,0,3,3,0,291,36,28,65,0,0,18,18,0,147,50,41,56,0,0,5,5,0,152,2177,2947,7058,3,3,287,293,38,12513,51,39,34,0,0,3,3,3,130,246,147
LGA15270,72,3,0,0,0,0,0,0,75,125,0,0,0,0,0,0,0,125,78,7,10,0,0,0,0,0,95,38,0,5,0,0,0,0,0,43,35,0,0,0,0,0,0,0,35,5,0,3,0,0,0,0,0,8,3,0,0,0,0,0,0,0,3,0,0,0,0,0,0,0,0,0,159,7,18,0,0,0,0,0,184,3,0,0,0,0,0,0,0,3,9,0,0,0,0,0,0,0,9,368,10,18,0,0,0,0,0,396,3146,57,48,44,8,8,60,3,3314,2271,35,9,3,3,7,13,0,2328,774,139,130,5,0,8,13,0,1056,171,18,46,0,0,0,0,0,235,422,19,11,3,3,3,9,0,461,21,3,4,0,0,0,0,0,28,123,3,3,21,0,3,24,0,153,87,0,5,3,0,3,6,0,98,1598,182,199,32,3,17,52,0,2031,49,3,0,0,0,0,0,0,52,179,18
LGA15300,78,3,0,3,0,0,3,0,84,127,0,0,0,0,0,0,0,127,95,4,30,0,0,3,3,0,132,194,40,37,0,0,0,0,0,271,45,0,0,0,0,3,3,0,48,125,0,12,0,0,0,0,0,137,31,0,0,0,0,0,0,0,31,11,0,0,0,0,0,0,0,11,501,44,79,0,0,6,6,0,630,4,0,0,0,0,0,0,0,4,37,4,6,0,0,0,0,0,47,747,51,85,3,0,6,9,0,892,1251,20,8,27,0,8,35,3,1317,1006,11,8,3,0,3,6,0,1031,288,32,164,0,0,0,0,0,484,24,7,29,0,0,0,0,0,60,245,7,19,3,0,0,3,0,274,18,3,8,0,0,0,0,0,29,265,0,32,6,0,0,6,3,306,92,0,7,0,0,0,0,0,99,932,49,259,9,0,0,9,3,1252,42,0,3,0,0,0,0,0,45,96,0
LGA15350,0,0,0,0,0,0,0,0,0,0,0,0,0,0,0,0,0,0,5,0,10,0,0,0,0,0,15,0,0,5,0,0,0,0,0,5,0,0,0,0,0,0,0,0,0,0,0,0,0,0,0,0,0,0,0,0,0,0,0,0,0,0,0,0,0,0,0,0,0,0,0,0,5,0,15,0,0,0,0,0,20,0,0,0,0,0,0,0,0,0,0,0,0,0,0,0,0,0,0,5,0,15,0,0,0,0,0,20,2126,516,1282,3,0,3,6,14,3944,1402,418,997,0,0,0,0,11,2828,353,270,2084,0,0,3,3,13,2723,3,23,16,0,0,0,0,0,42,172,85,496,0,0,3,3,8,764,5,3,48,0,0,0,0,0,56,9,4,13,0,0,0,0,0,26,18,3,34,0,0,0,0,0,55,560,388,2691,0,0,6,6,21,3666,22,6,57,3,0,0,3,0,88,62,16
LGA15500,12,0,0,0,0,0,0,0,12,20,0,0,0,0,0,0,0,20,13,0,3,0,0,0,0,0,16,11,0,0,0,0,0,0,0,11,4,0,0,0,0,0,0,0,4,30,0,0,0,0,0,0,0,30,3,0,0,0,0,0,0,0,3,3,0,0,0,0,0,0,0,3,64,0,3,0,0,0,0,0,67,0,0,0,0,0,0,0,0,0,3,0,0,0,0,0,0,0,3,99,0,3,0,0,0,0,0,102,1025,7,89,26,0,0,26,3,1150,720,4,13,3,0,4,7,5,749,238,9,70,0,0,0,0,5,322,3,0,3,0,0,0,0,0,6,117,3,15,0,0,5,5,0,140,11,0,7,0,0,0,0,0,18,38,0,0,14,0,0,14,0,52,27,0,0,0,0,0,0,0,27,434,12,95,14,0,5,19,5,565,48,0,10,0,0,0,0,0,58,59,0
LGA15550,17,0,0,3,0,0,3,0,20,25,0,0,0,0,0,0,0,25,21,0,4,0,0,0,0,0,25,3,0,0,0,0,0,0,0,3,12,0,0,0,0,0,0,0,12,4,0,5,0,0,0,0,0,9,6,0,0,0,0,0,0,0,6,3,0,0,0,0,0,0,0,3,49,0,9,0,0,0,0,0,58,0,0,0,0,0,0,0,0,0,3,0,0,0,0,0,0,0,3,94,0,9,3,0,0,3,0,106,259,0,0,3,3,0,6,0,265,199,0,0,0,0,3,3,0,202,34,0,3,3,0,0,3,0,40,5,0,3,0,0,0,0,0,8,77,0,16,0,0,3,3,0,96,4,0,4,0,0,0,0,0,8,51,0,0,4,0,0,4,0,55,22,0,3,0,0,0,0,0,25,193,0,29,7,0,3,10,0,232,10,0,0,0,0,0,0,0,10,20,0
LGA15650,38,0,0,0,0,0,0,0,38,108,3,0,0,0,0,0,0,111,61,10,8,0,0,0,0,3,82,57,4,0,0,0,0,0,0,61,21,0,0,0,0,0,0,0,21,19,0,3,0,0,0,0,0,22,5,0,0,0,0,0,0,0,5,3,0,0,0,0,0,0,0,3,166,14,11,0,0,0,0,3,194,3,0,3,0,0,0,0,0,6,6,0,0,0,0,0,0,0,6,321,17,14,0,0,0,0,3,355,1406,38,11,13,0,4,17,3,1475,1697,13,29,6,0,0,6,0,1745,749,89,167,0,0,4,4,11,1020,182,20,37,0,0,0,0,0,239,237,3,21,0,0,0,0,3,264,28,10,8,0,0,0,0,0,46,120,0,7,20,0,0,20,0,147,52,0,7,3,0,0,3,0,62,1368,122,247,23,0,4,27,14,1778,23,8,0,0,0,0,0,0,31,109,17
LGA15700,57,0,0,0,0,0,0,0,57,92,0,0,0,0,0,0,0,92,78,6,31,3,0,6,9,0,124,83,6,9,0,0,0,0,0,98,28,5,0,0,0,0,0,0,33,42,0,4,0,0,0,0,0,46,12,0,4,0,0,0,0,0,16,7,0,0,0,0,0,0,0,7,250,17,48,3,0,6,9,0,324,4,0,0,0,0,0,0,0,4,15,5,3,0,0,0,0,0,23,418,22,51,3,0,6,9,0,500,3059,97,103,84,3,11,98,0,3357,1696,31,18,5,0,9,14,0,1759,529,104,187,0,0,9,9,0,829,153,8,49,0,0,0,0,0,210,384,15,51,0,0,9,9,0,459,8,20,28,0,0,0,0,0,56,45,10,4,13,3,4,20,0,79,58,7,4,4,0,0,4,0,73,1177,164,323,17,3,22,42,0,1706,38,10,11,0,0,0,0,0,59,167,24
LGA15750,67,0,0,4,0,0,4,0,71,110,0,0,0,0,0,0,0,110,32,5,25,0,0,0,0,0,62,107,0,24,0,0,0,0,0,131,56,0,16,0,0,0,0,0,72,17,3,3,0,0,0,0,0,23,27,0,3,0,0,0,0,3,33,5,0,6,0,0,0,0,0,11,244,8,77,0,0,0,0,3,332,0,0,0,0,0,0,0,0,0,28,0,0,3,0,0,3,0,31,449,8,77,7,0,0,7,3,544,1635,4,14,20,0,7,27,5,1685,1212,0,9,0,4,0,4,7,1232,176,13,130,0,0,0,0,0,319,59,3,32,0,0,0,0,0,94,323,3,55,3,0,3,6,0,387,12,0,10,0,0,0,0,0,22,162,3,22,10,0,0,10,0,197,74,0,8,3,0,0,3,0,85,806,22,257,16,0,3,19,0,1104,47,0,7,0,0,0,0,0,54,126,3
LGA15800,41,0,0,0,0,0,0,0,41,68,0,0,0,0,0,0,4,72,28,0,3,0,0,0,0,0,31,24,3,3,0,0,0,0,0,30,23,3,4,0,0,0,0,0,30,7,0,0,0,0,0,0,0,7,7,0,4,0,0,0,0,0,11,3,0,0,0,0,0,0,0,3,92,6,14,0,0,0,0,0,112,3,0,0,0,0,0,0,0,3,12,0,0,3,0,0,3,0,15,216,6,14,3,0,0,3,4,243,851,5,15,0,0,5,5,0,876,574,7,5,0,0,0,0,0,586,94,7,29,0,0,0,0,0,130,23,0,0,0,0,0,0,0,23,177,3,9,3,0,0,3,0,192,3,0,3,0,0,0,0,0,6,46,0,9,0,0,0,0,0,55,25,3,3,0,0,0,0,0,31,368,13,53,3,0,0,3,0,437,18,0,0,0,0,0,0,0,18,69,3
LGA15850,73,0,3,0,0,0,0,0,76,135,0,0,0,0,0,0,0,135,77,7,14,0,0,0,0,0,98,64,4,4,0,0,0,0,0,72,42,0,0,0,0,0,0,0,42,11,3,0,0,0,0,0,0,14,18,3,3,0,0,0,0,0,24,7,0,4,0,0,0,0,0,11,219,17,25,0,0,0,0,0,261,5,0,0,0,0,0,0,0,5,20,0,0,0,0,0,0,0,20,452,17,28,0,0,0,0,0,497,845,3,6,3,3,3,9,0,863,558,0,0,3,0,3,6,0,564,109,16,17,0,0,3,3,0,145,44,0,6,0,0,0,0,0,50,125,6,10,0,0,3,3,0,144,6,0,6,0,0,0,0,0,12,48,0,3,3,0,3,6,0,57,32,0,3,3,0,0,3,0,38,364,22,45,6,0,9,15,0,446,21,0,0,0,0,0,0,3,24,54,0
LGA15900,220,12,12,0,0,0,0,0,244,477,24,25,0,0,0,0,0,526,344,78,109,0,3,0,3,0,534,126,94,127,0,0,0,0,0,347,137,26,27,0,0,3,3,0,193,33,10,6,0,0,0,0,0,49,16,0,0,0,0,0,0,0,16,3,4,4,0,0,0,0,0,11,659,212,273,0,3,3,6,0,1150,7,5,0,0,0,0,0,0,12,31,12,29,0,0,0,0,0,72,1394,265,339,0,3,3,6,0,2004,15496,1383,885,15,0,22,37,10,17811,15933,1160,927,3,0,29,32,13,18065,5139,1929,2905,3,0,67,70,30,10073,617,972,1570,0,0,0,0,6,3165,2662,671,855,0,0,29,29,19,4236,98,199,116,0,0,3,3,0,416,296,100,65,3,0,11,14,0,475,191,53,52,0,0,0,0,0,296,9003,3924,5563,6,0,110,116,55,18661,186,120,79,0,0,4,4,0,389,976,203
LGA15950,0,4,8,0,0,0,0,0,12,3,3,8,0,0,0,0,0,14,3,4,32,0,0,0,0,0,39,0,3,3,0,0,0,0,0,6,3,3,9,0,0,0,0,3,18,0,0,3,0,0,0,0,0,3,0,0,0,0,0,0,0,0,0,3,0,0,0,0,0,0,0,3,9,10,47,0,0,0,0,3,69,0,0,0,0,0,0,0,0,0,0,3,3,0,0,0,0,0,6,12,20,66,0,0,0,0,3,101,1778,1293,3818,11,0,5,16,9,6914,1310,1226,4114,3,0,14,17,13,6680,504,1129,9268,3,0,41,44,17,10962,10,63,372,0,0,0,0,0,445,218,320,1888,0,0,16,16,0,2442,7,6,25,0,0,0,0,0,38,18,15,89,0,0,4,4,3,129,15,24,89,0,0,0,0,0,128,772,1557,11731,3,0,61,64,20,14144,15,18,84,0,0,0,0,0,117,50,52
LGA16100,14,0,0,0,0,0,0,0,14,22,0,0,0,0,0,0,0,22,11,4,0,0,0,0,0,0,15,3,0,0,0,0,0,0,0,3,3,0,3,0,0,0,0,0,6,0,0,0,0,0,0,0,0,0,3,0,0,0,0,0,0,0,3,3,0,0,0,0,0,0,0,3,23,4,3,0,0,0,0,0,30,0,0,0,0,0,0,0,0,0,3,0,0,0,0,0,0,0,3,62,4,3,0,0,0,0,0,69,775,0,0,4,0,0,4,0,779,570,5,0,0,0,0,0,0,575,163,18,20,0,0,0,0,0,201,24,0,8,0,0,0,0,0,32,88,0,3,0,0,0,0,0,91,3,3,3,0,0,0,0,0,9,36,0,3,11,0,0,11,0,50,19,3,0,0,0,0,0,0,22,333,24,37,11,0,0,11,0,405,11,0,0,0,0,0,0,0,11,43,3
LGA16150,58,0,0,3,0,0,3,0,61,181,6,0,0,0,0,0,0,187,172,20,13,0,0,3,3,0,208,205,34,19,0,0,0,0,0,258,35,0,0,3,0,0,3,0,38,7,0,0,0,0,0,0,0,7,14,0,0,0,0,0,0,0,14,3,0,3,0,0,0,0,0,6,436,54,35,3,0,3,6,0,531,0,0,0,0,0,0,0,0,0,37,8,3,0,0,0,0,0,48,712,68,38,6,0,3,9,0,827,4034,196,66,16,0,3,19,3,4318,4167,104,34,3,0,3,6,3,4314,1709,406,351,0,0,23,23,0,2489,405,90,163,0,0,0,0,0,658,493,48,55,3,0,3,6,0,602,44,6,29,0,0,3,3,0,82,62,8,12,3,3,3,9,0,91,44,4,6,0,0,0,0,0,54,2757,562,616,6,3,32,41,0,3976,53,9,14,0,0,3,3,0,79,257,38
LGA16180,19,0,0,3,0,0,3,0,22,50,0,0,0,0,0,0,0,50,17,0,0,0,0,0,0,0,17,0,0,0,0,0,0,0,0,0,11,0,0,0,0,0,0,0,11,0,0,0,0,0,0,0,0,0,0,0,0,0,0,0,0,0,0,3,0,0,0,0,0,0,0,3,31,0,0,0,0,0,0,0,31,0,0,0,0,0,0,0,0,0,0,0,0,0,0,0,0,0,0,100,0,0,3,0,0,3,0,103,1713,12,0,75,0,3,78,3,1806,2133,14,4,12,7,3,22,0,2173,247,20,3,0,0,4,4,0,274,12,0,0,0,0,0,0,0,12,237,9,7,9,0,0,9,0,262,0,0,0,0,0,0,0,0,0,41,5,0,19,0,0,19,0,65,40,0,3,3,0,0,3,0,46,577,34,13,31,0,4,35,0,659,21,3,0,0,0,0,0,0,24,55,9
LGA16200,81,0,0,0,0,0,0,0,81,145,0,0,0,0,0,0,0,145,85,5,5,0,0,0,0,0,95,65,0,5,0,0,0,0,0,70,58,4,0,0,0,0,0,0,62,20,4,0,0,0,0,0,0,24,12,0,0,0,0,0,0,0,12,5,0,0,0,0,0,0,0,5,245,13,10,0,0,0,0,0,268,5,0,0,0,0,0,0,0,5,19,0,0,0,0,0,0,0,19,495,13,10,0,0,0,0,0,518,1891,36,6,10,3,4,17,0,1950,1430,5,10,3,0,4,7,3,1455,407,65,74,0,0,4,4,0,550,138,7,38,0,0,0,0,3,186,329,13,13,3,0,3,6,0,361,27,12,13,0,0,0,0,0,52,67,4,9,11,0,0,11,0,91,39,0,3,0,0,0,0,0,42,1007,101,150,14,0,7,21,3,1282,34,15,0,0,0,0,0,0,49,115,11
LGA16250,57,6,3,0,0,0,0,0,66,92,7,23,0,0,0,0,0,122,76,13,56,0,0,0,0,0,145,104,50,78,0,0,0,0,0,232,33,4,9,0,0,0,0,3,49,3,4,11,0,0,0,0,0,18,0,7,3,0,0,0,0,0,10,3,0,0,0,0,0,0,0,3,219,78,157,0,0,0,0,3,457,8,4,0,0,0,0,0,0,12,14,4,11,0,0,0,0,0,29,390,99,194,0,0,0,0,3,686,11128,1198,1837,0,0,14,14,8,14185,11034,2773,4095,0,0,22,22,24,17948,3077,1575,8372,0,3,40,43,32,13099,1523,917,1781,0,0,5,5,4,4230,1403,367,1126,4,3,13,20,13,2929,82,158,400,0,0,0,0,4,644,223,219,154,0,0,4,4,4,604,148,38,111,0,0,4,4,4,305,6456,3274,11944,4,6,66,76,61,21811,176,71,317,0,0,0,0,0,564,743,166
LGA16350,256,9,3,3,0,0,3,0,271,794,44,21,0,0,0,0,0,859,357,85,76,0,0,0,0,0,518,250,103,53,0,0,0,0,0,406,124,25,13,3,0,6,9,0,171,19,12,3,0,0,0,0,0,34,14,0,0,0,0,0,0,0,14,10,0,0,0,0,0,0,0,10,774,225,145,3,0,6,9,0,1153,13,0,0,3,0,0,3,0,16,44,11,10,0,0,0,0,0,65,1881,289,179,9,0,6,15,0,2364,14015,1013,476,106,3,10,119,12,15635,22549,1694,879,7,0,6,13,3,25138,5144,2016,1628,0,0,23,23,4,8815,1057,652,511,0,0,3,3,0,2223,2147,383,257,11,3,12,26,5,2818,72,112,66,0,0,0,0,10,260,290,23,25,17,0,0,17,0,355,181,34,28,0,0,0,0,4,247,8891,3220,2515,28,3,38,69,23,14718,160,47,24,3,0,0,3,32,266,915,164
LGA16370,19,4,3,0,0,0,0,0,26,52,0,5,0,0,0,0,0,57,6,5,8,0,0,0,0,0,19,0,0,0,0,0,0,0,0,0,16,0,3,0,0,0,0,0,19,0,0,0,0,0,0,0,0,0,0,0,0,0,0,0,0,0,0,0,0,0,0,0,0,0,0,0,22,5,11,0,0,0,0,0,38,0,0,3,0,0,0,0,0,3,7,0,0,0,0,0,0,0,7,100,9,22,0,0,0,0,0,131,6072,826,866,23,0,17,40,0,7804,6166,712,593,0,0,15,15,3,7489,1127,265,728,3,0,50,53,0,2173,5,4,0,0,0,0,0,0,9,717,151,311,3,3,15,21,0,1200,10,4,52,0,0,0,0,0,66,61,14,25,3,0,5,8,0,108,79,13,23,0,0,0,0,6,121,1999,451,1139,9,3,70,82,6,3677,67,84,97,0,0,5,5,0,253,228,82
LGA16380,149,7,6,3,0,0,3,0,165,249,14,8,0,0,0,0,0,271,221,28,80,0,0,4,4,0,333,101,23,11,0,0,0,0,0,135,70,14,19,3,0,0,3,0,106,21,9,6,0,0,0,0,0,36,4,3,4,15,0,0,15,0,26,8,0,0,0,0,0,0,0,8,425,77,120,18,0,4,22,0,644,8,0,0,0,0,0,0,0,8,23,4,4,0,0,0,0,0,31,854,102,138,21,0,4,25,0,1119,9800,1158,640,374,0,42,416,3,12017,6804,442,296,20,0,12,32,3,7577,2197,772,1049,11,0,36,47,4,4069,301,221,221,0,0,4,4,0,747,1111,213,230,14,0,16,30,5,1589,51,57,35,0,0,3,3,0,146,126,25,30,137,0,9,146,3,330,96,22,33,6,0,0,6,0,157,3882,1310,1598,168,0,68,236,12,7038,180,194,75,3,0,46,49,0,498,466,143
LGA16400,121,4,5,9,0,0,9,0,139,307,11,3,3,0,0,3,0,324,191,39,22,0,0,0,0,0,252,103,11,9,0,0,0,0,0,123,56,5,5,0,0,0,0,0,66,31,4,0,0,0,0,0,0,35,21,4,0,7,0,0,7,0,32,4,0,0,0,0,0,0,0,4,406,63,36,7,0,0,7,0,512,4,0,0,0,0,0,0,0,4,26,4,0,0,0,0,0,0,30,864,82,44,19,0,0,19,0,1009,7639,690,255,287,5,4,296,0,8880,6631,399,105,13,5,14,32,4,7171,2146,885,380,0,0,8,8,3,3422,483,112,122,0,0,0,0,3,720,799,165,93,12,5,6,23,3,1083,55,50,7,0,0,0,0,0,112,490,51,14,100,0,3,103,0,658,77,23,8,0,0,0,0,5,113,4050,1286,624,112,5,17,134,14,6108,140,69,23,7,0,0,7,0,239,428,70
LGA16470,30,0,4,0,0,0,0,0,34,129,17,8,0,0,0,0,0,154,39,29,23,0,0,0,0,0,91,117,16,11,0,0,0,0,0,144,17,10,9,0,0,0,0,0,36,19,5,0,0,0,0,0,0,24,16,4,0,0,0,0,0,0,20,3,3,0,0,0,0,0,0,6,211,67,43,0,0,0,0,0,321,3,0,0,0,0,0,0,0,3,8,0,4,0,0,0,0,0,12,381,84,59,0,0,0,0,0,524,2945,358,237,6,3,10,19,5,3564,4202,732,500,0,0,0,0,6,5440,626,577,1095,0,0,9,9,0,2307,365,72,101,0,0,0,0,0,538,376,209,236,0,0,9,9,0,830,11,31,21,0,0,0,0,0,63,343,19,35,9,0,5,14,0,411,30,16,14,0,0,3,3,0,63,1751,924,1502,9,0,26,35,0,4212,43,18,16,0,0,0,0,0,77,167,42
LGA16550,61,19,23,0,0,0,0,0,103,58,28,42,0,0,0,0,0,128,35,27,102,0,0,3,3,0,167,59,52,125,0,0,0,0,0,236,15,8,35,0,0,0,0,0,58,24,6,17,0,0,0,0,0,47,7,3,4,0,0,0,0,0,14,3,0,5,0,0,0,0,0,8,143,96,288,0,0,3,3,0,530,0,0,3,0,0,3,3,0,6,10,4,9,0,0,0,0,0,23,272,147,365,0,0,6,6,0,790,7141,2198,3665,0,0,31,31,3,13038,4478,2405,4570,0,0,18,18,12,11483,1313,1330,10808,0,0,99,99,22,13572,185,459,2211,0,0,0,0,0,2855,574,441,2411,0,0,34,34,13,3473,31,37,194,0,0,0,0,0,262,75,136,180,0,0,6,6,0,397,65,31,166,0,0,3,3,5,270,2243,2434,15970,0,0,142,142,40,20829,61,55,171,0,0,0,0,3,290,355,169
LGA16610,58,4,3,4,0,0,4,0,69,104,0,0,0,0,0,0,0,104,96,18,30,0,0,0,0,0,144,78,6,12,0,0,0,0,0,96,41,0,0,0,0,0,0,0,41,31,3,10,0,0,0,0,0,44,11,0,0,0,0,0,0,0,11,7,3,0,0,0,0,0,0,10,264,30,52,0,0,0,0,0,346,0,0,0,0,0,0,0,0,0,28,0,0,0,0,0,0,0,28,454,34,55,4,0,0,4,0,547,2867,103,94,92,0,5,97,3,3164,2240,69,36,6,3,13,22,0,2367,610,119,266,3,0,8,11,3,1009,127,19,30,0,0,0,0,0,176,455,48,82,3,0,7,10,0,595,25,23,21,0,0,0,0,0,69,88,12,18,38,0,0,38,0,156,63,9,5,3,0,0,3,0,80,1368,230,422,47,0,15,62,3,2085,42,7,21,0,0,0,0,0,70,170,22
LGA16650,42,6,7,0,0,0,0,0,55,44,17,20,0,0,0,0,0,81,50,4,46,0,0,3,3,0,103,6,0,10,0,0,0,0,0,16,9,4,10,0,0,0,0,0,23,3,0,3,0,0,0,0,0,6,3,0,0,0,0,0,0,0,3,3,0,3,0,0,0,0,0,6,74,8,72,0,0,3,3,0,157,0,0,0,0,0,0,0,0,0,4,0,0,0,0,0,0,0,4,164,31,99,0,0,3,3,0,297,8067,1655,2037,40,0,17,57,5,11821,5390,1488,3504,0,0,27,27,20,10429,1724,703,4983,0,3,96,99,22,7531,99,88,569,0,0,0,0,0,756,725,217,820,6,0,26,32,7,1801,61,26,61,0,0,3,3,3,154,86,34,78,16,0,13,29,0,227,95,20,71,0,0,3,3,0,189,2790,1088,6582,22,3,141,166,32,10658,92,23,71,0,0,0,0,0,186,503,100
LGA16700,24,6,3,0,0,0,0,0,33,25,6,9,0,0,0,0,0,40,23,5,33,0,0,0,0,0,61,10,10,3,0,0,0,0,0,23,9,5,3,0,0,0,0,0,17,3,0,3,0,0,0,0,0,6,3,3,0,3,0,0,3,0,9,3,0,3,0,0,0,0,0,6,51,23,45,3,0,0,3,0,122,0,0,0,0,0,0,0,0,0,0,0,0,0,0,0,0,0,0,100,35,57,3,0,0,3,0,195,9094,1429,1563,5,0,10,15,3,12104,7186,1711,2621,0,0,3,3,0,11521,1733,1299,5397,0,0,21,21,9,8459,243,462,716,0,0,0,0,3,1424,830,340,834,0,0,9,9,3,2016,46,87,221,0,0,0,0,4,358,71,113,81,3,0,4,7,0,272,78,35,63,0,0,0,0,0,176,3001,2336,7312,3,0,34,37,19,12705,73,77,182,0,0,0,0,0,332,428,100
LGA16900,96,3,0,6,0,0,6,0,105,231,11,4,0,0,0,0,0,246,116,34,15,0,0,0,0,0,165,155,22,20,0,0,0,0,0,197,44,7,5,0,0,0,0,0,56,18,5,0,0,0,0,0,0,23,4,3,3,3,0,0,3,0,13,4,0,0,0,0,0,0,0,4,341,71,43,3,0,0,3,0,458,12,0,0,0,0,0,0,0,12,23,5,3,0,0,0,0,0,31,703,90,50,9,0,0,9,0,852,6462,595,162,221,0,3,224,0,7443,7453,479,135,3,0,3,6,0,8073,1492,716,401,0,0,22,22,0,2631,1001,268,209,0,0,0,0,0,1478,763,188,90,3,0,11,14,0,1055,27,15,19,0,0,0,0,0,61,65,22,6,34,0,0,34,0,127,58,14,13,0,0,3,3,0,88,3406,1223,738,37,0,36,73,0,5440,68,35,25,3,3,0,6,0,134,369,72
LGA16950,253,4,3,10,0,0,10,0,270,453,6,3,0,0,0,0,0,462,388,51,24,0,0,0,0,0,463,272,33,29,0,0,0,0,0,334,115,9,12,3,0,0,3,0,139,65,9,11,0,0,0,0,0,85,37,3,0,3,0,0,3,0,43,16,3,0,0,0,0,0,0,19,893,108,76,6,0,0,6,0,1083,15,0,0,0,0,0,0,0,15,40,5,4,3,0,0,3,0,52,1654,123,86,19,0,0,19,0,1882,14053,526,292,409,0,10,419,21,15311,9272,159,105,9,3,11,23,11,9570,3098,506,459,5,0,10,15,0,4078,534,183,230,0,0,0,0,0,947,1616,115,126,16,3,10,29,5,1891,95,44,67,0,0,0,0,0,206,426,12,26,92,0,10,102,10,576,162,11,12,5,0,0,5,0,190,5931,871,920,118,3,30,151,15,7888,162,91,40,4,0,5,9,10,312,772,78
LGA17000,50,3,0,0,0,0,0,0,53,132,3,0,0,0,0,0,0,135,53,9,8,0,0,0,0,0,70,63,6,5,0,0,0,0,0,74,18,0,0,0,0,0,0,0,18,5,0,0,0,0,0,0,0,5,3,0,0,3,0,0,3,0,6,3,0,0,0,0,0,0,0,3,145,15,13,3,0,0,3,0,176,0,0,0,0,0,0,0,0,0,9,0,0,0,0,0,0,0,9,336,21,13,3,0,0,3,0,373,2186,51,57,30,3,5,38,0,2332,2805,98,34,0,3,7,10,0,2947,764,192,151,0,0,5,5,0,1112,226,10,62,0,0,0,0,0,298,253,22,10,4,0,6,10,0,295,0,0,6,0,0,0,0,0,6,122,4,3,43,0,0,43,4,176,54,0,0,0,0,0,0,0,54,1419,228,232,47,0,11,58,4,1941,34,3,6,0,0,0,0,0,43,104,3
LGA17050,9,0,0,0,0,0,0,0,9,7,3,0,0,0,0,0,0,10,3,0,3,0,0,0,0,0,6,3,0,0,0,0,0,0,0,3,3,0,3,0,0,0,0,0,6,0,0,0,0,0,0,0,0,0,0,0,0,0,0,0,0,0,0,3,0,0,0,0,0,0,0,3,12,0,6,0,0,0,0,0,18,0,0,0,0,0,0,0,0,0,0,0,0,0,0,0,0,0,0,28,3,6,0,0,0,0,0,37,735,76,41,12,0,6,18,7,877,611,68,61,0,0,0,0,3,743,161,49,71,0,0,0,0,6,287,5,3,0,0,0,0,0,0,8,132,29,19,0,3,0,3,5,188,0,3,0,0,0,0,0,0,3,37,9,11,7,0,3,10,3,70,21,3,3,3,0,0,3,0,30,356,96,104,10,3,3,16,14,586,15,0,3,0,0,0,0,3,21,33,4
LGA17100,8,0,3,0,0,0,0,0,11,3,0,0,0,0,0,0,0,3,9,3,7,0,0,3,3,0,22,3,5,0,0,0,0,0,0,8,3,0,4,0,0,0,0,0,7,0,0,0,0,0,0,0,0,0,0,0,0,0,0,0,0,0,0,3,0,0,0,0,0,0,0,3,18,8,11,0,0,3,3,0,40,0,0,0,0,0,0,0,0,0,0,0,0,0,0,0,0,0,0,29,8,14,0,0,3,3,0,54,2540,180,525,0,0,0,0,0,3245,1883,231,1432,0,0,5,5,0,3551,574,160,2138,0,0,17,17,0,2889,111,185,156,0,0,0,0,0,452,176,41,323,0,0,10,10,0,550,15,49,29,0,0,0,0,0,93,25,13,27,0,0,0,0,6,71,30,4,25,0,0,0,0,0,59,931,452,2698,0,0,27,27,6,4114,47,13,17,0,0,0,0,0,77,181,29
LGA17150,157,12,19,0,0,0,0,0,188,246,29,34,0,0,0,0,3,312,65,28,116,0,0,0,0,0,209,39,25,20,0,0,0,0,0,84,36,5,18,0,0,0,0,0,59,5,4,0,0,0,0,0,0,9,8,3,0,8,0,0,8,0,19,3,0,5,0,0,0,0,0,8,156,65,159,8,0,0,8,0,388,3,0,0,0,0,0,0,0,3,13,5,7,0,0,0,0,0,25,575,111,219,8,0,0,8,3,916,22004,3065,2944,59,0,23,82,4,28099,22239,2644,4158,4,0,18,22,3,29066,2749,1329,5728,3,4,63,70,3,9879,314,467,911,0,0,0,0,0,1692,1227,329,1069,6,0,32,38,3,2666,95,96,185,0,0,0,0,0,376,137,196,55,67,0,0,67,3,458,123,26,64,3,0,4,7,4,224,4645,2443,8012,79,4,99,182,13,15295,178,95,252,0,0,3,3,0,528,749,248
LGA17200,7,32,25,0,0,0,0,0,64,6,44,69,0,0,3,3,0,122,5,67,207,0,0,0,0,0,279,19,205,304,0,0,0,0,9,537,3,24,26,0,0,5,5,0,58,4,11,45,0,0,0,0,0,60,3,0,3,0,0,0,0,0,6,0,3,6,0,0,0,0,0,9,34,310,591,0,0,5,5,9,949,3,3,4,0,0,0,0,0,10,5,19,31,0,0,0,0,0,55,55,408,720,0,0,8,8,9,1200,996,3095,6099,3,0,23,26,14,10230,803,4325,11693,3,0,22,25,42,16888,643,3994,23701,0,0,104,104,105,28547,160,1359,4135,3,0,7,10,258,5922,232,1520,4814,0,0,57,57,41,6664,21,157,521,0,0,0,0,6,705,21,73,445,0,0,8,8,12,559,24,102,313,0,0,3,3,5,447,1101,7205,33929,3,0,179,182,427,42844,19,103,259,0,0,0,0,21,402,83,352
LGA17310,222,4,5,4,0,0,4,0,235,503,3,0,0,0,0,0,0,506,431,16,75,0,0,3,3,0,525,277,26,36,0,0,0,0,3,342,133,5,10,0,0,3,3,0,151,16,3,8,0,0,0,0,0,27,26,4,3,3,0,0,3,0,36,11,3,5,3,0,0,3,0,22,894,57,137,6,0,6,12,3,1103,7,3,0,0,0,0,0,0,10,46,6,11,3,0,0,3,0,66,1672,73,153,13,0,6,19,3,1920,6700,232,148,42,4,8,54,4,7138,6068,105,75,3,6,16,25,10,6283,1852,224,723,0,0,12,12,3,2814,312,70,103,0,0,0,0,0,485,983,52,132,6,3,14,23,4,1194,14,33,31,0,0,0,0,0,78,233,7,32,30,0,0,30,4,306,128,4,26,0,0,0,0,0,158,3522,390,1047,36,3,26,65,11,5035,112,37,5,3,0,0,3,3,160,414,80
LGA17350,14,0,0,0,0,0,0,0,14,13,0,0,0,0,0,0,0,13,9,0,0,0,0,0,0,0,9,6,0,0,0,0,0,0,0,6,7,0,0,0,0,0,0,0,7,0,0,0,0,0,0,0,0,0,0,0,0,0,0,0,0,0,0,0,0,0,0,0,0,0,0,0,22,0,0,0,0,0,0,0,22,0,0,0,0,0,0,0,0,0,0,0,0,0,0,0,0,0,0,49,0,0,0,0,0,0,0,49,1030,3,23,0,5,4,9,0,1065,574,4,6,0,3,3,6,0,590,131,0,26,0,0,0,0,0,157,44,0,6,0,0,0,0,0,50,146,3,16,0,0,0,0,3,168,23,0,22,0,0,0,0,0,45,27,0,6,0,0,0,0,3,36,29,0,4,0,0,0,0,0,33,400,3,80,0,0,0,0,6,489,24,0,0,0,0,0,0,0,24,64,3
LGA17400,27,0,0,0,0,0,0,0,27,20,0,0,0,0,0,0,0,20,19,0,4,0,0,0,0,0,23,23,5,3,0,0,0,0,0,31,24,0,3,0,0,0,0,0,27,31,0,0,0,0,0,0,0,31,9,0,0,0,0,0,0,0,9,0,0,0,0,0,0,0,0,0,106,5,10,0,0,0,0,0,121,3,0,0,0,0,0,0,0,3,4,0,0,0,0,0,0,0,4,160,5,10,0,0,0,0,0,175,1176,4,5,36,10,0,46,3,1234,642,3,0,13,5,3,21,3,669,153,22,25,0,0,0,0,0,200,21,0,8,0,0,0,0,0,29,160,0,7,7,3,3,13,0,180,3,0,6,0,0,0,0,0,9,43,0,7,0,0,0,0,3,53,31,0,3,0,3,0,3,0,37,411,22,56,7,6,3,16,3,508,33,0,3,0,0,0,0,0,36,62,0
LGA17420,57,5,3,0,0,0,0,0,65,121,7,5,0,0,0,0,0,133,39,9,6,0,0,0,0,0,54,9,10,0,0,0,0,0,3,22,22,0,0,0,0,0,0,0,22,0,0,0,0,0,0,0,0,0,5,0,0,0,0,0,0,0,5,0,0,0,0,0,0,0,0,0,75,19,6,0,0,0,0,3,103,3,0,0,0,0,0,0,0,3,6,0,0,0,0,0,0,0,6,262,31,14,0,0,0,0,3,310,17246,1284,565,20,0,0,20,10,19125,21554,2193,816,0,0,5,5,17,24585,3386,1242,912,3,0,0,3,8,5551,129,163,43,0,0,0,0,5,340,1161,284,151,5,3,6,14,0,1610,43,96,18,0,0,0,0,6,163,166,136,36,10,0,0,10,10,358,139,31,20,0,0,0,0,0,190,5024,1952,1180,18,3,6,27,29,8212,162,123,48,0,0,0,0,7,340,565,92
LGA17450,9,0,0,0,0,0,0,0,9,10,0,0,0,0,0,0,0,10,0,0,0,0,0,0,0,0,0,0,0,0,0,0,0,0,0,0,9,0,0,0,0,0,0,0,9,0,0,0,0,0,0,0,0,0,0,0,0,0,0,0,0,0,0,0,0,0,0,0,0,0,0,0,9,0,0,0,0,0,0,0,9,0,0,0,0,0,0,0,0,0,0,0,0,0,0,0,0,0,0,28,0,0,0,0,0,0,0,28,560,0,0,6,3,0,9,0,569,317,0,0,0,0,3,3,0,320,84,0,7,0,0,3,3,0,94,12,0,3,0,0,0,0,0,15,119,0,9,0,0,3,3,0,131,5,0,0,0,0,0,0,0,5,36,0,6,0,0,0,0,0,42,19,0,5,0,0,0,0,0,24,275,0,30,0,0,6,6,0,311,12,0,0,0,0,0,0,0,12,47,0
LGA17500,24,0,0,0,0,0,0,0,24,37,0,0,0,0,3,3,0,40,45,0,13,0,0,0,0,0,58,49,0,0,0,0,0,0,0,49,20,0,0,0,0,0,0,0,20,3,0,0,0,0,0,0,0,3,3,0,0,0,0,0,0,0,3,3,0,0,0,0,0,0,0,3,123,0,13,0,0,0,0,0,136,0,0,0,0,0,0,0,0,0,9,0,0,0,0,0,0,0,9,193,0,13,0,0,3,3,0,209,1579,21,31,7,3,3,13,0,1644,1168,0,14,0,0,5,5,0,1187,312,9,111,0,0,0,0,0,432,122,17,9,0,0,0,0,0,148,212,4,30,3,0,0,3,0,249,6,9,0,0,0,0,0,0,15,87,3,10,8,0,0,8,0,108,36,3,10,0,0,3,3,0,52,775,45,170,11,0,3,14,0,1004,20,3,3,0,0,0,0,0,26,97,3
LGA17550,173,17,7,19,0,0,19,0,216,321,44,10,3,0,0,3,0,378,189,100,84,0,0,0,0,0,373,67,31,10,0,0,0,0,0,108,85,24,26,3,0,0,3,0,138,25,7,7,0,0,0,0,0,39,16,9,5,8,0,0,8,0,38,4,7,0,0,0,0,0,0,11,386,178,132,11,0,0,11,0,707,3,0,0,0,0,0,0,0,3,26,15,10,3,0,0,3,0,54,909,254,159,36,0,0,36,0,1358,9188,2221,1020,723,5,14,742,14,13185,7267,1209,501,38,0,9,47,5,9029,1946,1253,1342,4,0,12,16,9,4566,196,354,255,0,0,0,0,0,805,1454,618,485,27,0,18,45,11,2613,40,54,45,0,0,0,0,0,139,146,58,65,178,0,6,184,3,456,133,36,38,18,3,0,21,0,228,3915,2373,2230,227,3,36,266,23,8807,127,130,57,15,0,0,15,0,329,488,227
LGA17620,41,0,0,0,0,0,0,0,41,74,3,0,0,0,0,0,0,77,27,0,3,0,0,0,0,0,30,12,0,5,0,0,0,0,0,17,29,0,0,0,0,0,0,0,29,10,0,0,0,0,0,0,0,10,12,0,0,0,0,0,0,0,12,5,0,0,0,0,0,0,0,5,95,0,8,0,0,0,0,0,103,3,0,0,0,0,0,0,0,3,5,0,0,0,0,0,0,0,5,218,3,8,0,0,0,0,0,229,1735,6,17,42,0,4,46,3,1807,1518,4,9,4,0,4,8,0,1539,354,55,86,0,0,4,4,0,499,93,14,21,0,0,0,0,0,128,382,9,19,0,0,5,5,0,415,20,3,14,0,0,0,0,0,37,199,3,12,36,0,3,39,0,253,121,0,0,0,0,0,0,0,121,1169,84,152,36,0,12,48,0,1453,54,3,3,0,0,0,0,0,60,135,8
LGA17640,22,0,0,0,0,0,0,0,22,21,0,0,0,0,0,0,0,21,4,0,0,0,0,0,0,0,4,3,0,0,0,0,0,0,0,3,4,0,0,0,0,0,0,0,4,0,0,0,0,0,0,0,0,0,0,0,0,0,0,0,0,0,0,0,0,0,0,0,0,0,0,0,11,0,0,0,0,0,0,0,11,0,0,0,0,0,0,0,0,0,0,0,0,0,0,0,0,0,0,54,0,0,0,0,0,0,0,54,1320,21,3,6,3,7,16,0,1360,787,3,3,5,0,7,12,0,805,109,3,0,0,0,3,3,0,115,12,0,3,0,0,0,0,0,15,206,0,3,0,0,0,0,0,209,9,7,3,0,0,0,0,0,19,61,0,0,0,0,0,0,0,61,46,3,0,0,0,3,3,0,52,443,13,9,0,0,6,6,0,471,34,0,0,3,0,0,3,0,37,65,3
LGA17650,34,0,0,3,0,0,3,0,37,48,0,0,0,0,0,0,0,48,22,0,7,0,0,0,0,0,29,3,0,3,0,0,0,0,0,6,12,0,0,3,0,0,3,0,15,3,0,0,0,0,0,0,0,3,9,0,0,3,0,0,3,0,12,0,0,0,0,0,0,0,0,0,49,0,10,6,0,0,6,0,65,0,0,0,0,0,0,0,0,0,5,0,3,0,0,0,0,0,8,136,0,13,9,0,0,9,0,158,894,0,7,7,0,5,12,0,913,677,3,3,3,0,3,6,0,689,110,3,23,0,0,0,0,0,136,7,0,4,0,0,0,0,0,11,148,0,5,0,0,4,4,0,157,0,0,0,0,0,0,0,0,0,50,0,0,5,0,0,5,0,55,22,0,3,0,0,0,0,0,25,337,3,35,5,0,4,9,0,384,16,0,3,0,0,0,0,0,19,35,3
LGA17700,5,0,0,0,0,0,0,0,5,6,0,0,0,0,0,0,0,6,3,0,0,0,0,0,0,0,3,0,0,0,0,0,0,0,0,0,4,0,0,0,0,0,0,0,4,0,0,0,0,0,0,0,0,0,0,0,0,0,0,0,0,0,0,0,0,0,0,0,0,0,0,0,7,0,0,0,0,0,0,0,7,0,0,0,0,0,0,0,0,0,0,0,0,0,0,0,0,0,0,18,0,0,0,0,0,0,0,18,217,0,0,0,0,3,3,0,220,110,0,0,0,0,0,0,0,110,3,0,0,0,0,0,0,0,3,6,0,0,0,0,0,0,0,6,37,0,0,0,0,0,0,0,37,3,0,0,0,0,0,0,0,3,15,0,0,0,0,0,0,0,15,11,0,0,0,0,0,0,0,11,75,0,0,0,0,0,0,0,75,5,0,0,0,0,0,0,0,5,17,0
LGA17750,96,0,0,0,0,0,0,0,96,310,4,5,0,0,0,0,0,319,179,9,55,0,0,0,0,0,243,299,3,27,0,0,0,0,0,329,75,4,8,3,0,0,3,0,90,17,0,3,0,0,0,0,0,20,25,0,3,0,0,0,0,0,28,8,0,0,0,0,0,0,0,8,603,16,96,3,0,0,3,0,718,0,0,0,0,0,0,0,0,0,33,7,8,0,0,0,0,0,48,1042,27,109,3,0,0,3,0,1181,5865,210,288,17,0,6,23,3,6389,6793,126,178,3,6,9,18,0,7115,2006,305,1128,0,0,31,31,17,3487,660,61,123,0,0,3,3,0,847,1007,64,170,0,0,13,13,0,1254,19,18,47,0,0,0,0,0,84,442,19,18,17,0,3,20,0,499,101,10,17,3,0,3,6,0,134,4235,477,1503,20,0,53,73,17,6305,93,47,47,0,0,0,0,0,187,383,35
LGA17800,12,0,0,0,0,3,3,0,15,12,0,0,0,0,0,0,0,12,0,0,3,0,0,0,0,0,3,3,0,0,0,0,0,0,0,3,4,0,0,0,0,0,0,0,4,3,0,0,0,0,0,0,0,3,4,0,0,0,0,0,0,0,4,3,0,0,0,0,0,0,0,3,17,0,3,0,0,0,0,0,20,0,0,0,0,0,0,0,0,0,0,0,3,0,0,0,0,0,3,41,0,6,0,0,3,3,0,50,655,5,19,6,0,0,6,3,688,344,0,3,0,3,3,6,0,353,52,3,32,0,0,0,0,0,87,6,0,0,0,0,0,0,0,6,133,4,13,3,0,4,7,0,157,0,0,0,0,0,0,0,0,0,63,0,3,3,0,3,6,0,72,27,0,0,0,0,0,0,0,27,281,7,48,6,0,7,13,0,349,18,0,3,0,0,0,0,0,21,45,0
LGA17850,11,0,0,0,0,0,0,0,11,10,0,0,0,0,0,0,0,10,10,3,3,0,0,0,0,0,16,17,0,3,0,0,0,0,0,20,8,0,0,0,3,0,3,0,11,3,0,0,0,0,0,0,0,3,8,0,0,0,0,0,0,0,8,3,0,3,0,0,0,0,0,6,49,3,9,0,3,0,3,0,64,0,0,0,0,0,0,0,0,0,5,0,0,0,0,0,0,0,5,75,3,9,0,3,0,3,0,90,541,0,3,0,0,3,3,0,547,258,0,3,0,0,3,3,0,264,27,6,7,0,0,0,0,0,40,6,0,7,0,0,0,0,0,13,91,3,3,0,0,3,3,0,100,3,0,0,0,0,0,0,0,3,46,0,3,3,0,0,3,0,52,46,0,0,0,0,0,0,0,46,219,9,20,3,0,3,6,0,254,20,0,0,0,0,3,3,0,23,33,3
LGA17900,86,0,0,8,3,0,11,0,97,71,0,3,0,0,3,3,0,77,21,5,3,0,0,0,0,0,29,131,0,11,0,0,0,0,0,142,36,0,3,0,3,3,6,0,45,99,0,7,0,0,0,0,0,106,29,0,6,0,0,5,5,0,40,17,0,0,0,0,0,0,0,17,333,5,30,0,3,8,11,0,379,12,0,0,0,3,0,3,3,18,33,0,3,3,0,0,3,0,39,535,5,36,11,9,11,31,3,610,781,3,3,97,21,11,129,7,923,258,3,3,3,0,0,3,0,267,37,0,7,3,0,0,3,0,47,17,0,9,3,0,0,3,0,29,132,0,8,7,0,0,7,0,147,6,0,12,0,0,0,0,0,18,163,7,20,7,0,0,7,0,197,62,3,3,8,4,5,17,0,85,417,10,59,28,4,5,37,0,523,40,0,0,12,5,0,17,0,57,79,0
LGA17950,20,0,0,4,0,0,4,0,24,20,0,0,0,0,0,0,0,20,5,5,0,0,0,0,0,0,10,42,0,0,0,0,0,0,0,42,24,0,0,0,0,0,0,0,24,12,0,0,0,0,0,0,0,12,8,0,0,4,0,0,4,0,12,5,0,0,0,0,0,0,0,5,96,5,0,4,0,0,4,0,105,0,0,0,0,0,0,0,0,0,4,0,4,0,0,0,0,0,8,140,5,4,8,0,0,8,0,157,428,5,0,3,0,3,6,0,439,205,3,0,0,0,0,0,0,208,13,0,5,0,0,0,0,0,18,9,0,0,0,0,0,0,0,9,78,8,10,6,0,3,9,0,105,0,0,14,0,0,0,0,0,14,63,7,0,0,0,0,0,0,70,35,0,0,0,0,0,0,0,35,198,15,29,6,0,3,9,0,251,10,3,0,0,0,0,0,0,13,27,0
LGA18000,58,0,7,0,0,0,0,0,65,83,3,30,0,0,0,0,0,116,25,7,45,0,0,0,0,0,77,11,5,7,0,0,0,0,0,23,17,4,8,0,0,0,0,0,29,0,0,0,0,0,0,0,0,0,4,0,0,0,0,0,0,0,4,0,3,0,0,0,0,0,0,3,57,19,60,0,0,0,0,0,136,3,0,3,0,0,0,0,0,6,3,0,6,0,0,0,0,0,9,204,22,106,0,0,0,0,0,332,12930,914,2977,18,0,13,31,7,16859,13069,776,4812,0,0,14,14,10,18681,2182,477,5589,0,0,30,30,10,8288,190,205,481,0,0,0,0,0,876,1166,264,1405,7,3,22,32,10,2877,42,82,284,0,0,0,0,0,408,98,71,97,10,0,4,14,4,284,128,29,106,0,0,0,0,0,263,3806,1128,7962,17,3,56,76,24,12996,166,164,360,0,0,0,0,0,690,503,112
LGA18020,65,0,3,0,0,0,0,0,68,52,0,0,0,0,0,0,0,52,34,0,5,0,0,0,0,0,39,46,0,0,0,0,0,0,0,46,60,0,0,0,0,0,0,0,60,3,0,5,0,0,0,0,0,8,16,0,0,0,0,0,0,0,16,6,0,0,0,0,0,0,0,6,165,0,10,0,0,0,0,0,175,5,0,0,0,0,0,0,0,5,18,0,3,0,0,0,0,0,21,305,0,16,0,0,0,0,0,321,1625,6,13,8,12,15,35,3,1682,762,0,0,3,0,4,7,5,774,128,4,26,0,0,0,0,3,161,35,0,9,0,0,0,0,0,44,294,7,20,4,0,4,8,0,329,8,0,10,0,0,0,0,0,18,100,0,10,0,0,5,5,3,118,67,0,0,0,0,0,0,0,67,632,11,75,4,0,9,13,6,737,37,0,8,0,0,0,0,0,45,85,3
LGA18050,4,0,10,0,0,0,0,0,14,6,9,13,0,0,3,3,0,31,4,4,51,0,0,0,0,0,59,0,4,6,0,0,0,0,0,10,3,0,16,0,0,0,0,0,19,0,3,4,0,0,0,0,0,7,0,0,4,0,0,0,0,0,4,0,0,0,0,0,0,0,0,0,7,11,81,0,0,0,0,0,99,0,0,0,0,0,0,0,0,0,0,0,0,0,0,0,0,0,0,17,20,104,0,0,3,3,0,144,2307,1580,2539,0,3,15,18,7,6451,1705,1626,2552,3,0,11,14,17,5914,492,833,6742,0,0,78,78,21,8166,10,20,405,0,0,0,0,3,438,245,409,1789,0,0,37,37,7,2487,5,9,89,0,0,0,0,0,103,15,11,92,0,0,4,4,3,125,22,29,153,0,0,0,0,0,204,789,1311,9270,0,0,119,119,34,11523,21,18,97,0,0,0,0,0,136,104,116
LGA18100,12,0,0,0,0,0,0,0,12,8,0,0,0,0,0,0,0,8,4,0,0,0,0,0,0,0,4,0,0,0,0,0,0,0,0,0,8,0,0,0,0,0,0,0,8,0,0,0,0,0,0,0,0,0,0,0,0,0,0,0,0,0,0,0,0,0,0,0,0,0,0,0,12,0,0,0,0,0,0,0,12,0,0,0,0,0,0,0,0,0,3,0,0,0,0,0,0,0,3,35,0,0,0,0,0,0,0,35,744,4,9,5,0,0,5,0,762,335,0,5,0,0,0,0,0,340,46,9,15,0,0,0,0,0,70,17,0,3,0,0,0,0,0,20,126,0,8,0,0,0,0,0,134,3,14,12,0,0,0,0,0,29,24,0,3,0,0,0,0,0,27,19,3,0,0,0,0,0,0,22,235,26,41,0,0,0,0,0,302,11,0,0,0,0,0,0,0,11,43,4
LGA18150,81,0,0,0,0,0,0,0,81,124,3,0,0,0,0,0,0,127,104,0,8,0,0,3,3,0,115,76,4,4,0,0,0,0,0,84,53,0,0,0,0,0,0,0,53,32,9,4,0,0,0,0,0,45,7,0,0,0,0,0,0,0,7,10,0,0,0,0,0,0,0,10,282,13,16,0,0,3,3,0,314,6,0,0,0,0,0,0,0,6,11,4,0,0,0,0,0,0,15,504,20,16,0,0,3,3,0,543,1147,11,7,3,6,4,13,0,1178,676,4,3,0,0,3,3,0,686,186,7,23,3,0,0,3,0,219,26,3,11,0,0,0,0,0,40,149,5,11,0,0,3,3,0,168,5,3,15,0,0,0,0,0,23,54,6,11,0,0,0,0,0,71,32,0,3,0,0,3,3,0,38,452,24,74,3,0,6,9,0,559,19,0,0,0,0,0,0,0,19,64,3
LGA18200,21,0,3,0,0,0,0,0,24,34,0,0,0,0,0,0,0,34,26,0,9,0,0,0,0,0,35,27,3,0,0,0,0,0,0,30,17,0,0,0,0,3,3,0,20,57,3,3,0,0,0,0,0,63,9,3,0,4,0,0,4,0,16,0,0,0,0,3,0,3,0,3,136,9,12,4,3,3,10,0,167,3,0,0,0,0,0,0,0,3,7,0,0,3,0,0,3,0,10,201,9,15,7,3,3,13,0,238,834,4,16,31,0,8,39,0,893,750,4,3,3,0,4,7,4,768,125,3,37,0,0,0,0,0,165,9,0,0,0,0,0,0,0,9,147,3,7,5,0,0,5,0,162,0,5,0,0,0,3,3,0,8,70,0,9,8,0,3,11,0,90,22,3,0,3,0,0,3,0,28,373,14,53,16,0,6,22,0,462,18,0,0,0,0,0,0,0,18,72,0
LGA18250,17,0,4,0,0,0,0,0,21,10,3,3,0,0,0,0,0,16,6,3,17,0,0,0,0,0,26,0,0,9,0,0,0,0,0,9,4,0,0,0,0,0,0,0,4,0,0,0,0,0,0,0,0,0,0,0,0,0,0,0,0,0,0,0,0,0,0,0,0,0,0,0,10,3,26,0,0,0,0,0,39,0,0,3,0,0,0,0,0,3,0,0,0,0,0,0,0,0,0,37,6,36,0,0,0,0,0,79,5874,531,1920,0,0,8,8,0,8333,4307,684,2218,3,0,9,12,4,7225,1174,446,4633,0,0,16,16,0,6269,28,45,313,0,0,0,0,0,386,508,133,785,0,0,12,12,0,1438,21,14,61,0,0,3,3,0,99,28,15,82,0,0,4,4,0,129,67,6,57,0,0,0,0,0,130,1826,659,5931,0,0,35,35,0,8451,58,16,145,0,0,0,0,0,219,192,25
LGA18350,56,0,0,0,0,0,0,0,56,126,5,0,0,0,0,0,0,131,69,5,5,0,0,0,0,0,79,36,3,3,0,0,0,0,0,42,20,0,3,0,0,0,0,0,23,12,0,3,0,0,0,0,0,15,3,0,0,0,0,0,0,0,3,5,0,0,0,0,0,0,0,5,145,8,14,0,0,0,0,0,167,0,0,0,0,0,0,0,0,0,9,0,0,0,0,0,0,0,9,336,13,14,0,0,0,0,0,363,6405,376,60,32,3,10,45,3,6889,5276,224,11,3,3,3,9,4,5524,1413,326,88,5,0,16,21,4,1852,234,74,36,0,0,0,0,0,344,669,61,24,0,3,7,10,0,764,80,46,18,0,0,0,0,0,144,143,11,5,10,0,0,10,6,175,100,12,4,3,0,0,3,0,119,2639,530,175,18,3,23,44,10,3398,116,9,21,0,0,4,4,0,150,303,43
LGA18400,83,0,3,0,0,0,0,0,86,227,3,0,0,0,0,0,0,230,75,0,0,0,0,0,0,0,75,15,0,0,0,0,0,0,0,15,21,7,0,0,0,0,0,0,28,9,0,0,0,0,0,0,0,9,4,0,0,0,0,0,0,0,4,0,0,0,0,0,0,0,0,0,124,7,0,0,0,0,0,0,131,4,0,0,0,0,0,0,0,4,12,0,0,0,0,0,0,0,12,450,10,3,0,0,0,0,0,463,3965,186,37,17,3,3,23,3,4214,6605,49,18,4,6,4,14,0,6686,1022,69,52,3,0,11,14,0,1157,82,14,20,0,0,0,0,0,116,495,25,23,4,3,6,13,0,556,34,8,35,0,0,0,0,0,77,112,0,7,24,3,0,27,0,146,79,5,4,4,0,0,4,0,92,1824,121,141,35,6,17,58,0,2144,55,38,10,0,0,0,0,0,103,291,15
LGA18450,261,18,15,4,3,0,7,0,301,444,32,24,0,3,0,3,0,503,221,59,146,3,0,3,6,0,432,301,132,93,0,0,0,0,0,526,99,17,28,0,0,0,0,3,147,16,6,8,0,0,0,0,0,30,15,3,5,4,0,0,4,0,27,10,3,4,0,0,0,0,0,17,662,220,284,7,0,3,10,3,1179,12,0,3,3,0,0,3,0,18,34,18,16,0,0,0,0,0,68,1413,288,342,14,6,3,23,3,2069,21163,1879,1662,369,3,28,400,9,25113,18544,1706,1558,8,0,20,28,9,21845,3826,1848,4351,0,0,98,98,18,10141,2125,1469,1671,0,0,0,0,5,5270,2094,519,1060,7,0,48,55,5,3733,97,113,121,0,0,0,0,0,331,244,43,141,57,0,10,67,0,495,189,34,102,3,0,3,6,0,331,8575,4026,7446,67,0,159,226,28,20301,248,109,200,9,0,5,14,0,571,1159,248
LGA18500,4,5,6,0,0,0,0,0,15,5,3,4,0,0,0,0,0,12,4,6,13,0,0,0,0,0,23,0,0,0,0,0,0,0,0,0,0,0,5,0,0,0,0,0,5,0,0,0,0,0,0,0,0,0,0,0,0,0,0,0,0,0,0,3,0,0,0,0,0,0,0,3,7,6,18,0,0,0,0,0,31,0,0,0,0,0,0,0,0,0,0,0,3,0,0,0,0,0,3,16,14,31,0,0,0,0,0,61,2612,1689,2874,0,0,7,7,13,7195,1470,1273,1997,0,0,7,7,4,4751,413,1059,4059,3,0,18,21,22,5574,3,9,67,0,0,0,0,0,79,210,360,1189,0,0,15,15,3,1777,3,8,50,0,0,0,0,0,61,28,20,40,0,0,8,8,3,99,35,29,94,0,0,0,0,0,158,692,1485,5499,3,0,41,44,28,7748,23,29,133,0,0,0,0,0,185,105,109
LGA18550,282,9,5,12,0,0,12,0,308,782,29,4,0,0,0,0,0,815,615,85,76,0,0,0,0,0,776,148,63,22,0,0,0,0,0,233,178,14,7,3,0,0,3,0,202,20,4,9,0,0,0,0,0,33,22,5,5,20,3,0,23,0,55,18,3,0,0,0,0,0,0,21,1001,174,119,23,3,0,26,0,1320,13,0,0,0,0,0,0,0,13,59,10,4,4,0,0,4,0,77,2137,222,132,39,3,0,42,0,2533,16222,1395,763,251,0,11,262,3,18645,17220,774,210,9,4,18,31,7,18242,6282,1385,1064,13,0,29,42,3,8776,579,559,371,3,0,3,6,3,1518,2455,295,225,21,0,16,37,4,3016,93,76,117,0,0,0,0,0,286,283,28,41,216,0,11,227,3,582,194,55,26,8,0,5,13,3,291,9886,2398,1844,261,0,64,325,16,14469,212,135,150,7,0,0,7,0,504,1091,204
LGA18710,28,0,0,0,0,0,0,0,28,33,0,0,0,0,0,0,0,33,12,0,3,0,0,0,0,0,15,18,0,0,0,0,0,0,0,18,21,0,0,0,0,0,0,0,21,5,0,0,0,0,0,0,0,5,3,0,0,3,0,0,3,0,6,3,0,0,0,0,0,0,0,3,62,0,3,3,0,0,3,0,68,0,0,0,0,0,0,0,0,0,9,0,0,0,0,0,0,0,9,132,0,3,3,0,0,3,0,138,1702,42,10,14,3,0,17,0,1771,2157,31,5,3,11,0,14,0,2207,272,42,25,0,0,0,0,0,339,50,0,0,0,0,0,0,0,50,324,20,10,3,0,4,7,0,361,30,3,0,0,0,0,0,0,33,86,0,4,3,0,0,3,0,93,42,0,0,4,0,0,4,0,46,804,65,39,10,0,4,14,0,922,31,19,0,0,0,0,0,0,50,79,7
LGA18750,21,0,0,3,0,0,3,0,24,44,0,0,0,0,0,0,0,44,49,7,3,0,0,0,0,0,59,12,3,0,0,0,0,0,0,15,12,0,0,0,0,0,0,0,12,3,0,3,0,0,0,0,0,6,3,0,0,0,0,0,0,0,3,3,0,0,0,0,0,0,0,3,82,10,6,0,0,0,0,0,98,3,0,0,0,0,0,0,0,3,3,3,0,0,0,0,0,0,6,153,13,6,3,0,0,3,0,175,1697,32,36,14,0,0,14,0,1779,1244,12,15,0,0,0,0,0,1271,451,90,90,0,0,0,0,0,631,82,10,14,0,0,0,0,0,106,247,14,16,0,0,6,6,3,286,7,4,11,0,0,0,0,0,22,61,0,0,0,0,0,0,3,64,48,0,3,4,0,0,4,0,55,896,118,134,4,0,6,10,6,1164,32,0,15,0,0,0,0,0,47,120,4
LGA19399,6,0,0,0,0,0,0,0,6,3,0,0,0,0,0,0,0,3,0,0,0,0,0,0,0,0,0,5,0,0,0,0,0,0,0,5,0,0,0,0,0,0,0,0,0,0,0,0,0,0,0,0,0,0,0,0,0,0,0,0,0,0,0,0,0,0,0,0,0,0,0,0,5,0,0,0,0,0,0,0,5,0,0,0,0,0,0,0,0,0,3,0,0,0,0,0,0,0,3,17,0,0,0,0,0,0,0,17,149,0,3,8,0,0,8,0,160,73,0,3,3,0,0,3,0,79,0,0,0,0,0,0,0,0,0,3,0,0,0,0,0,0,0,3,31,0,7,0,0,0,0,0,38,3,0,0,0,0,0,0,0,3,49,0,3,0,0,3,3,0,55,11,0,0,0,0,0,0,0,11,97,0,10,0,0,3,3,0,110,12,0,0,0,0,0,0,0,12,8,0
LGA19499,0,0,0,0,0,0,0,0,0,0,0,0,0,0,0,0,0,0,0,0,0,0,0,0,0,0,0,0,0,0,0,0,0,0,0,0,0,0,0,0,0,0,0,0,0,0,0,0,0,0,0,0,0,0,0,0,0,0,0,0,0,0,0,0,0,0,0,0,0,0,0,0,0,0,0,0,0,0,0,0,0,0,0,0,0,0,0,0,0,0,0,0,0,0,0,0,0,0,0,0,0,0,0,0,0,0,0,0,0,0,0,0,0,0,0,0,0,0,0,0,0,0,0,0,0,0,0,0,0,0,0,0,0,0,0,0,0,0,0,0,0,0,0,0,0,0,0,0,0,0,0,0,0,0,0,0,0,0,0,0,0,0,0,0,0,0,0,0,0,0,0,0,0,0,0,0,0,0,0,0,0,0,0,0,0,0,0,0,0,0,0,0,0,0,0,0,0,0,0,0
