region_id,M_T_20_24_PD_GD_GCL,M_T_20_24_BDL,M_T_20_24_ADip_DipL,M_T_20_24_CL_nfd,M_T_20_24_Ct_III_IV,M_T_20_24_Ct_I_II,M_T_20_24_LoE_NS,M_T_20_24_Tot,M_T_25_34_PD_GD_GCL,M_T_25_34_BDL,M_T_25_34_ADip_DipL,M_T_25_34_CL_nfd,M_T_25_34_Ct_III_IV,M_T_25_34_Ct_I_II,M_T_25_34_LoE_NS,M_T_25_34_Tot,M_T_35_44_PD_GD_GCL,M_T_35_44_BDL,M_T_35_44_ADip_DipL,M_T_35_44_CL_nfd,M_T_35_44_Ct_III_IV,M_T_35_44_Ct_I_II,M_T_35_44_LoE_NS,M_T_35_44_Tot,M_T_45_54_PD_GD_GCL,M_T_45_54_BDL,M_T_45_54_ADip_DipL,M_T_45_54_CL_nfd,M_T_45_54_Ct_III_IV,M_T_45_54_Ct_I_II,M_T_45_54_LoE_NS,M_T_45_54_Tot,M_T_55_64_PD_GD_GCL,M_T_55_64_BDL,M_T_55_64_ADip_DipL,M_T_55_64_CL_nfd,M_T_55_64_Ct_III_IV,M_T_55_64_Ct_I_II,M_T_55_64_LoE_NS,M_T_55_64_Tot,M_T_65ov_PtgdDe_GdDp_GdCt,M_T_65ov_BDL,M_T_65ov_ADip_DipL,M_T_65ov_CL_nfd,M_T_65ov_Ct_III_IV,M_T_65ov_Ct_I_II,M_T_65ov_LoE_NS,M_T_65ov_Tot,M_T_Tot_PD_GD_GCL,M_T_Tot_BDL,M_T_Tot_ADip_DipL,M_T_Tot_CL_nfd,M_T_Tot_Ct_III_IV,M_T_Tot_Ct_I_II,M_T_Tot_LoE_NS,M_T_Tot_Tot,F_Ind_15_19_PD_GD_GCL,F_Ind_15_19_BDL,F_Ind_15_19_ADip_DipL,F_Ind_15_19_CL_nfd,F_Ind_15_19_Ct_III_IV,F_Ind_15_19_Ct_I_II,F_Ind_15_19_LoE_NS,F_Ind_15_19_Tot,F_Ind_20_24_PD_GD_GCL,F_Ind_20_24_BDL,F_Ind_20_24_ADip_DipL,F_Ind_20_24_CL_nfd,F_Ind_20_24_Ct_III_IV,F_Ind_20_24_Ct_I_II,F_Ind_20_24_LoE_NS,F_Ind_20_24_Tot,F_Ind_25_34_PD_GD_GCL,F_Ind_25_34_BDL,F_Ind_25_34_ADip_DipL,F_Ind_25_34_CL_nfd,F_Ind_25_34_Ct_III_IV,F_Ind_25_34_Ct_I_II,F_Ind_25_34_LoE_NS,F_Ind_25_34_Tot,F_Ind_35_44_PD_GD_GCL,F_Ind_35_44_BDL,F_Ind_35_44_ADip_DipL,F_Ind_35_44_CL_nfd,F_Ind_35_44_Ct_III_IV,F_Ind_35_44_Ct_I_II,F_Ind_35_44_LoE_NS,F_Ind_35_44_Tot,F_Ind_45_54_PD_GD_GCL,F_Ind_45_54_BDL,F_Ind_45_54_ADip_DipL,F_Ind_45_54_CL_nfd,F_Ind_45_54_Ct_III_IV,F_Ind_45_54_Ct_I_II,F_Ind_45_54_LoE_NS,F_Ind_45_54_Tot,F_Ind_55_64_PD_GD_GCL,F_Ind_55_64_BDL,F_Ind_55_64_ADip_DipL,F_Ind_55_64_CL_nfd,F_Ind_55_64_Ct_III_IV,F_Ind_55_64_Ct_I_II,F_Ind_55_64_LoE_NS,F_Ind_55_64_Tot,F_Ind_65ov_PtgdDe_GdDp_GdCt,F_Ind_65ov_BDL,F_Ind_65ov_ADip_DipL,F_Ind_65ov_CL_nfd,F_Ind_65ov_Ct_III_IV,F_Ind_65ov_Ct_I_II,F_Ind_65ov_LoE_NS,F_Ind_65ov_Tot,F_Ind_TotPdDe_GdDp_GdCt,F_Ind_Tot_BDL,F_Ind_Tot_ADip_DipL,F_Ind_Tot_CL_nfd,F_Ind_Tot_Ct_III_IV,F_Ind_Tot_Ct_I_II,F_Ind_Tot_LoE_NS,F_Ind_Tot_Tot,F_NonI_15_19_PD_GD_GCL,F_NonI_15_19_BDL,F_NonI_15_19_ADip_DipL,F_NonI_15_19_CL_nfd,F_NonI_15_19_Ct_III_IV,F_NonI_15_19_Ct_I_II,F_NonI_15_19_LoE_NS,F_NonI_15_19_Tot,F_NonI_20_24_PD_GD_GCL,F_NonI_20_24_BDL,F_NonI_20_24_ADip_DipL,F_NonI_20_24_CL_nfd,F_NonI_20_24_Ct_III_IV,F_NonI_20_24_Ct_I_II,F_NonI_20_24_LoE_NS,F_NonI_20_24_Tot,F_NonI_25_34_PD_GD_GCL,F_NonI_25_34_BDL,F_NonI_25_34_ADip_DipL,F_NonI_25_34_CL_nfd,F_NonI_25_34_Ct_III_IV,F_NonI_25_34_Ct_I_II,F_NonI_25_34_LoE_NS,F_NonI_25_34_Tot,F_NonI_35_44_PD_GD_GCL,F_NonI_35_44_BDL,F_NonI_35_44_ADip_DipL,F_NonI_35_44_CL_nfd,F_NonI_35_44_Ct_III_IV,F_NonI_35_44_Ct_I_II,F_NonI_35_44_LoE_NS,F_NonI_35_44_Tot,F_NonI_45_54_PD_GD_GCL,F_NonI_45_54_BDL,F_NonI_45_54_ADip_DipL,F_NonI_45_54_CL_nfd,F_NonI_45_54_Ct_III_IV,F_NonI_45_54_Ct_I_II,F_NonI_45_54_LoE_NS,F_NonI_45_54_Tot,F_NonI_55_64_PD_GD_GCL,F_NonI_55_64_BDL,F_NonI_55_64_ADip_DipL,F_NonI_55_64_CL_nfd,F_NonI_55_64_Ct_III_IV,F_NonI_55_64_Ct_I_II,F_NonI_55_64_LoE_NS,F_NonI_55_64_Tot,F_NonI_65ov_PtgdDe_GdDp_GdCt,F_NonI_65ov_BDL,F_NonI_65ov_ADip_DipL,F_NonI_65ov_CL_nfd,F_NonI_65ov_Ct_III_IV,F_NonI_65ov_Ct_I_II,F_NonI_65ov_LoE_NS,F_NonI_65ov_Tot,F_NonI_Tot_PD_GD_GCL,F_NonI_Tot_BDL,F_NonI_Tot_ADip_DipL,F_NonI_Tot_CL_nfd,F_NonI_Tot_Ct_III_IV,F_NonI_Tot_Ct_I_II,F_NonI_Tot_LoE_NS,F_NonI_Tot_Tot,F_IS_NS_15_19_PD_GD_GCL,F_IS_NS_15_19_BDL,F_IS_NS_15_19_ADip_DipL,F_IS_NS_15_19_CL_nfd,F_IS_NS_15_19_Crt_III_an_IV_L,F_IS_NS_15_19_Ct_I_II,F_IS_NS_15_19_LoE_NS,F_IS_NS_15_19_Tot,F_IS_NS_20_24_PD_GD_GCL,F_IS_NS_20_24_BDL,F_IS_NS_20_24_ADip_DipL,F_IS_NS_20_24_CL_nfd,F_IS_NS_20_24_Crt_III_an_IV_L,F_IS_NS_20_24_Ct_I_II,F_IS_NS_20_24_LoE_NS,F_IS_NS_20_24_Tot
IREG101,0,82,42,30,650,54,310,1168,92,400,170,59,1406,85,568,2780,129,446,306,77,1601,66,560,3185,152,350,347,69,1759,56,627,3360,121,328,267,62,1312,41,545,2676,59,155,202,74,1221,14,1098,2823,553,1761,1334,385,8086,364,4108,16591,0,0,3,3,31,12,83,132,0,8,9,9,68,17,46,157,3,39,26,11,104,39,76,298,4,38,46,24,100,27,89,328,10,28,37,14,73,6,57,225,5,16,18,4,25,4,46,118,4,4,4,0,3,0,54,69,26,133,143,65,404,105,451,1327,0,3,4,7,99,53,164,330,12,214,108,50,393,99,78,954,154,1055,334,72,831,154,143,2743,204,830,472,143,847,120,257,2873,212,574,553,185,774,127,416,2841,178,431,436,167,429,79,492,2212,64,285,360,113,170,43,1202,2237,824,3392,2267,737,3543,675,2752,14190,0,0,0,0,0,0,121,121,0,3,0,0,5,0,83,91
IREG102,6,236,133,65,1615,167,592,2814,219,1064,531,134,3465,200,1158,6771,413,1025,880,146,3666,159,1322,7611,467,909,819,176,4170,105,1394,8040,526,975,747,181,3316,81,1409,7235,371,594,584,186,2931,54,2671,7391,2002,4806,3706,920,19495,847,9369,41145,0,0,3,9,25,24,140,201,0,10,13,4,95,31,67,220,4,31,53,18,182,48,100,436,7,51,62,29,154,37,133,473,13,51,74,16,107,15,107,383,5,15,33,8,29,11,94,195,0,7,11,0,7,0,84,109,29,165,249,84,599,166,725,2017,0,3,23,50,289,111,398,874,38,504,285,128,954,250,212,2371,443,2041,837,223,1995,330,349,6218,637,1849,1293,339,1882,311,594,6905,666,1483,1428,437,1879,290,963,7146,563,1215,1039,395,1097,217,1178,5704,239,851,957,244,445,102,3170,6008,2586,7946,5862,1816,8541,1611,6864,35226,0,0,0,0,0,0,292,292,0,3,0,0,3,3,244,253
IREG103,3,35,24,12,277,15,161,527,35,192,100,30,576,35,294,1262,48,136,160,35,661,34,324,1398,43,121,151,31,786,17,373,1522,48,113,105,22,686,22,416,1412,13,38,63,26,557,7,745,1449,190,635,603,159,3600,145,2486,7818,0,0,0,0,5,5,71,81,0,4,3,8,30,16,40,101,3,22,19,4,59,8,51,166,3,24,25,12,55,26,65,210,6,20,23,7,44,5,59,164,3,15,9,5,11,4,45,92,3,0,0,0,5,0,43,51,18,85,79,36,209,64,374,865,0,0,4,8,25,19,53,109,6,96,37,13,160,41,23,376,66,362,142,30,309,57,74,1040,83,270,172,40,290,40,93,988,92,213,199,54,329,49,185,1121,52,159,119,42,184,29,220,805,20,91,83,30,70,8,763,1065,319,1191,756,217,1367,243,1411,5504,0,0,0,0,0,3,58,61,0,0,0,0,0,0,58,58
IREG104,91,1967,1196,432,9748,941,3398,17773,1754,8574,4529,883,23575,1279,6237,46831,3252,9831,7301,933,28336,864,7433,57950,4000,8455,7548,1234,32971,721,8903,63832,4288,8649,7059,1663,28151,663,8976,59449,2859,6566,6612,1763,32465,510,19815,70590,16244,44061,34332,7071,156999,5544,59539,323790,0,0,7,28,109,84,316,544,0,56,76,54,418,122,170,896,33,209,208,79,596,144,260,1529,51,254,279,92,608,101,350,1735,77,197,269,92,404,70,328,1437,34,118,146,38,150,31,232,749,14,30,38,16,18,7,301,424,209,864,1023,399,2303,559,1957,7314,5,18,261,298,1746,876,2653,5857,176,3386,2499,746,6956,1390,1354,16507,2823,15126,7358,1645,14277,2232,2550,46011,4582,15036,11057,2699,14317,2223,4362,54276,4851,11995,11664,3418,14477,2317,7010,55732,4329,9645,9534,3257,7891,1513,8480,44649,1883,6364,7974,2763,4447,738,26187,50356,18649,61570,50347,14826,64111,11289,52596,273388,0,0,3,3,10,6,1364,1386,0,14,18,7,34,6,1182,1261
IREG105,17,549,305,142,3928,333,1522,6796,496,2541,1184,273,8164,442,2689,15789,873,2764,1891,307,8826,283,2975,17919,1041,2101,2030,400,9675,262,3112,18621,1029,2060,1845,463,7497,182,3164,16240,635,1273,1472,350,6951,121,6064,16866,4091,11291,8747,1999,45817,1823,21359,95127,0,0,3,12,42,25,133,215,0,18,25,16,125,30,77,291,3,64,53,24,236,44,111,535,23,63,73,28,177,38,126,528,10,48,69,13,121,26,130,417,8,31,32,8,40,5,95,219,3,5,6,4,11,5,110,144,47,229,261,105,752,173,782,2349,0,6,71,78,613,318,957,2043,71,1180,634,260,2411,520,437,5513,903,5108,2116,491,4743,793,835,14989,1319,4581,2869,850,4437,760,1460,16276,1349,3390,3116,966,4047,730,2287,15885,1115,2586,2571,791,2321,494,2773,12651,445,1822,2097,579,1047,181,7093,13264,5202,18673,13474,4015,19619,3796,15842,80621,0,0,3,0,12,6,511,532,3,3,5,3,11,3,506,534
IREG106,18,279,218,88,2064,200,895,3762,433,1381,865,156,4910,234,1699,9678,1055,2146,1699,238,6464,185,2096,13883,1314,2212,1953,310,7656,211,2465,16121,1441,2500,1888,400,6607,156,2384,15376,1113,2317,1898,411,7800,107,4798,18444,5374,10835,8543,1636,35892,1224,15532,79036,0,0,7,3,28,10,56,104,0,10,17,6,69,25,26,153,14,38,37,17,118,30,58,312,16,46,54,12,110,24,58,320,24,53,55,14,91,12,78,327,18,25,27,6,26,3,51,156,7,7,11,3,3,0,61,92,79,179,208,61,445,104,388,1464,0,0,33,53,317,183,656,1242,59,494,458,169,1396,247,294,3117,752,2729,1461,335,2850,431,573,9131,1322,3526,2535,632,3116,583,966,12680,1527,3240,2824,807,3082,531,1658,13669,1566,2733,2661,822,1925,347,2012,12066,715,2031,2312,719,1078,215,5806,12876,5941,14753,12284,3537,13764,2537,11965,64781,0,0,0,0,0,0,351,351,3,0,0,4,9,0,287,303
IREG107,1875,20263,11835,1385,22631,1849,16201,76039,34325,82566,32452,3220,57390,2921,35476,248350,34547,67317,32630,3650,63052,2364,29737,233297,28339,50717,26275,4143,61821,2052,28045,201392,19799,35281,18145,4021,47099,1529,23806,149680,11422,23475,14778,3766,49426,1124,39075,143066,130333,279794,136828,20569,305279,12771,186638,1072212,3,0,10,19,145,73,262,512,8,120,109,50,394,100,192,973,97,417,286,66,639,135,301,1941,121,301,323,106,487,98,336,1772,119,242,272,69,301,41,332,1376,62,113,138,37,96,16,261,723,15,33,43,11,20,6,279,407,425,1226,1181,358,2082,469,1963,7704,46,225,1369,565,3667,1378,7554,14804,3269,29188,14496,2037,15461,2577,6025,73053,40205,108646,37931,5085,31674,5462,12604,241607,34722,80870,43630,8449,27984,5390,15983,217028,25332,52353,35712,9067,23333,4810,19467,170074,16743,31042,25081,7222,12962,2892,20120,116062,6819,18017,19333,5938,8512,1497,47102,107218,127136,320341,177552,38363,123593,24006,128855,939846,3,4,15,8,40,11,4693,4774,15,187,100,24,123,10,7423,7882
IREG194,6,83,24,5,76,21,146,361,88,226,71,21,240,13,407,1066,52,111,56,9,215,10,462,915,21,73,57,11,205,8,477,852,22,70,55,13,171,0,307,638,18,36,35,5,165,6,239,504,207,599,298,67,1087,68,2112,4438,0,0,0,0,3,0,5,8,0,0,0,3,3,3,6,15,3,4,3,0,6,0,34,50,0,0,3,0,6,3,25,37,0,3,0,3,3,3,18,30,0,0,0,0,4,0,7,11,3,0,3,0,0,0,3,9,6,7,9,6,25,9,98,160,0,0,3,5,16,13,39,76,9,96,41,13,55,16,39,269,107,304,75,20,93,22,104,725,40,116,72,22,47,12,86,395,44,54,54,26,64,9,77,328,39,68,67,20,39,10,78,321,0,27,22,10,19,3,118,199,239,665,334,116,333,85,541,2313,0,0,0,0,0,0,26,26,0,0,0,0,0,3,45,48
IREG197,0,0,0,0,3,0,0,3,0,0,0,0,3,0,0,3,0,0,0,0,4,0,0,4,0,3,0,0,0,0,3,6,0,0,0,0,4,0,3,7,0,0,0,0,8,0,8,16,0,3,0,0,22,0,14,39,0,0,0,0,0,0,0,0,0,0,0,0,0,0,0,0,0,0,0,0,0,0,0,0,0,0,0,0,0,0,0,0,0,0,0,0,0,0,0,0,0,0,0,0,0,0,0,0,0,0,0,0,0,0,0,0,0,0,0,0,0,0,0,0,0,0,0,0,0,0,0,0,0,0,0,0,0,0,0,0,0,0,0,0,0,0,0,0,0,3,0,0,0,0,0,3,0,0,0,0,3,0,0,3,0,0,3,0,0,3,0,6,0,0,3,0,0,0,7,10,0,3,6,0,3,3,7,22,0,0,0,0,0,0,0,0,0,0,0,0,0,0,0,0
IREG201,1695,19749,12318,1253,22592,1645,13912,73164,29074,77688,29599,2860,54850,2502,28167,224740,28255,59115,26238,3021,60133,1734,23866,202362,23266,41424,22014,2939,57242,1361,22113,170359,16272,28238,18309,2572,41221,926,19288,126826,9615,18608,16390,2095,44096,672,36799,128275,108194,244938,125442,15111,284810,10000,156579,945074,0,0,4,8,45,18,118,193,5,49,51,20,150,27,61,363,46,179,122,38,232,46,89,752,45,140,123,29,163,27,105,632,43,80,101,19,107,18,95,463,41,35,55,5,38,7,77,258,5,16,20,3,13,3,109,169,185,499,476,122,748,146,654,2830,26,155,875,631,3840,1577,7557,14661,2754,28223,13689,2022,14730,2245,5562,69225,36805,100652,35628,4507,29475,4429,10486,221982,33024,72277,37276,6502,26438,3874,12900,192291,23533,44292,29933,6313,22801,3288,14888,145048,15361,27122,21077,4451,13139,2132,16308,99590,6329,16544,16235,3769,8106,945,46422,98350,117832,289265,154713,28195,118529,18490,114123,841147,0,9,11,5,33,15,3819,3892,14,182,119,27,121,18,5773,6254
IREG202,145,2166,1344,413,11152,859,3350,19429,2006,8809,4390,781,24021,1066,6487,47560,3423,9075,6592,830,28457,785,7577,56739,4055,7783,7209,1040,30129,586,8580,59382,4014,7471,7821,1219,23620,475,9045,53665,2406,4828,6513,950,22927,279,18814,56717,16049,40151,33951,5388,142738,4675,58747,301699,0,0,0,5,43,29,130,207,0,26,20,18,178,53,66,361,13,75,84,28,274,49,99,622,32,90,88,25,212,34,141,622,25,57,80,24,122,24,111,443,26,35,36,10,50,4,119,280,5,15,12,8,6,3,146,195,101,298,320,118,885,196,812,2730,5,19,175,260,1841,942,3001,6243,328,4005,2604,817,7107,1332,1372,17565,4001,16278,7792,1661,13931,2305,2604,48572,5771,15012,10432,2137,13432,1808,3978,52570,5721,11902,10570,2165,13119,1700,5759,50936,4677,9794,9118,1777,8035,1147,7432,41980,1896,6262,7344,1338,3713,474,22951,43978,22399,63272,48035,10155,61178,9708,47097,261844,0,3,0,3,11,3,1404,1424,3,17,16,6,32,8,1171,1253
IREG294,6,51,23,14,70,12,130,306,63,189,69,11,145,17,284,778,35,100,36,8,148,6,307,640,20,44,31,9,109,4,215,432,14,26,25,5,80,0,95,245,9,12,16,0,72,0,100,209,147,422,200,47,636,45,1195,2692,0,0,0,3,0,0,4,7,0,3,0,0,0,0,6,9,0,0,0,0,0,0,8,8,0,0,0,0,0,0,9,9,3,0,0,0,3,0,6,12,0,3,0,0,0,0,0,3,0,0,0,0,0,0,0,0,3,6,0,3,3,0,33,48,0,3,3,5,9,6,54,80,8,68,37,3,43,12,59,230,106,257,75,5,78,12,81,614,51,91,41,17,34,9,61,304,12,46,26,5,47,8,50,194,12,35,30,12,32,9,42,172,5,11,9,7,3,3,40,78,194,511,221,54,246,59,387,1672,0,0,0,0,0,0,11,11,0,0,0,0,0,0,33,33
IREG297,0,0,0,0,0,0,0,0,0,0,0,0,4,0,0,4,0,0,3,0,0,0,0,3,3,0,0,0,7,0,0,10,0,0,0,3,0,0,3,6,0,0,0,0,0,0,3,3,3,0,3,3,11,0,6,26,0,0,0,0,0,0,0,0,0,0,0,0,0,0,0,0,0,0,0,0,0,0,0,0,0,0,0,0,3,0,0,3,0,0,0,0,0,0,0,0,0,0,0,0,0,0,0,0,0,0,0,0,0,0,0,0,0,0,0,0,3,0,0,3,0,0,0,0,0,0,0,0,0,0,0,0,0,0,0,0,0,0,0,0,0,0,0,0,0,0,0,0,0,0,0,0,0,0,0,0,0,0,0,0,0,0,0,0,0,0,0,0,0,0,0,0,0,0,0,0,0,0,0,0,0,0,0,0,0,0,0,0,0,0,0,0,0,0,0,0,0,0,0,0
IREG301,819,10625,5144,1012,19882,1947,10151,49580,11873,38140,14551,2200,49937,2577,19520,138798,14752,33637,18312,2338,53556,1574,18349,142518,13193,23812,17390,1967,52115,1049,16791,126317,9883,17644,14012,2217,41847,731,14945,101279,5776,12044,11129,1964,41565,581,27045,100104,56313,136014,81250,12138,263751,10676,116307,676449,0,0,21,24,175,117,269,606,11,107,94,55,421,120,168,976,59,365,260,94,724,157,241,1900,91,327,366,101,531,71,280,1767,83,200,238,63,362,44,227,1217,39,118,145,33,121,18,180,654,16,33,48,8,25,3,170,303,299,1150,1172,378,2359,530,1535,7423,20,123,1254,730,5102,2801,5091,15121,1404,16298,8259,1818,13479,2853,3431,47542,15801,55535,22356,3958,26908,4182,6674,135414,16983,44185,26770,5121,24285,3274,8498,129116,13612,28482,23077,4925,21593,2634,10410,104733,8858,18076,16108,3848,13124,1804,11375,73193,3458,11310,11739,2631,6123,759,31910,67930,60136,174009,109563,23031,110614,18307,77389,573049,0,3,8,4,46,26,3343,3430,8,63,57,16,61,14,4263,4482
IREG302,23,277,139,59,1575,151,864,3088,258,1386,728,161,4065,214,1878,8690,499,1580,1336,187,4957,165,2057,10781,616,1327,1251,167,5192,110,2025,10688,432,1055,1061,165,3977,87,1804,8581,294,663,707,108,3198,34,2380,7384,2122,6292,5232,880,23363,895,12021,50805,0,0,5,24,67,33,157,286,3,6,18,13,115,71,94,320,15,52,84,43,231,82,173,680,29,90,129,39,225,51,197,760,27,62,114,27,119,38,159,546,7,38,42,11,43,8,112,261,3,13,13,3,8,3,84,127,84,261,405,160,808,286,976,2980,0,13,50,65,386,198,388,1100,39,561,334,109,932,202,193,2370,496,2758,1339,266,2130,314,503,7806,811,2611,1928,363,2017,268,729,8727,788,1996,1692,354,1680,204,937,7651,504,1289,1137,228,1005,123,988,5274,179,717,695,139,390,49,2063,4232,2817,9945,7175,1524,8540,1358,5801,37160,0,0,0,0,0,0,347,347,0,3,6,0,7,3,451,470
IREG303,0,15,6,0,93,32,135,281,13,88,23,11,291,28,362,816,16,60,54,18,352,26,249,775,10,38,62,14,294,23,161,602,20,30,40,10,216,9,128,453,9,14,16,10,78,0,80,207,68,245,201,70,1351,131,1201,3267,0,0,0,3,18,8,60,89,3,4,0,6,23,21,44,101,7,11,9,3,78,44,62,214,6,19,36,11,80,26,61,239,3,11,31,4,49,28,40,166,3,5,16,0,17,11,17,69,3,0,10,0,0,0,18,31,25,50,102,27,265,138,302,909,0,0,0,0,5,4,11,20,5,40,12,0,29,4,3,93,24,152,43,6,68,10,24,327,28,81,63,13,53,3,24,265,31,51,54,11,44,6,37,234,21,40,33,8,30,0,28,160,0,12,11,3,4,0,25,55,109,376,216,41,233,27,152,1154,0,0,0,0,0,0,15,15,0,0,0,0,0,0,21,21
IREG304,3,87,21,7,382,14,251,765,65,274,115,24,958,27,523,1986,41,148,122,24,818,17,473,1643,50,99,89,16,745,9,417,1425,30,59,58,19,433,11,309,919,16,16,35,3,218,0,304,592,205,683,440,100,3614,106,2490,7638,0,0,0,3,7,4,38,52,0,4,3,3,20,8,28,66,3,12,13,4,45,20,50,147,3,18,18,7,34,8,51,139,5,10,17,6,25,10,47,120,3,11,8,3,4,0,26,55,3,3,0,3,0,3,22,34,17,58,59,29,135,53,262,613,0,0,5,5,37,31,26,104,10,147,37,16,160,23,24,417,99,494,181,32,308,45,66,1225,70,227,150,30,194,24,66,761,61,149,126,29,139,15,74,593,29,80,62,19,66,7,74,337,4,29,24,6,20,4,126,213,273,1126,585,137,924,149,456,3650,0,0,0,0,0,0,106,106,0,0,0,0,0,0,114,114
IREG305,33,573,181,109,3498,320,1609,6323,439,2346,928,270,8656,441,3250,16330,767,2215,1736,338,9457,263,3469,18245,803,1798,1960,314,9726,204,3691,18496,705,1450,1676,344,8392,130,3227,15924,385,891,1210,255,7636,81,5971,16429,3132,9276,7713,1687,48165,1824,22971,94768,0,0,3,7,43,39,93,185,0,7,15,11,114,28,46,221,4,52,53,28,212,55,69,473,20,70,97,23,177,36,89,512,17,58,57,18,103,25,85,363,5,20,31,5,38,8,67,174,0,9,13,0,3,4,68,97,46,216,269,92,690,195,517,2025,0,11,50,132,729,573,780,2275,61,1138,445,230,2000,602,400,4876,713,4596,1871,469,4275,832,888,13644,1114,3836,2648,669,3884,587,1172,13910,990,2898,2745,656,3540,476,1598,12903,691,1979,1953,453,2124,297,1892,9389,289,1258,1268,278,912,107,5389,9501,3858,15716,10980,2887,17464,3474,12119,66498,0,0,0,0,9,5,557,571,0,8,0,0,14,4,528,554
IREG306,27,414,208,103,2628,290,768,4438,422,1861,916,198,5581,355,1573,10906,637,1867,1472,314,5730,197,1951,12168,730,1536,1605,263,5960,146,1961,12201,682,1379,1259,260,5069,89,2055,10793,436,902,1012,186,4588,68,4181,11373,2934,7964,6494,1385,30227,1418,13674,64096,0,0,3,8,59,20,77,167,3,15,17,11,96,33,32,207,7,39,44,17,148,43,77,375,22,52,65,17,134,27,79,396,12,36,57,12,76,13,83,289,8,21,22,10,27,7,69,164,5,3,5,0,4,0,45,62,57,166,213,75,544,143,462,1660,3,5,51,78,677,419,622,1855,46,924,441,179,1686,444,269,3989,627,3634,1606,371,3069,521,577,10405,965,3270,2173,543,2780,417,819,10967,916,2439,2322,484,2750,333,1092,10336,717,1815,1762,396,1654,221,1449,8014,324,1346,1251,275,624,87,4408,8315,3598,13433,9606,2326,13240,2442,9236,53881,0,0,0,0,3,9,383,395,0,3,0,0,10,0,303,316
IREG307,3,3,5,5,40,22,53,131,4,32,13,9,113,26,77,274,11,31,34,14,111,20,65,286,12,16,28,8,90,20,64,238,9,24,17,3,45,7,55,160,3,5,7,0,21,0,21,57,42,111,107,42,429,109,380,1220,0,0,3,0,11,14,35,63,0,0,8,3,23,20,26,80,7,11,29,17,67,47,47,225,15,18,33,6,45,21,30,168,6,18,34,5,35,14,43,155,0,6,13,4,11,6,30,70,0,3,4,0,0,0,19,26,28,56,124,35,192,122,230,787,0,0,0,0,0,0,0,0,3,11,0,0,6,0,3,23,7,59,7,0,14,5,5,97,16,36,16,0,4,0,6,78,16,19,7,3,6,3,5,59,13,11,4,3,3,0,0,34,0,3,3,0,0,0,0,6,55,139,37,6,33,8,19,297,0,0,0,0,3,0,10,13,0,0,0,0,0,0,10,10
IREG308,38,705,223,103,3892,269,1715,6945,502,2573,1009,248,9301,345,3414,17392,743,2308,1786,249,9171,210,3324,17791,869,1672,1859,239,9022,167,3362,17190,628,1283,1376,214,6581,102,2641,12825,329,671,785,165,4885,54,3531,10420,3109,9216,7063,1262,43612,1402,19531,85195,0,0,5,8,42,41,141,237,3,19,16,20,126,50,81,315,9,64,55,25,249,62,166,630,29,77,87,39,178,46,160,616,27,57,86,23,124,16,115,448,7,26,34,5,46,7,93,218,3,10,12,0,8,0,88,121,78,253,295,120,773,222,844,2585,6,10,84,76,649,376,608,1809,74,1419,552,250,1997,452,382,5126,924,5173,2005,486,3940,620,778,13926,1093,4022,2620,579,3143,419,1006,12882,1081,2756,2352,509,2804,333,1245,11080,642,1628,1377,319,1504,171,1255,6896,233,872,882,143,496,60,3203,5889,4053,15880,9872,2362,14533,2431,8477,57608,0,0,0,0,7,3,480,490,0,7,5,3,9,0,686,710
IREG394,3,56,21,4,92,8,136,320,47,171,56,18,253,18,270,833,20,86,46,11,205,9,256,633,30,52,53,9,224,7,236,611,39,63,105,15,405,13,240,880,15,43,49,12,299,4,220,642,154,471,330,69,1496,67,1438,4025,0,0,0,0,0,0,14,14,0,0,3,3,5,0,12,23,0,0,0,3,4,0,12,19,0,0,0,0,3,0,22,25,0,4,3,3,0,0,19,29,0,0,3,0,3,0,10,16,0,0,0,0,0,0,0,0,0,4,9,9,15,0,89,126,0,0,3,3,20,11,31,68,12,102,26,11,55,17,30,253,67,238,69,13,72,8,66,533,34,85,69,14,57,0,46,305,30,62,82,15,76,13,52,330,32,96,98,32,94,13,86,451,10,44,37,11,21,8,84,215,185,627,384,99,395,70,395,2155,0,0,0,0,0,0,10,10,0,0,0,0,3,0,37,40
IREG397,0,3,0,0,9,3,8,23,0,8,4,0,14,0,13,39,0,0,4,0,8,3,15,30,0,3,6,0,15,0,17,41,0,3,3,3,8,3,6,26,0,0,0,3,12,0,9,24,0,17,17,6,66,9,68,183,0,0,0,0,0,0,0,0,0,0,0,0,0,0,0,0,0,0,0,0,0,0,0,0,0,0,0,0,0,0,3,3,0,0,0,0,0,0,0,0,0,0,0,0,0,0,0,0,0,0,0,0,0,0,0,0,0,0,0,0,0,0,3,3,0,0,0,0,3,0,3,6,0,4,0,0,3,0,0,7,0,0,4,0,4,0,0,8,0,3,0,3,3,0,0,9,5,5,3,0,4,0,0,17,0,0,0,0,3,0,0,3,0,0,3,0,3,0,10,16,5,12,10,3,23,0,13,66,0,0,0,0,0,0,0,0,0,0,0,0,0,0,3,3
IREG401,312,4625,1964,600,9617,1198,4036,22352,5465,17188,6184,1195,22664,1661,7785,62142,6010,14174,8143,1288,25308,991,7955,63869,5926,10992,8603,1390,26102,721,8166,61900,5146,9722,8060,1545,21494,508,7731,54206,3373,6768,6571,1342,23361,377,16053,57845,26236,63509,39616,7537,130257,6189,56201,329545,0,0,0,3,45,32,140,220,4,36,19,20,159,48,70,356,11,105,70,44,269,74,130,703,39,104,119,52,172,37,150,673,32,73,97,27,129,18,125,501,14,33,59,11,51,6,106,280,5,16,20,0,13,3,144,201,105,367,384,157,838,218,865,2934,6,38,186,301,1699,1070,2670,5970,532,7119,2677,870,6703,1662,1742,21305,6858,24986,8393,2156,14068,2759,3165,62385,7066,19000,11404,2871,12323,1950,4217,58831,6450,13883,11878,2515,11429,1525,5289,52969,5186,10271,9470,2094,7000,866,6001,40888,2122,6606,6673,1584,3904,446,20525,41860,28220,81903,50681,12391,57126,10278,43609,284208,0,0,3,0,12,6,1199,1220,3,36,22,11,42,10,1372,1496
IREG402,4,91,40,24,690,80,316,1245,82,417,143,60,1475,109,694,2980,97,361,221,68,1731,60,757,3295,104,243,324,62,2002,27,776,3538,91,230,310,68,1529,28,655,2911,35,96,140,55,1456,10,1061,2853,416,1441,1178,343,8987,361,4623,17349,0,0,0,3,5,3,42,53,0,0,4,0,28,20,35,87,3,7,13,12,70,25,60,190,0,15,28,13,45,23,63,187,3,13,22,8,25,4,54,129,3,5,10,5,8,0,32,63,0,0,4,3,0,3,29,39,9,40,81,44,181,78,315,748,0,0,8,5,67,64,123,267,10,239,58,35,315,99,66,822,153,800,247,111,719,190,143,2363,140,567,446,129,671,130,221,2304,160,426,504,110,633,93,283,2209,145,305,340,62,348,31,365,1596,43,185,183,39,156,24,1064,1694,651,2522,1786,491,2909,631,2265,11255,0,0,0,3,0,0,95,98,0,0,0,0,3,0,93,96
IREG403,3,32,13,17,275,27,101,468,18,158,64,28,618,69,184,1139,30,146,104,40,692,30,237,1279,25,91,118,32,629,24,271,1190,52,89,142,34,551,15,223,1106,23,58,82,24,427,8,396,1018,151,574,523,175,3249,192,1529,6393,0,0,0,3,0,0,20,23,0,0,0,3,6,5,11,25,0,5,7,0,28,9,46,95,0,7,5,3,16,10,27,68,0,8,13,3,11,0,32,67,3,0,3,0,4,3,13,26,3,0,3,3,0,0,8,17,6,20,31,15,65,27,157,321,0,0,3,6,39,11,65,124,4,70,28,10,156,43,27,338,45,383,116,37,348,92,62,1083,73,270,206,61,306,56,100,1072,63,194,268,48,300,42,114,1029,64,167,200,47,177,24,135,814,23,99,132,19,72,14,398,757,272,1183,953,228,1398,282,901,5217,0,0,0,0,0,0,36,36,0,0,0,0,0,0,23,23
IREG494,0,10,5,0,26,4,22,67,20,51,10,3,67,9,65,225,10,33,13,3,47,4,67,177,6,9,20,3,55,0,79,172,4,8,14,0,72,3,61,162,3,3,6,3,39,0,87,141,43,114,68,12,309,23,389,958,0,0,0,0,0,0,0,0,0,0,0,0,0,0,3,3,0,0,0,0,4,0,8,12,0,0,0,0,0,0,10,10,0,0,0,0,0,0,11,11,0,0,0,0,0,0,3,3,0,0,0,0,0,0,3,3,0,0,0,0,4,0,38,42,0,0,0,0,6,0,5,11,0,15,5,8,12,8,7,55,20,55,25,7,23,4,18,152,12,19,18,11,13,3,9,85,5,13,14,8,18,5,17,80,8,16,12,3,9,5,21,74,3,6,5,0,3,0,78,95,48,124,79,37,84,25,155,552,0,0,0,3,0,0,4,7,0,0,0,0,0,0,9,9
IREG497,0,0,0,0,0,0,0,0,0,0,0,0,0,0,3,3,0,0,0,0,0,0,3,3,0,0,0,0,0,0,0,0,0,0,0,0,0,0,0,0,0,0,0,0,0,0,0,0,0,0,0,0,0,0,6,6,0,0,0,0,0,0,0,0,0,0,0,0,0,0,0,0,0,0,0,0,0,0,0,0,0,0,0,0,0,0,0,0,0,0,0,0,0,0,0,0,0,0,0,0,0,0,0,0,0,0,0,0,0,0,0,0,0,0,0,0,0,0,0,0,0,0,0,0,0,0,0,0,0,0,0,0,0,0,0,0,0,0,0,0,0,0,0,0,0,0,0,0,0,0,0,0,0,0,0,0,0,0,0,0,0,0,0,0,0,0,0,0,0,0,0,0,0,0,0,0,0,0,0,0,0,0,0,0,0,0,0,0,0,0,0,0,0,0,0,0,0,0,0,0
IREG501,0,21,10,6,118,12,106,273,28,144,74,11,347,23,246,873,34,125,99,6,385,21,260,930,34,72,75,19,312,14,200,726,22,57,51,9,203,6,138,486,10,16,17,3,96,3,101,246,128,435,326,60,1486,89,1124,3648,0,0,0,4,4,8,29,45,3,0,4,3,14,10,29,63,4,17,16,3,33,22,31,126,0,14,17,3,25,4,38,101,4,27,15,6,14,8,39,113,0,14,4,3,7,3,27,58,3,0,0,3,3,0,28,37,14,72,56,25,100,55,221,543,0,0,3,0,15,11,24,53,0,36,38,14,50,21,18,177,49,269,101,21,127,16,45,628,64,222,111,18,113,11,50,589,59,124,99,18,62,7,45,414,47,75,62,13,31,5,41,274,11,22,16,0,11,0,40,100,230,748,430,84,409,71,263,2235,0,0,0,0,0,0,29,29,0,0,0,0,0,0,40,40
IREG502,7,63,44,15,484,52,275,940,48,264,136,34,1144,72,539,2237,98,327,250,52,1274,59,548,2608,87,217,271,43,1320,40,604,2582,79,140,262,37,1051,17,531,2117,27,87,146,34,803,13,722,1832,346,1098,1114,222,6208,298,3451,12737,0,0,0,0,7,10,57,74,0,0,0,5,14,9,36,64,3,9,8,9,34,15,59,137,3,11,18,4,36,13,77,162,3,12,14,3,18,0,50,100,0,13,15,3,11,4,35,81,3,0,0,0,0,0,45,48,12,45,55,24,120,51,359,666,0,0,16,19,81,74,117,307,8,146,92,24,237,73,46,626,121,569,280,66,479,94,108,1717,137,575,374,100,485,74,187,1932,129,359,395,97,417,84,218,1699,83,236,307,69,243,52,249,1239,20,169,182,48,117,15,552,1103,498,2054,1646,423,2059,466,1477,8623,0,0,0,0,0,0,64,64,0,0,0,0,0,0,84,84
IREG503,11,126,45,19,701,56,371,1329,142,434,180,42,1704,41,911,3454,138,367,273,44,1581,44,791,3238,85,253,257,37,1372,28,758,2790,51,146,154,29,845,12,505,1742,20,52,83,15,428,10,472,1080,447,1378,995,192,6756,225,4149,14142,0,0,0,3,4,6,45,58,0,3,0,3,11,6,24,47,0,4,11,9,36,19,50,129,5,16,13,9,23,7,51,124,4,11,6,3,22,7,43,96,0,3,7,3,11,3,30,57,0,0,3,3,0,0,17,23,9,37,40,33,107,48,260,534,0,0,9,5,74,48,90,226,21,166,89,48,262,83,73,742,169,688,304,78,586,97,134,2056,134,503,380,93,431,64,194,1799,100,297,330,74,331,57,195,1384,62,161,156,51,143,30,187,790,15,82,117,26,46,10,369,665,501,1897,1385,375,1873,389,1242,7662,0,0,0,0,3,0,137,140,0,0,0,0,0,0,173,173
IREG504,4,20,18,3,77,19,71,212,24,96,55,22,228,13,144,582,26,61,36,10,235,10,125,503,33,52,47,6,203,9,129,479,19,42,34,3,123,3,70,294,8,12,8,3,46,0,70,147,114,283,198,50,928,59,674,2306,0,0,0,0,0,5,37,42,0,0,0,3,14,11,31,59,0,4,6,14,23,29,41,117,0,11,15,10,14,12,48,110,0,9,10,0,12,8,35,74,3,6,8,0,6,3,14,40,0,3,3,3,3,3,14,29,3,33,42,30,72,71,220,471,0,0,0,3,4,3,8,18,5,34,13,3,21,6,10,92,47,185,61,9,59,13,17,391,42,115,42,9,45,5,14,272,27,75,51,11,52,4,25,245,29,54,33,3,19,10,26,174,0,13,11,0,3,3,14,44,150,476,211,38,203,44,114,1236,0,0,0,0,0,0,13,13,0,0,0,0,0,0,18,18
IREG505,511,6920,3639,536,12921,944,6662,32133,7671,26172,9713,1140,28623,1296,13906,88521,9239,21327,10519,1225,29291,843,12013,84457,8330,16195,10142,1154,30106,589,10326,76842,5927,11540,8871,1132,23042,439,8796,59747,3526,7229,7175,965,21112,280,13994,54281,35207,89431,50406,6330,148359,5246,70894,405873,3,0,9,8,76,53,197,346,3,29,43,17,171,72,131,466,18,117,86,35,256,69,232,813,41,137,109,32,192,38,223,772,37,119,85,35,93,17,175,561,20,72,36,14,43,6,111,302,8,20,18,3,10,0,111,170,130,494,386,144,841,255,1180,3430,15,56,709,336,2789,871,2443,7219,860,10344,4866,1044,7979,1409,1988,28490,9929,34629,12659,2262,14346,2151,3985,79961,9954,26371,14845,3173,12541,1757,5157,73798,7930,17507,14540,3137,10534,1518,6084,61250,4926,11085,9860,2446,6224,1008,6707,42256,1946,7110,7134,1890,3961,577,17815,40433,35560,107102,64613,14288,58374,9291,44179,333407,0,0,0,4,26,8,2079,2117,3,47,30,11,36,4,2675,2806
IREG506,14,149,51,29,898,51,839,2031,176,804,346,65,2980,90,2174,6635,178,560,472,57,2675,50,2024,6016,123,282,405,36,2139,33,1645,4663,69,148,215,37,1013,18,868,2368,13,27,27,9,186,3,214,479,573,1970,1520,236,9979,274,8150,22702,0,0,0,0,14,17,58,89,0,3,4,3,37,15,47,109,0,18,10,16,63,33,82,222,5,20,17,16,35,17,89,199,3,15,20,10,24,4,64,140,0,9,9,3,0,4,37,62,0,3,3,0,0,0,23,29,8,68,63,48,173,90,400,850,0,0,11,11,52,29,46,149,11,184,100,34,297,75,52,753,222,979,446,86,697,112,126,2668,149,603,417,80,434,72,138,1893,69,258,301,65,256,35,160,1144,44,108,86,29,120,12,105,504,6,23,18,0,22,4,58,131,501,2155,1379,305,1878,339,685,7242,0,0,3,0,0,0,176,179,0,3,0,0,3,3,285,294
IREG507,24,249,227,87,3099,258,1105,5049,250,1623,846,213,6766,295,2276,12269,558,2130,1459,318,7703,208,2593,14969,702,1886,1776,316,8376,166,2667,15889,636,1597,1881,327,6676,116,2499,13732,456,1193,1684,317,6679,100,4192,14621,2626,8681,7902,1631,40270,1439,16571,79120,0,0,3,6,30,23,64,126,0,3,7,6,38,24,34,112,3,21,12,23,103,28,51,241,6,26,44,12,87,19,55,249,4,30,35,13,56,8,65,211,4,24,25,3,32,0,70,158,0,6,6,3,6,3,45,69,17,110,132,66,352,105,384,1166,3,6,111,84,767,391,542,1904,44,630,552,178,1836,403,286,3929,610,3365,1713,554,3546,650,669,11107,976,3765,2668,785,3524,523,1008,13249,890,2704,2973,747,3270,407,1363,12354,706,2032,2381,595,2088,283,1754,9839,292,1643,1792,448,1519,145,4428,10267,3521,14145,12190,3391,16550,2802,10050,62649,0,0,0,3,12,3,386,404,0,3,0,0,8,3,344,358
IREG508,0,6,4,7,48,16,272,353,6,40,23,3,103,15,758,948,9,42,27,8,89,11,436,622,6,15,20,6,105,3,212,367,9,19,18,3,71,0,94,214,5,5,3,0,34,0,42,89,35,127,95,30,465,45,1881,2678,0,0,0,0,4,3,19,26,0,0,0,3,10,5,18,36,0,4,4,6,26,16,45,101,0,12,5,3,26,7,28,81,4,5,6,3,12,6,34,70,0,0,0,4,0,5,17,26,0,0,0,0,0,3,12,15,4,21,15,19,78,45,173,355,0,0,3,0,4,5,3,15,3,24,4,3,7,0,3,44,36,75,29,0,18,5,0,163,20,38,33,6,16,3,5,121,23,38,23,0,17,3,5,109,11,17,19,3,17,0,9,76,0,3,5,0,5,0,9,22,93,195,116,12,84,16,34,550,0,0,0,0,0,0,21,21,0,0,0,0,0,0,25,25
IREG594,3,40,11,3,76,7,74,214,38,112,53,5,222,15,228,673,29,66,38,11,166,7,196,513,19,40,41,5,150,7,203,465,5,48,53,8,198,3,144,459,5,9,25,3,134,0,93,269,99,315,221,35,955,39,977,2641,0,0,0,0,3,0,7,10,0,0,0,0,3,3,12,18,0,3,0,0,3,0,22,28,0,0,0,0,0,0,36,36,0,0,4,0,3,0,22,29,0,3,0,0,0,0,6,9,0,0,0,0,0,0,4,4,0,6,4,0,12,3,109,134,0,0,3,0,7,3,13,26,9,50,17,0,30,8,20,134,33,181,56,12,73,12,43,410,30,84,27,5,37,3,37,223,22,39,45,12,49,3,23,193,23,61,59,13,41,12,47,256,3,14,23,5,18,3,34,100,120,429,230,47,255,44,217,1342,0,0,0,0,0,0,5,5,0,0,0,0,0,0,14,14
IREG597,0,0,3,0,8,3,9,23,3,8,10,0,39,4,29,93,0,0,7,0,38,4,22,71,3,6,7,3,27,0,11,57,0,0,0,4,4,0,12,20,0,0,0,0,3,0,0,3,6,14,27,7,119,11,87,271,0,0,0,0,0,0,0,0,0,0,0,0,0,0,0,0,0,0,0,0,0,0,0,0,0,0,0,0,0,0,0,0,0,0,0,0,0,0,0,0,0,0,0,0,0,0,0,0,0,0,0,0,0,0,0,0,0,0,0,0,0,0,0,0,0,0,0,0,0,0,0,0,0,0,0,0,3,0,0,3,0,3,3,0,3,0,3,12,0,0,0,0,0,0,0,0,0,0,0,0,3,0,0,3,0,0,0,0,3,0,0,3,0,0,0,0,0,0,3,3,0,3,3,0,12,0,6,24,0,0,0,0,0,0,0,0,0,0,0,0,0,0,0,0
IREG601,83,912,370,102,3777,385,1192,6821,985,3788,1325,227,7958,569,2075,16927,1513,3666,2259,275,9168,263,2395,19539,1694,3327,2644,288,10105,247,2787,21092,1605,3078,2531,374,8096,167,2976,18827,1177,2150,2260,359,7893,147,5974,19960,7060,16921,11408,1658,47775,2044,18959,105825,0,0,3,5,60,51,96,215,3,24,12,11,161,67,43,321,13,90,64,20,304,77,70,638,24,60,109,29,202,44,100,568,22,58,78,21,140,27,95,441,15,41,33,11,48,9,73,230,4,13,14,6,13,0,100,150,81,286,313,103,928,275,577,2563,0,6,41,58,629,398,934,2066,125,1577,485,189,2439,724,472,6011,1516,5856,1868,411,4964,998,988,16601,2000,5474,3109,645,4525,670,1389,17812,2102,4952,3411,854,4165,632,1928,18044,1770,3773,3093,727,2532,354,2621,14870,745,2456,2694,586,1101,210,7342,15134,8258,24094,14701,3470,20355,3986,15674,90538,0,0,0,0,6,0,437,443,4,11,0,3,16,5,407,446
IREG694,0,0,0,0,9,0,10,19,10,15,3,3,24,3,39,97,0,4,6,0,26,4,25,65,5,3,5,3,20,0,19,55,0,14,5,0,10,0,16,45,0,4,3,3,8,0,14,32,15,40,22,9,100,7,126,319,0,0,0,0,0,0,0,0,0,0,0,0,0,0,3,3,0,0,0,0,0,0,0,0,0,0,0,0,0,0,0,0,0,0,0,0,3,0,0,3,0,0,0,0,0,0,0,0,0,0,0,0,0,0,0,0,0,0,0,0,3,0,3,6,0,0,0,0,3,3,0,6,0,3,0,3,4,0,3,13,7,18,5,0,7,3,11,51,5,4,11,3,5,0,7,35,3,8,10,0,5,0,4,30,6,12,10,3,5,3,6,45,0,3,3,0,3,0,6,15,21,48,39,9,32,9,37,195,0,0,0,0,0,0,4,4,0,0,0,0,0,0,3,3
IREG697,0,0,3,0,0,0,0,3,0,0,5,0,9,0,0,14,0,4,0,0,5,0,4,13,0,3,3,0,6,0,3,15,0,0,0,0,7,0,3,10,0,0,0,0,0,0,4,4,0,7,11,0,27,0,14,59,0,0,0,0,0,0,0,0,0,0,0,0,0,0,0,0,0,0,0,0,0,0,0,0,0,0,0,0,0,0,0,0,0,0,0,0,0,0,0,0,0,0,0,0,0,0,0,0,0,0,0,0,0,0,0,0,0,0,0,0,0,0,0,0,0,0,0,0,0,0,0,0,0,0,3,0,4,0,0,7,0,5,0,0,0,0,0,5,3,0,0,0,0,0,3,6,0,0,0,0,0,0,0,0,0,0,0,0,0,0,0,0,0,0,0,0,0,0,0,0,3,5,3,0,4,0,3,18,0,0,0,0,0,0,3,3,0,0,0,0,0,0,0,0
IREG701,6,30,25,11,199,29,155,455,94,275,134,11,511,20,323,1368,112,254,144,16,546,21,282,1375,138,193,166,19,539,10,278,1343,96,170,130,17,323,6,211,953,27,40,46,5,148,4,147,417,473,962,645,82,2306,103,1525,6096,0,0,0,3,9,0,33,45,0,0,4,5,7,12,43,71,3,9,8,5,45,23,84,177,7,22,17,16,32,13,72,179,5,16,19,0,22,8,44,114,5,10,8,0,3,3,41,70,3,3,0,3,3,3,43,58,23,60,56,32,121,62,360,714,0,0,4,3,38,14,43,102,8,102,26,6,110,21,25,298,166,521,173,15,235,40,62,1212,196,367,188,22,218,18,66,1075,183,304,187,18,163,19,86,960,119,179,135,21,101,4,75,634,27,55,54,6,23,4,105,274,699,1528,767,91,888,120,462,4555,0,0,0,0,3,0,50,53,0,0,0,0,0,0,44,44
IREG702,0,14,7,6,37,4,173,241,14,53,35,3,117,14,378,614,13,31,31,6,114,18,305,518,16,23,13,6,75,9,153,295,12,17,21,6,62,0,68,186,3,6,6,3,19,0,38,75,58,144,116,30,427,48,1236,2059,0,0,0,0,4,6,96,106,0,0,0,0,8,0,79,87,0,3,7,4,23,14,140,191,0,6,10,10,18,17,103,164,3,10,19,4,16,13,76,141,0,8,0,4,0,3,37,52,0,0,3,3,0,0,35,41,3,27,39,25,69,53,566,782,0,0,0,0,5,0,3,8,0,18,12,0,26,4,3,63,17,77,30,7,36,10,11,188,15,35,21,0,14,0,11,96,19,28,25,0,15,0,8,95,16,32,16,0,9,3,9,85,3,3,0,0,3,3,3,15,70,193,104,7,108,20,48,550,0,0,0,0,0,0,6,6,0,0,0,0,0,0,12,12
IREG703,16,290,171,32,1193,134,1000,2836,452,1413,670,87,2866,154,2147,7789,508,1138,894,106,2848,87,1749,7330,564,821,758,71,2475,58,1520,6267,433,645,584,72,1728,39,1158,4659,177,288,252,48,935,16,916,2632,2150,4598,3334,429,12240,567,9345,32663,0,0,0,3,25,17,68,113,0,17,12,5,64,28,44,170,8,47,43,13,151,43,85,390,13,65,80,13,111,35,113,430,18,46,53,11,57,12,77,274,11,17,36,4,18,4,63,153,3,10,9,0,0,3,57,82,53,202,233,49,426,142,507,1612,0,10,20,7,151,96,185,469,40,466,202,36,620,162,135,1661,653,2473,815,101,1377,228,366,6013,752,1689,1003,154,1064,129,386,5177,714,1147,884,126,841,109,406,4227,451,730,532,105,379,68,352,2617,135,282,239,47,128,15,471,1317,2745,6797,3695,576,4560,807,2301,21481,0,0,3,0,0,3,335,341,0,0,0,0,5,0,377,382
IREG704,0,11,8,4,57,20,48,148,18,48,32,19,195,44,109,465,19,45,45,21,160,37,93,420,17,28,38,15,176,25,73,372,15,17,15,3,102,9,62,223,3,3,4,3,38,3,34,88,72,152,142,68,742,148,494,1818,0,3,0,0,3,3,44,53,0,0,3,10,20,19,30,82,3,7,6,8,40,32,48,144,3,8,17,13,40,30,45,156,5,13,16,13,31,26,34,138,0,6,15,0,16,6,21,64,0,3,0,0,3,3,19,28,11,40,57,44,153,119,241,665,0,0,0,3,3,0,11,17,0,17,7,0,8,7,4,43,22,87,24,3,33,5,12,186,31,50,16,3,23,6,11,140,17,37,18,5,26,0,13,116,21,29,15,0,13,4,16,98,3,3,8,0,0,0,8,22,94,223,88,14,106,22,75,622,0,0,0,0,0,0,7,7,0,0,0,0,0,0,9,9
IREG705,4,24,5,8,152,30,108,331,19,83,85,18,330,43,222,800,24,54,78,15,291,28,192,682,23,53,65,11,224,24,169,569,26,56,45,6,168,10,152,463,3,17,24,0,78,6,116,244,99,287,302,58,1274,153,1076,3249,0,0,0,0,10,9,64,83,0,0,4,0,22,20,70,116,3,6,7,8,39,44,109,216,3,16,23,8,41,36,107,234,3,15,17,7,23,18,60,143,3,3,8,3,7,3,37,64,0,0,0,0,3,0,35,38,12,40,59,26,145,130,482,894,0,0,0,0,19,8,20,47,5,39,13,8,55,8,14,142,42,203,67,15,110,23,27,487,35,111,74,11,79,14,33,357,41,93,59,10,76,4,33,316,38,61,44,4,48,7,46,248,8,16,18,6,8,3,46,105,169,523,275,54,395,67,219,1702,0,0,0,0,0,0,27,27,0,0,0,0,0,0,31,31
IREG706,0,11,4,3,60,6,57,141,23,79,41,11,255,15,154,578,36,81,53,13,295,19,121,618,24,56,56,9,238,18,106,507,34,32,40,6,102,6,51,271,4,10,3,0,24,3,16,60,121,269,197,45,989,71,593,2285,0,0,3,0,4,3,70,80,0,4,3,0,9,4,52,72,3,13,6,10,41,23,84,180,3,10,8,9,48,16,68,162,5,11,25,16,29,18,43,147,0,3,13,6,18,11,26,77,0,4,0,0,4,8,20,36,11,45,58,41,153,83,363,754,0,0,0,0,0,3,0,3,4,21,3,3,19,4,0,54,39,129,33,7,67,12,11,298,64,105,56,13,62,11,20,331,48,57,49,5,35,6,28,228,32,39,21,3,20,3,7,125,0,4,4,0,0,0,0,8,187,355,166,31,203,39,66,1047,0,0,0,0,0,0,9,9,0,0,0,0,0,0,14,14
IREG707,0,5,8,0,22,0,58,93,7,25,18,6,61,13,97,227,8,21,18,3,61,3,100,214,12,18,13,3,60,0,65,171,9,25,10,3,47,3,49,146,0,5,3,3,28,0,50,89,36,99,70,21,290,19,475,1010,0,0,0,0,3,3,51,57,0,0,0,0,5,0,46,51,3,0,0,6,13,6,68,96,0,3,7,5,8,3,63,89,0,10,7,4,4,0,35,60,0,0,3,0,5,3,22,33,3,0,4,0,0,0,28,35,6,13,21,15,38,15,313,421,0,0,0,0,3,3,3,9,0,16,0,0,13,4,5,38,8,48,16,0,28,0,7,107,10,22,18,0,8,0,7,65,12,24,18,4,16,4,14,92,14,26,15,0,12,3,11,81,3,4,3,0,4,0,4,18,47,140,70,4,84,14,51,410,0,0,0,0,0,0,14,14,0,0,0,3,0,0,13,16
IREG794,3,5,5,0,17,0,12,42,6,19,6,3,52,4,49,139,6,15,10,3,31,3,30,98,4,7,6,3,41,3,32,96,13,13,12,3,65,3,39,148,3,12,7,0,40,0,19,81,35,71,46,12,249,13,185,611,0,0,0,0,0,0,3,3,0,0,0,0,0,0,0,0,0,0,0,0,0,0,3,3,0,0,0,0,3,0,0,3,0,0,3,0,0,0,5,8,0,0,0,0,0,0,3,3,0,0,0,0,0,0,0,0,0,0,3,0,3,0,14,20,0,0,0,0,0,0,0,0,3,17,6,0,12,3,4,45,16,63,12,0,18,3,3,115,7,18,8,0,13,3,4,53,4,13,12,5,13,0,8,55,4,17,20,0,17,3,13,74,0,5,5,0,11,3,13,37,34,133,63,5,84,15,45,379,0,0,0,0,0,0,0,0,0,0,0,0,0,0,6,6
IREG797,0,0,0,0,6,0,0,6,0,9,3,0,9,0,3,24,0,0,0,0,9,0,3,12,0,3,0,3,3,0,6,15,0,0,0,3,0,0,0,3,0,0,0,3,0,0,0,3,0,12,3,9,27,0,12,63,0,0,0,0,0,0,0,0,0,0,0,0,0,0,0,0,0,0,0,0,0,0,0,0,0,0,0,0,0,0,0,0,0,0,0,0,0,0,0,0,0,0,0,0,0,0,0,0,0,0,0,0,0,0,0,0,0,0,0,0,0,0,0,0,0,0,0,0,0,0,0,0,0,0,0,0,0,0,0,0,0,0,0,0,0,0,0,0,0,0,0,0,0,0,0,0,0,0,0,0,0,0,0,0,0,0,0,0,0,0,0,0,0,0,3,0,0,0,0,3,0,0,3,0,0,0,0,3,0,0,0,0,0,0,0,0,0,0,0,0,0,0,0,0
IREG801,211,2312,770,111,2065,273,1430,7172,3769,8302,2447,241,4763,295,2229,22046,4664,6027,2700,259,4413,163,1810,20036,4687,4785,2411,222,3913,118,1545,17681,3635,3967,1775,273,2914,92,1280,13936,2150,3042,1342,229,2954,66,2120,11903,19120,28449,11482,1370,21334,1178,11426,94359,0,0,3,0,11,5,37,56,0,36,18,4,47,17,14,136,19,69,32,12,66,16,28,242,25,40,34,4,43,9,12,167,26,30,37,5,18,3,19,138,13,27,10,4,3,0,13,70,0,0,10,4,0,0,18,32,83,202,144,33,188,50,141,841,0,14,74,45,313,196,491,1133,311,3197,949,169,1391,299,295,6611,4560,10631,2743,316,2608,423,611,21892,4664,7278,3228,598,2239,335,739,19081,3997,5643,3093,638,1805,276,967,16419,2843,3798,2397,640,1050,204,1173,12105,1174,2506,1857,473,652,130,3124,9916,17549,33067,14341,2879,10058,1863,7400,87157,0,0,0,0,0,0,393,393,4,15,6,0,8,0,699,732
IREG894,0,9,0,0,6,0,5,20,13,20,7,0,10,0,11,61,9,11,5,3,7,0,10,45,5,4,4,0,5,0,13,31,8,6,0,0,5,0,9,28,3,3,0,0,3,0,0,9,38,53,16,3,36,0,54,200,0,0,0,0,0,0,0,0,0,0,0,0,0,0,3,3,0,0,0,0,0,0,0,0,0,3,0,0,3,0,0,6,0,0,0,0,0,0,0,0,0,0,0,0,0,0,0,0,0,3,0,0,0,0,0,3,0,6,0,0,3,0,3,12,0,0,0,0,0,0,3,3,0,10,3,3,6,0,0,22,8,31,8,0,8,0,0,55,8,12,4,0,4,0,3,31,5,8,3,4,3,3,4,30,3,3,3,3,3,3,0,18,3,0,3,0,0,0,0,6,27,64,24,10,24,6,10,165,0,0,0,0,0,0,0,0,0,0,0,0,0,0,4,4
IREG897,0,0,0,0,0,0,0,0,0,0,0,0,0,0,0,0,0,0,0,0,0,0,0,0,0,0,0,0,0,0,0,0,0,0,0,0,0,0,0,0,0,0,0,0,0,0,0,0,0,0,0,0,0,0,0,0,0,0,0,0,0,0,0,0,0,0,0,0,0,0,0,0,0,0,0,0,0,0,0,0,0,0,0,0,0,0,0,0,0,0,0,0,0,0,0,0,0,0,0,0,0,0,0,0,0,0,0,0,0,0,0,0,0,0,0,0,0,0,0,0,0,0,0,0,0,0,0,0,0,0,0,0,0,0,0,0,0,0,0,0,0,0,0,0,0,0,0,0,0,0,0,0,0,0,0,0,0,0,0,0,0,0,0,0,0,0,0,0,0,0,0,0,0,0,3,3,0,0,0,0,0,0,3,3,0,0,0,0,0,0,0,0,0,0,0,0,0,0,0,0
IREG901,0,4,3,0,6,0,143,156,4,7,11,0,23,7,444,496,4,23,14,0,35,3,129,208,9,12,14,0,55,0,52,142,3,9,9,0,33,3,41,98,0,0,0,0,14,0,19,33,20,55,51,0,169,13,870,1178,0,0,0,0,0,0,0,0,0,0,0,0,0,0,0,0,0,0,0,0,0,0,0,0,0,0,0,0,0,0,0,0,0,0,0,0,0,0,0,0,0,0,0,0,0,0,0,0,0,0,0,0,0,0,0,0,0,0,0,0,0,0,0,0,0,0,0,0,3,4,7,14,0,4,0,3,7,0,5,19,11,18,11,0,17,3,14,74,14,26,9,3,20,0,14,86,8,9,14,3,15,6,22,77,3,6,9,3,5,0,13,39,0,0,0,0,0,0,6,6,36,63,43,12,67,13,81,315,0,0,0,0,0,0,0,0,0,0,0,0,0,3,3,6
IREG902,0,5,3,0,0,0,0,8,0,9,0,0,8,0,9,26,3,4,4,0,3,0,3,17,3,3,4,0,6,0,4,20,0,0,3,0,7,0,0,10,0,0,0,0,0,0,5,5,6,21,14,0,24,0,28,93,0,0,0,0,0,0,0,0,0,0,0,0,0,0,4,4,0,0,3,0,6,0,0,9,0,4,3,3,0,0,0,10,0,0,3,0,0,3,0,6,0,3,0,0,0,0,0,3,0,0,3,0,3,0,0,6,0,7,12,3,9,3,4,38,0,0,0,0,0,3,0,3,0,3,0,0,5,0,0,8,0,0,3,0,3,0,0,6,0,3,3,0,0,0,0,6,0,3,0,0,0,0,0,3,0,0,0,0,0,0,0,0,0,0,0,0,0,0,0,0,0,9,6,0,8,3,0,26,0,0,0,0,0,0,0,0,0,0,0,0,0,0,0,0
IREG994,0,0,0,0,3,0,0,3,3,0,0,0,0,0,0,3,0,0,0,0,0,0,0,0,3,0,0,0,0,0,0,3,0,0,0,0,0,0,0,0,0,0,0,0,0,0,0,0,6,0,0,0,3,0,0,9,0,0,0,0,0,0,0,0,0,0,0,0,0,0,0,0,0,0,0,0,0,0,0,0,0,0,0,0,0,0,0,0,0,0,0,0,0,0,0,0,0,0,0,0,0,0,0,0,0,0,0,0,0,0,3,3,0,0,0,0,0,0,3,3,0,0,0,0,0,0,0,0,0,0,0,0,0,0,0,0,0,5,0,0,0,0,0,5,0,0,0,0,0,0,0,0,0,5,0,0,0,0,0,5,0,0,0,0,0,0,0,0,0,0,0,0,0,0,0,0,0,10,0,0,0,0,0,10,0,0,0,0,0,0,0,0,0,0,0,0,0,0,0,0
IREG997,0,0,0,0,0,0,0,0,0,0,0,0,0,0,0,0,0,0,0,0,0,0,0,0,0,0,0,0,0,0,0,0,0,0,0,0,0,0,0,0,0,0,0,0,0,0,0,0,0,0,0,0,0,0,0,0,0,0,0,0,0,0,0,0,0,0,0,0,0,0,0,0,0,0,0,0,0,0,0,0,0,0,0,0,0,0,0,0,0,0,0,0,0,0,0,0,0,0,0,0,0,0,0,0,0,0,0,0,0,0,0,0,0,0,0,0,0,0,0,0,0,0,0,0,0,0,0,0,0,0,0,0,0,0,0,0,0,0,0,0,0,0,0,0,0,0,0,0,0,0,0,0,0,3,0,0,0,0,0,3,0,0,0,0,0,0,0,0,0,0,0,0,0,0,0,0,0,3,0,0,0,0,0,3,0,0,0,0,0,0,0,0,0,0,0,0,0,0,0,0
