region_id,Managers_2001_Census_Males,Managers_2001_Census_Females,Managers_2001_Census_Persons,Managers_2006_Census_Males,Managers_2006_Census_Females,Managers_2006_Census_Persons,Managers_2011_Census_Males,Managers_2011_Census_Females,Managers_2011_Census_Persons,Professionals_2001_Census_Males,Professionals_2001_Census_Females,Professionals_2001_Census_Persons,Professionals_2006_Census_Males,Professionals_2006_Census_Females,Professionals_2006_Census_Persons,Professionals_2011_Census_Males,Professionals_2011_Census_Females,Professionals_2011_Census_Persons,Technicians_and_trades_workers_2001_Census_Males,Technicians_and_trades_workers_2001_Census_Females,Technicians_and_trades_workers_2001_Census_Persons,Technicians_and_trades_workers_2006_Census_Males,Technicians_and_trades_workers_2006_Census_Females,Technicians_and_trades_workers_2006_Census_Persons,Technicians_and_trades_workers_2011_Census_Males,Technicians_and_trades_workers_2011_Census_Females,Technicians_and_trades_workers_2011_Census_Persons,Community_and_personal_service_workers_2001_Census_Males,Community_and_personal_service_workers_2001_Census_Females,Community_and_personal_service_workers_2001_Census_Persons,Community_and_personal_service_workers_2006_Census_Males,Community_and_personal_service_workers_2006_Census_Females,Community_and_personal_service_workers_2006_Census_Persons,Community_and_personal_service_workers_2011_Census_Males,Community_and_personal_service_workers_2011_Census_Females,Community_and_personal_service_workers_2011_Census_Persons,Clerical_and_administrative_workers_2001_Census_Males,Clerical_and_administrative_workers_2001_Census_Females,Clerical_and_administrative_workers_2001_Census_Persons,Clerical_and_administrative_workers_2006_Census_Males,Clerical_and_administrative_workers_2006_Census_Females,Clerical_and_administrative_workers_2006_Census_Persons,Clerical_and_administrative_workers_2011_Census_Males,Clerical_and_administrative_workers_2011_Census_Females,Clerical_and_administrative_workers_2011_Census_Persons,Sales_workers_2001_Census_Males,Sales_workers_2001_Census_Females,Sales_workers_2001_Census_Persons,Sales_workers_2006_Census_Males,Sales_workers_2006_Census_Females,Sales_workers_2006_Census_Persons,Sales_workers_2011_Census_Males,Sales_workers_2011_Census_Females,Sales_workers_2011_Census_Persons,Machinery_operators_and_drivers_2001_Census_Males,Machinery_operators_and_drivers_2001_Census_Females,Machinery_operators_and_drivers_2001_Census_Persons,Machinery_operators_and_drivers_2006_Census_Males,Machinery_operators_and_drivers_2006_Census_Females,Machinery_operators_and_drivers_2006_Census_Persons,Machinery_operators_and_drivers_2011_Census_Males,Machinery_operators_and_drivers_2011_Census_Females,Machinery_operators_and_drivers_2011_Census_Persons,Labourers_2001_Census_Males,Labourers_2001_Census_Females,Labourers_2001_Census_Persons,Labourers_2006_Census_Males,Labourers_2006_Census_Females,Labourers_2006_Census_Persons,Labourers_2011_Census_Males,Labourers_2011_Census_Females,Labourers_2011_Census_Persons,Inadequately_described_Not_stated_2001_Census_Males,Inadequately_described_Not_stated_2001_Census_Females,Inadequately_described_Not_stated_2001_Census_Persons,Inadequately_described_Not_stated_2006_Census_Males,Inadequately_described_Not_stated_2006_Census_Females,Inadequately_described_Not_stated_2006_Census_Persons,Inadequately_described_Not_stated_2011_Census_Males,Inadequately_described_Not_stated_2011_Census_Females,Inadequately_described_Not_stated_2011_Census_Persons,Total_2001_Census_Males,Total_2001_Census_Females,Total_2001_Census_Persons,Total_2006_Census_Males,Total_2006_Census_Females,Total_2006_Census_Persons,Total_2011_Census_Males,Total_2011_Census_Females,Total_2011_Census_Persons
LGA10050,1494,733,2227,1662,840,2502,1638,845,2483,1518,1764,3282,1673,2244,3917,1747,2513,4260,2603,423,3026,2881,505,3386,2884,522,3406,540,1180,1720,525,1389,1914,643,1753,2396,585,2259,2844,642,2373,3015,587,2515,3102,908,1496,2404,916,1632,2548,901,1553,2454,1409,253,1662,1552,197,1749,1477,158,1635,1318,739,2057,1605,897,2502,1501,865,2366,212,146,358,202,126,328,216,156,372,10587,8993,19580,11658,10203,21861,11594,10880,22474
LGA10110,949,469,1418,936,522,1458,879,545,1424,1071,1191,2262,1147,1297,2444,1154,1416,2570,1067,206,1273,1022,216,1238,1029,204,1233,314,721,1035,333,749,1082,355,792,1147,252,1095,1347,258,1031,1289,282,1097,1379,349,562,911,406,653,1059,451,685,1136,393,41,434,313,28,341,336,17,353,586,359,945,631,389,1020,654,370,1024,75,70,145,83,50,133,97,47,144,5056,4714,9770,5129,4935,10064,5237,5173,10410
LGA10150,1260,817,2077,1336,901,2237,1450,1067,2517,2616,2647,5263,2832,3094,5926,3137,3514,6651,1797,368,2165,1597,368,1965,1684,394,2078,548,830,1378,583,879,1462,744,1144,1888,919,2246,3165,947,2181,3128,1027,2179,3206,691,873,1564,780,989,1769,766,1004,1770,820,131,951,687,95,782,684,82,766,952,518,1470,953,445,1398,947,423,1370,215,181,396,244,165,409,186,147,333,9818,8611,18429,9959,9117,19076,10625,9954,20579
LGA10200,1036,465,1501,1460,706,2166,1925,974,2899,1513,1375,2888,2212,2002,4214,3118,2919,6037,2683,367,3050,2946,465,3411,3572,577,4149,536,711,1247,655,991,1646,991,1436,2427,898,2186,3084,1114,2408,3522,1417,2729,4146,727,882,1609,1041,1049,2090,1240,1319,2559,1886,384,2270,1844,314,2158,2040,285,2325,1754,1125,2879,1911,1202,3113,2287,1392,3679,406,256,662,501,296,797,554,347,901,11439,7751,19190,13684,9433,23117,17144,11978,29122
LGA10250,1480,772,2252,1476,843,2319,1446,793,2239,1153,1364,2517,1403,1747,3150,1455,1947,3402,1659,312,1971,2007,365,2372,1925,379,2304,393,878,1271,465,1131,1596,488,1395,1883,334,1526,1860,328,1745,2073,353,1732,2085,671,1055,1726,702,1179,1881,694,1169,1863,677,120,797,673,59,732,733,68,801,970,550,1520,1254,623,1877,1160,571,1731,124,128,252,125,112,237,131,95,226,7461,6705,14166,8433,7804,16237,8385,8149,16534
LGA10300,248,118,366,224,103,327,211,94,305,51,65,116,42,76,118,31,58,89,131,31,162,126,30,156,100,20,120,17,67,84,20,83,103,22,80,102,20,79,99,10,84,94,18,89,107,24,37,61,19,30,49,17,33,50,126,8,134,124,11,135,98,7,105,177,77,254,134,79,213,125,70,195,26,12,38,24,14,38,16,8,24,820,494,1314,723,510,1233,638,459,1097
LGA10350,4160,1880,6040,4296,2067,6363,4680,2313,6993,4606,4728,9334,4753,5277,10030,5542,6558,12100,9861,1210,11071,9351,1284,10635,9409,1363,10772,1633,2604,4237,1759,3160,4919,2045,3949,5994,3054,9795,12849,3200,8900,12100,3457,9121,12578,2639,3632,6271,2635,3876,6511,2729,3931,6660,5568,981,6549,5315,786,6101,5531,674,6205,4244,2333,6577,4485,2310,6795,4619,2218,6837,1010,673,1683,1109,703,1812,1091,660,1751,36775,27836,64611,36903,28363,65266,39103,30787,69890
LGA10470,1349,606,1955,1388,672,2060,1380,729,2109,1147,1517,2664,1208,1741,2949,1301,1987,3288,1816,299,2115,2039,374,2413,2234,374,2608,551,957,1508,576,1109,1685,661,1365,2026,401,1632,2033,409,1742,2151,442,1769,2211,527,1070,1597,599,1216,1815,619,1187,1806,891,123,1014,916,63,979,1075,64,1139,1211,706,1917,1252,746,1998,1339,781,2120,148,98,246,128,89,217,170,96,266,8041,7008,15049,8515,7752,16267,9221,8352,17573
LGA10550,1285,703,1988,1290,781,2071,1173,663,1836,705,879,1584,808,1083,1891,827,1251,2078,1349,259,1608,1611,298,1909,1603,348,1951,302,701,1003,356,863,1219,399,1111,1510,242,1101,1343,247,1208,1455,258,1223,1481,440,706,1146,448,843,1291,472,881,1353,633,98,731,749,43,792,760,72,832,1053,557,1610,1126,665,1791,1166,619,1785,130,91,221,127,67,194,97,73,170,6139,5095,11234,6762,5851,12613,6755,6241,12996
LGA10600,467,256,723,435,260,695,431,274,705,282,447,729,334,515,849,374,620,994,464,102,566,562,108,670,538,110,648,98,263,361,127,368,495,124,431,555,74,349,423,83,404,487,84,406,490,120,224,344,133,244,377,133,252,385,233,29,262,233,13,246,258,20,278,346,166,512,354,198,552,370,213,583,41,44,85,33,29,62,48,42,90,2125,1880,4005,2294,2139,4433,2360,2368,4728
LGA10650,621,254,875,575,257,832,482,210,692,152,222,374,136,246,382,131,271,402,379,81,460,388,84,472,366,81,447,52,181,233,63,244,307,76,275,351,55,303,358,48,321,369,33,290,323,80,158,238,94,162,256,104,165,269,290,29,319,263,22,285,295,18,313,301,175,476,330,200,530,286,178,464,32,29,61,41,19,60,28,18,46,1962,1432,3394,1938,1555,3493,1801,1506,3307
LGA10750,6181,2787,8968,6727,3448,10175,7805,4180,11985,6803,7324,14127,8272,9396,17668,10986,12159,23145,15227,1993,17220,14893,2192,17085,15438,2540,17978,2858,4966,7824,3146,6204,9350,3978,7941,11919,5326,16324,21650,5939,16237,22176,6586,17819,24405,3936,6441,10377,4222,6718,10940,4809,7543,12352,11355,1910,13265,11620,1669,13289,12723,1837,14560,7808,5097,12905,8584,5432,14016,8877,5088,13965,1450,1091,2541,1637,1164,2801,1675,1150,2825,60944,47933,108877,65040,52460,117500,72877,60257,133134
LGA10800,700,353,1053,625,289,914,536,267,803,98,148,246,108,167,275,107,167,274,270,58,328,309,71,380,303,76,379,37,159,196,38,165,203,29,167,196,26,195,221,33,207,240,41,217,258,73,87,160,71,99,170,47,102,149,176,20,196,264,17,281,292,32,324,213,115,328,265,142,407,182,110,292,32,32,64,26,26,52,36,17,53,1625,1167,2792,1739,1183,2922,1573,1155,2728
LGA10850,365,184,549,369,180,549,335,189,524,107,167,274,118,230,348,145,245,390,299,55,354,316,64,380,389,91,480,44,135,179,49,189,238,62,198,260,39,223,262,39,252,291,54,318,372,61,94,155,70,123,193,78,126,204,253,22,275,295,23,318,416,28,444,271,179,450,243,148,391,231,153,384,29,19,48,22,21,43,30,23,53,1468,1078,2546,1521,1230,2751,1740,1371,3111
LGA10900,2788,1258,4046,2823,1415,4238,2714,1471,4185,4162,4797,8959,4330,5305,9635,4411,5638,10049,4036,693,4729,3933,684,4617,3908,680,4588,1291,2175,3466,1321,2404,3725,1341,2644,3985,1350,4094,5444,1272,3738,5010,1284,3727,5011,1238,1758,2996,1199,1767,2966,1047,1666,2713,1491,182,1673,1360,119,1479,1412,119,1531,1563,881,2444,1645,939,2584,1583,800,2383,261,217,478,282,182,464,280,222,502,18180,16055,34235,18165,16553,34718,17980,16967,34947
LGA10950,289,143,432,255,132,387,231,99,330,36,79,115,52,87,139,53,81,134,135,27,162,140,24,164,128,22,150,21,68,89,21,85,106,32,92,124,20,83,103,21,88,109,26,91,117,30,50,80,20,40,60,20,49,69,96,14,110,152,13,165,170,18,188,121,47,168,88,66,154,108,71,179,16,10,26,21,7,28,16,10,26,764,521,1285,770,542,1312,784,533,1317
LGA11000,199,105,304,175,100,275,176,86,262,57,66,123,52,66,118,38,77,115,114,23,137,99,28,127,110,29,139,7,51,58,10,75,85,15,71,86,12,86,98,16,82,98,13,84,97,11,42,53,13,43,56,22,47,69,106,10,116,124,4,128,125,13,138,127,44,171,127,54,181,116,52,168,16,4,20,7,8,15,12,5,17,649,431,1080,623,460,1083,627,464,1091
LGA11050,248,94,342,214,100,314,207,103,310,28,64,92,21,74,95,31,70,101,126,15,141,113,17,130,110,23,133,14,48,62,8,49,57,24,65,89,7,66,73,12,74,86,13,72,85,7,26,33,17,28,45,23,43,66,44,3,47,51,5,56,50,9,59,120,48,168,104,61,165,102,52,154,8,11,19,8,4,12,13,5,18,602,375,977,548,412,960,573,442,1015
LGA11100,931,490,1421,990,587,1577,1278,830,2108,1011,1082,2093,1305,1381,2686,1707,1965,3672,1965,327,2292,1911,385,2296,2007,393,2400,494,778,1272,563,947,1510,758,1142,1900,765,2281,3046,854,2187,3041,939,2369,3308,596,983,1579,665,1001,1666,718,1127,1845,1571,213,1784,1405,188,1593,1313,142,1455,1314,822,2136,1195,721,1916,1026,572,1598,216,162,378,242,182,424,245,146,391,8863,7138,16001,9130,7579,16709,9991,8686,18677
LGA11150,247,119,366,213,110,323,175,98,273,101,141,242,71,147,218,83,143,226,164,27,191,118,25,143,133,13,146,66,104,170,68,72,140,56,102,158,25,131,156,26,133,159,27,118,145,28,62,90,22,57,79,24,60,84,130,15,145,75,0,75,91,6,97,173,79,252,130,67,197,99,46,145,36,28,64,25,21,46,17,15,32,970,706,1676,748,632,1380,705,601,1306
LGA11200,122,61,183,102,53,155,93,60,153,29,64,93,35,67,102,33,69,102,57,12,69,55,11,66,56,8,64,38,67,105,28,54,82,28,81,109,11,46,57,10,45,55,14,38,52,8,22,30,3,13,16,6,10,16,40,19,59,31,10,41,31,0,31,122,28,150,87,34,121,79,32,111,26,9,35,12,16,28,15,5,20,453,328,781,363,303,666,355,303,658
LGA11250,485,272,757,435,287,722,446,287,733,399,595,994,416,646,1062,426,724,1150,839,145,984,910,164,1074,964,165,1129,303,562,865,261,579,840,281,697,978,189,646,835,192,617,809,186,655,841,281,476,757,235,518,753,208,474,682,601,53,654,671,30,701,731,27,758,441,284,725,488,339,827,428,333,761,98,60,158,78,51,129,72,56,128,3636,3093,6729,3686,3231,6917,3742,3418,7160
LGA11300,892,471,1363,1066,549,1615,1062,641,1703,1707,1604,3311,1714,1811,3525,2070,2159,4229,1375,246,1621,1229,256,1485,1396,336,1732,358,553,911,408,666,1074,481,865,1346,606,1533,2139,702,1583,2285,739,1612,2351,535,668,1203,692,864,1556,676,838,1514,569,95,664,535,58,593,511,65,576,737,389,1126,817,407,1224,871,390,1261,172,127,299,221,144,365,237,140,377,6951,5686,12637,7384,6338,13722,8043,7046,15089
LGA11350,1109,639,1748,1109,727,1836,1141,762,1903,1004,1154,2158,1168,1455,2623,1291,1749,3040,1225,271,1496,1482,270,1752,1469,303,1772,362,736,1098,395,891,1286,468,1021,1489,232,926,1158,251,1015,1266,231,1083,1314,405,739,1144,420,801,1221,464,829,1293,483,81,564,418,79,497,384,69,453,729,430,1159,914,490,1404,822,473,1295,132,115,247,113,93,206,143,108,251,5681,5091,10772,6270,5821,12091,6413,6397,12810
LGA11400,990,426,1416,949,452,1401,928,404,1332,256,413,669,288,528,816,345,571,916,592,104,696,608,118,726,692,122,814,71,267,338,90,312,402,103,394,497,86,475,561,108,561,669,106,614,720,110,193,303,137,235,372,108,239,347,323,28,351,362,26,388,448,39,487,547,267,814,521,225,746,421,228,649,61,51,112,49,43,92,59,39,98,3036,2224,5260,3112,2500,5612,3210,2650,5860
LGA11450,1968,784,2752,2191,1033,3224,2433,1233,3666,1399,1878,3277,1623,2315,3938,1995,2965,4960,3179,379,3558,3377,471,3848,3818,511,4329,592,1086,1678,717,1381,2098,913,1818,2731,790,3275,4065,846,3462,4308,996,3988,4984,905,1354,2259,1028,1655,2683,1090,1767,2857,1721,250,1971,1896,186,2082,2183,207,2390,1110,566,1676,1338,633,1971,1444,655,2099,223,147,370,224,167,391,236,187,423,11887,9719,21606,13240,11303,24543,15108,13331,28439
LGA11500,3637,1654,5291,3512,1795,5307,3591,1956,5547,3424,3920,7344,3659,4546,8205,4018,5237,9255,8952,1054,10006,8712,1153,9865,8315,1246,9561,1783,3224,5007,1773,3853,5626,2085,4583,6668,3032,9264,12296,3045,8694,11739,3030,8715,11745,2458,4048,6506,2363,4090,6453,2356,3962,6318,6086,1034,7120,6167,826,6993,6454,848,7302,4260,2655,6915,4492,2829,7321,4533,2586,7119,786,542,1328,791,539,1330,762,500,1262,34418,27395,61813,34514,28325,62839,35144,29633,64777
LGA11520,3215,1837,5052,3655,2271,5926,4243,2743,6986,4006,4315,8321,4791,5221,10012,5935,6268,12203,2851,551,3402,2760,598,3358,2959,573,3532,715,1207,1922,848,1396,2244,1073,1653,2726,1298,4270,5568,1431,4325,5756,1668,4640,6308,1350,1583,2933,1465,1650,3115,1611,1814,3425,995,139,1134,837,90,927,815,71,886,1066,474,1540,1085,415,1500,1131,459,1590,323,252,575,370,262,632,393,293,686,15819,14628,30447,17242,16228,33470,19828,18514,38342
LGA11550,2942,1451,4393,3050,1754,4804,3288,1892,5180,3747,3787,7534,4066,4488,8554,4937,5365,10302,6951,1154,8105,6535,1119,7654,6565,1175,7740,1348,1964,3312,1526,2513,4039,1974,3136,5110,2187,6030,8217,2396,5582,7978,2604,5837,8441,1989,2766,4755,2113,2843,4956,2382,3003,5385,4347,848,5195,3983,669,4652,4185,490,4675,3940,2459,6399,3966,2241,6207,4055,2161,6216,917,589,1506,963,581,1544,874,545,1419,28368,21048,49416,28598,21790,50388,30864,23604,54468
LGA11600,427,151,578,380,126,506,325,107,432,39,71,110,28,72,100,18,81,99,138,29,167,108,24,132,100,24,124,29,54,83,12,62,74,12,76,88,11,114,125,8,115,123,5,104,109,7,46,53,13,29,42,12,28,40,176,19,195,115,18,133,151,20,171,236,132,368,205,89,294,141,80,221,14,14,28,23,11,34,13,9,22,1077,630,1707,892,546,1438,777,529,1306
LGA11700,211,98,309,149,75,224,179,79,258,37,57,94,46,77,123,52,83,135,127,24,151,74,17,91,90,21,111,36,58,94,38,54,92,47,73,120,13,47,60,11,45,56,14,43,57,9,15,24,7,10,17,3,13,16,62,5,67,62,5,67,61,3,64,171,56,227,123,40,163,168,60,228,26,14,40,14,10,24,8,10,18,692,374,1066,524,333,857,622,385,1007
LGA11720,952,515,1467,965,636,1601,1070,755,1825,667,998,1665,765,1126,1891,865,1389,2254,2685,409,3094,3021,474,3495,3431,566,3997,456,1028,1484,435,1359,1794,487,1703,2190,321,1483,1804,321,1646,1967,404,1998,2402,478,1158,1636,503,1366,1869,523,1523,2046,2042,240,2282,2211,175,2386,2852,197,3049,1362,977,2339,1542,1067,2609,1617,1187,2804,162,118,280,184,135,319,242,130,372,9125,6926,16051,9947,7984,17931,11491,9448,20939
LGA11730,1529,761,2290,1497,791,2288,1371,803,2174,946,1174,2120,993,1395,2388,1041,1574,2615,1739,310,2049,2011,381,2392,2066,407,2473,527,1042,1569,596,1281,1877,708,1620,2328,365,1604,1969,342,1708,2050,385,1779,2164,636,1067,1703,688,1198,1886,678,1346,2024,1113,121,1234,1176,70,1246,1186,71,1257,1484,624,2108,1665,777,2442,1660,731,2391,189,149,338,161,118,279,177,117,294,8528,6852,15380,9129,7719,16848,9272,8448,17720
LGA11750,280,135,415,225,110,335,242,124,366,112,135,247,115,143,258,123,148,271,398,49,447,406,53,459,398,54,452,39,118,157,31,157,188,31,150,181,38,167,205,36,178,214,35,169,204,39,104,143,27,113,140,26,112,138,349,22,371,441,27,468,422,37,459,190,106,296,137,119,256,140,130,270,27,23,50,27,14,41,28,15,43,1472,859,2331,1445,914,2359,1445,939,2384
LGA11800,2080,1026,3106,2182,1170,3352,2206,1304,3510,1673,1835,3508,2013,2499,4512,2131,2898,5029,2821,482,3303,3162,542,3704,3366,583,3949,743,1480,2223,893,1962,2855,961,2386,3347,630,2660,3290,666,2998,3664,741,3289,4030,1181,1802,2983,1185,2011,3196,1222,2097,3319,1175,193,1368,1237,88,1325,1396,101,1497,1601,916,2517,1972,1127,3099,2112,1052,3164,244,218,462,253,183,436,232,157,389,12148,10612,22760,13563,12580,26143,14367,13867,28234
LGA11860,405,167,572,353,146,499,305,118,423,12,55,67,12,57,69,14,61,75,39,12,51,35,11,46,36,10,46,4,24,28,4,28,32,4,38,42,5,54,59,0,47,47,6,52,58,4,28,32,4,22,26,4,23,27,40,5,45,34,0,34,30,0,30,95,35,130,82,39,121,68,30,98,12,10,22,11,6,17,8,0,8,616,390,1006,535,356,891,475,332,807
LGA12000,364,163,527,328,145,473,306,135,441,60,104,164,65,128,193,64,138,202,172,20,192,168,35,203,174,50,224,36,89,125,35,97,132,42,125,167,20,141,161,23,155,178,27,147,174,29,49,78,44,68,112,36,64,100,106,10,116,106,8,114,136,6,142,145,60,205,127,71,198,107,68,175,19,14,33,13,5,18,10,9,19,951,650,1601,909,712,1621,902,742,1644
LGA12050,493,242,735,507,269,776,471,279,750,334,356,690,320,413,733,301,437,738,537,94,631,570,98,668,561,107,668,104,219,323,116,276,392,146,305,451,110,478,588,117,463,580,134,479,613,166,271,437,167,275,442,162,274,436,256,32,288,235,10,245,235,10,245,287,154,441,334,195,529,330,159,489,45,28,73,42,27,69,48,37,85,2332,1874,4206,2408,2026,4434,2388,2087,4475
LGA12150,381,162,543,340,166,506,318,153,471,59,136,195,49,155,204,53,140,193,181,27,208,163,23,186,142,24,166,44,110,154,32,138,170,44,148,192,24,138,162,15,124,139,25,132,157,34,64,98,36,57,93,36,44,80,103,32,135,112,17,129,104,12,116,229,84,313,220,74,294,176,51,227,39,25,64,15,10,25,27,8,35,1094,778,1872,982,764,1746,925,712,1637
LGA12200,361,184,545,308,152,460,271,141,412,134,206,340,135,259,394,144,272,416,371,52,423,350,68,418,319,61,380,77,192,269,64,212,276,70,222,292,67,252,319,62,266,328,46,274,320,92,151,243,92,149,241,92,155,247,224,46,270,210,19,229,191,12,203,252,108,360,301,141,442,304,134,438,31,21,52,22,6,28,28,16,44,1609,1212,2821,1544,1272,2816,1465,1287,2752
LGA12300,629,276,905,560,265,825,516,232,748,176,261,437,183,332,515,195,358,553,577,90,667,650,125,775,636,124,760,89,240,329,78,303,381,90,345,435,83,342,425,71,377,448,85,349,434,109,237,346,136,273,409,142,278,420,270,43,313,321,30,351,320,36,356,516,334,850,610,338,948,578,332,910,58,41,99,53,34,87,61,28,89,2507,1864,4371,2662,2077,4739,2623,2082,4705
LGA12350,728,321,1049,651,309,960,637,303,940,237,353,590,229,387,616,230,414,644,631,100,731,547,116,663,559,96,655,86,249,335,85,299,384,106,376,482,86,426,512,91,448,539,80,435,515,165,284,449,200,285,485,177,273,450,307,41,348,265,10,275,296,14,310,581,253,834,633,264,897,453,200,653,61,61,122,57,42,99,54,45,99,2882,2088,4970,2758,2160,4918,2592,2156,4748
LGA12500,315,135,450,268,134,402,242,120,362,204,265,469,203,254,457,179,269,448,432,58,490,410,70,480,411,78,489,90,221,311,72,258,330,72,281,353,89,343,432,74,334,408,90,335,425,113,244,357,121,213,334,108,221,329,283,31,314,261,22,283,243,16,259,300,116,416,301,153,454,232,104,336,31,31,62,37,30,67,31,24,55,1857,1444,3301,1747,1468,3215,1608,1448,3056
LGA12600,1517,715,2232,1395,740,2135,1489,785,2274,1080,1471,2551,1116,1723,2839,1224,2140,3364,2154,349,2503,2168,378,2546,2355,381,2736,421,1006,1427,444,1140,1584,586,1440,2026,461,1992,2453,447,2028,2475,534,2180,2714,780,1235,2015,776,1254,2030,821,1266,2087,1110,156,1266,959,67,1026,1076,61,1137,1214,693,1907,1334,771,2105,1272,723,1995,150,123,273,137,106,243,156,107,263,8887,7740,16627,8776,8207,16983,9513,9083,18596
LGA12700,450,202,652,412,221,633,416,215,631,185,255,440,198,303,501,201,311,512,416,64,480,485,85,570,531,98,629,67,157,224,56,234,290,62,266,328,62,331,393,49,330,379,59,387,446,67,132,199,86,150,236,72,201,273,246,19,265,254,25,279,333,17,350,262,147,409,272,149,421,270,157,427,37,28,65,43,22,65,40,24,64,1792,1335,3127,1855,1519,3374,1984,1676,3660
LGA12750,995,539,1534,1080,650,1730,944,593,1537,640,814,1454,771,1048,1819,775,1185,1960,1414,237,1651,1637,307,1944,1721,332,2053,344,724,1068,402,914,1316,447,1107,1554,208,1072,1280,225,1249,1474,259,1316,1575,507,841,1348,552,1003,1555,531,930,1461,561,80,641,587,42,629,629,44,673,760,397,1157,970,539,1509,936,481,1417,120,91,211,113,96,209,128,79,207,5549,4795,10344,6337,5848,12185,6370,6067,12437
LGA12850,3229,1523,4752,3228,1695,4923,3342,1840,5182,3294,3475,6769,3581,3983,7564,4031,4809,8840,10264,1375,11639,9662,1380,11042,9363,1440,10803,1328,2401,3729,1431,3106,4537,1804,4131,5935,2378,7982,10360,2672,7483,10155,2847,7512,10359,2513,3643,6156,2423,3822,6245,2432,3955,6387,7383,1463,8846,7127,1172,8299,7344,1217,8561,6418,3929,10347,6432,3981,10413,6251,3870,10121,1335,880,2215,1367,853,2220,1330,827,2157,38142,26671,64813,37923,27475,65398,38744,29601,68345
LGA12900,704,278,982,610,271,881,593,269,862,183,304,487,151,347,498,159,394,553,429,82,511,437,85,522,424,80,504,60,222,282,57,277,334,66,266,332,74,340,414,77,336,413,65,366,431,125,178,303,149,183,332,139,206,345,219,38,257,235,30,265,268,23,291,453,197,650,322,166,488,302,170,472,57,39,96,39,20,59,41,23,64,2304,1678,3982,2077,1715,3792,2057,1797,3854
LGA12950,450,220,670,404,183,587,369,168,537,47,135,182,62,180,242,56,179,235,171,31,202,161,38,199,159,44,203,45,127,172,49,131,180,47,178,225,21,127,148,27,123,150,23,116,139,40,72,112,56,93,149,46,77,123,94,11,105,100,11,111,88,11,99,149,72,221,167,91,258,156,68,224,35,27,62,20,14,34,5,14,19,1052,822,1874,1046,864,1910,949,855,1804
LGA13010,544,294,838,556,265,821,499,228,727,153,231,384,154,268,422,147,289,436,341,75,416,336,82,418,352,89,441,94,209,303,90,243,333,93,253,346,53,266,319,55,275,330,60,293,353,109,166,275,120,173,293,114,202,316,203,23,226,202,17,219,209,26,235,271,132,403,275,146,421,317,155,472,34,33,67,40,28,68,37,29,66,1802,1429,3231,1828,1497,3325,1828,1564,3392
LGA13050,318,159,477,291,162,453,252,133,385,80,104,184,82,132,214,95,140,235,173,42,215,216,42,258,233,41,274,35,99,134,34,120,154,36,180,216,23,165,188,25,169,194,23,155,178,43,84,127,52,87,139,55,114,169,188,17,205,192,9,201,226,9,235,173,85,258,160,81,241,155,83,238,16,17,33,20,7,27,17,14,31,1049,772,1821,1072,809,1881,1092,869,1961
LGA13100,5072,2230,7302,5115,2687,7802,5410,2882,8292,5591,5936,11527,5985,6869,12854,6598,8051,14649,8633,1223,9856,8546,1402,9948,8916,1540,10456,2194,3670,5864,2224,4452,6676,2502,5232,7734,2484,8375,10859,2270,8092,10362,2361,8357,10718,2660,4466,7126,2852,4553,7405,2856,4668,7524,3355,613,3968,2857,378,3235,2918,359,3277,3622,2090,5712,4090,2215,6305,4082,2003,6085,635,464,1099,578,405,983,660,467,1127,34246,29067,63313,34517,31053,65570,36303,33559,69862
LGA13310,904,438,1342,832,480,1312,885,502,1387,586,855,1441,611,946,1557,689,1045,1734,1262,241,1503,1304,238,1542,1467,274,1741,602,758,1360,620,915,1535,783,1127,1910,247,1022,1269,258,1084,1342,338,1240,1578,349,731,1080,401,762,1163,430,795,1225,983,211,1194,964,115,1079,941,104,1045,866,551,1417,935,555,1490,911,517,1428,124,90,214,112,58,170,124,70,194,5923,4897,10820,6037,5153,11190,6568,5674,12242
LGA13320,1024,495,1519,980,508,1488,925,501,1426,530,632,1162,609,816,1425,695,968,1663,1228,232,1460,1443,274,1717,1381,268,1649,290,637,927,285,852,1137,344,1004,1348,194,981,1175,191,1050,1241,194,1085,1279,366,690,1056,392,813,1205,438,878,1316,619,55,674,615,24,639,670,39,709,846,457,1303,1045,550,1595,975,519,1494,108,91,199,118,67,185,121,77,198,5205,4270,9475,5678,4954,10632,5743,5339,11082
LGA13340,826,370,1196,828,382,1210,767,343,1110,140,266,406,166,320,486,180,367,547,414,84,498,519,106,625,514,103,617,61,235,296,71,267,338,77,296,373,51,327,378,56,396,452,86,444,530,80,165,245,110,203,313,98,203,301,348,49,397,378,36,414,398,35,433,294,166,460,343,221,564,328,195,523,50,37,87,47,31,78,42,35,77,2264,1699,3963,2518,1962,4480,2490,2021,4511
LGA13380,1371,692,2063,1363,696,2059,1212,652,1864,894,1167,2061,947,1405,2352,1002,1695,2697,1859,324,2183,2125,345,2470,2072,366,2438,357,906,1263,413,1127,1540,459,1399,1858,305,1422,1727,327,1574,1901,348,1544,1892,628,1042,1670,631,1093,1724,621,1228,1849,905,155,1060,1001,84,1085,1000,68,1068,1325,713,2038,1535,872,2407,1483,743,2226,169,114,283,154,102,256,123,84,207,7813,6535,14348,8496,7298,15794,8320,7779,16099
LGA13450,1613,540,2153,1537,555,2092,1446,528,1974,576,730,1306,564,813,1377,573,869,1442,1380,191,1571,1332,241,1573,1319,252,1571,149,449,598,137,588,725,173,672,845,190,1089,1279,208,1106,1314,207,1178,1385,384,753,1137,416,725,1141,444,797,1241,707,98,805,649,57,706,701,44,745,1141,729,1870,1225,736,1961,1227,664,1891,162,113,275,126,69,195,111,90,201,6302,4692,10994,6194,4890,11084,6201,5094,11295
LGA13500,306,138,444,270,124,394,259,116,375,61,85,146,56,106,162,48,113,161,191,36,227,163,50,213,183,33,216,41,90,131,32,95,127,28,108,136,24,126,150,32,123,155,30,124,154,38,90,128,36,78,114,23,76,99,119,7,126,98,7,105,127,9,136,225,105,330,237,132,369,228,117,345,16,22,38,22,12,34,20,21,41,1021,699,1720,946,727,1673,946,717,1663
LGA13550,760,343,1103,699,318,1017,685,322,1007,219,335,554,219,385,604,253,430,683,431,86,517,492,100,592,578,111,689,84,305,389,73,314,387,84,400,484,96,434,530,75,425,500,87,454,541,177,240,417,145,239,384,160,305,465,392,40,432,431,19,450,644,45,689,378,183,561,483,235,718,479,238,717,59,56,115,40,28,68,61,24,85,2596,2022,4618,2657,2063,4720,3031,2329,5360
LGA13650,379,189,568,326,180,506,326,151,477,55,81,136,50,102,152,52,115,167,155,32,187,157,47,204,175,42,217,30,83,113,28,94,122,26,112,138,14,141,155,20,157,177,23,160,183,34,57,91,46,57,103,50,75,125,77,14,91,88,3,91,95,6,101,192,65,257,214,101,315,221,104,325,18,18,36,14,19,33,19,18,37,954,680,1634,943,760,1703,987,783,1770
LGA13660,622,258,880,570,267,837,482,204,686,61,142,203,66,160,226,46,164,210,129,28,157,144,52,196,150,41,191,29,101,130,34,128,162,42,118,160,24,157,181,29,170,199,15,175,190,25,65,90,42,63,105,34,79,113,147,23,170,128,9,137,152,13,165,250,89,339,232,95,327,191,81,272,41,23,64,24,21,45,14,12,26,1328,886,2214,1269,965,2234,1126,887,2013
LGA13700,308,135,443,277,127,404,250,118,368,46,84,130,53,101,154,52,126,178,154,32,186,137,39,176,150,34,184,21,65,86,19,88,107,18,88,106,12,129,141,20,116,136,27,121,148,16,47,63,33,58,91,30,47,77,109,7,116,108,11,119,103,10,113,203,113,316,175,80,255,127,70,197,10,15,25,18,8,26,15,12,27,879,627,1506,840,628,1468,772,626,1398
LGA13800,2610,1155,3765,2616,1264,3880,2565,1329,3894,1835,2440,4275,1847,2687,4534,1803,2888,4691,4744,671,5415,4715,771,5486,5027,785,5812,797,1527,2324,816,1801,2617,898,2095,2993,907,4076,4983,778,3800,4578,831,3932,4763,1028,1603,2631,940,1602,2542,964,1749,2713,2141,330,2471,2172,233,2405,2367,220,2587,1808,1037,2845,1895,1089,2984,1909,1028,2937,282,247,529,315,223,538,321,203,524,16152,13086,29238,16094,13470,29564,16685,14229,30914
LGA13850,257,127,384,226,105,331,182,80,262,50,99,149,62,91,153,53,107,160,205,39,244,168,47,215,154,28,182,23,91,114,16,112,128,31,96,127,24,126,150,26,107,133,24,111,135,40,74,114,39,64,103,39,71,110,141,9,150,107,9,116,101,8,109,162,70,232,154,96,250,142,80,222,30,14,44,19,16,35,16,10,26,932,649,1581,817,647,1464,742,591,1333
LGA13950,2212,964,3176,2277,1123,3400,2637,1305,3942,2850,2969,5819,3298,3447,6745,4151,4280,8431,5349,717,6066,5109,687,5796,5238,819,6057,963,1636,2599,941,1902,2843,1208,2343,3551,1824,5566,7390,1911,5332,7243,2289,5614,7903,1507,2186,3693,1550,2178,3728,1643,2135,3778,3139,507,3646,3034,378,3412,3238,388,3626,2406,1298,3704,2655,1332,3987,2661,1253,3914,515,347,862,552,364,916,585,360,945,20765,16190,36955,21327,16743,38070,23650,18497,42147
LGA14000,7840,2989,10829,7915,3481,11396,7962,3687,11649,11352,10053,21405,12181,11563,23744,12981,12619,25600,6840,1312,8152,6479,1381,7860,6529,1390,7919,1540,3243,4783,1727,3738,5465,2006,4231,6237,3163,9956,13119,3114,9395,12509,3222,9263,12485,2915,3889,6804,2894,3941,6835,2847,3674,6521,1978,345,2323,1678,221,1899,1674,217,1891,2481,1409,3890,2722,1479,4201,2694,1277,3971,618,505,1123,629,471,1100,771,504,1275,38727,33701,72428,39339,35670,75009,40686,36862,77548
LGA14100,841,386,1227,841,415,1256,876,418,1294,1025,868,1893,1071,927,1998,1099,1044,2143,309,82,391,279,71,350,264,71,335,101,203,304,118,226,344,161,225,386,210,666,876,192,697,889,204,659,863,222,216,438,213,249,462,218,226,444,88,9,97,77,3,80,58,8,66,143,69,212,101,53,154,131,61,192,58,45,103,68,50,118,67,44,111,2997,2544,5541,2960,2691,5651,3078,2756,5834
LGA14150,2377,1132,3509,2472,1277,3749,2637,1404,4041,3260,3218,6478,3491,3787,7278,4116,4534,8650,3917,597,4514,3859,628,4487,3936,673,4609,877,1375,2252,1018,1654,2672,1196,2107,3303,1646,4734,6380,1741,4594,6335,1912,4704,6616,1230,1771,3001,1336,1837,3173,1438,1917,3355,1875,350,2225,1741,316,2057,1846,300,2146,1517,1008,2525,1704,1027,2731,1785,1002,2787,384,263,647,423,337,760,430,323,753,17083,14448,31531,17785,15457,33242,19296,16964,36260
LGA14200,839,370,1209,813,383,1196,729,367,1096,265,410,675,300,512,812,304,573,877,678,108,786,694,110,804,720,119,839,133,371,504,152,488,640,150,536,686,105,480,585,97,533,630,102,516,618,233,353,586,252,367,619,288,425,713,311,32,343,340,27,367,340,17,357,659,264,923,673,264,937,689,314,1003,84,62,146,71,46,117,54,40,94,3307,2450,5757,3392,2730,6122,3376,2907,6283
LGA14250,294,122,416,229,103,332,209,73,282,16,43,59,20,41,61,17,38,55,69,14,83,53,9,62,64,14,78,7,28,35,3,40,43,7,40,47,12,73,85,9,68,77,6,67,73,3,20,23,10,33,43,10,23,33,55,12,67,52,5,57,32,0,32,59,34,93,60,35,95,42,25,67,11,7,18,12,5,17,3,3,6,526,353,879,448,339,787,390,283,673
LGA14300,306,136,442,306,147,453,309,138,447,72,120,192,87,136,223,82,151,233,245,45,290,191,42,233,222,35,257,76,117,193,70,150,220,85,179,264,46,177,223,41,174,215,32,214,246,39,80,119,42,103,145,44,92,136,210,12,222,197,9,206,177,11,188,164,107,271,204,108,312,198,93,291,24,23,47,15,13,28,23,11,34,1182,817,1999,1153,882,2035,1172,924,2096
LGA14350,807,406,1213,823,456,1279,738,432,1170,476,621,1097,467,765,1232,487,890,1377,1043,176,1219,1133,196,1329,1086,198,1284,246,650,896,314,767,1081,375,894,1269,192,851,1043,186,896,1082,191,946,1137,340,617,957,335,626,961,315,700,1015,636,97,733,577,45,622,659,44,703,712,366,1078,885,430,1315,893,405,1298,102,58,160,102,72,174,113,75,188,4554,3842,8396,4822,4253,9075,4857,4584,9441
LGA14400,722,342,1064,795,372,1167,819,396,1215,873,987,1860,956,1130,2086,989,1284,2273,1081,156,1237,1108,165,1273,1190,173,1363,254,471,725,251,564,815,333,709,1042,197,868,1065,190,859,1049,184,951,1135,263,484,747,250,511,761,285,466,751,388,36,424,381,21,402,425,20,445,406,185,591,392,222,614,403,207,610,90,68,158,57,42,99,84,50,134,4274,3597,7871,4380,3886,8266,4712,4256,8968
LGA14450,2061,976,3037,2224,1064,3288,2291,1226,3517,2746,2633,5379,3009,3054,6063,3442,3668,7110,2542,418,2960,2492,440,2932,2676,525,3201,672,908,1580,720,1206,1926,808,1428,2236,1124,3291,4415,1234,3306,4540,1337,3393,4730,1020,1305,2325,1015,1450,2465,1133,1474,2607,1114,196,1310,1038,157,1195,1074,154,1228,984,620,1604,1145,656,1801,1177,647,1824,311,233,544,289,264,553,354,232,586,12574,10580,23154,13166,11597,24763,14292,12747,27039
LGA14500,6867,2484,9351,6714,2857,9571,7025,3195,10220,9716,7640,17356,9594,8104,17698,10221,9050,19271,2036,526,2562,1951,584,2535,2010,642,2652,803,1752,2555,860,1889,2749,1147,2331,3478,1856,5858,7714,1716,5351,7067,1865,5373,7238,1921,2287,4208,1896,2147,4043,1858,2215,4073,557,88,645,401,53,454,432,69,501,812,458,1270,947,413,1360,945,399,1344,546,414,960,507,355,862,510,361,871,25114,21507,46621,24586,21753,46339,26013,23635,49648
LGA14550,516,256,772,509,265,774,475,253,728,156,230,386,162,314,476,169,316,485,292,48,340,342,74,416,329,72,401,63,190,253,62,239,301,82,280,362,48,260,308,54,266,320,41,284,325,76,140,216,82,138,220,78,187,265,213,33,246,216,19,235,227,23,250,335,139,474,361,153,514,342,141,483,55,34,89,40,19,59,26,16,42,1754,1330,3084,1828,1487,3315,1769,1572,3341
LGA14600,770,310,1080,687,298,985,656,268,924,108,224,332,83,251,334,103,258,361,288,49,337,243,54,297,257,53,310,52,166,218,42,200,242,42,209,251,29,218,247,32,201,233,27,215,242,44,121,165,75,90,165,57,122,179,193,20,213,175,12,187,222,25,247,262,100,362,204,106,310,194,113,307,44,37,81,38,23,61,37,23,60,1790,1245,3035,1579,1235,2814,1595,1286,2881
LGA14650,4603,2104,6707,4904,2524,7428,5135,2788,7923,5498,6389,11887,5983,7549,13532,6708,8815,15523,10709,1527,12236,11302,1705,13007,11826,1853,13679,1904,3936,5840,2026,4768,6794,2372,5896,8268,2053,8728,10781,2229,9351,11580,2390,10158,12548,3098,5601,8699,2898,5579,8477,2831,5863,8694,5055,672,5727,5017,389,5406,5684,458,6142,4468,2436,6904,5099,2771,7870,5462,2761,8223,809,521,1330,776,440,1216,736,484,1220,38197,31914,70111,40234,35076,75310,43144,39076,82220
LGA14700,1841,1004,2845,1799,1074,2873,1912,1161,3073,3177,2811,5988,3223,2901,6124,3483,3364,6847,935,253,1188,857,210,1067,847,244,1091,339,649,988,345,640,985,383,746,1129,679,2082,2761,628,1779,2407,691,1803,2494,656,664,1320,612,611,1223,598,628,1226,296,33,329,220,21,241,200,20,220,344,158,502,328,159,487,307,135,442,155,136,291,167,131,298,167,112,279,8422,7790,16212,8179,7526,15705,8588,8213,16801
LGA14750,601,253,854,596,244,840,514,217,731,290,323,613,266,347,613,250,369,619,584,108,692,550,104,654,543,120,663,67,201,268,59,248,307,66,283,349,110,529,639,95,481,576,81,474,555,114,244,358,108,246,354,120,281,401,374,45,419,342,16,358,339,25,364,629,360,989,608,350,958,567,304,871,66,32,98,52,35,87,52,17,69,2835,2095,4930,2676,2071,4747,2532,2090,4622
LGA14800,2897,2366,5263,3058,2459,5517,3249,2830,6079,5005,5683,10688,5121,5963,11084,5607,6522,12129,1909,546,2455,1579,475,2054,1544,443,1987,666,1212,1878,677,1065,1742,725,1268,1993,1074,3100,4174,1032,2758,3790,1038,2752,3790,896,1167,2063,868,1091,1959,873,1092,1965,621,84,705,452,57,509,408,34,442,802,305,1107,631,240,871,548,201,749,217,173,390,229,197,426,252,168,420,14087,14636,28723,13647,14305,27952,14244,15310,29554
LGA14850,1470,718,2188,1505,783,2288,1421,826,2247,1302,1507,2809,1418,1936,3354,1456,2184,3640,1752,340,2092,2015,382,2397,2046,409,2455,461,984,1445,521,1218,1739,651,1458,2109,450,1746,2196,477,1905,2382,521,1906,2427,758,1150,1908,841,1313,2154,766,1304,2070,870,126,996,897,84,981,889,77,966,1166,750,1916,1510,849,2359,1418,793,2211,133,131,264,134,82,216,131,96,227,8362,7452,15814,9318,8552,17870,9299,9053,18352
LGA14870,494,297,791,520,304,824,463,294,757,330,465,795,348,540,888,368,616,984,1212,195,1407,1174,179,1353,1216,208,1424,275,463,738,255,569,824,281,664,945,161,669,830,182,807,989,169,890,1059,173,512,685,164,518,682,169,500,669,1034,81,1115,958,44,1002,1099,41,1140,485,359,844,557,387,944,547,386,933,90,65,155,80,46,126,86,45,131,4254,3106,7360,4238,3394,7632,4398,3644,8042
LGA14900,4276,1904,6180,4417,2170,6587,4784,2499,7283,3761,4189,7950,4265,5144,9409,5000,6446,11446,9695,1158,10853,9856,1345,11201,10324,1369,11693,2145,2814,4959,2096,3445,5541,2606,4284,6890,2714,9315,12029,2878,9015,11893,3265,9771,13036,2288,3545,5833,2336,3708,6044,2524,4168,6692,6207,1007,7214,6294,889,7183,6873,935,7808,4583,2922,7505,4888,3032,7920,4993,2824,7817,968,656,1624,1060,691,1751,1079,704,1783,36637,27510,64147,38090,29439,67529,41448,33000,74448
LGA14920,541,245,786,522,236,758,472,198,670,95,178,273,104,212,316,106,235,341,231,66,297,279,61,340,269,65,334,69,144,213,52,169,221,56,204,260,40,273,313,33,258,291,35,251,286,72,110,182,64,121,185,69,143,212,308,24,332,272,24,296,347,24,371,344,134,478,317,154,471,311,164,475,49,29,78,23,21,44,35,21,56,1749,1203,2952,1666,1256,2922,1700,1305,3005
LGA14950,418,167,585,360,150,510,317,120,437,37,91,128,36,100,136,31,109,140,128,26,154,151,17,168,133,17,150,28,73,101,27,88,115,32,76,108,21,128,149,15,130,145,18,118,136,20,49,69,28,54,82,14,52,66,102,4,106,86,11,97,106,7,113,97,44,141,97,53,150,75,46,121,15,11,26,12,6,18,7,6,13,866,593,1459,812,609,1421,733,551,1284
LGA15050,1426,650,2076,1730,882,2612,1952,1059,3011,1442,1786,3228,1784,2341,4125,2161,2976,5137,3445,474,3919,4145,633,4778,4861,735,5596,569,1170,1739,660,1712,2372,704,2125,2829,631,2598,3229,773,3117,3890,823,3542,4365,832,1649,2481,962,1986,2948,980,2118,3098,2081,264,2345,2400,177,2577,2995,205,3200,1653,989,2642,1995,1145,3140,2023,1235,3258,244,156,400,249,170,419,310,161,471,12323,9736,22059,14698,12163,26861,16809,14156,30965
LGA15150,2222,1198,3420,2314,1301,3615,2622,1568,4190,3289,2693,5982,3333,3060,6393,3987,3642,7629,1373,296,1669,1244,301,1545,1198,290,1488,533,909,1442,514,1004,1518,532,1074,1606,728,2152,2880,617,1926,2543,697,1951,2648,810,893,1703,747,800,1547,774,835,1609,421,55,476,310,36,346,279,31,310,479,219,698,458,199,657,441,169,610,179,161,340,168,126,294,220,148,368,10034,8576,18610,9705,8753,18458,10750,9708,20458
LGA15200,2323,1836,4159,2548,2191,4739,2939,2727,5666,5027,5592,10619,5717,6409,12126,6886,7952,14838,3537,832,4369,3133,811,3944,3185,904,4089,1207,1751,2958,1207,1860,3067,1348,2034,3382,1930,4137,6067,1851,4057,5908,1992,4165,6157,1284,1708,2992,1233,1570,2803,1315,1546,2861,1789,356,2145,1338,185,1523,1192,185,1377,2048,1155,3203,1713,906,2619,1611,755,2366,416,317,733,431,292,723,393,268,661,19561,17684,37245,19171,18281,37452,20861,20536,41397
LGA15270,1065,501,1566,1004,579,1583,947,533,1480,384,605,989,444,672,1116,464,816,1280,1103,186,1289,1208,227,1435,1361,236,1597,151,425,576,137,541,678,163,632,795,139,656,795,120,705,825,120,791,911,239,496,735,287,550,837,289,558,847,689,64,753,814,37,851,1130,69,1199,937,462,1399,782,448,1230,719,419,1138,86,75,161,81,47,128,86,64,150,4793,3470,8263,4877,3806,8683,5279,4118,9397
LGA15300,1164,438,1602,1004,436,1440,924,361,1285,333,452,785,264,476,740,280,532,812,740,112,852,615,90,705,605,96,701,167,321,488,108,354,462,126,351,477,149,749,898,110,617,727,91,621,712,193,317,510,191,277,468,170,307,477,591,85,676,499,42,541,551,79,630,724,266,990,637,239,876,528,208,736,116,71,187,57,48,105,77,53,130,4177,2811,6988,3485,2579,6064,3352,2608,5960
LGA15350,1877,1108,2985,1884,1136,3020,1807,1135,2942,2828,2363,5191,2698,2344,5042,2823,2447,5270,534,154,688,468,141,609,494,170,664,299,563,862,297,509,806,347,585,932,483,1557,2040,428,1385,1813,474,1319,1793,503,638,1141,464,583,1047,479,533,1012,127,26,153,103,9,112,104,9,113,171,89,260,184,79,263,193,69,262,145,126,271,170,125,295,180,113,293,6967,6624,13591,6696,6311,13007,6901,6380,13281
LGA15500,491,251,742,504,268,772,490,233,723,96,174,270,112,227,339,138,267,405,291,56,347,363,64,427,351,66,417,48,140,188,64,177,241,63,231,294,52,202,254,50,254,304,45,271,316,75,116,191,110,150,260,98,200,298,160,12,172,160,12,172,210,16,226,229,134,363,248,148,396,208,130,338,31,18,49,24,22,46,27,21,48,1473,1103,2576,1635,1322,2957,1630,1435,3065
LGA15550,240,95,335,223,94,317,205,79,284,43,57,100,32,63,95,32,56,88,104,17,121,100,22,122,84,19,103,16,55,71,15,56,71,19,67,86,20,74,94,6,74,80,11,84,95,12,28,40,13,29,42,15,23,38,122,12,134,119,12,131,99,9,108,146,127,273,161,120,281,115,94,209,20,9,29,21,5,26,20,10,30,723,474,1197,690,475,1165,600,441,1041
LGA15650,545,274,819,550,259,809,503,273,776,281,356,637,338,419,757,366,496,862,1082,135,1217,1292,181,1473,1430,174,1604,128,306,434,105,411,516,119,457,576,112,578,690,109,617,726,117,677,794,133,365,498,155,405,560,129,446,575,829,58,887,925,68,993,1173,160,1333,551,372,923,628,374,1002,596,397,993,84,39,123,55,35,90,92,36,128,3745,2483,6228,4157,2769,6926,4525,3116,7641
LGA15700,578,314,892,523,309,832,512,291,803,273,420,693,311,488,799,327,559,886,597,116,713,679,147,826,782,136,918,162,383,545,175,482,657,227,622,849,86,493,579,91,528,619,98,604,702,172,294,466,180,356,536,179,401,580,347,44,391,327,22,349,370,29,399,426,227,653,462,273,735,546,246,792,63,49,112,57,35,92,55,37,92,2704,2340,5044,2805,2640,5445,3096,2925,6021
LGA15750,1003,428,1431,856,393,1249,813,362,1175,307,418,725,250,408,658,302,457,759,636,141,777,649,137,786,755,142,897,114,310,424,77,329,406,85,368,453,130,637,767,76,551,627,79,588,667,176,314,490,171,310,481,164,320,484,561,74,635,541,35,576,684,60,744,524,241,765,522,231,753,467,271,738,78,43,121,65,49,114,81,39,120,3529,2606,6135,3207,2443,5650,3430,2607,6037
LGA15800,426,204,630,399,200,599,338,155,493,102,171,273,85,183,268,92,186,278,257,62,319,238,62,300,250,80,330,52,160,212,53,183,236,42,190,232,64,216,280,46,202,248,42,189,231,56,119,175,51,121,172,52,116,168,198,26,224,193,9,202,172,11,183,330,158,488,270,150,420,273,146,419,51,27,78,28,17,45,39,23,62,1536,1143,2679,1363,1127,2490,1300,1096,2396
LGA15850,554,212,766,496,210,706,492,182,674,112,188,300,92,230,322,101,246,347,278,57,335,280,61,341,268,55,323,58,152,210,45,179,224,51,211,262,30,244,274,31,244,275,44,242,286,58,123,181,77,122,199,63,135,198,226,21,247,214,21,235,251,25,276,250,155,405,251,139,390,234,110,344,29,20,49,34,18,52,17,13,30,1595,1172,2767,1520,1224,2744,1521,1219,2740
LGA15900,3261,1814,5075,3875,2220,6095,4350,2599,6949,5856,6060,11916,6979,7864,14843,8410,9558,17968,6724,1238,7962,7654,1324,8978,8168,1455,9623,1876,3375,5251,1936,4237,6173,2409,4894,7303,1871,6541,8412,2047,7021,9068,2268,7630,9898,2311,4005,6316,2389,4098,6487,2488,4370,6858,3474,463,3937,3322,268,3590,3751,298,4049,3511,1938,5449,3839,2090,5929,4140,2125,6265,551,376,927,520,340,860,605,397,1002,29435,25810,55245,32561,29462,62023,36589,33326,69915
LGA15950,4098,2790,6888,4075,3040,7115,4292,3349,7641,7533,6569,14102,7709,7055,14764,8443,7915,16358,1551,497,2048,1567,435,2002,1561,475,2036,666,1209,1875,784,1337,2121,847,1381,2228,1369,4241,5610,1413,3744,5157,1518,3854,5372,1183,1282,2465,1187,1351,2538,1172,1256,2428,350,45,395,278,29,307,274,33,307,468,252,720,488,245,733,485,211,696,314,238,552,344,252,596,401,278,679,17532,17123,34655,17845,17488,35333,18993,18752,37745
LGA16100,312,140,452,323,133,456,278,116,394,81,130,211,83,137,220,82,155,237,282,44,326,314,59,373,330,62,392,63,85,148,61,118,179,55,138,193,35,183,218,31,195,226,36,213,249,38,97,135,28,102,130,24,100,124,267,31,298,278,33,311,286,36,322,201,117,318,224,142,366,200,132,332,28,18,46,29,17,46,35,20,55,1307,845,2152,1371,936,2307,1326,972,2298
LGA16150,1226,498,1724,1209,606,1815,1229,588,1817,1201,1349,2550,1191,1536,2727,1403,1993,3396,1909,317,2226,1973,353,2326,2364,390,2754,324,852,1176,378,1036,1414,467,1248,1715,443,1746,2189,389,1781,2170,480,1899,2379,624,1076,1700,600,1029,1629,632,1029,1661,1139,162,1301,1025,89,1114,1393,137,1530,1439,843,2282,1213,733,1946,1239,768,2007,164,120,284,129,97,226,162,95,257,8469,6963,15432,8107,7260,15367,9369,8147,17516
LGA16180,687,396,1083,801,459,1260,893,571,1464,568,612,1180,696,779,1475,717,937,1654,577,126,703,731,156,887,902,167,1069,123,261,384,204,302,506,209,415,624,160,640,800,204,792,996,285,996,1281,88,190,278,140,251,391,174,266,440,232,15,247,298,31,329,371,28,399,224,116,340,278,169,447,328,147,475,46,40,86,50,43,93,86,52,138,2705,2396,5101,3402,2982,6384,3965,3579,7544
LGA16200,866,367,1233,808,366,1174,717,326,1043,284,394,678,266,436,702,312,537,849,746,130,876,718,137,855,744,162,906,150,353,503,122,424,546,129,440,569,121,549,670,128,579,707,149,610,759,194,320,514,215,339,554,195,374,569,570,46,616,540,29,569,640,38,678,333,217,550,416,218,634,385,204,589,65,37,102,50,32,82,49,39,88,3329,2413,5742,3263,2560,5823,3320,2730,6050
LGA16250,4411,1971,6382,4718,2363,7081,5230,2760,7990,6687,6394,13081,7610,7474,15084,10041,9233,19274,7632,1134,8766,7488,1206,8694,7954,1377,9331,1609,2604,4213,1840,3062,4902,2311,3877,6188,3024,8695,11719,3296,8290,11586,3925,8946,12871,2635,3228,5863,2769,3238,6007,2992,3516,6508,3917,622,4539,3757,462,4219,4082,528,4610,3508,2043,5551,3905,2019,5924,4060,2069,6129,794,554,1348,879,591,1470,1004,659,1663,34217,27245,61462,36262,28705,64967,41599,32965,74564
LGA16350,5464,2350,7814,5481,2864,8345,5607,3049,8656,4420,5224,9644,4621,6059,10680,4957,7099,12056,12011,1413,13424,11570,1597,13167,11541,1709,13250,2290,3773,6063,2361,4697,7058,2713,5653,8366,3506,12873,16379,3576,12311,15887,3687,12928,16615,3371,5608,8979,3174,5464,8638,3090,5499,8589,7869,1136,9005,7925,853,8778,8346,951,9297,5339,2842,8181,5678,3090,8768,5602,2738,8340,920,677,1597,966,722,1688,969,659,1628,45190,35896,81086,45352,37657,83009,46512,40285,86797
LGA16370,3200,1397,4597,3208,1480,4688,3308,1560,4868,3363,3258,6621,3348,3455,6803,3546,3820,7366,3370,525,3895,3095,516,3611,3146,539,3685,642,1401,2043,630,1490,2120,777,1789,2566,798,3629,4427,691,3262,3953,787,3441,4228,1289,1663,2952,1104,1573,2677,1103,1564,2667,774,140,914,617,82,699,679,74,753,974,441,1415,1027,462,1489,1021,411,1432,248,168,416,260,185,445,273,219,492,14658,12622,27280,13980,12505,26485,14640,13417,28057
LGA16380,1979,1021,3000,2118,1155,3273,2130,1188,3318,1614,1880,3494,1889,2407,4296,2186,2979,5165,2840,484,3324,3294,611,3905,3427,644,4071,589,1406,1995,721,1832,2553,881,2349,3230,567,2630,3197,649,2990,3639,771,3280,4051,1062,1597,2659,1160,1938,3098,1244,1991,3235,1231,152,1383,1257,84,1341,1377,84,1461,1494,855,2349,1807,994,2801,1805,972,2777,240,210,450,220,155,375,200,186,386,11616,10235,21851,13115,12166,25281,14021,13673,27694
LGA16400,1673,835,2508,1809,962,2771,1865,1068,2933,1309,1441,2750,1423,1735,3158,1568,2161,3729,3585,467,4052,3893,537,4430,4274,636,4910,741,1286,2027,752,1735,2487,895,2068,2963,552,2391,2943,635,2635,3270,668,2877,3545,773,1577,2350,784,1824,2608,840,1961,2801,1580,179,1759,1770,93,1863,2053,163,2216,1495,943,2438,1762,1033,2795,1740,1073,2813,248,147,395,239,161,400,265,144,409,11956,9266,21222,13067,10715,23782,14168,12151,26319
LGA16470,1253,658,1911,1668,982,2650,1709,1156,2865,1199,1223,2422,1560,1822,3382,1858,2150,4008,2089,322,2411,2418,389,2807,2604,408,3012,481,816,1297,627,1083,1710,795,1196,1991,830,2463,3293,920,2790,3710,1085,3162,4247,609,972,1581,603,953,1556,624,1059,1683,1029,125,1154,999,74,1073,1063,69,1132,1002,577,1579,1149,595,1744,1123,507,1630,181,105,286,206,130,336,307,265,572,8673,7261,15934,10150,8818,18968,11168,9972,21140
LGA16550,4618,2814,7432,4813,3187,8000,5200,3580,8780,8053,8499,16552,8770,9707,18477,10048,11315,21363,5424,1064,6488,4956,1075,6031,4880,1090,5970,2174,2997,5171,2266,3243,5509,2438,3564,6002,2595,7605,10200,2532,6977,9509,2587,7026,9613,2233,3186,5419,2163,3010,5173,2190,2930,5120,2277,269,2546,1785,198,1983,1758,145,1903,2298,1125,3423,2165,984,3149,2052,862,2914,588,503,1091,681,435,1116,637,482,1119,30260,28062,58322,30131,28816,58947,31790,30994,62784
LGA16610,673,340,1013,708,383,1091,670,333,1003,311,413,724,304,545,849,335,643,978,781,147,928,880,168,1048,920,179,1099,140,436,576,188,607,795,205,720,925,144,661,805,161,718,879,160,783,943,231,412,643,279,535,814,282,538,820,550,73,623,627,50,677,635,45,680,912,418,1330,1099,500,1599,1082,448,1530,104,70,174,83,43,126,89,46,135,3846,2970,6816,4329,3549,7878,4378,3735,8113
LGA16650,2657,1427,4084,2897,1669,4566,3179,1841,5020,3282,3338,6620,3813,4157,7970,4636,4969,9605,4743,780,5523,4564,787,5351,4774,933,5707,1159,1618,2777,1343,1940,3283,1677,2490,4167,1803,5230,7033,2138,5256,7394,2280,5436,7716,1618,2230,3848,1883,2415,4298,1836,2560,4396,2824,464,3288,2667,401,3068,2729,310,3039,2469,1695,4164,2594,1566,4160,2702,1543,4245,577,366,943,653,444,1097,587,427,1014,21132,17148,38280,22552,18635,41187,24400,20509,44909
LGA16700,4088,2061,6149,4154,2262,6416,4397,2564,6961,6548,6155,12703,6878,6814,13692,8154,7902,16056,4885,966,5851,4383,901,5284,4412,919,5331,1094,1998,3092,1182,2187,3369,1383,2576,3959,2111,6611,8722,2139,6116,8255,2337,6213,8550,1966,2552,4518,1778,2423,4201,1939,2339,4278,1706,225,1931,1407,177,1584,1390,168,1558,1842,1128,2970,1998,1116,3114,1855,913,2768,448,345,793,480,373,853,571,401,972,24688,22041,46729,24399,22369,46768,26438,23995,50433
LGA16900,1193,616,1809,1371,753,2124,1494,882,2376,1103,1388,2491,1365,1795,3160,1495,2174,3669,3792,457,4249,3901,546,4447,4135,619,4754,710,1369,2079,748,1822,2570,882,2230,3112,688,2664,3352,696,2784,3480,753,3151,3904,877,1966,2843,861,2002,2863,916,2131,3047,2391,335,2726,2457,201,2658,2586,146,2732,1965,806,2771,1969,1000,2969,2005,961,2966,296,186,482,296,165,461,264,164,428,13015,9787,22802,13664,11068,24732,14530,12458,26988
LGA16950,2305,1238,3543,2481,1410,3891,2459,1424,3883,1916,2160,4076,2195,2799,4994,2278,3321,5599,4344,607,4951,4669,753,5422,4829,826,5655,892,1909,2801,997,2369,3366,1253,3051,4304,622,3065,3687,650,3191,3841,679,3399,4078,1030,2002,3032,1129,2207,3336,1251,2354,3605,1705,263,1968,1655,133,1788,1744,117,1861,2087,989,3076,2249,1255,3504,2409,1194,3603,306,262,568,280,194,474,292,196,488,15207,12495,27702,16305,14311,30616,17194,15882,33076
LGA17000,827,351,1178,875,379,1254,859,395,1254,517,519,1036,579,648,1227,718,757,1475,1538,189,1727,1813,227,2040,1940,267,2207,505,450,955,438,546,984,443,664,1107,158,922,1080,180,1037,1217,161,1183,1344,158,541,699,203,620,823,193,603,796,1322,81,1403,1562,123,1685,1927,253,2180,581,417,998,612,484,1096,637,480,1117,115,63,178,103,50,153,155,72,227,5721,3533,9254,6365,4114,10479,7033,4674,11707
LGA17050,1241,629,1870,1310,657,1967,1088,605,1693,1115,917,2032,1111,1004,2115,1068,981,2049,1363,193,1556,1220,194,1414,1173,174,1347,561,707,1268,558,696,1254,553,695,1248,275,960,1235,218,889,1107,203,793,996,372,590,962,379,526,905,349,557,906,522,112,634,429,66,495,464,65,529,608,327,935,519,303,822,511,277,788,112,60,172,94,48,142,88,45,133,6169,4495,10664,5838,4383,10221,5497,4192,9689
LGA17100,1074,512,1586,1128,595,1723,1296,667,1963,1859,1509,3368,2194,1938,4132,2720,2341,5061,1087,205,1292,1166,257,1423,1473,284,1757,261,431,692,374,608,982,478,826,1304,516,1659,2175,688,1696,2384,764,1787,2551,517,575,1092,699,746,1445,783,737,1520,484,80,564,516,66,582,553,58,611,531,307,838,673,308,981,796,348,1144,176,126,302,220,168,388,251,177,428,6505,5404,11909,7658,6382,14040,9114,7225,16339
LGA17150,10295,3916,14211,10385,4574,14959,10435,5004,15439,10444,11078,21522,10633,12330,22963,11193,13858,25051,14041,1817,15858,13114,1896,15010,13304,1857,15161,3183,5255,8438,3284,6080,9364,3714,6951,10665,4666,16428,21094,4461,15404,19865,4587,15625,20212,4679,6901,11580,4487,6776,11263,4286,6473,10759,4755,649,5404,4199,332,4531,4060,307,4367,4074,1872,5946,4511,1919,6430,4197,1679,5876,1021,747,1768,965,708,1673,945,633,1578,57158,48663,105821,56039,50019,106058,56721,52387,109108
LGA17200,7291,4228,11519,8843,5396,14239,10751,7082,17833,13804,10327,24131,16607,13270,29877,21845,17475,39320,4369,1234,5603,5030,1409,6439,5973,1806,7779,2861,3147,6008,3635,3937,7572,4281,5024,9305,3664,6556,10220,4204,7143,11347,4984,8365,13349,2802,2993,5795,3200,3467,6667,3601,3930,7531,1533,202,1735,1346,191,1537,1307,182,1489,2158,925,3083,2323,1095,3418,2593,1319,3912,702,476,1178,923,614,1537,1141,698,1839,39184,30088,69272,46111,36522,82633,56476,45881,102357
LGA17310,2293,1061,3354,2313,1226,3539,2166,1147,3313,1481,1886,3367,1541,2280,3821,1546,2644,4190,2713,443,3156,2881,527,3408,3034,562,3596,524,1210,1734,545,1468,2013,615,1802,2417,551,2359,2910,507,2446,2953,566,2637,3203,911,1382,2293,978,1512,2490,911,1581,2492,1385,167,1552,1427,117,1544,1606,104,1710,1738,1080,2818,2111,1201,3312,2195,1218,3413,200,166,366,221,131,352,230,150,380,11796,9754,21550,12524,10908,23432,12869,11845,24714
LGA17350,428,200,628,426,196,622,362,160,522,112,154,266,129,185,314,130,190,320,265,41,306,256,51,307,270,53,323,44,139,183,37,163,200,45,189,234,40,207,247,41,221,262,42,215,257,65,128,193,81,147,228,68,140,208,156,20,176,142,5,147,152,15,167,161,69,230,182,85,267,170,91,261,20,20,40,18,12,30,23,8,31,1291,978,2269,1312,1065,2377,1262,1061,2323
LGA17400,449,227,676,440,225,665,393,220,613,101,144,245,93,177,270,94,184,278,242,52,294,236,69,305,270,58,328,54,130,184,59,142,201,59,181,240,29,175,204,39,200,239,41,206,247,42,108,150,60,124,184,57,113,170,187,10,197,183,12,195,189,10,199,282,152,434,280,149,429,239,156,395,26,21,47,29,25,54,35,30,65,1412,1019,2431,1419,1123,2542,1377,1158,2535
LGA17420,9573,3323,12896,10133,4183,14316,10375,4470,14845,9480,9005,18485,10788,10973,21761,11840,12395,24235,7526,1239,8765,8109,1472,9581,8147,1470,9617,1453,2890,4343,1775,3827,5602,1939,4174,6113,2876,11166,14042,3324,11513,14837,3412,11653,15065,3512,4448,7960,3979,4818,8797,3856,4663,8519,2413,397,2810,2436,305,2741,2481,257,2738,2329,1152,3481,2789,1364,4153,2652,1277,3929,752,600,1352,815,612,1427,778,565,1343,39914,34220,74134,44148,39067,83215,45480,40924,86404
LGA17450,277,105,382,276,123,399,237,121,358,55,89,144,49,94,143,52,85,137,149,24,173,162,34,196,176,28,204,45,62,107,38,79,117,42,90,132,12,106,118,19,106,125,13,115,128,14,74,88,19,68,87,21,62,83,145,12,157,173,12,185,147,13,160,152,99,251,174,91,265,140,75,215,23,13,36,13,3,16,15,3,18,872,584,1456,923,610,1533,843,592,1435
LGA17500,510,239,749,499,238,737,493,227,720,274,279,553,259,331,590,272,352,624,685,96,781,634,94,728,708,90,798,72,225,297,70,310,380,75,362,437,85,396,481,67,387,454,68,408,476,102,248,350,91,270,361,95,295,390,508,65,573,474,35,509,524,22,546,580,349,929,535,323,858,502,328,830,63,39,102,30,23,53,62,35,97,2879,1936,4815,2659,2011,4670,2799,2119,4918
LGA17550,1978,1043,3021,2224,1210,3434,2366,1409,3775,1420,1856,3276,1812,2442,4254,2208,3276,5484,3278,578,3856,4205,665,4870,4275,740,5015,805,1617,2422,940,2300,3240,1085,2972,4057,584,2540,3124,642,3108,3750,682,3452,4134,1108,1921,3029,1277,2277,3554,1390,2476,3866,1501,207,1708,1721,132,1853,1778,154,1932,1886,1045,2931,2568,1398,3966,2484,1427,3911,287,226,513,305,206,511,318,206,524,12847,11033,23880,15694,13738,29432,16586,16112,32698
LGA17620,807,348,1155,722,378,1100,707,372,1079,231,367,598,224,417,641,270,508,778,780,180,960,893,220,1113,931,217,1148,110,305,415,89,344,433,86,402,488,56,483,539,62,491,553,78,544,622,103,272,375,127,278,405,126,312,438,527,51,578,632,34,666,793,68,861,650,330,980,720,428,1148,624,427,1051,63,42,105,54,42,96,81,40,121,3327,2378,5705,3523,2632,6155,3696,2890,6586
LGA17640,721,325,1046,687,326,1013,686,309,995,125,190,315,129,234,363,165,286,451,346,67,413,339,58,397,372,81,453,67,147,214,66,226,292,82,221,303,52,244,296,49,253,302,62,291,353,46,76,122,73,95,168,58,140,198,142,30,172,174,19,193,171,19,190,246,130,376,213,132,345,220,132,352,26,28,54,22,14,36,38,26,64,1771,1237,3008,1752,1357,3109,1854,1505,3359
LGA17650,338,177,515,348,165,513,350,162,512,152,226,378,146,252,398,156,276,432,280,54,334,313,71,384,309,64,373,54,134,188,63,149,212,84,205,289,49,218,267,45,249,294,58,265,323,83,108,191,73,113,186,73,133,206,118,26,144,125,9,134,139,17,156,219,110,329,220,118,338,231,116,347,22,26,48,27,24,51,20,20,40,1315,1079,2394,1360,1150,2510,1420,1258,2678
LGA17700,159,54,213,166,58,224,134,53,187,10,34,44,7,24,31,9,17,26,48,9,57,26,11,37,26,5,31,3,19,22,3,20,23,0,21,21,12,44,56,7,44,51,4,49,53,0,11,11,6,8,14,3,10,13,61,6,67,47,10,57,59,11,70,71,38,109,47,37,84,44,29,73,11,9,20,6,0,6,7,0,7,375,224,599,315,212,527,286,195,481
LGA17750,2321,1028,3349,2320,1206,3526,2328,1172,3500,2001,2216,4217,2167,2763,4930,2306,3222,5528,3480,536,4016,3842,606,4448,4117,750,4867,1142,1502,2644,1222,1884,3106,1262,2233,3495,715,2704,3419,752,2881,3633,758,2991,3749,1166,1894,3060,1168,1995,3163,1195,1914,3109,1493,225,1718,1385,160,1545,1555,148,1703,1543,1014,2557,1944,1234,3178,1919,1163,3082,220,190,410,212,143,355,267,186,453,14081,11309,25390,15012,12872,27884,15707,13779,29486
LGA17800,562,244,806,500,207,707,403,158,561,74,137,211,73,136,209,70,123,193,162,33,195,165,41,206,157,37,194,29,92,121,34,103,137,22,118,140,16,153,169,22,143,165,26,148,174,31,55,86,34,66,100,53,55,108,127,12,139,113,16,129,111,18,129,246,106,352,185,112,297,164,83,247,28,25,53,11,15,26,16,15,31,1275,857,2132,1137,839,1976,1022,755,1777
LGA17850,370,194,564,385,180,565,347,160,507,56,76,132,35,73,108,45,95,140,148,34,182,140,26,166,138,33,171,18,53,71,14,78,92,14,85,99,11,97,108,12,124,136,9,116,125,27,43,70,34,56,90,20,58,78,75,3,78,92,3,95,80,10,90,151,58,209,173,81,254,157,65,222,8,8,16,17,7,24,13,11,24,864,566,1430,902,628,1530,823,633,1456
LGA17900,487,236,723,443,204,647,411,200,611,130,212,342,104,231,335,116,207,323,242,67,309,192,43,235,181,40,221,103,175,278,101,186,287,87,207,294,44,204,248,40,198,238,33,212,245,54,109,163,44,89,133,51,74,125,317,46,363,239,29,268,196,22,218,322,139,461,270,130,400,261,91,352,91,59,150,51,25,76,33,22,55,1790,1247,3037,1484,1135,2619,1369,1075,2444
LGA17950,354,121,475,317,132,449,291,118,409,46,90,136,34,80,114,56,114,170,122,23,145,109,22,131,117,21,138,25,67,92,13,70,83,14,79,93,21,152,173,13,110,123,12,113,125,14,42,56,18,36,54,15,47,62,142,21,163,92,6,98,116,14,130,190,61,251,117,54,171,128,46,174,22,14,36,16,6,22,20,13,33,936,591,1527,729,516,1245,769,565,1334
LGA18000,6758,3041,9799,6957,3614,10571,7415,4129,11544,7613,7288,14901,8320,8529,16849,9085,9583,18668,7870,1178,9048,7558,1337,8895,7788,1338,9126,1675,3303,4978,1780,3918,5698,2003,4450,6453,2661,9601,12262,2514,8896,11410,2467,8690,11157,3113,4071,7184,3110,3929,7039,3050,3875,6925,2606,472,3078,2219,353,2572,2131,314,2445,2911,1560,4471,2961,1474,4435,2786,1264,4050,610,482,1092,588,424,1012,632,462,1094,35817,30996,66813,36007,32474,68481,37357,34105,71462
LGA18020,851,401,1252,743,369,1112,680,301,981,149,317,466,152,326,478,140,343,483,335,77,412,328,78,406,320,76,396,73,192,265,58,251,309,77,289,366,42,260,302,49,259,308,46,254,300,85,168,253,99,154,253,86,164,250,245,27,272,243,12,255,238,15,253,367,167,534,359,182,541,305,169,474,45,41,86,39,20,59,36,29,65,2192,1650,3842,2070,1651,3721,1928,1640,3568
LGA18050,2920,1934,4854,3070,2064,5134,3539,2495,6034,5542,5333,10875,5480,5541,11021,6655,6413,13068,2413,575,2988,1823,506,2329,2128,541,2669,1015,1633,2648,965,1485,2450,1057,1714,2771,1184,3499,4683,1044,2849,3893,1124,2935,4059,1190,1537,2727,1123,1440,2563,1184,1499,2683,717,66,783,469,38,507,464,42,506,986,351,1337,849,283,1132,803,280,1083,310,250,560,351,253,604,393,271,664,16277,15178,31455,15174,14459,29633,17347,16190,33537
LGA18100,380,177,557,374,191,565,332,158,490,58,117,175,42,122,164,56,124,180,135,22,157,120,16,136,120,26,146,24,67,91,18,95,113,24,98,122,19,101,120,20,97,117,14,97,111,23,51,74,19,44,63,24,55,79,83,10,93,84,7,91,91,7,98,120,37,157,128,60,188,107,49,156,27,15,42,8,8,16,16,6,22,869,597,1466,813,640,1453,784,620,1404
LGA18150,526,232,758,493,215,708,465,176,641,125,247,372,128,286,414,127,328,455,310,58,368,307,50,357,265,51,316,67,199,266,85,246,331,117,303,420,38,227,265,47,225,272,61,247,308,73,150,223,96,142,238,85,155,240,152,16,168,175,8,183,154,10,164,233,124,357,289,130,419,251,116,367,31,34,65,21,24,45,33,29,62,1555,1287,2842,1641,1326,2967,1558,1415,2973
LGA18200,614,242,856,518,226,744,489,196,685,126,177,303,145,221,366,153,245,398,305,64,369,346,61,407,389,71,460,76,161,237,56,173,229,66,187,253,52,211,263,52,248,300,51,281,332,61,129,190,79,145,224,79,130,209,172,16,188,228,12,240,258,18,276,350,210,560,366,194,560,266,158,424,48,34,82,41,34,75,36,15,51,1804,1244,3048,1831,1314,3145,1787,1301,3088
LGA18250,3556,1801,5357,3690,2257,5947,3775,2314,6089,5833,4784,10617,6439,5517,11956,7109,6253,13362,1876,437,2313,1733,460,2193,1810,531,2341,559,1122,1681,676,1279,1955,813,1463,2276,1251,3611,4862,1286,3476,4762,1349,3380,4729,1179,1436,2615,1255,1435,2690,1124,1374,2498,527,67,594,481,56,537,432,67,499,664,336,1000,736,420,1156,701,372,1073,292,239,531,330,273,603,373,285,658,15737,13833,29570,16626,15173,31799,17486,16039,33525
LGA18350,1671,821,2492,1710,922,2632,1754,1011,2765,1425,1624,3049,1574,1831,3405,1654,2100,3754,2368,424,2792,2414,502,2916,2511,502,3013,414,998,1412,432,1214,1646,553,1385,1938,404,1768,2172,417,1848,2265,404,1916,2320,607,992,1599,596,1111,1707,656,1159,1815,995,156,1151,1028,97,1125,1063,104,1167,1181,681,1862,1190,736,1926,1210,707,1917,191,154,345,181,99,280,200,146,346,9256,7618,16874,9542,8360,17902,10005,9030,19035
LGA18400,1527,660,2187,1705,829,2534,1716,835,2551,931,1356,2287,1073,1686,2759,1181,1994,3175,2759,389,3148,3020,463,3483,3294,514,3808,419,883,1302,407,1164,1571,486,1450,1936,479,2275,2754,506,2450,2956,546,2692,3238,568,867,1435,578,1057,1635,547,1184,1731,1577,196,1773,1783,136,1919,1921,141,2062,1164,649,1813,1258,739,1997,1306,715,2021,187,142,329,177,122,299,232,150,382,9611,7417,17028,10507,8646,19153,11229,9675,20904
LGA18450,4615,2177,6792,5007,2626,7633,5206,2906,8112,6929,7323,14252,7440,8608,16048,8291,10104,18395,10636,1514,12150,10614,1668,12282,10768,1752,12520,2449,4177,6626,2650,5013,7663,3126,6309,9435,2489,8568,11057,2465,8736,11201,2498,9215,11713,2690,4724,7414,2506,4837,7343,2562,4835,7397,5535,719,6254,5477,496,5973,5606,286,5892,4816,2295,7111,4731,2343,7074,4857,2409,7266,918,579,1497,813,478,1291,824,521,1345,41077,32076,73153,41703,34805,76508,43738,38337,82075
LGA18500,3381,2095,5476,3290,2210,5500,3464,2332,5796,5443,4731,10174,5392,4843,10235,5726,5348,11074,955,349,1304,781,312,1093,882,296,1178,598,1094,1692,614,1040,1654,654,1101,1755,890,2652,3542,841,2349,3190,921,2318,3239,960,1176,2136,896,1074,1970,899,1065,1964,243,26,269,173,19,192,181,14,195,365,194,559,297,147,444,316,125,441,377,265,642,373,256,629,372,278,650,13212,12582,25794,12657,12250,24907,13415,12877,26292
LGA18550,3209,1551,4760,3467,1862,5329,3588,2095,5683,2593,3232,5825,2913,4097,7010,3278,5069,8347,7420,986,8406,7815,1211,9026,8451,1370,9821,1468,2904,4372,1688,3988,5676,2083,5017,7100,1384,5710,7094,1543,6026,7569,1656,6522,8178,2016,3860,5876,2215,4302,6517,2292,4781,7073,3581,603,4184,3692,491,4183,4172,454,4626,3775,1986,5761,4379,2398,6777,4838,2327,7165,536,417,953,499,383,882,627,384,1011,25982,21249,47231,28211,24758,52969,30985,28019,59004
LGA18710,793,459,1252,805,521,1326,876,568,1444,471,548,1019,629,694,1323,688,869,1557,661,131,792,792,159,951,886,171,1057,146,308,454,213,391,604,241,470,711,205,668,873,235,780,1015,264,929,1193,159,271,430,197,288,485,192,313,505,253,20,273,317,20,337,343,17,360,393,176,569,423,193,616,452,197,649,48,39,87,69,41,110,85,79,164,3129,2620,5749,3680,3087,6767,4027,3613,7640
LGA18750,670,286,956,666,283,949,632,266,898,210,310,520,210,405,615,228,433,661,603,82,685,601,90,691,641,124,765,80,280,360,66,299,365,80,356,436,70,405,475,88,437,525,94,433,527,169,253,422,184,343,527,190,373,563,244,34,278,266,23,289,276,23,299,532,209,741,595,271,866,492,203,695,56,51,107,41,32,73,64,36,100,2634,1910,4544,2717,2183,4900,2697,2247,4944
LGA19399,259,127,386,206,125,331,236,133,369,167,69,236,86,46,132,86,117,203,341,39,380,100,11,111,144,31,175,175,87,262,19,43,62,32,88,120,40,63,103,13,37,50,29,124,153,7,12,19,7,24,31,25,46,71,125,5,130,116,3,119,126,3,129,179,64,243,117,52,169,143,80,223,28,12,40,22,3,25,18,7,25,1321,478,1799,686,344,1030,839,629,1468
