region_id,2011_Census_100_149_Landlord_type_Other_landlord_type,2011_Census_100_149_Landlord_type_Not_stated,2011_Census_100_149_Total,2011_Census_150_199_Landlord_type_Real_estate_agent,2011_Census_150_199_Landlord_type_State_territory_housing_authority,2011_Census_150_199_Landlord_type_Person_not_in_the_same_household,2011_Census_150_199_Landlord_type_Housing_co_operative_community_church_group,2011_Census_150_199_Landlord_type_Other_landlord_type,2011_Census_150_199_Landlord_type_Not_stated,2011_Census_150_199_Total,2011_Census_200_224_Landlord_type_Real_estate_agent,2011_Census_200_224_Landlord_type_State_territory_housing_authority,2011_Census_200_224_Landlord_type_Person_not_in_the_same_household,2011_Census_200_224_Landlord_type_Housing_co_operative_community_church_group,2011_Census_200_224_Landlord_type_Other_landlord_type,2011_Census_200_224_Landlord_type_Not_stated,2011_Census_200_224_Total,2011_Census_225_274_Landlord_type_Real_estate_agent,2011_Census_225_274_Landlord_type_State_territory_housing_authority,2011_Census_225_274_Landlord_type_Person_not_in_the_same_household,2011_Census_225_274_Landlord_type_Housing_co_operative_community_church_group,2011_Census_225_274_Landlord_type_Other_landlord_type,2011_Census_225_274_Landlord_type_Not_stated,2011_Census_225_274_Total,2011_Census_275_349_Landlord_type_Real_estate_agent,2011_Census_275_349_Landlord_type_State_territory_housing_authority,2011_Census_275_349_Landlord_type_Person_not_in_the_same_household,2011_Census_275_349_Landlord_type_Housing_co_operative_community_church_group,2011_Census_275_349_Landlord_type_Other_landlord_type,2011_Census_275_349_Landlord_type_Not_stated,2011_Census_275_349_Total,2011_Census_350_449_Landlord_type_Real_estate_agent,2011_Census_350_449_Landlord_type_State_territory_housing_authority,2011_Census_350_449_Landlord_type_Person_not_in_the_same_household,2011_Census_350_449_Landlord_type_Housing_co_operative_community_church_group,2011_Census_350_449_Landlord_type_Other_landlord_type,2011_Census_350_449_Landlord_type_Not_stated,2011_Census_350_449_Total,2011_Census_450_549_Landlord_type_Real_estate_agent,2011_Census_450_549_Landlord_type_State_territory_housing_authority,2011_Census_450_549_Landlord_type_Person_not_in_the_same_household,2011_Census_450_549_Landlord_type_Housing_co_operative_community_church_group,2011_Census_450_549_Landlord_type_Other_landlord_type,2011_Census_450_549_Landlord_type_Not_stated,2011_Census_450_549_Total,2011_Census_550_649_Landlord_type_Real_estate_agent,2011_Census_550_649_Landlord_type_State_territory_housing_authority,2011_Census_550_649_Landlord_type_Person_not_in_the_same_household,2011_Census_550_649_Landlord_type_Housing_co_operative_community_church_group,2011_Census_550_649_Landlord_type_Other_landlord_type,2011_Census_550_649_Landlord_type_Not_stated,2011_Census_550_649_Total,2011_Census_650_and_over_Landlord_type_Real_estate_agent,2011_Census_650_and_over_Landlord_type_State_territory_housing_authority,2011_Census_650_and_over_Landlord_type_Person_not_in_the_same_household,2011_Census_650_and_over_Landlord_type_Housing_co_operative_community_church_group,2011_Census_650_and_over_Landlord_type_Other_landlord_type,2011_Census_650_and_over_Landlord_type_Not_stated,2011_Census_650_and_over_Total,2011_Census_Rent_not_stated_Landlord_type_Real_estate_agent,2011_Census_Rent_not_stated_Landlord_type_State_territory_housing_authority,2011_Census_Rent_not_stated_Landlord_type_Person_not_in_the_same_household,2011_Census_Rent_not_stated_Landlord_type_Housing_co_operative_community_church_group,2011_Census_Rent_not_stated_Landlord_type_Other_landlord_type,2011_Census_Rent_not_stated_Landlord_type_Not_stated,2011_Census_Rent_not_stated_Total,2011_Census_Total_Landlord_type_Real_estate_agent,2011_Census_Total_Landlord_type_State_territory_housing_authority,2011_Census_Total_Landlord_type_Person_not_in_the_same_household,2011_Census_Total_Landlord_type_Housing_co_operative_community_church_group,2011_Census_Total_Landlord_type_Other_landlord_type,2011_Census_Total_Landlord_type_Not_stated,2011_Census_Total_Total
LGA10050,17,9,1159,834,111,247,25,29,6,1252,440,67,171,6,23,6,713,784,36,179,7,29,5,1040,640,6,129,0,16,3,794,249,0,47,0,8,0,304,42,0,13,0,0,0,55,18,0,7,0,3,0,28,20,0,15,0,6,0,41,66,46,35,22,18,12,199,3848,831,1088,145,191,84,6187
LGA10110,22,3,366,404,99,107,30,15,3,658,257,30,62,9,5,5,368,397,24,95,8,6,3,533,362,3,79,3,9,3,459,220,4,36,0,6,3,269,17,0,5,3,7,0,32,4,0,0,0,0,0,4,4,3,9,0,3,0,19,28,32,13,8,22,3,106,1837,449,539,101,145,82,3153
LGA10150,6,3,145,58,40,65,33,5,4,205,93,4,63,8,10,0,178,262,14,86,13,7,0,382,1040,16,183,6,11,0,1256,2045,6,248,9,19,8,2335,628,5,97,0,7,4,741,243,0,41,3,3,0,290,200,3,35,3,3,0,244,70,23,49,18,9,9,178,4675,234,991,154,94,69,6217
LGA10200,13,0,303,75,125,79,19,12,7,317,101,35,51,12,25,0,224,455,47,126,20,22,4,674,1335,38,285,7,47,13,1725,2042,37,387,11,54,19,2550,1194,3,190,4,24,7,1422,340,3,57,0,8,0,408,182,3,17,0,8,4,214,124,53,105,7,18,29,336,5911,843,1457,128,245,134,8718
LGA10250,40,3,292,91,98,103,12,73,8,385,131,17,103,3,31,0,285,338,31,167,5,26,3,570,750,13,257,0,24,3,1047,813,11,212,5,16,4,1061,203,0,48,4,0,0,255,42,0,13,0,3,3,61,29,5,18,3,11,0,66,30,44,31,16,18,5,144,2461,606,1093,139,276,103,4678
LGA10300,8,0,63,15,7,34,4,10,0,70,9,0,3,0,0,0,12,0,0,4,0,0,0,4,0,0,0,0,0,0,0,0,0,0,0,0,0,0,0,0,0,0,0,0,0,0,0,0,0,0,0,0,0,0,3,0,3,0,6,0,3,6,0,5,0,14,43,22,85,28,52,20,250
LGA10350,21,12,1358,73,763,136,105,36,13,1126,90,223,153,39,28,9,542,293,283,249,53,41,9,928,1619,336,556,39,103,15,2668,3410,163,776,21,148,27,4545,1202,12,265,7,46,7,1539,263,9,62,3,6,0,343,108,23,32,0,11,4,178,152,341,177,35,36,31,772,7286,5330,2756,476,512,314,16674
LGA10470,24,5,454,384,117,155,13,6,7,682,298,51,153,5,15,0,522,619,16,142,4,6,3,790,569,5,108,4,4,5,695,274,0,47,0,3,0,324,34,3,5,0,0,0,42,6,0,0,0,0,0,6,10,4,5,0,0,0,19,42,24,31,8,17,5,127,2423,566,857,77,109,104,4136
LGA10550,24,0,336,346,58,212,13,25,8,662,251,21,125,4,14,3,418,363,37,143,9,8,3,563,329,9,87,3,10,3,441,91,0,21,0,7,3,122,10,0,5,0,4,0,19,3,0,3,0,0,0,6,14,0,8,0,7,0,29,30,20,41,9,31,3,134,1516,348,880,105,185,119,3153
LGA10600,20,5,141,65,8,76,9,9,3,170,85,6,61,0,6,0,158,122,4,84,4,12,0,226,167,6,80,0,5,0,258,85,0,44,0,0,0,129,11,0,3,0,0,0,14,0,0,0,0,0,0,0,3,0,4,0,5,0,12,9,8,9,4,0,4,34,578,98,472,30,82,55,1315
LGA10650,22,3,188,124,8,72,0,4,4,212,35,0,18,0,6,0,59,42,0,13,0,3,0,58,12,0,3,0,0,0,15,0,0,3,0,0,0,3,0,0,3,0,3,0,6,0,0,0,0,0,0,0,0,0,5,0,0,0,5,7,0,15,0,10,0,32,320,25,266,22,82,48,763
LGA10750,43,19,2175,193,1581,261,86,75,14,2210,319,787,315,41,95,11,1568,1363,575,576,51,95,18,2678,4832,262,1259,49,137,39,6578,5207,49,867,16,128,23,6290,1306,12,255,4,10,4,1591,549,7,70,8,11,3,648,196,37,62,8,7,5,315,229,470,225,50,56,59,1089,14271,8187,4316,492,707,376,28349
LGA10800,8,0,98,29,10,34,0,17,0,90,18,3,15,0,6,0,42,16,4,9,0,21,0,50,12,0,4,0,5,0,21,0,0,3,0,0,0,3,0,0,3,0,0,0,3,0,3,0,0,0,0,3,0,0,3,0,0,0,3,5,0,14,3,19,0,41,129,46,180,16,111,38,520
LGA10850,10,4,92,112,16,40,0,4,0,172,41,0,27,0,0,0,68,47,0,16,0,0,0,63,30,0,5,0,3,0,38,6,0,3,0,3,0,12,0,0,0,0,0,0,0,3,0,0,0,0,0,3,0,0,5,0,0,0,5,4,5,7,0,9,0,25,299,54,151,23,42,29,598
LGA10900,5,5,310,171,83,169,34,13,5,475,223,20,175,13,15,0,446,658,41,225,15,19,3,961,1218,17,270,12,14,8,1539,736,11,115,3,10,4,879,200,0,28,0,4,0,232,41,0,8,0,0,0,49,35,0,16,3,0,3,57,34,30,64,23,17,6,174,3371,352,1272,199,115,141,5450
LGA10950,19,0,75,25,13,21,5,13,0,77,9,10,13,0,3,0,35,7,4,5,0,10,0,26,0,0,4,0,0,0,4,0,0,0,0,5,0,5,0,0,0,0,0,0,0,0,0,0,0,0,0,0,0,0,3,0,0,0,3,0,3,5,0,16,3,27,63,56,98,12,96,29,354
LGA11000,8,0,57,11,5,24,0,5,0,45,6,0,4,0,0,0,10,0,0,0,0,3,0,3,0,0,0,3,0,0,3,0,0,0,0,0,0,0,0,0,0,0,0,0,0,0,0,0,0,0,0,0,0,0,0,0,0,3,3,3,0,6,0,4,0,13,31,14,105,3,36,26,215
LGA11050,0,0,27,28,5,17,0,4,0,54,15,0,3,0,0,0,18,4,0,0,0,0,0,4,0,0,4,0,0,0,4,0,0,3,0,0,0,3,0,0,0,0,0,0,0,0,0,0,0,0,0,0,0,0,0,0,3,0,3,0,0,3,4,3,0,10,60,8,68,13,35,13,197
LGA11100,3,0,316,39,148,29,13,13,3,245,20,31,30,11,14,3,109,152,65,57,3,15,0,292,704,48,113,3,11,3,882,901,37,177,4,19,3,1141,398,23,76,7,5,4,513,467,9,58,3,3,3,543,216,9,37,0,3,0,265,46,84,47,12,12,13,214,2979,1404,703,98,108,82,5374
LGA11150,7,0,66,11,18,33,3,12,0,77,0,3,11,0,5,0,19,0,0,4,0,0,0,4,0,0,4,0,0,0,4,0,0,4,0,0,0,4,0,0,0,0,0,0,0,0,0,0,0,0,0,0,0,0,0,0,3,0,3,0,4,11,0,12,0,27,14,70,112,40,138,29,403
LGA11200,6,3,78,0,4,9,4,0,0,17,0,0,0,0,0,0,0,0,0,0,0,0,0,0,0,0,0,0,0,0,0,0,3,0,0,0,0,3,0,0,0,0,0,0,0,0,0,0,0,0,0,0,0,0,0,0,0,0,0,0,6,3,11,7,8,35,4,64,46,120,77,33,344
LGA11250,38,7,402,282,35,139,8,38,0,502,111,4,49,0,12,0,176,57,3,33,3,9,0,105,46,0,17,0,8,0,71,18,0,3,0,0,0,21,3,0,0,0,4,0,7,0,0,0,0,3,0,3,6,0,13,0,6,0,25,15,9,40,0,17,0,81,677,106,567,33,220,57,1660
LGA11300,3,0,124,34,24,43,13,5,0,119,27,7,32,3,3,3,75,169,9,40,7,3,3,231,297,10,64,6,7,3,387,960,17,135,11,23,3,1149,743,0,129,5,17,5,899,249,4,48,3,7,0,311,172,3,42,3,6,3,229,60,27,51,8,12,8,166,2742,312,678,85,100,74,3991
LGA11350,12,4,168,43,24,158,21,20,0,266,49,6,143,4,13,0,215,114,11,149,8,22,0,304,269,12,269,6,31,3,590,588,15,374,3,11,4,995,281,4,145,3,4,3,440,116,0,71,0,3,3,193,108,0,74,0,5,5,192,32,14,65,3,14,6,134,1632,167,1597,72,161,146,3775
LGA11400,24,0,165,106,7,89,3,12,0,217,43,0,36,0,0,0,79,41,0,21,0,5,0,67,23,0,18,0,4,0,45,14,0,3,0,3,0,20,0,0,0,0,0,0,0,0,0,3,0,0,0,3,0,0,3,0,0,0,3,5,4,26,8,15,0,58,282,28,387,40,114,84,935
LGA11450,12,0,105,18,36,51,8,3,3,119,36,8,36,6,6,0,92,110,11,74,0,5,0,200,412,26,170,3,12,3,626,895,25,180,3,12,3,1118,488,3,65,0,3,3,562,97,0,16,0,3,3,119,25,4,10,0,0,0,39,37,13,34,11,11,7,113,2129,327,714,58,87,58,3373
LGA11500,7,6,1413,146,975,155,57,17,10,1360,294,372,210,16,17,5,914,1056,576,371,51,36,11,2101,2802,297,570,19,51,9,3748,1706,35,330,0,22,10,2103,295,6,53,3,7,3,367,40,6,11,0,0,0,57,32,19,16,0,3,4,74,113,317,91,18,26,27,592,6518,5305,1990,270,210,167,14460
LGA11520,17,3,236,18,83,38,15,27,3,184,31,37,49,4,51,3,175,68,16,65,3,39,0,191,324,23,151,9,19,7,533,1343,20,256,3,29,4,1655,2033,11,278,3,16,10,2351,1477,0,205,5,12,6,1705,1196,11,200,3,11,11,1432,103,41,80,10,21,14,269,6620,745,1474,120,285,148,9392
LGA11550,15,8,821,186,378,142,94,30,4,834,317,104,138,29,21,12,621,1446,108,273,31,51,3,1912,4349,102,558,32,98,30,5169,2599,65,469,9,94,19,3255,1090,11,209,0,25,11,1346,359,9,62,0,7,0,437,185,8,44,3,11,0,251,195,189,138,26,42,35,625,10826,2693,2297,412,431,251,16910
LGA11600,10,3,51,7,4,40,0,17,3,71,0,0,9,0,4,0,13,0,0,3,0,0,0,3,0,0,3,0,0,0,3,0,0,4,0,0,0,4,0,0,0,0,0,0,0,0,0,0,0,0,0,0,0,0,0,0,0,0,0,0,0,12,0,15,0,27,13,16,130,9,131,28,327
LGA11700,13,0,101,0,8,7,0,4,0,19,0,3,0,0,0,0,3,0,0,4,0,0,0,4,0,0,0,0,0,0,0,0,0,0,0,0,0,0,0,0,0,0,0,0,0,0,0,0,0,3,0,3,3,0,3,0,0,0,6,0,5,3,0,14,0,22,3,99,55,32,139,27,355
LGA11720,20,4,400,366,135,164,10,37,5,717,311,25,138,3,18,3,498,792,17,182,3,20,0,1014,743,10,115,11,14,3,896,319,0,43,4,3,0,369,28,4,11,0,3,0,46,7,0,3,0,0,0,10,13,0,12,0,4,4,33,52,40,50,3,22,16,183,2748,642,918,61,175,121,4665
LGA11730,62,13,553,377,74,342,35,44,6,878,329,26,208,6,31,6,606,695,17,252,10,28,8,1010,706,7,163,3,20,3,902,183,3,33,0,5,0,224,36,0,10,3,3,0,52,9,0,0,0,3,0,12,27,4,15,0,8,0,54,44,36,45,6,25,3,159,2521,430,1419,169,311,171,5021
LGA11750,69,4,180,55,18,16,3,55,0,147,33,0,11,0,8,0,52,41,0,11,0,7,0,59,31,0,4,0,4,0,39,6,0,0,0,3,0,9,0,0,0,0,4,0,4,3,0,0,0,3,0,6,3,3,3,0,3,0,12,9,3,6,3,18,0,39,220,86,110,50,235,36,737
LGA11800,86,12,602,432,165,289,43,71,7,1007,427,56,228,20,32,10,773,854,89,329,20,61,9,1362,1430,29,424,12,43,8,1946,1028,10,205,3,31,6,1283,212,3,36,0,7,0,258,38,3,8,0,5,0,54,40,4,15,0,20,0,79,64,89,58,29,52,25,317,4599,1157,1895,234,453,198,8536
LGA11860,0,0,21,4,0,0,0,4,0,8,3,0,0,0,0,0,3,3,0,0,0,0,0,3,0,0,0,0,0,0,0,0,0,0,0,0,0,0,0,0,0,0,0,0,0,0,0,0,0,0,0,0,0,0,0,0,0,0,0,0,0,0,0,11,0,11,14,0,44,0,42,30,130
LGA12000,3,3,51,12,0,37,0,6,0,55,7,0,8,0,0,0,15,8,0,14,0,0,0,22,3,0,3,0,0,0,6,3,0,4,0,0,0,7,0,0,0,0,0,0,0,0,0,0,0,0,0,0,0,0,4,0,0,0,4,0,0,5,0,3,3,11,39,14,152,8,25,19,257
LGA12050,7,3,184,84,34,54,7,11,3,193,75,3,32,3,6,0,119,106,3,39,0,3,0,151,52,0,17,0,6,0,75,9,0,17,0,0,0,26,0,0,0,0,3,0,3,0,0,3,0,3,0,6,7,3,3,0,0,0,13,8,3,12,3,9,0,35,453,96,275,30,66,31,951
LGA12150,16,6,168,31,15,31,4,9,0,90,4,0,5,0,0,3,12,3,0,4,0,0,0,7,3,0,0,0,0,0,3,0,0,3,0,0,0,3,0,0,0,0,0,0,0,0,0,0,0,0,0,0,0,0,4,0,0,0,4,5,0,8,0,14,3,30,69,84,156,44,93,50,496
LGA12200,3,3,152,86,33,57,0,10,0,186,24,5,24,0,3,0,56,29,0,12,0,3,3,47,21,0,10,0,3,0,34,0,0,4,0,0,0,4,0,0,0,0,0,0,0,0,0,0,0,0,0,0,4,0,3,0,0,0,7,5,16,3,0,7,3,34,239,169,178,0,51,41,678
LGA12300,14,3,185,145,4,86,5,9,0,249,71,0,53,0,3,0,127,140,0,36,0,9,0,185,38,0,21,0,3,0,62,5,0,0,0,3,0,8,3,0,3,0,3,0,9,3,0,3,0,0,0,6,3,0,3,0,3,0,9,10,3,17,3,7,0,40,503,38,325,26,82,35,1009
LGA12350,18,7,275,230,50,116,0,11,3,410,83,0,33,4,9,0,129,73,0,15,0,4,0,92,17,0,6,0,3,0,26,3,3,4,0,0,0,10,0,0,0,0,0,0,0,0,0,3,0,0,0,3,3,0,6,0,3,0,12,3,4,17,3,9,0,36,566,172,329,36,88,45,1236
LGA12500,10,4,273,183,28,33,3,9,0,256,39,0,17,0,4,0,60,50,0,5,0,0,0,55,18,0,4,0,3,0,25,11,0,0,0,0,0,11,3,0,0,0,0,0,3,0,0,0,0,0,0,0,3,0,0,0,0,0,3,6,8,11,0,5,0,30,463,114,155,27,39,18,816
LGA12600,21,3,669,556,111,142,31,21,7,868,357,34,131,5,14,4,545,603,19,182,5,12,3,824,393,16,80,0,12,0,501,179,0,23,4,5,0,211,10,0,4,0,0,0,14,3,0,4,0,0,0,7,14,3,5,0,3,3,28,33,50,46,5,15,13,162,2464,752,772,93,140,99,4320
LGA12700,7,0,66,48,8,52,0,8,0,116,32,6,27,3,3,0,71,61,0,31,0,0,3,95,38,0,15,0,0,0,53,15,0,4,0,0,0,19,3,0,0,0,0,0,3,0,0,0,0,0,0,0,0,0,4,0,0,0,4,12,3,11,0,5,0,31,229,38,229,14,45,28,583
LGA12750,30,7,410,288,49,216,19,32,9,613,260,40,167,14,14,0,495,570,38,218,0,17,4,847,459,6,139,0,16,0,620,170,0,39,3,8,0,220,16,0,8,0,0,0,24,0,0,5,0,0,0,5,10,0,12,3,14,0,39,21,21,54,8,21,5,130,1869,416,1095,127,197,120,3824
LGA12850,35,8,1359,281,675,255,80,70,13,1374,476,230,266,44,69,9,1094,1490,266,429,64,92,21,2362,2412,320,621,35,156,36,3580,3032,86,615,9,170,30,3942,574,8,103,0,23,8,716,103,11,19,0,9,0,142,72,12,25,4,12,0,125,166,250,197,27,53,34,727,8750,4179,2920,421,715,325,17310
LGA12900,14,0,236,217,23,83,0,13,0,336,51,0,25,0,0,0,76,24,0,11,0,6,0,41,13,0,6,0,5,0,24,0,3,0,0,0,0,3,0,0,0,0,0,0,0,0,0,0,0,0,0,0,5,0,4,0,0,0,9,10,13,16,0,18,4,61,433,166,271,12,95,54,1031
LGA12950,10,0,144,54,3,48,7,10,0,122,12,0,8,0,0,0,20,0,0,3,0,0,0,3,0,0,0,0,0,0,0,0,0,3,0,0,0,3,0,0,0,0,0,0,0,0,0,0,0,0,0,0,3,0,3,0,0,0,6,4,0,4,0,6,0,14,135,60,158,22,44,27,446
LGA13010,12,3,236,150,28,65,3,7,3,256,86,6,13,3,5,0,113,56,3,13,0,3,0,75,11,0,5,0,0,0,16,0,0,0,0,0,0,0,0,0,0,0,0,0,0,0,0,0,0,3,0,3,0,0,3,3,3,3,12,13,7,10,8,14,0,52,439,84,212,49,77,43,904
LGA13050,14,3,102,55,6,36,0,4,3,104,45,3,17,0,3,0,68,42,0,17,0,0,0,59,36,0,5,0,4,0,45,0,0,6,0,0,0,6,0,0,0,0,0,0,0,0,0,0,0,0,0,0,0,0,3,0,0,0,3,5,3,6,0,8,3,25,220,43,163,8,54,21,509
LGA13100,99,15,969,576,239,327,64,78,12,1296,522,77,353,31,63,14,1060,1695,122,540,27,35,11,2430,3396,115,744,6,54,18,4333,2299,13,464,3,26,4,2809,650,4,106,0,7,3,770,187,0,43,0,0,0,230,144,5,34,3,5,0,191,134,130,125,30,33,33,485,9755,2000,3143,354,462,327,16041
LGA13310,34,4,458,348,95,155,9,32,5,644,209,48,113,0,12,0,382,357,4,109,4,24,3,501,250,6,66,4,5,0,331,60,0,18,0,0,0,78,4,4,3,0,0,0,11,3,0,3,0,3,0,9,3,3,11,0,7,0,24,29,28,39,5,15,5,121,1447,561,684,65,178,77,3012
LGA13320,47,7,353,485,39,191,36,27,3,781,263,10,131,8,18,0,430,508,10,141,9,19,0,687,602,5,123,3,8,0,741,203,0,43,0,7,0,253,21,0,7,0,0,3,31,12,0,5,0,0,0,17,16,0,15,0,7,0,38,45,9,55,7,21,8,145,2269,226,911,128,207,104,3845
LGA13340,18,0,141,66,0,88,0,8,0,162,33,0,30,0,4,0,67,27,0,23,0,4,0,54,23,0,14,0,0,0,37,5,0,0,0,0,0,5,0,0,0,0,0,0,0,0,0,0,0,0,0,0,3,3,0,0,0,0,6,7,0,14,3,20,4,48,213,21,293,13,86,63,689
LGA13380,29,7,615,630,131,254,41,48,6,1110,360,36,182,13,15,0,606,820,14,170,14,19,7,1044,523,4,70,8,4,3,612,116,3,23,0,0,0,142,5,0,3,0,3,0,11,3,0,3,0,3,0,9,15,3,16,0,7,0,41,32,45,42,12,29,7,167,2742,594,1046,189,192,144,4907
LGA13450,40,3,434,360,81,134,17,33,4,629,228,10,101,5,24,4,372,350,10,70,0,11,3,444,151,3,33,0,3,0,190,86,0,17,0,0,0,103,5,3,3,0,0,0,11,0,0,3,0,3,0,6,11,0,0,0,0,0,11,19,21,28,5,28,12,113,1437,334,580,61,192,111,2715
LGA13500,9,4,53,43,8,19,0,11,0,81,29,0,12,0,3,0,44,15,0,5,0,0,0,20,0,0,0,0,0,0,0,0,0,0,0,0,0,0,0,0,0,0,0,0,0,0,0,0,0,0,0,0,0,0,3,0,0,0,3,0,0,9,0,8,0,17,106,31,103,0,60,30,330
LGA13550,12,3,219,146,56,56,10,14,3,285,97,26,49,4,4,3,183,137,13,40,0,8,0,198,90,5,21,0,0,0,116,46,0,11,3,5,0,65,11,0,3,0,0,0,14,0,0,3,0,3,0,6,6,0,8,0,0,0,14,15,3,26,3,23,3,73,641,170,342,47,133,51,1384
LGA13650,9,3,85,27,15,40,14,6,3,105,8,8,20,5,3,0,44,6,3,10,0,3,0,22,4,0,0,0,0,0,4,0,0,0,0,0,0,0,0,0,0,0,0,0,0,0,0,0,0,0,0,0,3,0,0,0,0,0,3,3,0,9,3,12,0,27,76,44,148,25,56,28,377
LGA13660,21,0,123,33,3,37,0,10,0,83,11,0,11,0,0,0,22,7,0,3,0,0,0,10,0,0,0,0,0,0,0,0,0,0,0,3,3,6,0,0,0,0,0,0,0,0,0,0,0,0,0,0,0,0,0,0,0,0,0,0,0,10,0,26,0,36,93,22,171,8,132,73,499
LGA13700,8,3,81,30,5,38,0,5,3,81,7,0,10,0,3,3,23,8,0,4,0,0,0,12,0,0,3,0,0,0,3,0,0,0,0,0,0,0,0,0,0,0,0,0,0,0,0,0,0,0,0,0,0,0,3,0,0,3,6,0,0,4,0,8,3,15,79,13,121,6,53,40,312
LGA13800,18,3,336,91,156,104,22,83,4,460,147,74,110,10,118,3,462,366,66,166,13,61,6,678,1017,66,232,12,34,7,1368,785,5,135,8,27,4,964,167,3,29,0,4,0,203,65,3,15,0,0,0,83,43,3,15,0,3,3,67,46,44,50,9,39,12,200,2760,715,1052,142,437,139,5245
LGA13850,10,0,135,30,0,42,0,8,3,83,6,0,4,0,0,0,10,7,0,5,0,0,0,12,0,0,0,0,0,0,0,0,0,0,0,3,0,3,0,0,0,0,3,0,3,0,0,3,0,3,0,6,0,0,3,0,0,0,3,6,3,7,0,6,0,22,102,41,136,6,74,19,378
LGA13950,12,5,594,107,302,110,58,9,0,586,129,85,104,22,17,9,366,394,100,163,24,18,8,707,2179,141,431,19,59,17,2846,3191,46,465,10,49,19,3780,625,4,128,4,17,6,784,127,10,19,0,3,0,159,60,12,24,0,4,0,100,113,165,89,23,20,22,432,6963,2184,1725,306,226,168,11572
LGA14000,11,4,334,49,82,115,63,18,4,331,45,26,113,12,35,3,234,182,33,173,37,24,4,453,648,30,287,22,39,3,1029,2526,26,523,22,44,7,3148,1988,11,353,8,19,10,2389,799,3,131,4,3,3,943,599,4,110,3,12,0,728,121,41,120,60,43,17,402,6998,676,2237,407,293,221,10832
LGA14100,3,0,62,0,28,5,4,6,0,43,3,4,11,0,0,0,18,23,9,21,0,3,0,56,61,4,28,4,3,0,100,127,6,25,4,0,0,162,116,0,25,0,0,0,141,93,0,22,0,0,0,115,173,0,34,0,0,0,207,15,8,7,7,0,3,40,611,282,202,31,22,25,1173
LGA14150,7,0,298,57,151,71,30,14,3,326,74,42,77,5,16,3,217,283,37,129,11,14,3,477,1087,48,212,6,19,6,1378,1924,43,324,7,26,7,2331,990,8,162,3,7,4,1174,310,5,55,0,4,3,377,172,7,27,0,8,3,217,99,95,87,17,18,17,333,5032,1136,1323,132,152,119,7894
LGA14200,33,0,318,207,47,76,9,23,0,362,101,9,51,3,8,3,175,222,4,40,5,11,0,282,75,0,20,3,3,0,101,27,5,0,3,6,0,41,5,0,3,0,3,0,11,0,0,0,0,4,0,4,4,0,9,0,0,0,13,11,19,23,4,19,5,81,796,206,394,90,155,109,1750
LGA14250,7,3,36,6,0,6,0,0,0,12,0,3,0,0,0,0,3,0,0,0,0,0,0,0,0,0,0,0,0,0,0,0,0,0,0,0,0,0,0,0,0,0,0,0,0,0,0,0,0,0,0,0,5,0,0,0,0,0,5,0,0,15,0,4,0,19,28,6,49,8,22,17,130
LGA14300,3,3,83,60,15,31,0,4,0,110,40,3,19,0,3,0,65,40,0,6,0,0,0,46,12,0,6,0,0,0,18,0,0,3,0,0,0,3,0,3,0,0,0,0,3,0,0,0,0,0,0,0,0,0,0,0,0,0,0,0,7,15,0,4,0,26,195,60,134,14,30,23,456
LGA14350,35,5,402,402,104,165,45,34,9,759,292,41,106,12,23,0,474,414,18,103,4,11,4,554,212,0,47,0,6,4,269,65,0,11,0,4,0,80,33,5,3,0,0,0,41,5,0,0,0,0,0,5,7,0,9,0,10,0,26,26,19,41,8,16,3,113,1568,394,689,152,161,105,3069
LGA14400,3,3,52,42,16,38,8,7,0,111,55,6,46,0,5,0,112,123,8,67,0,3,0,201,259,0,105,3,10,0,377,314,3,71,0,7,0,395,82,0,17,0,3,0,102,21,0,3,0,3,0,27,12,0,5,0,10,0,27,14,6,6,13,8,4,51,928,63,421,60,66,41,1579
LGA14450,5,0,88,23,29,64,8,4,0,128,31,12,42,4,10,0,99,124,10,72,6,14,3,229,603,12,185,3,15,10,828,1596,10,217,4,17,7,1851,831,0,137,3,9,3,983,274,0,46,3,6,0,329,148,0,46,0,3,3,200,70,23,74,12,13,18,210,3722,227,1028,68,108,100,5253
LGA14500,4,3,84,7,3,36,11,3,0,60,8,0,34,3,3,0,48,33,3,60,0,7,0,103,101,3,104,5,13,0,226,443,0,132,3,11,4,593,702,3,145,7,17,3,877,687,0,124,8,14,3,836,1755,0,364,6,3,4,2132,71,4,66,19,12,7,179,3828,30,1222,159,106,130,5475
LGA14550,15,0,149,64,11,79,0,9,3,166,30,0,40,0,8,0,78,109,3,34,0,0,3,149,43,0,14,0,0,0,57,6,0,7,0,0,0,13,3,0,0,0,0,0,3,0,0,0,0,0,0,0,0,0,0,0,0,0,0,3,3,19,5,3,0,33,286,45,319,52,52,48,802
LGA14600,26,3,267,55,6,42,4,8,4,119,4,0,8,5,3,0,20,4,0,6,0,3,0,13,0,0,0,0,0,0,0,0,0,0,0,0,0,0,0,0,0,0,0,0,0,0,0,0,0,0,0,0,0,0,9,0,0,0,9,4,5,18,0,10,0,37,123,114,233,64,131,71,736
LGA14650,109,11,1487,603,527,433,78,125,12,1778,426,218,416,20,31,10,1121,1486,374,658,11,79,11,2619,2879,115,863,11,69,22,3959,1741,15,345,3,23,3,2130,491,6,98,0,9,3,607,89,4,20,0,3,0,116,80,19,30,0,7,4,140,142,197,135,47,47,32,600,8130,3459,3578,423,564,298,16452
LGA14700,9,3,87,11,20,24,4,4,0,63,10,3,16,3,3,4,39,32,14,35,0,5,0,86,241,9,88,0,14,0,352,987,0,180,0,8,0,1175,508,6,103,0,5,0,622,273,0,59,3,4,3,342,453,3,101,0,5,0,562,51,6,24,5,7,8,101,2575,205,698,76,74,57,3685
LGA14750,16,3,198,198,31,80,0,21,0,330,116,4,43,0,3,0,166,65,0,13,0,0,0,78,28,4,3,0,0,3,38,6,0,0,0,0,0,6,0,0,0,0,0,0,0,0,0,0,0,0,0,0,0,0,3,0,3,0,6,5,6,15,0,15,3,44,503,128,275,20,91,53,1070
LGA14800,4,3,242,86,84,53,26,10,3,262,97,29,47,8,13,0,194,269,28,83,5,12,0,397,551,25,167,5,20,3,771,947,17,221,3,3,0,1191,1159,6,239,3,9,3,1419,1181,5,215,0,10,3,1414,1573,9,347,3,7,11,1950,84,66,70,6,10,8,244,5981,913,1559,138,115,85,8791
LGA14850,46,5,487,355,75,251,33,47,6,767,262,26,214,6,28,3,539,478,34,235,12,26,4,789,686,16,316,4,28,3,1053,249,3,95,3,6,3,359,19,0,21,0,0,3,43,3,3,3,0,0,0,9,8,4,7,0,4,0,23,31,29,55,9,17,9,150,2210,536,1514,135,227,132,4754
LGA14870,8,0,335,305,100,135,0,20,9,569,168,29,75,0,7,3,282,168,8,36,5,3,3,223,63,3,20,0,3,0,89,34,0,7,0,0,0,41,4,0,0,0,0,0,4,0,0,0,0,0,0,0,6,3,8,0,3,0,20,14,17,26,0,9,0,66,889,416,460,21,73,65,1924
LGA14900,48,9,1156,114,601,118,58,139,3,1033,255,216,154,24,258,6,913,1107,208,274,35,163,15,1802,2228,317,471,41,120,12,3189,2997,97,553,4,101,23,3775,1207,9,158,3,34,11,1422,205,4,20,3,9,0,241,102,12,25,0,4,8,151,130,307,122,26,61,50,696,8412,4238,2150,351,979,298,16428
LGA14920,15,3,185,94,13,93,0,15,3,218,28,4,32,0,4,0,68,48,0,18,0,5,0,71,33,0,11,0,0,0,44,0,0,0,0,0,0,0,0,0,0,0,0,0,0,0,0,0,0,0,0,0,0,0,6,0,0,0,6,9,0,18,0,26,3,56,271,60,306,40,128,64,869
LGA14950,7,0,37,14,0,19,0,4,0,37,0,0,12,0,4,0,16,3,0,5,0,0,0,8,3,0,0,0,0,0,3,0,0,0,0,0,0,0,0,0,0,0,0,0,0,0,0,0,0,0,0,0,0,0,4,0,0,0,4,3,0,3,0,3,0,9,31,6,98,11,32,9,187
LGA15050,39,6,584,327,238,121,14,64,7,771,221,97,126,9,81,0,534,564,112,220,8,49,4,957,1253,47,232,0,34,4,1570,905,8,98,0,5,0,1016,151,0,20,0,0,0,171,10,0,5,0,0,0,15,19,9,10,0,0,0,38,58,83,46,10,24,7,228,3603,1392,1030,93,321,89,6528
LGA15150,0,0,94,27,34,11,16,6,0,94,20,9,32,0,12,0,73,38,17,31,0,9,0,95,203,9,88,4,10,3,317,724,3,210,3,6,3,949,864,3,191,0,11,3,1072,620,4,152,0,7,4,787,1366,3,336,4,9,4,1722,77,18,43,11,7,8,164,3969,259,1195,71,81,75,5650
LGA15200,3,3,369,162,120,131,64,10,5,492,246,43,141,29,15,3,477,728,39,209,29,22,6,1033,1807,50,348,32,21,9,2267,2555,13,468,9,29,19,3093,1678,5,298,9,15,10,2015,1053,3,164,3,6,0,1229,863,6,188,0,4,4,1065,139,60,72,20,18,12,321,9312,865,2205,333,157,166,13038
LGA15270,22,4,277,203,62,85,9,30,6,395,138,54,57,3,20,0,272,261,26,66,3,7,0,363,256,6,46,0,4,4,316,149,0,28,0,7,0,184,38,0,3,0,0,0,41,3,0,3,0,0,0,6,15,0,13,0,0,0,28,28,15,30,3,24,3,103,1192,279,516,31,180,109,2307
LGA15300,57,4,499,171,92,89,16,42,4,414,72,10,21,0,18,0,121,136,6,33,0,17,0,192,69,3,11,0,4,0,87,20,0,10,0,15,0,45,3,0,0,0,3,0,6,0,3,0,0,3,0,6,3,0,6,0,0,0,9,17,9,18,5,41,3,93,634,334,331,171,395,118,1983
LGA15350,0,3,32,11,3,14,13,4,0,45,7,4,18,0,0,0,29,43,0,20,0,0,3,66,239,4,68,0,3,0,314,771,0,155,0,3,4,933,572,0,126,0,3,0,701,315,0,72,0,0,0,387,790,3,221,3,3,3,1023,37,0,40,12,6,3,98,2791,45,788,54,30,58,3766
LGA15500,5,5,59,77,3,31,4,3,0,118,49,0,16,0,0,0,65,111,5,18,0,4,0,138,62,0,9,0,5,0,76,18,0,6,0,4,0,28,0,0,3,0,0,0,3,0,0,0,0,3,0,3,0,0,6,0,3,0,9,11,0,4,3,12,0,30,342,15,153,51,70,32,663
LGA15550,11,6,79,34,4,41,7,12,0,98,5,0,9,0,6,0,20,3,0,0,0,0,0,3,3,0,0,0,0,0,3,0,0,0,0,0,0,0,0,0,0,0,0,0,0,0,0,0,0,0,0,0,0,0,0,0,0,0,0,4,0,7,0,7,3,21,63,12,108,17,65,30,295
LGA15650,12,7,211,158,89,36,15,14,0,312,106,41,30,11,21,6,215,216,14,38,9,22,0,299,245,6,61,3,19,3,337,263,3,38,0,8,0,312,40,0,5,0,3,0,48,5,0,3,3,3,0,14,11,0,5,0,3,0,19,31,23,23,0,29,3,109,1155,305,302,71,199,68,2100
LGA15700,33,5,326,189,46,114,15,20,3,387,152,9,107,3,4,0,275,245,20,64,4,10,3,346,216,10,38,0,3,0,267,55,3,12,0,3,0,73,6,0,0,0,3,0,9,3,0,0,0,0,0,3,6,0,0,0,4,0,10,16,19,20,5,3,5,68,968,310,497,101,104,82,2062
LGA15750,51,8,395,75,72,89,10,40,7,293,34,10,53,3,14,0,114,39,4,48,0,22,0,113,53,5,29,0,5,0,92,36,0,17,0,6,0,59,9,0,7,0,3,0,19,0,0,0,0,0,0,0,3,0,9,0,3,0,15,8,3,23,3,38,8,83,401,227,481,42,272,106,1529
LGA15800,17,0,165,61,15,62,0,11,0,149,18,0,17,0,0,0,35,18,0,8,3,0,0,29,3,0,4,0,0,0,7,4,0,3,0,0,0,7,0,0,0,0,4,0,4,0,0,0,0,0,0,0,0,3,0,0,0,0,3,4,3,17,0,10,4,38,165,52,229,16,74,32,568
LGA15850,15,0,180,94,23,46,7,11,5,186,50,0,22,0,7,0,79,31,3,3,0,3,0,40,6,0,4,0,0,0,10,0,0,3,0,0,3,6,0,0,0,0,0,0,0,0,0,0,0,0,0,0,0,4,5,0,0,0,9,6,0,10,3,13,4,36,250,121,186,27,85,48,717
LGA15900,36,8,1379,817,385,533,63,43,9,1850,577,129,431,28,59,9,1233,1642,172,709,25,108,15,2671,3457,93,1089,24,106,16,4785,2587,13,633,9,44,17,3303,759,3,190,0,17,5,974,275,4,80,3,9,3,374,265,17,113,3,8,0,406,152,204,175,124,41,36,732,10810,3532,4516,468,520,321,20167
LGA15950,6,0,123,37,30,57,4,7,0,135,42,11,76,0,18,0,147,140,12,96,0,4,3,255,883,11,213,4,5,0,1116,2712,5,533,3,6,11,3270,2837,0,479,0,11,3,3330,1800,0,312,0,9,7,2128,2567,5,470,3,30,14,3089,197,36,94,11,20,17,375,11258,461,2536,44,143,142,14584
LGA16100,8,3,72,43,9,19,0,3,0,74,57,0,14,0,0,0,71,54,0,15,0,4,0,73,21,0,4,0,4,0,29,5,0,0,0,0,0,5,0,0,0,0,0,0,0,0,0,0,0,0,0,0,0,0,0,0,0,0,0,0,4,4,0,14,0,22,218,36,97,3,62,28,444
LGA16150,12,7,439,424,203,110,17,12,3,769,280,62,90,7,13,0,452,654,38,124,4,13,3,836,687,6,99,0,11,0,803,416,3,48,0,3,3,473,115,0,14,5,9,0,143,25,0,3,0,6,0,34,53,3,7,0,9,3,75,65,77,45,11,33,7,238,2836,913,672,89,146,66,4722
LGA16180,3,0,38,21,0,32,0,10,0,63,20,3,28,0,3,0,54,46,0,39,0,8,0,93,60,0,38,0,7,0,105,61,0,29,0,11,0,101,30,0,17,0,4,0,51,32,0,11,0,0,0,43,8,0,5,0,4,0,17,0,0,14,0,4,4,22,292,15,285,3,84,48,727
LGA16200,32,3,384,200,45,108,10,18,3,384,64,0,46,3,3,0,116,123,3,23,3,3,0,155,68,0,17,0,3,0,88,25,0,11,0,4,0,40,3,0,0,0,0,0,3,0,0,0,0,0,0,0,3,0,4,0,0,0,7,18,19,17,3,15,0,72,668,255,431,74,115,48,1591
LGA16250,29,8,1300,137,555,177,144,45,14,1072,165,162,163,46,74,4,614,620,224,283,49,87,8,1271,3353,245,670,39,134,22,4463,6236,126,809,19,119,35,7344,1866,6,289,6,34,7,2208,450,11,67,3,3,0,534,255,15,63,3,12,7,355,241,281,198,62,44,63,889,13394,4505,3032,680,639,317,22567
LGA16350,22,11,755,289,386,236,53,54,13,1031,521,161,314,39,78,3,1116,1251,268,546,36,46,6,2153,3812,161,882,27,54,25,4961,2615,29,450,5,38,17,3154,458,4,69,3,8,0,542,120,0,23,0,4,0,147,85,9,23,0,3,0,120,172,181,142,22,40,30,587,9388,2653,3003,296,385,263,15988
LGA16370,0,0,34,11,3,24,3,11,3,55,16,4,49,22,5,4,100,48,0,73,3,14,3,141,151,3,136,0,10,3,303,394,0,207,0,21,3,625,395,0,194,3,9,0,601,326,0,136,4,3,0,469,822,0,237,0,13,0,1072,51,0,62,8,11,7,139,2220,10,1245,65,112,128,3780
LGA16380,80,4,546,529,136,247,39,97,3,1051,394,69,227,4,40,4,738,932,40,316,12,31,7,1338,1329,21,369,16,29,5,1769,910,3,172,0,17,0,1102,174,3,26,3,8,0,214,34,3,6,0,3,0,46,39,3,19,0,6,0,67,56,55,73,22,50,18,274,4514,884,1742,186,417,175,7918
LGA16400,61,5,466,280,120,161,30,155,0,746,322,58,152,7,223,3,765,824,104,225,3,106,4,1266,1223,13,219,3,45,3,1506,715,0,122,0,13,3,853,137,0,26,0,3,0,166,31,0,6,0,9,0,46,48,3,19,0,8,0,78,60,46,41,20,47,9,223,3720,845,1173,147,724,121,6730
LGA16470,12,3,267,222,96,91,18,32,4,463,240,29,57,5,57,0,388,345,40,91,12,121,3,612,548,74,181,5,118,0,926,618,34,216,0,40,3,911,261,3,84,0,20,0,368,82,0,26,0,7,0,115,54,3,12,0,3,5,77,47,45,35,4,25,8,164,2464,694,883,91,450,72,4654
LGA16550,25,8,780,112,342,100,56,33,0,643,113,84,102,9,76,4,388,264,101,180,18,74,4,641,994,92,344,17,51,4,1502,3615,74,733,8,35,15,4480,3986,51,714,5,22,14,4792,2129,12,392,0,20,6,2559,2447,16,576,12,23,9,3083,232,242,192,30,31,40,767,13983,3116,3653,313,419,289,21773
LGA16610,39,3,305,228,58,118,22,37,4,467,130,19,104,0,17,7,277,346,11,136,9,19,4,525,309,5,82,0,19,3,418,55,0,17,0,6,0,78,11,0,3,0,7,0,21,0,0,0,0,0,0,0,10,3,4,0,7,0,24,15,16,30,20,22,5,108,1184,274,646,117,203,88,2512
LGA16650,25,3,276,79,89,73,20,19,5,285,101,24,104,10,16,0,255,314,40,135,15,17,7,528,1539,21,292,12,41,11,1916,3114,28,463,3,44,13,3665,1566,13,267,3,32,3,1884,491,5,93,0,5,6,600,326,5,64,0,4,0,399,139,59,113,27,21,28,387,7712,777,1856,166,239,199,10949
LGA16700,10,3,514,54,190,98,61,29,0,432,87,46,76,20,60,0,289,397,51,149,43,30,0,670,1824,50,311,18,18,11,2232,3175,40,476,12,39,12,3754,1606,28,291,8,32,0,1965,753,4,137,8,6,12,920,504,7,159,9,14,5,698,141,92,132,37,32,32,466,8621,1458,2087,379,295,182,13022
LGA16900,28,3,533,219,264,129,19,19,9,659,205,98,148,11,17,3,482,430,212,206,15,20,6,889,954,69,273,3,31,7,1337,712,3,172,0,9,4,900,166,0,27,0,5,0,198,26,0,3,0,0,0,29,26,6,7,0,0,0,39,35,105,37,9,9,9,204,2829,1685,1121,89,150,93,5967
LGA16950,73,6,960,604,274,422,60,121,13,1494,615,111,331,21,153,6,1237,1334,80,402,29,94,10,1949,1230,23,254,12,39,3,1561,421,5,78,3,23,3,533,27,3,21,0,3,3,57,17,0,9,0,0,0,26,40,4,28,0,14,0,86,68,57,88,15,49,13,290,4592,1286,2078,290,661,222,9129
LGA17000,16,0,177,77,35,34,3,36,0,185,73,24,39,0,39,0,175,190,40,33,0,34,3,300,329,6,57,0,15,3,410,389,0,38,0,6,0,433,75,0,13,0,4,0,92,10,0,0,0,3,0,13,14,0,6,0,0,0,20,41,30,18,0,23,4,116,1230,372,329,10,208,65,2214
LGA17050,16,0,59,46,4,37,0,10,0,97,30,0,35,0,4,0,69,61,5,24,0,0,0,90,60,0,21,0,8,0,89,63,0,14,0,3,0,80,19,0,14,3,6,0,42,25,0,3,0,5,0,33,112,0,33,0,32,5,182,22,0,23,3,12,0,60,449,9,268,12,123,37,898
LGA17100,0,0,120,19,55,18,14,3,3,112,26,20,23,6,6,0,81,55,18,36,4,0,0,113,381,13,82,8,5,3,492,1183,21,143,8,21,5,1381,794,6,85,3,11,3,902,244,5,36,0,3,0,288,149,0,23,0,3,0,175,64,38,31,4,13,13,163,2946,463,566,93,73,65,4206
LGA17150,15,3,537,70,225,131,61,78,4,569,131,78,146,33,114,3,505,453,83,230,26,65,0,857,1749,100,523,9,54,13,2448,3857,58,670,16,55,14,4670,2007,9,333,3,20,9,2381,977,6,152,4,4,4,1147,748,9,152,3,13,3,928,134,112,127,38,47,20,478,10161,1782,2772,391,492,234,15832
LGA17200,16,9,1451,248,565,238,100,31,16,1198,368,154,223,41,28,3,817,1028,213,341,94,36,6,1718,2534,196,719,143,67,15,3674,5198,149,1067,61,89,22,6586,6459,48,1116,19,65,28,7735,5490,32,922,11,55,30,6540,7614,69,1533,26,109,42,9393,544,453,337,56,103,97,1590,29693,6504,7052,803,676,494,45222
LGA17310,46,7,768,658,170,277,30,56,8,1199,436,90,201,5,31,4,767,809,31,223,6,28,5,1102,800,3,176,7,24,3,1013,269,0,52,0,14,4,339,34,0,3,0,3,0,40,8,0,0,0,0,0,8,18,3,16,0,3,0,40,54,50,50,9,47,19,229,3382,833,1365,104,360,190,6234
LGA17350,10,0,135,84,12,49,5,10,3,163,24,0,13,0,0,0,37,8,0,3,3,0,0,14,3,0,0,0,0,0,3,0,0,0,0,0,0,0,0,0,0,0,0,0,0,0,0,0,0,0,0,0,3,0,0,0,0,0,3,3,3,7,3,3,0,19,169,57,175,44,40,33,518
LGA17400,15,0,162,101,23,62,4,17,0,207,33,6,25,3,4,0,71,31,0,11,0,3,0,45,6,0,0,0,0,0,6,0,0,4,0,0,0,4,0,0,0,0,0,0,0,0,0,0,0,0,0,0,0,0,6,0,0,0,6,3,3,11,0,4,3,24,222,61,214,40,65,43,645
LGA17420,19,3,219,35,43,61,31,42,0,212,36,17,68,8,77,0,206,65,18,100,3,52,3,241,262,16,208,5,37,3,531,1561,21,350,7,24,7,1970,1892,8,242,4,8,13,2167,902,3,128,4,4,0,1041,756,3,102,9,8,9,887,114,23,115,24,40,21,337,5644,362,1654,173,368,200,8401
LGA17450,11,0,62,44,7,39,0,7,0,97,15,0,18,0,0,0,33,12,0,6,0,0,0,18,10,0,5,0,3,0,18,0,0,0,0,0,0,0,0,0,0,0,0,0,0,0,0,0,0,0,0,0,0,0,3,0,0,0,3,0,0,6,0,5,0,11,94,19,147,3,46,21,330
LGA17500,18,0,216,145,64,59,0,16,3,287,91,7,33,0,7,3,141,98,4,29,0,3,4,138,67,0,13,3,0,0,83,10,0,0,0,0,0,10,3,0,0,0,3,0,6,0,0,0,0,0,0,0,8,0,8,0,0,0,16,8,10,9,3,14,4,48,508,195,276,16,139,58,1192
LGA17550,129,0,642,186,126,309,28,119,11,779,218,25,284,15,44,4,590,665,51,405,7,46,8,1182,1629,29,687,13,79,21,2458,1610,17,480,11,63,15,2196,405,3,106,0,9,0,523,100,3,31,3,3,5,145,91,8,39,0,14,0,152,79,64,108,25,49,16,341,5064,929,2808,182,582,256,9821
LGA17620,36,4,219,115,27,89,6,35,0,272,85,18,56,3,10,4,176,95,17,54,6,10,0,182,112,4,40,0,8,0,164,49,0,19,0,3,0,71,4,0,0,0,0,0,4,0,0,4,0,3,0,7,0,0,8,0,3,0,11,13,6,32,4,45,10,110,539,146,458,46,289,131,1609
LGA17640,8,0,63,37,4,40,6,7,0,94,32,3,23,0,0,0,58,18,0,14,0,3,3,38,15,0,8,0,0,0,23,3,0,3,0,0,0,6,3,0,3,0,3,0,9,0,0,0,0,0,0,0,0,3,6,0,0,0,9,0,3,11,4,8,3,29,122,17,217,20,66,54,496
LGA17650,10,3,89,51,3,39,0,10,3,106,25,3,13,0,4,0,45,36,0,10,0,0,0,46,17,0,12,0,0,0,29,13,0,0,0,0,0,13,0,0,0,0,0,0,0,0,0,0,0,3,0,3,0,0,3,0,0,0,3,0,3,4,0,10,0,17,170,18,176,3,72,28,467
LGA17700,3,0,20,3,0,6,0,0,0,9,0,0,3,0,0,0,3,0,0,0,0,0,0,0,0,0,0,0,0,0,0,0,0,0,0,0,0,0,0,0,0,0,0,0,0,0,0,0,0,0,0,0,0,0,0,0,0,0,0,0,0,0,0,3,0,3,3,9,42,4,17,10,85
LGA17750,20,6,717,627,223,226,23,93,12,1204,330,85,187,3,177,3,785,864,38,269,6,80,5,1262,1022,13,245,0,50,8,1338,508,3,88,0,20,5,624,104,0,18,0,10,0,132,11,3,11,0,3,0,28,27,4,10,0,3,0,44,65,68,63,11,49,7,263,3802,1180,1372,108,569,148,7179
LGA17800,9,3,111,41,0,36,0,11,0,88,7,0,5,0,4,0,16,0,0,5,0,0,0,5,5,0,3,0,0,0,8,3,0,0,0,0,0,3,0,0,0,0,4,0,4,0,0,0,0,0,0,0,3,0,3,0,0,0,6,0,0,11,3,11,3,28,97,9,164,6,80,35,391
LGA17850,5,3,84,25,5,22,3,3,3,61,10,0,10,3,0,0,23,0,0,0,0,0,0,0,0,0,0,0,0,0,0,0,0,0,0,0,0,0,0,0,0,0,0,0,0,0,0,0,0,0,0,0,0,0,3,0,3,0,6,0,5,5,0,13,0,23,56,35,111,6,64,50,322
LGA17900,28,8,254,37,27,38,22,17,0,141,9,3,10,3,4,0,29,6,0,5,0,6,0,17,0,0,0,0,0,0,0,0,0,4,0,5,0,9,3,0,0,0,0,0,3,0,0,0,0,0,0,0,3,0,0,0,3,0,6,3,11,20,6,37,3,80,84,174,204,125,266,110,963
LGA17950,18,0,138,11,4,29,0,3,0,47,0,0,0,0,6,0,6,4,0,0,0,0,0,4,0,0,0,0,0,0,0,0,0,0,0,0,0,0,0,0,0,0,0,0,0,0,0,0,0,0,0,0,0,0,3,0,0,0,3,0,4,8,0,10,4,26,27,52,131,26,90,45,371
LGA18000,34,19,408,25,77,76,53,16,3,250,39,28,93,21,26,4,211,155,32,150,7,25,0,369,715,31,338,12,33,12,1141,2488,22,668,15,45,13,3251,1990,18,505,0,23,10,2546,1103,17,306,3,17,0,1446,1760,4,466,8,13,13,2264,146,84,125,42,25,31,453,8456,897,2965,414,288,270,13290
LGA18020,32,5,287,107,18,83,3,18,0,229,11,3,11,0,0,3,28,8,0,8,0,0,0,16,5,0,0,0,0,0,5,0,0,0,4,0,0,4,0,0,0,0,0,0,0,0,0,0,0,0,0,0,3,0,3,0,0,0,6,0,8,22,3,16,4,53,202,92,394,30,136,77,931
LGA18050,0,3,160,32,40,40,12,3,0,127,52,6,53,5,9,0,125,201,14,88,5,8,3,319,592,14,210,3,23,12,854,1619,9,405,8,16,12,2069,1987,6,472,3,15,8,2491,1426,4,341,3,16,3,1793,2237,9,715,5,25,14,3005,156,29,122,18,17,42,384,8368,453,2619,109,139,207,11895
LGA18100,7,4,104,28,0,28,0,5,0,61,3,0,7,0,0,0,10,0,0,5,0,0,0,5,0,0,0,0,0,0,0,0,0,0,0,0,0,0,0,0,0,0,0,0,0,0,0,0,0,0,0,0,0,0,3,0,0,0,3,0,0,9,0,3,0,12,75,18,145,26,33,22,319
LGA18150,22,0,280,136,13,49,3,8,3,212,49,0,18,0,4,0,71,40,0,14,0,3,0,57,4,0,4,0,0,0,8,0,0,0,0,0,0,0,0,0,5,0,0,0,5,0,0,0,0,0,0,0,3,0,3,0,0,0,6,4,6,14,3,10,3,40,335,124,229,70,84,48,890
LGA18200,22,3,156,78,12,44,46,18,0,198,27,3,12,0,0,3,45,29,0,14,0,0,0,43,9,3,3,0,0,0,15,4,3,3,0,5,0,15,0,0,0,0,0,0,0,0,0,3,0,0,0,3,0,0,3,0,0,0,3,4,0,3,0,12,3,22,206,43,186,73,118,40,666
LGA18250,3,3,141,20,31,40,17,9,3,120,23,18,33,6,9,0,89,57,14,56,4,9,0,140,198,18,96,3,9,0,324,1279,18,231,7,12,3,1550,2046,4,291,4,11,7,2363,1001,5,179,3,9,5,1202,1635,3,291,0,26,3,1958,122,25,94,16,34,11,302,6426,398,1488,103,149,132,8696
LGA18350,25,3,270,155,99,109,38,27,9,437,135,30,83,7,19,3,277,356,67,129,19,9,3,583,496,39,148,11,20,3,717,460,3,78,3,4,0,548,155,3,30,0,0,0,188,61,3,7,0,3,0,74,47,0,13,3,4,0,67,32,18,38,11,30,11,140,1951,389,804,155,188,135,3622
LGA18400,25,0,117,70,22,60,18,12,3,185,76,6,68,10,11,0,171,242,18,93,3,13,0,369,377,18,90,3,10,3,501,266,4,66,4,7,3,350,105,0,21,0,0,0,126,39,0,13,0,0,0,52,25,0,10,0,10,0,45,24,10,38,10,21,6,109,1236,132,591,86,150,98,2293
LGA18450,100,14,1944,1030,802,533,63,79,24,2531,829,299,408,31,57,7,1631,1810,425,616,29,73,18,2971,2964,275,827,17,72,20,4175,2318,34,538,10,24,9,2933,829,8,180,0,11,7,1035,282,9,60,3,4,0,358,148,35,77,3,15,6,284,153,347,164,48,49,32,793,10732,5827,3965,376,542,367,21809
LGA18500,3,3,74,27,7,28,0,4,0,66,46,0,44,0,8,0,98,151,3,60,5,11,0,230,381,3,116,3,3,3,509,858,3,232,3,10,3,1109,1064,0,246,0,10,8,1328,875,0,255,0,5,3,1138,2117,0,624,0,14,11,2766,135,3,81,13,14,15,261,5693,75,1839,63,101,171,7942
LGA18550,176,11,963,633,280,413,83,158,20,1587,728,85,436,21,60,11,1341,2340,100,711,31,62,18,3262,3501,70,764,19,66,20,4440,1718,12,290,3,29,8,2060,255,4,52,0,11,5,327,68,0,22,0,5,0,95,59,5,27,5,12,0,108,143,104,128,24,49,33,481,9608,1763,3251,318,669,320,15929
LGA18710,13,3,83,28,9,54,6,10,0,107,38,9,29,0,7,0,83,62,13,50,0,8,0,133,118,0,57,0,4,0,179,51,0,58,0,14,0,123,26,0,26,0,6,0,58,11,0,4,0,0,0,15,7,0,4,0,0,0,11,0,7,19,3,16,3,48,354,71,392,39,108,46,1010
LGA18750,13,3,204,223,37,82,5,11,3,361,127,6,54,0,3,0,190,170,0,17,3,0,3,193,64,0,8,0,3,0,75,5,0,4,0,0,0,9,3,0,0,0,0,0,3,0,0,3,0,0,0,3,0,3,4,0,0,0,7,5,8,21,0,5,3,42,696,123,304,26,73,56,1278
LGA19399,7,0,21,0,0,8,0,0,0,8,0,0,7,0,3,0,10,0,0,0,0,0,0,0,0,0,8,0,0,0,8,0,0,5,0,0,0,5,0,0,0,0,0,0,0,0,0,0,0,0,0,0,0,0,0,0,0,0,0,0,0,5,0,10,0,15,0,8,45,5,59,17,134
