region_id,Age_years_74_2011_Census_Persons,Age_years_70_74_years_2001_Census_Males,Age_years_70_74_years_2001_Census_Females,Age_years_70_74_years_2001_Census_Persons,Age_years_70_74_years_2006_Census_Males,Age_years_70_74_years_2006_Census_Females,Age_years_70_74_years_2006_Census_Persons,Age_years_70_74_years_2011_Census_Males,Age_years_70_74_years_2011_Census_Females,Age_years_70_74_years_2011_Census_Persons,Age_years_75_2001_Census_Males,Age_years_75_2001_Census_Females,Age_years_75_2001_Census_Persons,Age_years_75_2006_Census_Males,Age_years_75_2006_Census_Females,Age_years_75_2006_Census_Persons,Age_years_75_2011_Census_Males,Age_years_75_2011_Census_Females,Age_years_75_2011_Census_Persons,Age_years_76_2001_Census_Males,Age_years_76_2001_Census_Females,Age_years_76_2001_Census_Persons,Age_years_76_2006_Census_Males,Age_years_76_2006_Census_Females,Age_years_76_2006_Census_Persons,Age_years_76_2011_Census_Males,Age_years_76_2011_Census_Females,Age_years_76_2011_Census_Persons,Age_years_77_2001_Census_Males,Age_years_77_2001_Census_Females,Age_years_77_2001_Census_Persons,Age_years_77_2006_Census_Males,Age_years_77_2006_Census_Females,Age_years_77_2006_Census_Persons,Age_years_77_2011_Census_Males,Age_years_77_2011_Census_Females,Age_years_77_2011_Census_Persons,Age_years_78_2001_Census_Males,Age_years_78_2001_Census_Females,Age_years_78_2001_Census_Persons,Age_years_78_2006_Census_Males,Age_years_78_2006_Census_Females,Age_years_78_2006_Census_Persons,Age_years_78_2011_Census_Males,Age_years_78_2011_Census_Females,Age_years_78_2011_Census_Persons,Age_years_79_2001_Census_Males,Age_years_79_2001_Census_Females,Age_years_79_2001_Census_Persons,Age_years_79_2006_Census_Males,Age_years_79_2006_Census_Females,Age_years_79_2006_Census_Persons,Age_years_79_2011_Census_Males,Age_years_79_2011_Census_Females,Age_years_79_2011_Census_Persons,Age_years_75_79_years_2001_Census_Males,Age_years_75_79_years_2001_Census_Females,Age_years_75_79_years_2001_Census_Persons,Age_years_75_79_years_2006_Census_Males,Age_years_75_79_years_2006_Census_Females,Age_years_75_79_years_2006_Census_Persons,Age_years_75_79_years_2011_Census_Males,Age_years_75_79_years_2011_Census_Females,Age_years_75_79_years_2011_Census_Persons,Age_years_80_84_years_2001_Census_Males,Age_years_80_84_years_2001_Census_Females,Age_years_80_84_years_2001_Census_Persons,Age_years_80_84_years_2006_Census_Males,Age_years_80_84_years_2006_Census_Females,Age_years_80_84_years_2006_Census_Persons,Age_years_80_84_years_2011_Census_Males,Age_years_80_84_years_2011_Census_Females,Age_years_80_84_years_2011_Census_Persons,Age_years_85_years_and_over_2001_Census_Males,Age_years_85_years_and_over_2001_Census_Females,Age_years_85_years_and_over_2001_Census_Persons,Age_years_85_years_and_over_2006_Census_Males,Age_years_85_years_and_over_2006_Census_Females,Age_years_85_years_and_over_2006_Census_Persons,Age_years_85_years_and_over_2011_Census_Males,Age_years_85_years_and_over_2011_Census_Females,Age_years_85_years_and_over_2011_Census_Persons,Overseas_visitors_2001_Census_Males,Overseas_visitors_2001_Census_Females,Overseas_visitors_2001_Census_Persons,Overseas_visitors_2006_Census_Males,Overseas_visitors_2006_Census_Females,Overseas_visitors_2006_Census_Persons,Overseas_visitors_2011_Census_Males,Overseas_visitors_2011_Census_Females,Overseas_visitors_2011_Census_Persons,Total_2001_Census_Males,Total_2001_Census_Females,Total_2001_Census_Persons,Total_2006_Census_Males,Total_2006_Census_Females,Total_2006_Census_Persons,Total_2011_Census_Males,Total_2011_Census_Females,Total_2011_Census_Persons
LGA10050,292,650,784,1434,601,729,1330,737,887,1624,112,158,270,126,151,277,122,159,281,94,149,243,129,168,297,116,142,258,97,148,245,112,155,267,116,148,264,80,114,194,102,127,229,101,144,245,89,142,231,108,132,240,98,146,244,472,711,1183,577,733,1310,553,739,1292,266,542,808,384,621,1005,472,642,1114,219,523,742,232,601,833,322,741,1063,65,81,146,77,88,165,62,68,130,21515,22906,44421,22759,23906,46665,23064,24712,47776
LGA10110,146,269,351,620,302,358,660,375,438,813,39,77,116,51,76,127,63,71,134,48,64,112,58,76,134,54,74,128,47,59,106,48,70,118,46,66,112,39,52,91,61,64,125,46,67,113,40,59,99,36,72,108,45,67,112,213,311,524,254,358,612,254,345,599,141,233,374,171,239,410,190,299,489,112,234,346,119,263,382,159,306,465,84,130,214,75,95,170,144,170,314,11537,12597,24134,11523,12573,24096,11831,12967,24798
LGA10150,228,658,725,1383,644,673,1317,554,676,1230,120,138,258,114,131,245,131,126,257,106,125,231,100,123,223,114,125,239,89,135,224,99,124,223,134,132,266,83,125,208,103,115,218,89,110,199,88,122,210,99,113,212,83,116,199,486,645,1131,515,606,1121,551,609,1160,280,554,834,332,568,900,443,560,1003,251,776,1027,316,765,1081,357,836,1193,223,290,513,244,263,507,179,259,438,19302,20192,39494,19610,20502,40112,20179,21357,41536
LGA10200,268,675,844,1519,662,685,1347,762,770,1532,106,172,278,106,141,247,130,114,244,120,165,285,114,142,256,115,129,244,120,134,254,102,125,227,105,107,212,95,138,233,94,136,230,102,108,210,86,138,224,93,121,214,108,96,204,527,747,1274,509,665,1174,560,554,1114,345,504,849,361,578,939,365,528,893,204,407,611,226,474,700,281,570,851,287,241,528,302,351,653,335,482,817,29387,26992,56379,34156,31444,65600,38802,36118,74920
LGA10250,378,899,1004,1903,789,889,1678,872,1019,1891,156,217,373,147,192,339,146,173,319,165,177,342,157,195,352,148,181,329,126,180,306,159,193,352,122,167,289,165,196,361,150,169,319,154,172,326,136,161,297,154,213,367,135,161,296,748,931,1679,767,962,1729,705,854,1559,460,615,1075,581,793,1374,609,838,1447,252,512,764,367,669,1036,531,872,1403,95,106,201,98,122,220,92,103,195,18065,19153,37218,18740,20238,38978,19039,20606,39645
LGA10300,20,47,40,87,53,44,97,63,52,115,10,6,16,12,8,20,10,8,18,3,10,13,10,6,16,6,8,14,3,15,18,6,10,16,10,5,15,7,6,13,6,5,11,10,9,19,6,5,11,3,12,15,4,3,7,29,42,71,37,41,78,40,33,73,15,25,40,17,32,49,23,29,52,6,10,16,13,23,36,10,26,36,3,4,7,8,0,8,14,4,18,1515,1255,2770,1370,1200,2570,1274,1143,2417
LGA10350,1067,2935,3570,6505,2454,2904,5358,2609,2786,5395,537,718,1255,466,612,1078,457,505,962,504,696,1200,502,595,1097,415,528,943,486,655,1141,484,596,1080,419,508,927,437,584,1021,475,618,1093,397,506,903,437,562,999,451,614,1065,365,511,876,2401,3215,5616,2378,3035,5413,2053,2558,4611,1261,1886,3147,1731,2496,4227,1790,2486,4276,696,1355,2051,940,1764,2704,1374,2510,3884,343,420,763,334,414,748,375,524,899,81799,83805,165604,84027,86592,170619,90187,92777,182964
LGA10470,211,462,534,996,462,589,1051,580,583,1163,97,107,204,92,104,196,80,123,203,63,96,159,83,83,166,100,122,222,56,75,131,79,108,187,70,115,185,62,92,154,70,97,167,79,104,183,56,74,130,65,103,168,76,92,168,334,444,778,389,495,884,405,556,961,197,340,537,246,390,636,325,452,777,146,339,485,165,373,538,187,466,653,70,106,176,57,90,147,72,104,176,17220,17500,34720,18086,18132,36218,19444,19414,38858
LGA10550,319,802,824,1626,743,768,1511,932,853,1785,132,141,273,147,133,280,142,151,293,125,137,262,117,132,249,127,152,279,118,139,257,131,157,288,128,143,271,113,129,242,103,122,225,129,122,251,99,95,194,118,124,242,126,116,242,587,641,1228,616,668,1284,652,684,1336,333,402,735,424,478,902,451,512,963,178,313,491,245,401,646,313,511,824,36,41,77,44,37,81,49,58,107,15036,15488,30524,15542,16111,31653,15764,16369,32133
LGA10600,103,322,266,588,287,284,571,279,312,591,45,52,97,50,57,107,61,60,121,37,36,73,53,44,97,42,48,90,46,43,89,54,40,94,39,53,92,35,47,82,40,47,87,50,38,88,38,45,83,40,44,84,49,45,94,201,223,424,237,232,469,241,244,485,124,145,269,144,172,316,154,173,327,75,129,204,111,171,282,127,195,322,16,21,37,31,37,68,29,33,62,6095,6113,12208,6044,6407,12451,6049,6440,12489
LGA10650,85,200,199,399,188,181,369,236,233,469,41,41,82,45,32,77,45,36,81,31,25,56,52,29,81,43,32,75,29,31,60,33,38,71,33,26,59,21,27,48,25,37,62,33,31,64,17,33,50,17,35,52,28,34,62,139,157,296,172,171,343,182,159,341,79,131,210,118,129,247,137,146,283,62,112,174,66,139,205,97,161,258,9,8,17,14,11,25,8,4,12,3888,3821,7709,3936,3894,7830,3908,3915,7823
LGA10750,1159,2502,2938,5440,2606,3079,5685,3132,3412,6544,404,513,917,464,511,975,534,606,1140,374,510,884,444,567,1011,429,546,975,306,424,730,389,466,855,407,532,939,301,380,681,345,447,792,377,524,901,258,418,676,324,440,764,378,504,882,1643,2245,3888,1966,2431,4397,2125,2712,4837,746,1303,2049,1122,1773,2895,1428,1997,3425,424,1050,1474,574,1369,1943,845,1932,2777,496,673,1169,657,924,1581,771,1232,2003,127251,129113,256364,134962,137367,272329,149505,152390,301895
LGA10800,47,150,149,299,131,122,253,122,161,283,24,31,55,24,27,51,15,20,35,27,31,58,19,30,49,24,28,52,30,19,49,20,33,53,20,24,44,14,22,36,28,23,51,27,22,49,14,12,26,22,22,44,26,21,47,109,115,224,113,135,248,112,115,227,56,75,131,71,88,159,77,97,174,41,69,110,35,74,109,53,96,149,5,4,9,8,5,13,6,6,12,3254,3185,6439,3211,3062,6273,2971,2928,5899
LGA10850,66,137,121,258,122,121,243,145,150,295,17,15,32,29,30,59,29,27,56,13,20,33,25,14,39,22,18,40,13,11,24,22,30,52,23,22,45,10,7,17,16,16,32,16,12,28,9,14,23,12,11,23,21,29,50,62,67,129,104,101,205,111,108,219,24,61,85,43,66,109,83,93,176,19,52,71,16,63,79,31,63,94,9,15,24,6,4,10,3,3,6,3107,3034,6141,3158,3206,6364,3458,3415,6873
LGA10900,485,1033,1198,2231,1067,1229,2296,1241,1464,2705,194,251,445,181,200,381,198,250,448,179,247,426,171,211,382,206,266,472,161,226,387,168,208,376,163,178,341,154,214,368,149,228,377,154,225,379,148,206,354,153,203,356,188,205,393,836,1144,1980,822,1050,1872,909,1124,2033,451,844,1295,547,917,1464,621,859,1480,338,762,1100,352,875,1227,472,1069,1541,294,348,642,285,341,626,227,268,495,36098,38219,74317,35642,38068,73710,36389,39074,75463
LGA10950,37,55,56,111,70,50,120,77,72,149,6,12,18,10,11,21,12,14,26,8,8,16,11,7,18,11,5,16,6,9,15,3,8,11,7,10,17,4,7,11,11,11,22,8,10,18,7,9,16,5,8,13,12,6,18,31,45,76,40,45,85,50,45,95,20,31,51,14,36,50,25,39,64,10,26,36,12,28,40,17,33,50,4,0,4,0,4,4,7,9,16,1610,1479,3089,1535,1390,2925,1590,1429,3019
LGA11000,16,37,55,92,51,46,97,52,42,94,10,11,21,5,11,16,4,17,21,10,9,19,14,11,25,6,8,14,6,10,16,4,5,9,7,4,11,10,8,18,7,9,16,12,6,18,10,5,15,4,11,15,10,7,17,46,43,89,34,47,81,39,42,81,23,43,66,31,39,70,30,35,65,14,36,50,18,57,75,31,57,88,4,3,7,0,6,6,6,5,11,1251,1218,2469,1240,1244,2484,1211,1171,2382
LGA11050,28,50,51,101,47,57,104,63,48,111,7,13,20,10,5,15,11,4,15,5,9,14,13,10,23,4,12,16,4,5,9,5,18,23,6,5,11,9,9,18,11,7,18,3,17,20,3,5,8,7,8,15,7,10,17,28,41,69,46,48,94,31,48,79,24,30,54,15,31,46,28,42,70,17,28,45,17,24,41,14,32,46,7,0,7,3,8,11,0,0,0,1194,1137,2331,1129,1127,2256,1167,1154,2321
LGA11100,239,583,710,1293,586,606,1192,689,708,1397,95,122,217,113,134,247,123,117,240,110,108,218,97,135,232,98,114,212,67,109,176,105,144,249,98,115,213,63,103,166,83,101,184,91,117,208,62,100,162,82,111,193,79,100,179,397,542,939,480,625,1105,489,563,1052,237,382,619,286,424,710,366,497,863,173,351,524,187,401,588,213,452,665,148,177,325,165,176,341,216,276,492,17735,18162,35897,18057,18401,36458,19887,20289,40176
LGA11150,12,69,53,122,62,42,104,51,66,117,11,8,19,8,5,13,19,12,31,6,7,13,7,8,15,7,9,16,13,8,21,11,14,25,16,4,20,3,3,6,7,7,14,6,8,14,3,8,11,7,3,10,10,9,19,36,34,70,40,37,77,58,42,100,11,19,30,12,19,31,26,36,62,9,12,21,9,17,26,6,11,17,4,5,9,16,14,30,12,8,20,2067,1842,3909,1742,1596,3338,1622,1546,3168
LGA11200,8,29,24,53,12,26,38,17,16,33,5,3,8,9,5,14,5,5,10,3,6,9,4,4,8,3,4,7,4,4,8,7,3,10,3,3,6,3,0,3,3,3,6,3,3,6,3,3,6,3,3,6,3,3,6,18,16,34,26,18,44,17,18,35,9,9,18,11,14,25,12,18,30,3,12,15,7,7,14,9,13,22,0,3,3,3,3,6,5,5,10,1106,958,2064,1011,952,1963,919,893,1812
LGA11250,177,517,539,1056,419,491,910,382,467,849,79,84,163,93,103,196,72,101,173,72,79,151,85,85,170,74,86,160,45,69,114,75,94,169,65,77,142,56,78,134,83,90,173,53,69,122,45,70,115,77,92,169,68,98,166,297,380,677,413,464,877,332,431,763,155,319,474,188,301,489,264,380,644,94,309,403,112,337,449,156,337,493,49,40,89,21,23,44,30,19,49,9924,10439,20363,9412,9944,19356,9163,9642,18805
LGA11300,175,510,586,1096,462,553,1015,483,541,1024,95,121,216,96,109,205,76,109,185,73,101,174,116,119,235,87,108,195,76,103,179,86,113,199,85,91,176,67,95,162,92,105,197,79,95,174,71,104,175,71,88,159,79,98,177,382,524,906,461,534,995,406,501,907,215,414,629,321,455,776,358,468,826,173,378,551,230,477,707,283,512,795,278,301,579,185,277,462,211,275,486,14615,15345,29960,15337,16104,31441,16116,16786,32902
LGA11350,157,460,502,962,396,473,869,451,456,907,89,89,178,75,87,162,68,68,136,97,89,186,81,99,180,62,78,140,73,89,162,71,97,168,65,81,146,63,81,144,76,93,169,59,77,136,60,90,150,57,62,119,54,65,119,382,438,820,360,438,798,308,369,677,213,305,518,274,365,639,235,338,573,129,248,377,164,293,457,204,363,567,670,659,1329,408,500,908,454,519,973,15037,15208,30245,14874,15451,30325,15089,15875,30964
LGA11400,102,241,219,460,261,239,500,289,246,535,34,47,81,38,52,90,47,58,105,38,47,85,38,31,69,40,39,79,26,41,67,46,35,81,43,51,94,26,43,69,38,33,71,43,37,80,30,35,65,27,26,53,37,35,72,154,213,367,187,177,364,210,220,430,77,131,208,106,169,275,136,148,284,68,144,212,66,146,212,79,159,238,11,14,25,8,8,16,52,40,92,5995,5893,11888,6135,6080,12215,6303,6306,12609
LGA11450,243,353,448,801,477,493,970,611,702,1313,69,87,156,75,96,171,98,122,220,65,87,152,61,95,156,88,102,190,56,71,127,86,78,164,96,87,183,52,86,138,55,75,130,81,94,175,56,83,139,45,93,138,73,82,155,298,414,712,322,437,759,436,487,923,175,300,475,240,413,653,282,442,724,98,311,409,151,393,544,230,528,758,72,94,166,60,82,142,59,87,146,21626,22319,43945,24107,25241,49348,27583,28744,56327
LGA11500,615,1027,1372,2399,1131,1374,2505,1587,1700,3287,205,233,438,176,264,440,252,297,549,167,251,418,176,268,444,217,235,452,142,217,359,162,239,401,173,216,389,141,191,332,141,226,367,199,236,435,114,201,315,162,203,365,155,238,393,769,1093,1862,817,1200,2017,996,1222,2218,423,710,1133,537,883,1420,638,999,1637,214,554,768,301,696,997,446,930,1376,231,335,566,196,259,455,219,283,502,71831,74029,145860,70154,72684,142838,71479,74822,146301
LGA11520,436,1033,1241,2274,987,1160,2147,1120,1260,2380,185,223,408,199,227,426,190,242,432,173,245,418,219,230,449,189,213,402,143,222,365,176,224,400,175,231,406,147,209,356,180,218,398,184,203,387,144,234,378,155,211,366,155,204,359,792,1133,1925,929,1110,2039,893,1093,1986,514,791,1305,588,927,1515,766,1001,1767,326,743,1069,417,787,1204,533,1026,1559,221,307,528,235,326,561,278,445,723,28692,31153,59845,31591,34338,65929,36813,39350,76163
LGA11550,844,2125,2294,4419,2120,2190,4310,2146,2333,4479,368,455,823,381,398,779,424,414,838,339,425,764,392,426,818,405,423,828,290,347,637,326,411,737,371,402,773,292,383,675,331,379,710,335,373,708,249,378,627,302,367,669,304,346,650,1538,1988,3526,1732,1981,3713,1839,1958,3797,878,1335,2213,1070,1458,2528,1288,1559,2847,563,1124,1687,645,1224,1869,831,1367,2198,452,560,1012,405,542,947,426,595,1021,65170,65777,130947,64709,65720,130429,68870,69174,138044
LGA11600,23,54,47,101,64,50,114,73,39,112,6,9,15,5,5,10,15,8,23,10,6,16,8,9,17,10,9,19,6,5,11,7,11,18,5,6,11,3,7,10,19,12,31,3,5,8,8,6,14,5,5,10,5,5,10,33,33,66,44,42,86,38,33,71,19,20,39,26,27,53,24,30,54,13,22,35,16,18,34,10,24,34,13,5,18,29,19,48,35,20,55,1833,1488,3321,1648,1329,2977,1407,1214,2621
LGA11700,17,45,33,78,41,26,67,49,33,82,7,8,15,4,6,10,11,6,17,4,4,8,6,8,14,7,11,18,3,6,9,7,4,11,4,0,4,3,3,6,3,3,6,0,0,0,3,3,6,3,3,6,3,4,7,20,24,44,23,24,47,25,21,46,18,10,28,8,18,26,13,19,32,6,3,9,7,9,16,3,9,12,5,4,9,9,4,13,26,13,39,1601,1089,2690,1185,974,2159,1316,1071,2387
LGA11720,306,722,865,1587,664,788,1452,767,817,1584,131,166,297,127,150,277,144,142,286,106,155,261,123,138,261,112,160,272,105,173,278,121,153,274,103,140,243,95,139,234,96,135,231,114,151,265,90,134,224,98,163,261,100,121,221,527,767,1294,565,739,1304,573,714,1287,301,549,850,373,627,1000,397,612,1009,170,488,658,198,529,727,280,590,870,66,67,133,57,66,123,85,85,170,22338,22866,45204,22821,23321,46142,25269,25592,50861
LGA11730,512,1213,1150,2363,1214,1187,2401,1403,1283,2686,209,220,429,214,246,460,248,238,486,168,182,350,183,213,396,219,212,431,179,189,368,209,195,404,203,210,413,154,165,319,165,176,341,183,189,372,128,158,286,179,188,367,167,188,355,838,914,1752,950,1018,1968,1020,1037,2057,472,640,1112,577,768,1345,689,812,1501,269,535,804,345,703,1048,447,819,1266,74,97,171,66,74,140,59,67,126,23515,23674,47189,24092,24471,48563,24787,25475,50262
LGA11750,30,76,61,137,78,78,156,91,84,175,4,11,15,10,17,27,14,14,28,5,9,14,12,17,29,10,9,19,8,11,19,3,9,12,11,9,20,3,10,13,10,10,20,8,10,18,5,10,15,16,9,25,10,14,24,25,51,76,51,62,113,53,56,109,23,27,50,16,35,51,37,40,77,7,40,47,14,33,47,17,41,58,11,5,16,3,3,6,15,9,24,2698,2462,5160,2794,2399,5193,2700,2318,5018
LGA11800,598,1370,1374,2744,1345,1456,2801,1507,1648,3155,246,280,526,250,252,502,272,270,542,223,267,490,245,269,514,231,281,512,181,235,416,225,249,474,218,233,451,174,223,397,223,226,449,214,226,440,161,212,373,190,211,401,214,244,458,985,1217,2202,1133,1207,2340,1149,1254,2403,555,747,1302,724,1040,1764,861,972,1833,321,660,981,498,853,1351,634,1108,1742,215,242,457,181,229,410,219,281,500,30903,32310,63213,32424,34186,66610,34041,35973,70014
LGA11860,8,31,21,52,21,12,33,38,23,61,7,3,10,3,3,6,8,3,11,7,3,10,10,0,10,3,3,6,3,0,3,0,0,0,3,0,3,3,3,6,4,3,7,3,3,6,0,0,0,3,3,6,3,4,7,20,9,29,20,9,29,20,13,33,8,5,13,8,12,20,9,8,17,6,6,12,14,3,17,6,4,10,3,0,3,0,0,0,6,6,12,1016,810,1826,890,764,1654,811,708,1519
LGA12000,38,90,68,158,79,89,168,105,91,196,10,17,27,15,12,27,12,17,29,13,15,28,15,13,28,22,14,36,11,17,28,14,11,25,18,16,34,11,16,27,16,14,30,8,18,26,9,9,18,19,7,26,3,16,19,54,74,128,79,57,136,63,81,144,30,50,80,42,61,103,59,51,110,21,45,66,19,66,85,31,70,101,3,4,7,3,5,8,0,3,3,1982,1930,3912,1928,1987,3915,1940,2037,3977
LGA12050,70,144,183,327,174,166,340,198,225,423,32,28,60,21,40,61,30,39,69,25,36,61,26,42,68,34,25,59,30,26,56,17,34,51,32,32,64,25,21,46,28,24,52,36,26,62,16,35,51,31,36,67,27,29,56,128,146,274,123,176,299,159,151,310,76,107,183,99,139,238,92,143,235,40,108,148,58,122,180,91,160,251,14,28,42,19,20,39,11,13,24,4916,4867,9783,5001,4883,9884,4949,4856,9805
LGA12150,31,97,98,195,88,75,163,79,85,164,18,9,27,20,15,35,10,19,29,12,7,19,14,9,23,18,13,31,8,21,29,12,21,33,15,11,26,14,10,24,15,13,28,13,15,28,10,11,21,5,16,21,12,12,24,62,58,120,66,74,140,68,70,138,27,45,72,47,45,92,50,60,110,15,44,59,18,50,68,23,47,70,15,15,30,4,7,11,7,6,13,2332,2274,4606,2110,2088,4198,2041,1977,4018
LGA12200,92,154,191,345,153,150,303,216,222,438,23,38,61,17,49,66,22,41,63,29,24,53,39,36,75,29,29,58,21,25,46,25,36,61,31,20,51,14,26,40,27,31,58,26,20,46,20,21,41,28,29,57,29,33,62,107,134,241,136,181,317,137,143,280,55,113,168,79,117,196,108,160,268,27,100,127,42,108,150,57,138,195,0,8,8,8,10,18,12,7,19,3429,3701,7130,3422,3719,7141,3471,3714,7185
LGA12300,132,308,297,605,317,303,620,309,340,649,47,51,98,63,65,128,68,64,132,54,66,120,59,64,123,57,57,114,50,32,82,45,40,85,43,38,81,47,50,97,45,58,103,45,41,86,31,49,80,46,45,91,42,52,94,229,248,477,258,272,530,255,252,507,109,134,243,183,213,396,198,185,383,51,108,159,68,143,211,114,177,291,7,9,16,10,11,21,10,8,18,5405,5255,10660,5513,5578,11091,5493,5491,10984
LGA12350,147,263,281,544,252,272,524,359,344,703,45,48,93,55,60,115,46,59,105,58,46,104,48,53,101,48,47,95,36,52,88,30,50,80,43,58,101,30,44,74,47,56,103,34,41,75,29,37,66,35,43,78,38,38,76,198,227,425,215,262,477,209,243,452,99,172,271,158,177,335,170,209,379,69,149,218,76,170,246,114,206,320,13,25,38,29,23,52,15,28,43,6233,6229,12462,6145,6212,12357,6038,6100,12138
LGA12500,82,166,180,346,148,167,315,179,181,360,33,31,64,32,30,62,41,32,73,26,29,55,26,41,67,25,35,60,19,36,55,29,50,79,27,42,69,26,34,60,34,26,60,28,25,53,18,30,48,25,26,51,9,35,44,122,160,282,146,173,319,130,169,299,57,104,161,95,135,230,111,133,244,47,103,150,37,108,145,75,138,213,0,3,3,3,6,9,7,9,16,3849,3935,7784,3599,3748,7347,3464,3636,7100
LGA12600,253,506,596,1102,535,638,1173,660,691,1351,85,112,197,100,110,210,99,122,221,89,121,210,99,99,198,78,119,197,60,93,153,107,114,221,96,90,186,70,96,166,96,106,202,87,114,201,53,78,131,81,110,191,82,127,209,357,500,857,483,539,1022,442,572,1014,186,332,518,263,452,715,364,456,820,115,300,415,181,363,544,231,485,716,38,56,94,38,44,82,45,54,99,18250,19409,37659,18325,19625,37950,19137,20342,39479
LGA12700,68,137,144,281,164,124,288,194,190,384,23,27,50,22,22,44,35,27,62,24,28,52,26,20,46,33,21,54,26,25,51,25,26,51,27,21,48,15,28,43,17,25,42,18,15,33,7,21,28,14,21,35,22,24,46,95,129,224,104,114,218,135,108,243,61,89,150,66,103,169,75,93,168,30,89,119,46,97,143,55,110,165,12,14,26,11,12,23,3,11,14,3978,3923,7901,3941,4021,7962,4105,4107,8212
LGA12750,363,1029,1026,2055,979,976,1955,1103,1084,2187,164,177,341,176,191,367,178,197,375,184,171,355,150,168,318,187,175,362,127,150,277,165,175,340,159,162,321,162,146,308,188,168,356,161,154,315,143,137,280,145,145,290,156,152,308,780,781,1561,824,847,1671,841,840,1681,429,514,943,521,660,1181,614,687,1301,212,370,582,334,515,849,421,719,1140,51,79,130,53,66,119,64,76,140,16329,16808,33137,16965,17696,34661,17411,18065,35476
LGA12850,1017,2376,2665,5041,2425,2717,5142,2679,2918,5597,393,491,884,428,482,910,441,500,941,331,442,773,471,501,972,410,515,925,319,425,744,369,465,834,431,479,910,274,395,669,345,430,775,389,449,838,236,369,605,312,394,706,377,480,857,1553,2122,3675,1925,2272,4197,2048,2423,4471,746,1174,1920,1115,1605,2720,1462,1864,3326,484,932,1416,608,1184,1792,914,1575,2489,288,348,636,259,311,570,294,361,655,90716,91220,181936,88952,90979,179931,92468,95459,187927
LGA12900,94,169,181,350,197,213,410,204,205,409,31,22,53,36,30,66,39,44,83,27,42,69,29,37,66,39,37,76,23,33,56,22,34,56,27,30,57,29,35,64,25,37,62,22,33,55,19,30,49,22,31,53,30,45,75,129,162,291,134,169,303,157,189,346,97,145,242,93,141,234,101,145,246,55,131,186,63,145,208,68,153,221,6,10,16,10,9,19,13,4,17,4871,4836,9707,4618,4713,9331,4489,4592,9081
LGA12950,51,109,105,214,91,89,180,126,130,256,17,24,41,19,17,36,19,22,41,22,18,40,24,18,42,13,15,28,20,16,36,22,14,36,15,13,28,14,13,27,13,16,29,15,21,36,9,15,24,13,15,28,8,13,21,82,86,168,91,80,171,70,84,154,39,62,101,55,73,128,61,77,138,27,57,84,25,66,91,43,68,111,3,0,3,0,0,0,4,0,4,2300,2412,4712,2222,2332,4554,2091,2264,4355
LGA13010,77,185,202,387,201,199,400,237,229,466,29,25,54,33,44,77,27,47,74,20,33,53,33,35,68,35,28,63,28,36,64,27,36,63,37,34,71,21,28,49,41,39,80,33,32,65,18,34,52,28,32,60,29,36,65,116,156,272,162,186,348,161,177,338,85,138,223,84,133,217,110,165,275,49,114,163,62,154,216,73,150,223,11,14,25,4,7,11,10,16,26,4241,4270,8511,4366,4400,8766,4276,4297,8573
LGA13050,48,137,125,262,120,145,265,140,131,271,20,14,34,28,26,54,17,33,50,12,18,30,21,20,41,19,28,47,13,15,28,23,28,51,16,31,47,25,14,39,20,23,43,14,23,37,9,22,31,18,23,41,18,17,35,79,83,162,110,120,230,84,132,216,51,70,121,63,65,128,87,103,190,28,66,94,50,83,133,59,83,142,3,3,6,9,11,20,7,3,10,2340,2348,4688,2370,2430,4800,2404,2373,4777
LGA13100,1237,3064,3788,6852,2795,3314,6109,3013,3501,6514,629,766,1395,540,662,1202,522,635,1157,587,750,1337,539,729,1268,500,691,1191,536,724,1260,550,714,1264,480,587,1067,502,675,1177,544,719,1263,458,597,1055,496,698,1194,491,670,1161,482,612,1094,2750,3613,6363,2664,3494,6158,2442,3122,5564,1735,2713,4448,2039,3060,5099,2095,2975,5070,1004,2027,3031,1407,2581,3988,1770,3340,5110,240,369,609,268,415,683,234,315,549,74683,79971,154654,75103,80852,155955,77206,83409,160615
LGA13310,195,519,510,1029,470,488,958,552,580,1132,73,90,163,83,97,180,90,99,189,62,108,170,89,111,200,88,108,196,59,89,148,69,80,149,73,85,158,52,62,114,62,85,147,78,83,161,55,85,140,72,67,139,59,96,155,301,434,735,375,440,815,388,471,859,169,272,441,195,364,559,288,406,694,94,258,352,126,298,424,180,388,568,21,35,56,58,42,100,41,49,90,13544,13195,26739,13856,13104,26960,14111,13625,27736
LGA13320,497,1141,1125,2266,1151,1133,2284,1319,1304,2623,209,208,417,215,223,438,260,227,487,173,210,383,199,205,404,177,195,372,176,180,356,218,186,404,203,228,431,161,153,314,185,186,371,195,184,379,158,174,332,171,180,351,163,206,369,877,925,1802,988,980,1968,998,1040,2038,450,602,1052,652,731,1383,774,805,1579,217,406,623,341,614,955,506,842,1348,52,66,118,47,57,104,44,56,100,15451,15933,31384,16328,16788,33116,16827,17734,34561
LGA13340,76,190,180,370,142,167,309,213,185,398,27,23,50,40,31,71,27,38,65,31,31,62,29,30,59,25,37,62,28,17,45,30,33,63,25,20,45,25,28,53,33,35,68,18,22,40,19,25,44,24,31,55,22,26,48,130,124,254,156,160,316,117,143,260,64,100,164,107,105,212,110,124,234,56,104,160,51,118,169,88,122,210,14,5,19,8,18,26,7,12,19,4608,4551,9159,4844,4712,9556,4903,4793,9696
LGA13380,474,1034,1017,2051,1041,1048,2089,1263,1269,2532,179,194,373,187,172,359,224,219,443,187,180,367,178,193,371,200,199,399,139,166,305,180,179,359,163,180,343,122,158,280,177,189,366,181,179,360,115,131,246,135,169,304,162,183,345,742,829,1571,857,902,1759,930,960,1890,442,611,1053,540,696,1236,679,772,1451,247,524,771,327,617,944,454,799,1253,41,64,105,26,56,82,41,51,92,20979,21964,42943,21870,22760,44630,22287,23618,45905
LGA13450,159,355,396,751,367,397,764,411,395,806,65,98,163,60,76,136,75,72,147,61,76,137,52,53,105,59,73,132,47,69,116,60,64,124,68,74,142,54,51,105,59,92,151,55,83,138,37,61,98,67,72,139,69,70,139,264,355,619,298,357,655,326,372,698,130,203,333,208,299,507,255,311,566,81,188,269,104,222,326,163,305,468,45,43,88,77,81,158,115,61,176,12039,11766,23805,11928,11868,23796,12399,12112,24511
LGA13500,39,71,81,152,66,75,141,110,87,197,15,11,26,11,17,28,9,21,30,8,18,26,11,11,22,12,13,25,15,9,24,13,7,20,12,13,25,13,16,29,11,14,25,11,8,19,5,12,17,7,17,24,17,12,29,56,66,122,53,66,119,61,67,128,31,44,75,34,54,88,39,50,89,21,48,69,25,56,81,34,51,85,7,3,10,3,4,7,4,3,7,1919,1807,3726,1871,1870,3741,1885,1806,3691
LGA13550,107,221,237,458,243,247,490,261,262,523,37,45,82,30,44,74,52,62,114,36,44,80,48,39,87,46,38,84,36,42,78,35,36,71,32,42,74,23,36,59,35,54,89,45,42,87,28,39,67,34,41,75,36,39,75,160,206,366,182,214,396,211,223,434,89,136,225,106,161,267,140,182,322,57,141,198,68,124,192,85,185,270,5,12,17,5,8,13,20,11,31,5882,5964,11846,5767,5753,11520,6196,6007,12203
LGA13650,25,95,86,181,82,81,163,85,92,177,10,12,22,12,18,30,14,21,35,13,9,22,25,12,37,9,7,16,8,12,20,12,15,27,23,15,38,14,16,30,15,12,27,8,17,25,8,11,19,10,17,27,5,13,18,53,60,113,74,74,148,59,73,132,37,47,84,33,43,76,51,68,119,21,45,66,24,43,67,29,57,86,0,5,5,19,4,23,12,5,17,2168,2037,4205,2151,2053,4204,2160,2130,4290
LGA13660,56,113,114,227,147,106,253,155,124,279,19,21,40,23,20,43,22,23,45,15,17,32,15,34,49,24,23,47,20,18,38,25,16,41,23,20,43,12,22,34,17,18,35,21,16,37,11,19,30,14,16,30,24,13,37,77,97,174,94,104,198,114,95,209,46,80,126,54,83,137,52,77,129,21,48,69,30,86,116,41,92,133,22,39,61,9,12,21,8,6,14,2848,2735,5583,2723,2643,5366,2474,2411,4885
LGA13700,31,90,90,180,82,76,158,110,97,207,18,21,39,19,15,34,8,22,30,15,12,27,15,13,28,15,12,27,12,17,29,15,13,28,14,20,34,11,5,16,11,14,25,11,11,22,8,7,15,5,11,16,13,10,23,64,62,126,65,66,131,61,75,136,31,57,88,45,49,94,57,51,108,18,36,54,23,53,76,31,56,87,0,0,0,4,0,4,0,6,6,1864,1868,3732,1737,1759,3496,1719,1770,3489
LGA13800,334,674,698,1372,623,705,1328,859,901,1760,96,123,219,122,130,252,123,156,279,92,116,208,126,127,253,118,117,235,82,106,188,117,138,255,91,139,230,77,115,192,95,110,205,101,116,217,62,101,163,86,116,202,84,94,178,409,561,970,546,621,1167,517,622,1139,264,423,687,321,470,791,398,524,922,135,346,481,208,487,695,291,581,872,77,109,186,87,110,197,95,105,200,30375,30698,61073,30467,30454,60921,31046,31172,62218
LGA13850,36,54,59,113,86,68,154,82,78,160,12,10,22,11,8,19,21,16,37,13,12,25,6,14,20,11,14,25,5,3,8,9,12,21,20,13,33,7,8,15,5,13,18,10,10,20,10,6,16,14,10,24,14,10,24,47,39,86,45,57,102,76,63,139,21,48,69,29,26,55,34,40,74,14,49,63,13,47,60,23,36,59,6,6,12,4,5,9,6,10,16,1832,1742,3574,1743,1706,3449,1544,1510,3054
LGA13950,553,1199,1453,2652,1151,1364,2515,1363,1452,2815,217,264,481,214,247,461,244,263,507,187,298,485,190,261,451,186,244,430,180,247,427,173,289,462,217,212,429,164,244,408,175,231,406,174,215,389,170,216,386,177,245,422,170,243,413,918,1269,2187,929,1273,2202,991,1177,2168,486,837,1323,639,1039,1678,720,1049,1769,300,694,994,376,823,1199,494,1066,1560,231,268,499,220,360,580,323,469,792,42430,43330,85760,44357,45516,89873,49117,50295,99412
LGA14000,945,1976,2331,4307,1901,2158,4059,2332,2626,4958,350,455,805,408,433,841,377,446,823,299,432,731,358,428,786,368,439,807,300,450,750,338,459,797,311,424,735,304,440,744,332,456,788,325,370,695,289,424,713,309,415,724,298,398,696,1542,2201,3743,1745,2191,3936,1679,2077,3756,965,1761,2726,1303,2072,3375,1416,1957,3373,682,2008,2690,954,2392,3346,1271,2538,3809,528,748,1276,531,711,1242,632,871,1503,70503,75465,145968,72442,77934,150376,75614,80465,156079
LGA14100,62,205,241,446,200,220,420,208,245,453,27,55,82,33,51,84,46,52,98,39,66,105,52,54,106,30,42,72,28,57,85,40,54,94,43,32,75,25,50,75,44,42,86,28,37,65,42,50,92,32,61,93,28,43,71,161,278,439,201,262,463,175,206,381,128,254,382,166,307,473,165,274,439,129,407,536,148,419,567,177,453,630,55,67,122,51,72,123,44,59,103,6395,6297,12692,6565,6658,13223,6454,6661,13115
LGA14150,455,1180,1441,2621,1168,1385,2553,1184,1393,2577,237,292,529,185,269,454,241,276,517,239,307,546,211,246,457,221,252,473,189,307,496,176,263,439,212,251,463,189,295,484,220,260,480,187,253,440,169,258,427,195,244,439,185,226,411,1023,1459,2482,987,1282,2269,1046,1258,2304,678,1104,1782,809,1184,1993,772,1125,1897,385,892,1277,526,1170,1696,686,1390,2076,258,375,633,253,340,593,315,475,790,34231,36411,70642,35676,38074,73750,38263,40822,79085
LGA14200,156,301,311,612,312,305,617,357,401,758,45,66,111,66,54,120,53,75,128,38,53,91,49,47,96,60,66,126,34,66,100,47,64,111,43,48,91,33,49,82,52,51,103,52,52,104,35,46,81,34,50,84,59,42,101,185,280,465,248,266,514,267,283,550,107,199,306,133,234,367,186,226,412,93,217,310,109,246,355,105,256,361,9,11,20,9,27,36,15,12,27,7426,7614,15040,7624,7969,15593,7837,8017,15854
LGA14250,8,41,31,72,28,26,54,46,36,82,5,7,12,8,6,14,3,3,6,8,4,12,6,8,14,3,4,7,5,3,8,9,4,13,3,0,3,3,0,3,3,7,10,3,8,11,0,3,3,9,3,12,3,3,6,21,17,38,35,28,63,15,18,33,7,17,24,22,17,39,28,26,54,4,8,12,9,21,30,14,16,30,6,3,9,0,3,3,5,4,9,947,841,1788,860,781,1641,759,666,1425
LGA14300,34,75,74,149,87,90,177,109,83,192,8,23,31,18,15,33,21,17,38,16,22,38,11,16,27,13,13,26,11,18,29,4,15,19,5,18,23,12,20,32,11,14,25,8,11,19,11,12,23,17,15,32,14,24,38,58,95,153,61,75,136,61,83,144,30,56,86,47,78,125,42,59,101,16,44,60,28,56,84,31,71,102,0,5,5,0,4,4,4,3,7,3091,2494,5585,3270,2499,5769,3256,2500,5756
LGA14350,265,613,594,1207,650,618,1268,752,693,1445,112,104,216,126,114,240,134,95,229,111,117,228,93,118,211,115,104,219,88,117,205,108,113,221,101,92,193,91,96,187,108,101,209,81,110,191,70,96,166,100,91,191,91,87,178,472,530,1002,535,537,1072,522,488,1010,255,306,561,318,439,757,380,432,812,124,248,372,180,286,466,262,464,726,20,27,47,26,24,50,37,39,76,13342,13592,26934,14035,13883,27918,14363,14189,28552
LGA14400,159,377,448,825,353,419,772,424,475,899,75,91,166,85,81,166,86,77,163,73,74,147,61,78,139,62,83,145,54,76,130,73,73,146,65,79,144,60,81,141,76,69,145,60,80,140,61,76,137,59,84,143,69,87,156,323,398,721,354,385,739,342,406,748,200,282,482,230,358,588,266,329,595,124,263,387,172,326,498,207,421,628,16,38,54,21,37,58,36,43,79,9281,9546,18827,9057,9542,18599,9572,10083,19655
LGA14450,344,800,987,1787,818,860,1678,843,945,1788,168,215,383,180,182,362,153,179,332,152,202,354,141,186,327,138,145,283,151,189,340,125,189,314,140,169,309,132,209,341,143,191,334,153,158,311,152,206,358,142,186,328,123,151,274,755,1021,1776,731,934,1665,707,802,1509,490,743,1233,558,803,1361,543,736,1279,313,722,1035,420,854,1274,477,880,1357,218,237,455,170,280,450,268,384,652,24418,25922,50340,25733,27467,53200,27560,29201,56761
LGA14500,741,1778,2107,3885,1639,1835,3474,1845,2063,3908,337,409,746,299,381,680,344,396,740,311,428,739,290,408,698,343,398,741,265,389,654,319,427,746,300,350,650,292,395,687,322,386,708,298,324,622,261,379,640,302,380,682,288,325,613,1466,2000,3466,1532,1982,3514,1573,1793,3366,909,1566,2475,1193,1753,2946,1284,1775,3059,667,1696,2363,874,1950,2824,1187,2324,3511,501,693,1194,460,614,1074,565,663,1228,47903,53443,101346,47722,52739,100461,51917,57192,109109
LGA14550,62,178,170,348,163,166,329,180,182,362,35,33,68,32,28,60,28,40,68,19,33,52,31,36,67,31,36,67,32,29,61,36,31,67,37,23,60,26,26,52,31,26,57,30,29,59,28,28,56,21,27,48,18,36,54,140,149,289,151,148,299,144,164,308,87,88,175,95,114,209,96,125,221,45,81,126,66,87,153,77,124,201,3,7,10,18,10,28,8,15,23,4664,4505,9169,4606,4556,9162,4541,4532,9073
LGA14600,55,149,139,288,161,121,282,149,170,319,19,24,43,26,26,52,28,23,51,18,30,48,28,29,57,26,21,47,29,21,50,22,31,53,28,24,52,16,23,39,19,22,41,14,20,34,17,25,42,13,24,37,35,17,52,99,123,222,108,132,240,131,105,236,47,75,122,77,96,173,87,99,186,36,69,105,36,97,133,56,101,157,5,3,8,7,9,16,12,10,22,3691,3497,7188,3297,3294,6591,3291,3203,6494
LGA14650,1452,3388,3850,7238,3318,3697,7015,3537,4095,7632,623,699,1322,643,750,1393,650,773,1423,597,704,1301,607,731,1338,606,669,1275,505,596,1101,579,676,1255,612,663,1275,487,650,1137,602,761,1363,531,643,1174,455,566,1021,487,623,1110,516,655,1171,2667,3215,5882,2918,3541,6459,2915,3403,6318,1456,2257,3713,2014,2756,4770,2235,3011,5246,830,1854,2684,1132,2435,3567,1718,3023,4741,175,259,434,210,276,486,199,243,442,86887,90732,177619,87838,92288,180126,90525,95474,185999
LGA14700,154,390,542,932,345,456,801,417,488,905,90,99,189,59,95,154,50,82,132,83,106,189,83,81,164,53,84,137,76,127,203,64,96,160,64,82,146,79,103,182,53,100,153,60,81,141,63,109,172,62,92,154,58,80,138,391,544,935,321,464,785,285,409,694,239,434,673,270,429,699,229,372,601,176,465,641,215,551,766,235,540,775,169,247,416,194,246,440,188,205,393,14870,15886,30756,14819,15713,30532,15500,16474,31974
LGA14750,69,155,192,347,192,190,382,190,213,403,38,29,67,25,39,64,26,43,69,22,31,53,25,33,58,29,38,67,24,37,61,24,26,50,35,38,73,25,40,65,24,29,53,29,26,55,15,29,44,20,30,50,34,26,60,124,166,290,118,157,275,153,171,324,64,96,160,82,132,214,76,128,204,44,100,144,51,103,154,63,127,190,23,22,45,17,22,39,18,22,40,5874,5595,11469,5695,5516,11211,5379,5557,10936
LGA14800,213,553,640,1193,557,608,1165,556,655,1211,92,124,216,93,117,210,98,113,211,83,123,206,81,95,176,74,121,195,93,89,182,72,112,184,78,92,170,79,103,182,86,83,169,83,100,183,68,108,176,73,94,167,88,99,187,415,547,962,405,501,906,421,525,946,248,392,640,271,386,657,297,412,709,166,431,597,176,373,549,193,450,643,340,393,733,222,303,525,244,291,535,23252,25453,48705,23198,25499,48697,24488,27461,51949
LGA14850,273,601,733,1334,616,694,1310,667,776,1443,118,152,270,123,161,284,105,124,229,102,118,220,95,145,240,108,142,250,90,111,201,96,137,233,101,116,217,88,110,198,102,107,209,103,113,216,88,112,200,101,115,216,105,119,224,486,603,1089,517,665,1182,522,614,1136,306,500,806,352,555,907,407,585,992,193,530,723,243,594,837,298,589,887,123,188,311,117,151,268,100,124,224,20288,21595,41883,20722,21892,42614,20908,21999,42907
LGA14870,154,323,336,659,343,358,701,405,423,828,48,71,119,74,79,153,74,68,142,53,54,107,57,67,124,60,74,134,47,60,107,54,72,126,63,57,120,42,44,86,48,51,99,54,55,109,45,63,108,49,57,106,61,59,120,235,292,527,282,326,608,312,313,625,119,212,331,145,255,400,210,272,482,61,144,205,94,218,312,99,268,367,9,15,24,11,24,35,20,36,56,9820,9512,19332,9851,9549,19400,10152,9717,19869
LGA14900,700,1405,1680,3085,1677,1898,3575,2000,2225,4225,228,309,537,266,347,613,330,387,717,241,295,536,289,361,650,302,363,665,183,212,395,242,299,541,272,338,610,160,217,377,184,269,453,222,287,509,141,191,332,195,244,439,233,292,525,953,1224,2177,1176,1520,2696,1359,1667,3026,460,758,1218,674,1038,1712,889,1256,2145,290,671,961,393,800,1193,538,1017,1555,272,382,654,203,319,522,311,512,823,77198,77089,154287,82004,82958,164962,89509,91178,180687
LGA14920,62,157,163,320,170,170,340,186,174,360,26,27,53,39,31,70,34,34,68,27,24,51,36,27,63,29,29,58,21,27,48,11,27,38,31,28,59,23,26,49,27,29,56,20,26,46,13,24,37,23,20,43,26,15,41,110,128,238,136,134,270,140,132,272,77,97,174,92,103,195,90,105,195,41,80,121,60,94,154,68,98,166,3,6,9,3,9,12,0,11,11,3740,3613,7353,3663,3648,7311,3692,3592,7284
LGA14950,22,81,72,153,54,52,106,61,72,133,13,11,24,13,11,24,15,8,23,10,10,20,6,13,19,13,16,29,14,9,23,15,10,25,11,5,16,9,12,21,17,10,27,9,8,17,4,5,9,9,8,17,8,4,12,50,47,97,60,52,112,56,41,97,31,42,73,35,40,75,51,44,95,24,34,58,28,45,73,31,60,91,0,3,3,3,3,6,3,6,9,1765,1631,3396,1584,1522,3106,1473,1404,2877
LGA15050,361,721,865,1586,766,939,1705,935,1051,1986,127,175,302,154,176,330,170,188,358,118,183,301,127,168,295,131,175,306,104,144,248,117,150,267,142,161,303,105,131,236,129,188,317,131,195,326,90,134,224,129,172,301,135,150,285,544,767,1311,656,854,1510,709,869,1578,323,497,820,433,688,1121,473,744,1217,170,449,619,258,556,814,329,737,1066,35,50,85,49,55,104,55,53,108,26388,27415,53803,29842,31378,61220,32820,34294,67114
LGA15150,205,551,762,1313,482,567,1049,529,588,1117,118,126,244,99,145,244,71,95,166,130,148,278,86,127,213,89,99,188,97,166,263,86,114,200,75,108,183,86,137,223,105,119,224,76,87,163,94,152,246,76,120,196,79,106,185,525,729,1254,452,625,1077,390,495,885,329,596,925,388,611,999,332,476,808,227,517,744,270,602,872,307,552,859,546,497,1043,465,459,924,350,371,721,18407,19180,37587,18151,19229,37380,19567,20649,40216
LGA15200,342,1007,973,1980,959,970,1929,949,1007,1956,158,166,324,133,169,302,163,179,342,138,160,298,181,166,347,167,190,357,135,148,283,169,161,330,158,168,326,106,147,253,135,141,276,152,176,328,87,130,217,130,137,267,136,134,270,624,751,1375,748,774,1522,776,847,1623,340,553,893,437,558,995,521,579,1100,275,600,875,264,516,780,332,569,901,415,427,842,335,420,755,325,381,706,36723,36708,73431,35533,36433,71966,37715,38610,76325
LGA15270,164,383,406,789,421,426,847,505,454,959,60,73,133,70,73,143,80,95,175,57,82,139,62,76,138,68,84,152,60,61,121,56,76,132,85,69,154,35,69,104,55,62,117,72,62,134,37,62,99,65,75,140,60,67,127,249,347,596,308,362,670,365,377,742,152,250,402,193,268,461,228,292,520,98,220,318,123,258,381,164,297,461,24,21,45,26,35,61,22,34,56,10782,10575,21357,10665,10450,21115,11352,10843,22195
LGA15300,74,187,204,391,237,203,440,263,219,482,36,29,65,40,52,92,49,27,76,28,32,60,30,39,69,35,37,72,21,23,44,31,23,54,25,25,50,21,29,50,23,28,51,34,31,65,21,31,52,23,33,56,24,29,53,127,144,271,147,175,322,167,149,316,64,92,156,90,106,196,89,133,222,30,69,99,40,85,125,52,109,161,42,15,57,6,10,16,44,23,67,8276,7461,15737,7317,6869,14186,6992,6698,13690
LGA15350,171,352,441,793,337,413,750,423,509,932,69,101,170,65,85,150,65,88,153,52,106,158,86,77,163,68,78,146,54,82,136,57,103,160,51,63,114,56,97,153,55,82,137,51,75,126,49,80,129,55,84,139,45,70,115,280,466,746,318,431,749,280,374,654,202,427,629,240,430,670,266,395,661,177,461,638,189,559,748,257,568,825,170,244,414,137,190,327,149,199,348,11875,14014,25889,11883,14202,26085,12686,14646,27332
LGA15500,75,129,133,262,169,168,337,227,205,432,28,22,50,34,32,66,31,36,67,19,19,38,21,31,52,32,30,62,15,29,44,33,20,53,30,32,62,21,24,45,25,30,55,42,25,67,18,24,42,21,26,47,22,39,61,101,118,219,134,139,273,157,162,319,55,64,119,87,116,203,106,114,220,29,40,69,39,80,119,62,85,147,7,6,13,15,14,29,9,8,17,3012,2895,5907,3278,3278,6556,3445,3456,6901
LGA15550,22,50,35,85,36,31,67,41,50,91,0,4,4,5,11,16,7,5,12,0,8,8,15,7,22,12,12,24,3,6,9,5,0,5,8,6,14,5,3,8,5,5,10,8,0,8,3,3,6,3,7,10,5,5,10,11,24,35,33,30,63,40,28,68,15,20,35,13,10,23,26,17,43,3,10,13,16,18,34,9,16,25,8,3,11,4,0,4,6,3,9,1346,1172,2518,1283,1139,2422,1173,1026,2199
LGA15650,66,175,191,366,196,216,412,188,191,379,23,33,56,35,23,58,44,45,89,26,35,61,35,49,84,21,36,57,17,29,46,19,35,54,25,41,66,16,30,46,24,27,51,31,34,65,17,23,40,25,35,60,28,28,56,99,150,249,138,169,307,149,184,333,70,101,171,77,111,188,93,126,219,56,101,157,54,120,174,61,106,167,24,16,40,28,18,46,13,23,36,7671,7125,14796,8024,7396,15420,8486,7611,16097
LGA15700,209,496,543,1039,466,494,960,559,526,1085,100,88,188,84,113,197,87,79,166,88,113,201,82,103,185,62,96,158,76,96,172,95,91,186,82,88,170,84,76,160,62,76,138,76,85,161,69,75,144,80,102,182,86,82,168,417,448,865,403,485,888,393,430,823,237,245,482,299,357,656,277,378,655,116,233,349,168,274,442,260,359,619,26,32,58,43,62,105,9,23,32,8743,8975,17718,8765,9210,17975,9072,9508,18580
LGA15750,105,216,241,457,235,234,469,242,267,509,48,28,76,38,55,93,30,31,61,38,31,69,33,49,82,31,58,89,24,39,63,41,32,73,34,26,60,22,34,56,31,44,75,35,50,85,23,39,62,29,27,56,49,37,86,155,171,326,172,207,379,179,202,381,66,138,204,111,128,239,108,156,264,49,124,173,67,131,198,90,136,226,10,7,17,17,13,30,25,10,35,7063,6754,13817,6579,6467,13046,6779,6417,13196
LGA15800,49,164,163,327,146,127,273,133,122,255,28,34,62,25,31,56,18,24,42,19,36,55,26,30,56,31,24,55,24,20,44,28,29,57,26,23,49,14,25,39,22,28,50,17,16,33,23,25,48,26,19,45,26,17,43,108,140,248,127,137,264,118,104,222,58,92,150,77,102,179,85,112,197,38,83,121,52,99,151,56,100,156,3,5,8,5,11,16,7,5,12,3239,3247,6486,3009,3034,6043,2912,2964,5876
LGA15850,45,121,115,236,129,124,253,146,127,273,19,24,43,23,32,55,31,29,60,17,14,31,25,18,43,21,20,41,19,22,41,18,11,29,25,17,42,11,13,24,15,17,32,14,14,28,7,23,30,22,25,47,11,27,38,73,96,169,103,103,206,102,107,209,38,61,99,52,70,122,68,79,147,15,56,71,25,70,95,34,61,95,8,3,11,8,5,13,7,6,13,3341,3280,6621,3180,3226,6406,3218,3229,6447
LGA15900,1011,2475,3115,5590,2144,2635,4779,2307,2589,4896,507,643,1150,424,520,944,410,528,938,449,634,1083,438,528,966,357,475,832,450,588,1038,398,587,985,351,455,806,429,575,1004,444,602,1046,332,494,826,397,569,966,334,564,898,344,446,790,2232,3009,5241,2038,2801,4839,1794,2398,4192,1314,2189,3503,1625,2495,4120,1504,2401,3905,828,2030,2858,1000,2302,3302,1284,2625,3909,409,485,894,464,495,959,542,521,1063,66723,70584,137307,69123,72749,141872,73550,75669,149219
LGA15950,285,599,842,1441,647,792,1439,847,950,1797,97,176,273,109,169,278,137,170,307,95,186,281,92,131,223,111,136,247,100,155,255,116,151,267,94,126,220,105,154,259,89,181,270,107,136,243,93,179,272,103,130,233,100,148,248,490,850,1340,509,762,1271,549,716,1265,326,716,1042,391,708,1099,375,581,956,215,724,939,283,761,1044,332,725,1057,779,798,1577,672,633,1305,567,626,1193,26767,29780,56547,28495,31177,59672,30306,33177,63483
LGA16100,29,74,70,144,82,57,139,96,90,186,10,10,20,14,3,17,19,16,35,12,14,26,13,15,28,18,12,30,13,16,29,16,17,33,10,11,21,10,16,26,14,7,21,11,10,21,15,16,31,3,13,16,8,13,21,60,72,132,60,55,115,66,62,128,32,49,81,39,52,91,49,43,92,20,39,59,19,41,60,28,57,85,13,17,30,5,9,14,9,11,20,2704,2428,5132,2722,2356,5078,2783,2355,5138
LGA16150,244,473,590,1063,555,632,1187,573,658,1231,92,119,211,96,122,218,97,141,238,81,117,198,85,109,194,110,110,220,76,131,207,79,107,186,86,120,206,61,111,172,69,123,192,106,101,207,57,105,162,70,100,170,84,110,194,367,583,950,399,561,960,483,582,1065,230,405,635,285,505,790,298,477,775,147,415,562,189,468,657,245,538,783,29,46,75,35,17,52,64,47,111,17465,18056,35521,16933,18035,34968,19052,19521,38573
LGA16180,61,124,112,236,151,123,274,229,185,414,16,20,36,28,26,54,35,18,53,15,19,34,26,25,51,17,31,48,15,14,29,19,12,31,25,25,50,16,7,23,23,21,44,28,14,42,16,16,32,12,21,33,18,20,38,78,76,154,108,105,213,123,108,231,41,55,96,58,62,120,74,80,154,15,42,57,43,49,92,41,63,104,34,28,62,17,14,31,28,28,56,5266,5384,10650,6272,6114,12386,7352,7286,14638
LGA16200,141,303,281,584,276,295,571,293,336,629,55,61,116,54,66,120,61,50,111,33,58,91,41,49,90,54,57,111,42,61,103,63,44,107,45,46,91,31,42,73,45,47,92,37,55,92,28,40,68,52,46,98,41,54,95,189,262,451,255,252,507,238,262,500,111,202,313,138,211,349,201,224,425,75,168,243,95,203,298,122,243,365,14,8,22,9,4,13,14,13,27,7256,7199,14455,7163,7112,14275,7233,7334,14567
LGA16250,782,2025,2406,4431,1966,2185,4151,2068,2313,4381,339,530,869,342,428,770,401,446,847,342,504,846,329,441,770,367,354,721,295,454,749,320,399,719,345,395,740,284,447,731,338,410,748,322,382,704,264,444,708,337,436,773,265,339,604,1524,2379,3903,1666,2114,3780,1700,1916,3616,969,1700,2669,1115,1907,3022,1245,1775,3020,614,1514,2128,732,1768,2500,950,2076,3026,665,682,1347,829,932,1761,1037,1279,2316,71939,72551,144490,75805,75492,151297,85235,85006,170241
LGA16350,691,1370,1759,3129,1577,1749,3326,1989,2109,4098,242,363,605,273,335,608,327,349,676,226,337,563,226,322,548,269,348,617,214,315,529,241,307,548,261,285,546,214,288,502,212,326,538,242,325,567,183,289,472,181,298,479,215,263,478,1079,1592,2671,1133,1588,2721,1314,1570,2884,563,1000,1563,769,1318,2087,857,1261,2118,306,681,987,421,1037,1458,580,1332,1912,227,300,527,228,308,536,207,285,492,85598,86799,172397,85152,86951,172103,87941,90532,178473
LGA16370,325,792,932,1724,732,886,1618,1041,999,2040,153,171,324,152,161,313,139,182,321,136,170,306,136,172,308,142,161,303,108,176,284,147,170,317,144,147,291,130,156,286,151,170,321,131,173,304,115,174,289,120,167,287,100,163,263,642,847,1489,706,840,1546,656,826,1482,425,738,1163,530,712,1242,583,795,1378,340,724,1064,382,870,1252,508,999,1507,197,231,428,197,225,422,181,191,372,25910,26894,52804,25988,27114,53102,27251,28781,56032
LGA16380,838,1863,1972,3835,1866,1993,3859,1985,2192,4177,320,380,700,348,379,727,360,410,770,335,356,691,342,419,761,336,387,723,287,321,608,309,367,676,297,370,667,266,314,580,348,366,714,365,341,706,231,305,536,280,325,605,312,342,654,1439,1676,3115,1627,1856,3483,1670,1850,3520,841,1149,1990,1099,1433,2532,1219,1533,2752,484,964,1448,662,1318,1980,912,1545,2457,149,188,337,145,174,319,116,130,246,31080,33403,64483,33162,35876,69038,35059,38001,73060
LGA16400,579,1180,1232,2412,1203,1281,2484,1600,1555,3155,207,214,421,221,236,457,281,274,555,174,197,371,237,228,465,213,242,455,200,190,390,186,205,391,202,231,433,154,173,327,178,208,386,194,223,417,133,139,272,170,196,366,175,197,372,868,913,1781,992,1073,2065,1065,1167,2232,401,537,938,647,795,1442,727,870,1597,227,410,637,330,627,957,502,853,1355,110,93,203,111,119,230,83,120,203,28233,28444,56677,29764,30476,60240,31582,32688,64270
LGA16470,172,363,412,775,367,382,749,404,477,881,66,76,142,78,80,158,73,71,144,52,72,124,52,75,127,62,84,146,41,77,118,60,65,125,54,71,125,35,68,103,52,66,118,45,59,104,39,60,99,53,68,121,57,66,123,233,353,586,295,354,649,291,351,642,133,219,352,160,328,488,218,292,510,87,206,293,101,230,331,119,322,441,96,96,192,68,75,143,72,88,160,16229,16235,32464,18222,18025,36247,19183,19018,38201
LGA16550,679,1795,2206,4001,1663,1874,3537,1729,2007,3736,344,452,796,316,410,726,312,382,694,354,423,777,309,413,722,265,340,605,269,433,702,293,398,691,299,312,611,280,365,645,293,386,679,261,326,587,248,373,621,301,340,641,251,320,571,1495,2046,3541,1512,1947,3459,1388,1680,3068,872,1459,2331,1109,1648,2757,1148,1652,2800,605,1281,1886,686,1403,2089,945,1807,2752,1361,1556,2917,1186,1302,2488,1243,1346,2589,59448,62049,121497,60080,62094,122174,64466,67053,131519
LGA16610,185,477,500,977,530,511,1041,543,547,1090,94,99,193,120,97,217,98,104,202,67,83,150,76,90,166,88,110,198,60,74,134,74,79,153,83,89,172,53,68,121,80,82,162,88,81,169,53,80,133,55,81,136,83,84,167,327,404,731,405,429,834,440,468,908,211,296,507,260,328,588,309,348,657,123,244,367,146,317,463,192,366,558,17,26,43,22,17,39,24,38,62,10202,10352,20554,10758,11069,21827,11033,11278,22311
LGA16650,638,1505,1722,3227,1537,1663,3200,1522,1740,3262,269,391,660,288,316,604,291,368,659,268,364,632,278,308,586,277,320,597,239,340,579,261,300,561,281,299,580,232,321,553,261,274,535,236,264,500,190,348,538,226,299,525,237,249,486,1198,1764,2962,1314,1497,2811,1322,1500,2822,858,1387,2245,870,1441,2311,1028,1224,2252,565,1386,1951,697,1521,2218,806,1597,2403,414,452,866,384,429,813,424,522,946,43125,45398,88523,45655,46967,92622,48386,49663,98049
LGA16700,665,1486,1980,3466,1395,1632,3027,1466,1760,3226,287,365,652,271,367,638,266,328,594,251,367,618,266,321,587,248,278,526,218,341,559,246,355,601,245,305,550,217,352,569,244,364,608,257,301,558,216,387,603,253,361,614,233,297,530,1189,1812,3001,1280,1768,3048,1249,1509,2758,756,1255,2011,933,1508,2441,994,1482,2476,471,1286,1757,631,1410,2041,825,1658,2483,682,818,1500,764,991,1755,839,1113,1952,46152,49592,95744,47514,51006,98520,50948,54101,105049
LGA16900,423,836,928,1764,923,991,1914,1035,1223,2258,125,170,295,165,171,336,189,194,383,111,133,244,174,195,369,144,205,349,105,132,237,117,175,292,156,184,340,93,125,218,134,151,285,142,174,316,88,108,196,106,138,244,131,154,285,522,668,1190,696,830,1526,762,911,1673,252,375,627,379,589,968,570,737,1307,157,312,469,199,376,575,312,601,913,42,65,107,47,52,99,29,46,75,28192,28879,57071,29228,30405,59633,30638,32134,62772
LGA16950,941,2317,2288,4605,2214,2279,4493,2544,2561,5105,378,403,781,399,441,840,427,493,920,390,389,779,406,436,842,421,418,839,333,333,666,432,431,863,385,370,755,280,312,592,367,366,733,364,382,746,256,294,550,321,381,702,335,424,759,1637,1731,3368,1925,2055,3980,1932,2087,4019,811,1094,1905,1188,1437,2625,1435,1702,3137,443,873,1316,608,1152,1760,1002,1555,2557,110,133,243,107,128,235,109,150,259,41087,42461,83548,42595,44291,86886,44772,46345,91117
LGA17000,110,227,271,498,230,263,493,275,258,533,33,43,76,45,62,107,52,39,91,43,41,84,42,51,93,39,44,83,27,40,67,27,59,86,26,44,70,30,39,69,28,44,72,45,51,96,25,51,76,31,51,82,43,33,76,158,214,372,173,267,440,205,211,416,80,144,224,114,180,294,120,221,341,51,150,201,79,173,252,83,183,266,40,54,94,39,27,66,32,38,70,10540,9844,20384,11432,10640,22072,12039,10979,23018
LGA17050,75,202,130,332,183,114,297,294,169,463,34,19,53,24,8,32,39,22,61,16,13,29,38,25,63,30,19,49,22,12,34,25,12,37,28,22,50,22,13,35,23,11,34,25,18,43,15,12,27,20,11,31,22,20,42,109,69,178,130,67,197,144,101,245,61,57,118,46,41,87,87,62,149,34,30,64,28,41,69,37,47,84,265,242,507,253,241,494,256,209,465,10501,8237,18738,10762,8626,19388,10624,8386,19010
LGA17100,175,432,491,923,407,450,857,418,517,935,86,85,171,84,87,171,86,93,179,67,87,154,76,80,156,73,96,169,74,97,171,71,98,169,70,83,153,56,111,167,63,100,163,87,99,186,74,97,171,75,78,153,57,69,126,357,477,834,369,443,812,373,440,813,238,374,612,266,369,635,262,356,618,163,352,515,211,408,619,218,437,655,201,228,429,207,262,469,233,269,502,13862,14344,28206,16020,16344,32364,17743,17701,35444
LGA17150,1243,3015,3710,6725,2729,3244,5973,3115,3465,6580,510,658,1168,541,717,1258,551,639,1190,497,609,1106,544,714,1258,472,610,1082,472,629,1101,542,653,1195,466,583,1049,410,630,1040,507,655,1162,489,627,1116,399,543,942,472,653,1125,457,585,1042,2288,3069,5357,2606,3392,5998,2435,3044,5479,1279,2118,3397,1767,2646,4413,2084,3001,5085,747,1854,2601,1095,2270,3365,1552,3051,4603,387,544,931,395,436,831,390,458,848,99817,103272,203089,99279,103843,203122,101908,107128,209036
LGA17200,646,1873,1783,3656,1749,1531,3280,1804,1759,3563,315,335,650,325,282,607,286,298,584,277,315,592,295,258,553,300,252,552,262,264,526,242,272,514,256,234,490,225,266,491,292,268,560,268,264,532,222,260,482,246,236,482,201,225,426,1301,1440,2741,1400,1316,2716,1311,1273,2584,627,1010,1637,813,1047,1860,857,983,1840,443,878,1321,502,962,1464,520,1022,1542,8146,7413,15559,7006,6462,13468,7768,7250,15018,82148,71052,153200,97008,83467,180475,104509,92272,196781
LGA17310,462,903,1017,1920,948,1016,1964,1086,1243,2329,148,192,340,176,187,363,193,201,394,144,200,344,154,207,361,160,209,369,106,176,282,154,177,331,167,163,330,122,164,286,150,203,353,151,178,329,94,158,252,114,167,281,147,170,317,614,890,1504,748,941,1689,818,921,1739,353,642,995,461,764,1225,555,772,1327,250,547,797,291,685,976,380,801,1181,125,130,255,80,83,163,77,46,123,25339,26669,52008,26153,27544,53697,27331,28758,56089
LGA17350,55,127,141,268,133,146,279,125,139,264,23,22,45,32,19,51,26,21,47,19,23,42,30,30,60,25,27,52,22,27,49,22,31,53,28,21,49,11,21,32,17,22,39,17,34,51,15,26,41,13,28,41,17,24,41,90,119,209,114,130,244,113,127,240,59,96,155,61,94,155,81,114,195,50,102,152,45,113,158,44,124,168,0,0,0,5,6,11,3,3,6,2953,3015,5968,2842,2879,5721,2810,2850,5660
LGA17400,62,141,146,287,161,139,300,200,165,365,32,28,60,18,32,50,28,25,53,23,24,47,23,21,44,33,21,54,16,28,44,12,29,41,17,20,37,16,16,32,26,26,52,28,29,57,15,22,37,23,26,49,23,23,46,102,118,220,102,134,236,129,118,247,51,80,131,77,96,173,61,115,176,49,85,134,41,89,130,53,96,149,16,13,29,12,18,30,15,9,24,3232,3162,6394,3302,3277,6579,3373,3363,6736
LGA17420,865,1410,1520,2930,1674,1704,3378,2487,2382,4869,220,265,485,290,279,569,376,378,754,208,283,491,243,336,579,303,355,658,190,222,412,247,259,506,294,307,601,158,239,397,217,254,471,234,265,499,148,269,417,198,270,468,266,273,539,924,1278,2202,1195,1398,2593,1473,1578,3051,537,826,1363,722,1089,1811,957,1197,2154,315,731,1046,450,889,1339,632,1223,1855,423,561,984,438,626,1064,562,796,1358,68925,70479,139404,78090,80647,158737,83430,86091,169521
LGA17450,30,61,65,126,78,62,140,83,72,155,13,14,27,9,14,23,13,22,35,14,16,30,10,6,16,15,9,24,12,4,16,8,10,18,10,11,21,11,19,30,10,10,20,12,10,22,11,6,17,8,12,20,11,10,21,61,59,120,45,52,97,61,62,123,26,46,72,43,42,85,28,40,68,18,33,51,27,40,67,32,45,77,3,5,8,3,6,9,18,0,18,1911,1642,3553,1897,1592,3489,1766,1548,3314
LGA17500,90,214,215,429,189,187,376,234,223,457,25,36,61,36,40,76,46,29,75,27,36,63,36,47,83,35,33,68,31,40,71,35,44,79,29,43,72,37,38,75,31,30,61,34,34,68,22,37,59,40,40,80,29,32,61,142,187,329,178,201,379,173,171,344,95,133,228,108,154,262,133,154,287,52,118,170,69,144,213,85,172,257,41,15,56,8,10,18,13,21,34,5768,5460,11228,5388,5325,10713,5535,5364,10899
LGA17550,940,2296,2407,4703,2243,2505,4748,2235,2389,4624,414,466,880,422,493,915,447,478,925,405,441,846,429,480,909,387,510,897,384,398,782,452,436,888,372,450,822,346,385,731,408,434,842,357,408,765,297,337,634,364,396,760,366,389,755,1846,2027,3873,2075,2239,4314,1929,2235,4164,978,1228,2206,1346,1662,3008,1545,1781,3326,549,886,1435,801,1235,2036,1125,1809,2934,253,306,559,260,308,568,265,340,605,36196,38184,74380,39840,42112,81952,41679,45322,87001
LGA17620,109,237,242,479,232,241,473,253,271,524,45,38,83,32,49,81,47,39,86,33,42,75,58,49,107,42,54,96,32,42,74,39,31,70,35,37,72,28,33,61,39,45,84,35,37,72,28,41,69,26,41,67,28,47,75,166,196,362,194,215,409,187,214,401,92,151,243,119,165,284,142,182,324,85,163,248,74,166,240,97,186,283,10,19,29,24,20,44,39,33,72,6581,6488,13069,6526,6371,12897,6965,6857,13822
LGA17640,54,162,141,303,161,174,335,187,171,358,28,17,45,31,14,45,44,35,79,20,30,50,23,30,53,32,31,63,20,22,42,29,23,52,22,27,49,20,20,40,21,20,41,31,26,57,14,17,31,19,26,45,21,26,47,102,106,208,123,113,236,150,145,295,54,83,137,66,80,146,89,94,183,30,61,91,35,69,104,62,85,147,9,15,24,12,4,16,7,4,11,3445,3287,6732,3417,3419,6836,3492,3502,6994
LGA17650,27,86,115,201,103,108,211,108,112,220,17,15,32,7,20,27,20,15,35,16,12,28,15,22,37,19,16,35,8,12,20,11,19,30,14,26,40,8,15,23,12,11,23,12,20,32,17,10,27,17,10,27,15,10,25,66,64,130,62,82,144,80,87,167,27,62,89,35,51,86,54,66,120,29,39,68,24,57,81,28,57,85,6,5,11,10,10,20,4,3,7,2831,2908,5739,2770,2898,5668,2893,2943,5836
LGA17700,11,24,24,48,33,30,63,36,34,70,3,6,9,0,3,3,4,8,12,3,4,7,10,4,14,7,3,10,3,4,7,4,4,8,3,6,9,4,3,7,4,3,7,3,3,6,4,5,9,4,3,7,5,7,12,17,22,39,22,17,39,22,27,49,16,12,28,10,15,25,15,14,29,6,18,24,4,9,13,13,13,26,0,0,0,4,0,4,0,3,3,712,624,1336,661,571,1232,582,536,1118
LGA17750,342,731,842,1573,721,894,1615,807,987,1794,118,165,283,114,164,278,147,160,307,111,137,248,126,135,261,133,160,293,104,129,233,126,163,289,108,173,281,86,140,226,114,151,265,115,171,286,101,156,257,116,157,273,114,146,260,520,727,1247,596,770,1366,617,810,1427,294,588,882,430,666,1096,488,686,1174,198,491,689,252,619,871,372,769,1141,96,115,211,80,83,163,84,88,172,27213,27843,55056,28244,29357,57601,29417,30798,60215
LGA17800,30,120,128,248,111,92,203,99,113,212,25,15,40,17,29,46,26,23,49,18,12,30,22,18,40,15,18,33,15,14,29,12,27,39,14,13,27,17,20,37,17,15,32,15,16,31,11,10,21,22,14,36,11,17,28,86,71,157,90,103,193,81,87,168,42,42,84,56,59,115,68,98,166,28,37,65,33,38,71,49,58,107,8,5,13,0,7,7,9,13,22,2485,2321,4806,2256,2082,4338,2042,1951,3993
LGA17850,31,57,48,105,63,52,115,74,75,149,8,11,19,8,9,17,14,11,25,10,14,24,11,4,15,10,11,21,9,6,15,11,12,23,11,6,17,12,10,22,12,12,24,5,11,16,5,8,13,9,9,18,9,12,21,44,49,93,51,46,97,49,51,100,16,41,57,29,46,75,39,41,80,16,25,41,15,54,69,25,54,79,7,5,12,4,8,12,13,12,25,1584,1531,3115,1653,1557,3210,1517,1504,3021
LGA17900,61,179,104,283,182,110,292,228,140,368,25,17,42,42,22,64,36,26,62,16,12,28,24,14,38,18,13,31,15,11,26,31,8,39,20,10,30,13,10,23,26,16,42,25,10,35,12,6,18,16,10,26,30,15,45,81,56,137,139,70,209,129,74,203,44,42,86,44,33,77,83,56,139,25,22,47,25,29,54,35,39,74,15,16,31,17,17,34,28,15,43,4678,3632,8310,4085,3224,7309,3761,3139,6900
LGA17950,17,53,45,98,56,61,117,62,57,119,3,9,12,8,5,13,6,14,20,5,6,11,10,13,23,4,13,17,5,6,11,6,12,18,8,7,15,7,3,10,4,3,7,6,12,18,4,10,14,9,8,17,13,3,16,24,34,58,37,41,78,37,49,86,15,30,45,18,27,45,22,33,55,10,21,31,16,29,45,19,26,45,3,0,3,4,4,8,4,4,8,1642,1512,3154,1359,1313,2672,1424,1371,2795
LGA18000,882,2005,2418,4423,1921,2152,4073,2216,2481,4697,357,519,876,337,449,786,308,435,743,393,519,912,335,501,836,365,419,784,327,451,778,347,453,800,322,395,717,319,478,797,336,470,806,306,409,715,321,481,802,307,410,717,335,371,706,1717,2448,4165,1662,2283,3945,1636,2029,3665,1154,1810,2964,1361,2109,3470,1336,1961,3297,760,1729,2489,1056,2139,3195,1321,2519,3840,563,663,1226,547,722,1269,499,655,1154,63119,65720,128839,65258,68233,133491,68410,71526,139936
LGA18020,91,234,227,461,235,247,482,278,248,526,24,34,58,38,34,72,42,51,93,38,42,80,50,34,84,40,42,82,34,32,66,31,42,73,35,49,84,36,44,80,40,39,79,36,36,72,28,26,54,26,34,60,31,45,76,160,178,338,185,183,368,184,223,407,99,151,250,99,138,237,134,150,284,66,146,212,70,142,212,85,178,263,17,30,47,11,9,20,14,18,32,5291,5285,10576,5024,4834,9858,4748,4701,9449
LGA18050,304,827,1019,1846,751,902,1653,778,879,1657,167,226,393,168,149,317,115,126,241,155,233,388,142,183,325,131,154,285,122,213,335,159,197,356,117,161,278,143,227,370,109,147,256,109,160,269,132,217,349,120,161,281,118,121,239,719,1116,1835,698,837,1535,590,722,1312,482,798,1280,571,917,1488,485,699,1184,377,877,1254,437,916,1353,450,914,1364,946,982,1928,904,950,1854,684,823,1507,29718,31614,61332,30300,31389,61689,31470,32760,64230
LGA18100,34,89,87,176,87,86,173,115,95,210,15,21,36,13,12,25,18,16,34,8,13,21,22,18,40,9,17,26,11,7,18,12,15,27,15,9,24,8,16,24,18,21,39,22,15,37,9,14,23,11,14,25,11,16,27,51,71,122,76,80,156,75,73,148,37,50,87,34,57,91,66,65,131,22,51,73,26,63,89,29,65,94,0,4,4,5,3,8,4,5,9,1820,1834,3654,1775,1799,3574,1808,1755,3563
LGA18150,80,210,198,408,179,197,376,225,205,430,27,36,63,31,41,72,32,32,64,31,34,65,39,32,71,28,36,64,24,35,59,33,38,71,22,34,56,25,21,46,43,21,64,30,43,73,17,24,41,19,40,59,28,30,58,124,150,274,165,172,337,140,175,315,57,94,151,86,106,192,106,118,224,40,86,126,43,94,137,51,97,148,3,8,11,10,8,18,3,4,7,4045,4194,8239,4047,4125,8172,4337,4025,8362
LGA18200,56,146,113,259,149,128,277,196,140,336,26,23,49,27,23,50,22,40,62,17,17,34,27,21,48,24,22,46,19,21,40,11,21,32,24,23,47,12,18,30,15,21,36,15,11,26,15,15,30,26,12,38,21,19,40,89,94,183,106,98,204,106,115,221,42,63,105,60,76,136,92,69,161,27,51,78,39,66,105,40,76,116,7,5,12,18,12,30,26,14,40,3673,3311,6984,3726,3353,7079,3752,3359,7111
LGA18250,314,870,1024,1894,760,898,1658,836,999,1835,155,188,343,161,201,362,140,185,325,136,200,336,156,174,330,149,158,307,139,201,340,160,185,345,146,164,310,135,208,343,123,172,295,126,173,299,126,205,331,138,151,289,139,150,289,691,1002,1693,738,883,1621,700,830,1530,448,832,1280,520,854,1374,619,771,1390,345,946,1291,410,906,1316,511,1076,1587,455,580,1035,473,659,1132,569,656,1225,28297,31057,59354,31008,33851,64859,32924,35708,68632
LGA18350,444,805,834,1639,878,932,1810,1109,1182,2291,134,133,267,152,170,322,205,208,413,107,156,263,155,155,310,166,189,355,128,139,267,126,149,275,150,172,322,94,139,233,128,149,277,145,171,316,120,142,262,131,150,281,144,153,297,583,709,1292,692,773,1465,810,893,1703,314,494,808,397,613,1010,551,671,1222,193,487,680,278,568,846,391,776,1167,76,128,204,85,115,200,137,129,266,19812,21028,40840,20052,21817,41869,20943,23003,43946
LGA18400,190,413,402,815,434,431,865,572,560,1132,80,81,161,70,72,142,115,97,212,46,70,116,83,67,150,74,82,156,50,59,109,57,69,126,66,78,144,44,52,96,53,57,110,64,80,144,52,61,113,65,64,129,55,83,138,272,323,595,328,329,657,374,420,794,132,231,363,202,265,467,241,299,540,91,162,253,115,243,358,158,297,455,89,81,170,64,84,148,23,50,73,18641,18482,37123,20084,19958,40042,21185,21438,42623
LGA18450,1357,3268,3728,6996,3254,3594,6848,3396,3803,7199,598,706,1304,619,715,1334,621,736,1357,512,684,1196,610,732,1342,579,690,1269,499,629,1128,587,686,1273,570,657,1227,441,568,1009,486,622,1108,523,631,1154,435,549,984,471,640,1111,517,615,1132,2485,3136,5621,2773,3395,6168,2810,3329,6139,1370,2029,3399,1875,2609,4484,2101,2830,4931,742,1667,2409,1024,2097,3121,1533,2700,4233,586,668,1254,549,639,1188,679,674,1353,90213,91399,181612,90718,92914,183632,94981,97066,192047
LGA18500,325,789,982,1771,681,834,1515,843,992,1835,144,211,355,137,192,329,137,153,290,111,225,336,141,169,310,121,153,274,140,205,345,137,174,311,124,141,265,129,202,331,149,184,333,114,148,262,123,188,311,125,180,305,93,122,215,647,1031,1678,689,899,1588,589,717,1306,460,773,1233,548,884,1432,499,720,1219,349,779,1128,448,925,1373,523,1003,1526,466,595,1061,414,463,877,329,422,751,23354,26886,50240,23389,27034,50423,24567,27858,52425
LGA18550,1200,2920,3298,6218,2717,3160,5877,3106,3422,6528,534,596,1130,534,651,1185,484,579,1063,494,568,1062,535,610,1145,499,574,1073,426,524,950,511,577,1088,476,595,1071,433,520,953,449,646,1095,442,555,997,393,508,901,455,578,1033,467,543,1010,2280,2716,4996,2484,3062,5546,2368,2846,5214,1266,1974,3240,1700,2273,3973,1863,2455,4318,811,1502,2313,1070,1980,3050,1360,2414,3774,139,179,318,116,159,275,117,155,272,63382,67472,130854,66317,71434,137751,71420,76592,148012
LGA18710,85,200,177,377,187,193,380,248,218,466,27,26,53,43,31,74,46,37,83,22,33,55,34,33,67,23,37,60,20,29,49,29,45,74,27,27,54,22,29,51,30,28,58,22,37,59,15,29,44,26,29,55,36,26,62,106,146,252,162,166,328,154,164,318,67,87,154,88,117,205,128,134,262,36,113,149,55,102,157,81,149,230,24,25,49,15,26,41,21,15,36,5669,5728,11397,6562,6604,13166,7316,7521,14837
LGA18750,76,222,229,451,213,224,437,251,259,510,24,51,75,33,45,78,47,44,91,37,50,87,40,45,85,31,54,85,27,39,66,36,42,78,37,31,68,30,38,68,27,49,76,38,44,82,26,38,64,29,43,72,28,32,60,144,216,360,165,224,389,181,205,386,81,159,240,111,191,302,128,193,321,60,169,229,71,180,251,90,230,320,14,12,26,8,4,12,6,12,18,5593,5707,11300,5787,5983,11770,5872,6143,12015
LGA19399,47,40,36,76,33,17,50,144,164,308,5,3,8,3,5,8,29,18,47,7,4,11,4,4,8,18,11,29,5,4,9,3,3,6,15,21,36,3,7,10,0,0,0,7,25,32,7,4,11,3,4,7,12,15,27,27,22,49,13,16,29,81,90,171,21,13,34,12,7,19,59,65,124,37,11,48,0,5,5,23,28,51,83,73,156,49,65,114,86,106,192,2010,1044,3054,1024,722,1746,1797,1785,3582
