region_id,2011_Census_75_79_years_Separated_Males,2011_Census_75_79_years_Separated_Females,2011_Census_75_79_years_Divorced_Males,2011_Census_75_79_years_Divorced_Females,2011_Census_75_79_years_Widowed_Males,2011_Census_75_79_years_Widowed_Females,2011_Census_75_79_years_Never_married_Males,2011_Census_75_79_years_Never_married_Females,2011_Census_75_79_years_Total_Males,2011_Census_75_79_years_Total_Females,2011_Census_75_79_years_Total_Persons,2011_Census_80_84_years_Married_Males,2011_Census_80_84_years_Married_Females,2011_Census_80_84_years_Separated_Males,2011_Census_80_84_years_Separated_Females,2011_Census_80_84_years_Divorced_Males,2011_Census_80_84_years_Divorced_Females,2011_Census_80_84_years_Widowed_Males,2011_Census_80_84_years_Widowed_Females,2011_Census_80_84_years_Never_married_Males,2011_Census_80_84_years_Never_married_Females,2011_Census_80_84_years_Total_Males,2011_Census_80_84_years_Total_Females,2011_Census_80_84_years_Total_Persons,2011_Census_85_years_and_over_Married_Males,2011_Census_85_years_and_over_Married_Females,2011_Census_85_years_and_over_Separated_Males,2011_Census_85_years_and_over_Separated_Females,2011_Census_85_years_and_over_Divorced_Males,2011_Census_85_years_and_over_Divorced_Females,2011_Census_85_years_and_over_Widowed_Males,2011_Census_85_years_and_over_Widowed_Females,2011_Census_85_years_and_over_Never_married_Males,2011_Census_85_years_and_over_Never_married_Females,2011_Census_85_years_and_over_Total_Males,2011_Census_85_years_and_over_Total_Females,2011_Census_85_years_and_over_Total_Persons,2011_Census_Overseas_visitors_Married_Males,2011_Census_Overseas_visitors_Married_Females,2011_Census_Overseas_visitors_Separated_Males,2011_Census_Overseas_visitors_Separated_Females,2011_Census_Overseas_visitors_Divorced_Males,2011_Census_Overseas_visitors_Divorced_Females,2011_Census_Overseas_visitors_Widowed_Males,2011_Census_Overseas_visitors_Widowed_Females,2011_Census_Overseas_visitors_Never_married_Males,2011_Census_Overseas_visitors_Never_married_Females,2011_Census_Overseas_visitors_Total_Males,2011_Census_Overseas_visitors_Total_Females,2011_Census_Overseas_visitors_Total_Persons,2011_Census_Total_Married_Males,2011_Census_Total_Married_Females,2011_Census_Total_Separated_Males,2011_Census_Total_Separated_Females,2011_Census_Total_Divorced_Males,2011_Census_Total_Divorced_Females,2011_Census_Total_Widowed_Males,2011_Census_Total_Widowed_Females,2011_Census_Total_Never_married_Males,2011_Census_Total_Never_married_Females,2011_Census_Total_Total_Males,2011_Census_Total_Total_Females,2011_Census_Total_Total_Persons
LGA10050,13,17,46,72,62,305,31,25,550,742,1292,312,191,10,9,40,31,94,392,20,17,476,640,1116,177,102,10,3,12,26,112,589,11,21,322,741,1063,25,20,0,3,3,0,0,3,26,34,54,60,114,8696,8745,536,736,1501,2040,483,2039,7106,6589,18322,20149,38471
LGA10110,9,8,12,29,24,171,12,8,254,346,600,125,88,5,0,11,10,40,184,10,14,191,296,487,92,47,3,0,0,20,60,230,3,9,158,306,464,37,23,0,0,5,6,0,3,91,132,133,164,297,4106,4098,267,337,584,901,230,930,4288,4421,9475,10687,20162
LGA10150,18,10,33,55,57,251,67,43,552,610,1162,261,153,14,4,34,49,80,305,52,49,441,560,1001,173,82,8,3,18,37,125,620,36,90,360,832,1192,92,127,3,6,3,4,3,21,64,82,165,240,405,7967,8002,401,465,1123,1551,377,1708,7121,6585,16989,18311,35300
LGA10200,6,9,47,38,58,243,37,24,556,557,1113,232,151,3,12,20,23,79,314,26,35,360,535,895,151,88,3,3,10,17,98,435,13,33,275,576,851,178,250,10,0,8,24,4,53,100,94,300,421,721,16487,15755,782,888,1611,2103,416,1933,11989,8360,31285,29039,60324
LGA10250,19,7,67,90,75,324,29,21,704,856,1560,421,310,13,8,41,61,120,435,17,21,612,835,1447,298,161,6,0,24,35,182,645,18,32,528,873,1401,40,44,3,0,9,0,0,4,27,27,79,75,154,8033,8168,458,577,1472,2074,576,2059,4816,4245,15355,17123,32478
LGA10300,3,0,3,0,7,14,3,0,46,29,75,10,10,0,3,0,0,6,16,5,0,21,29,50,6,0,0,0,0,0,4,26,0,0,10,26,36,0,0,0,0,0,0,0,0,13,5,13,5,18,527,496,37,34,81,64,30,90,341,247,1016,931,1947
LGA10350,68,41,143,203,255,1052,90,74,2052,2558,4610,1220,799,41,21,84,107,366,1496,80,61,1791,2484,4275,738,408,12,19,49,97,534,1926,40,61,1373,2511,3884,173,254,8,5,11,28,10,62,133,122,335,471,806,37252,37350,2115,2918,4344,6420,1813,7271,24205,19641,69729,73600,143329
LGA10470,10,6,21,41,50,217,30,29,401,560,961,220,128,8,10,23,24,60,268,14,21,325,451,776,95,44,0,7,11,19,64,347,16,51,186,468,654,14,14,0,0,4,0,0,0,33,54,51,68,119,6992,6808,457,565,1125,1406,336,1334,6370,5386,15280,15499,30779
LGA10550,17,14,59,50,66,248,33,12,655,681,1336,319,201,5,3,21,25,80,275,22,10,447,514,961,179,84,0,3,20,22,106,396,3,12,308,517,825,19,26,4,0,3,3,3,4,18,23,47,56,103,6881,6891,412,469,1319,1435,464,1515,3853,3343,12929,13653,26582
LGA10600,5,0,35,24,21,88,10,5,239,245,484,101,55,4,3,16,5,29,103,10,3,160,169,329,69,40,0,3,6,7,42,140,8,5,125,195,320,8,7,0,0,0,6,0,5,15,15,23,33,56,2333,2366,192,198,582,729,163,537,1551,1462,4821,5292,10113
LGA10650,4,4,21,9,20,63,10,5,180,160,340,92,61,4,0,7,0,28,81,8,3,139,145,284,53,31,0,0,0,4,33,126,8,6,94,167,261,0,3,0,0,0,0,0,3,3,3,3,9,12,1723,1712,115,132,334,301,128,426,914,663,3214,3234,6448
LGA10750,78,59,141,247,332,1398,91,56,2124,2713,4837,887,531,43,26,74,156,365,1231,59,54,1428,1998,3426,432,214,19,18,33,65,315,1577,45,60,844,1934,2778,457,656,6,17,16,43,26,217,190,223,695,1156,1851,59429,59695,3281,4538,6348,9530,2069,8709,41353,35458,112480,117930,230410
LGA10800,0,0,5,0,15,46,5,4,110,116,226,52,28,0,0,3,3,18,63,4,3,77,97,174,32,15,0,0,0,0,19,77,3,5,54,97,151,3,6,0,0,0,0,0,0,3,0,6,6,12,1284,1243,72,58,176,152,81,306,737,517,2350,2276,4626
LGA10850,6,0,8,5,18,48,11,0,116,102,218,49,29,0,0,3,6,27,52,4,7,83,94,177,18,8,0,0,3,3,8,51,0,5,29,67,96,0,0,0,0,0,0,0,0,0,3,0,3,3,1412,1381,90,88,234,230,89,256,847,694,2672,2649,5321
LGA10900,24,27,91,157,103,420,70,64,914,1117,2031,397,245,23,6,42,90,119,477,38,43,619,861,1480,240,130,7,3,17,74,189,798,20,66,473,1071,1544,60,71,3,8,6,10,0,11,141,145,210,245,455,14978,15182,793,1052,2356,3785,712,2767,9857,9016,28696,31802,60498
LGA10950,0,4,8,0,7,22,4,0,47,50,97,11,14,0,0,0,0,9,27,0,0,20,41,61,3,0,0,0,0,0,9,28,3,5,15,33,48,0,3,0,0,0,0,0,0,0,8,0,11,11,620,566,45,37,99,71,54,142,421,287,1239,1103,2342
LGA11000,4,0,0,4,7,20,4,0,40,40,80,13,12,0,0,3,0,11,21,3,4,30,37,67,13,11,3,0,0,3,10,42,5,0,31,56,87,3,0,3,0,3,0,0,0,3,3,12,3,15,497,475,44,37,84,89,44,130,328,206,997,937,1934
LGA11050,0,3,0,0,8,25,3,3,34,46,80,21,15,0,0,0,0,4,30,0,3,25,48,73,11,5,0,0,0,0,5,23,0,4,16,32,48,0,0,0,0,0,0,0,0,0,0,0,0,0,496,494,30,26,79,79,38,121,282,214,925,934,1859
LGA11100,12,18,40,59,40,233,57,29,489,565,1054,242,125,13,5,33,40,65,285,18,37,371,492,863,107,50,5,4,13,16,66,356,21,26,212,452,664,110,110,3,4,7,21,3,28,72,96,195,259,454,7961,7886,465,618,1128,1559,341,1553,6326,5259,16221,16875,33096
LGA11150,0,3,4,0,13,14,7,3,60,39,99,17,13,0,0,0,0,5,22,3,3,25,38,63,5,0,0,0,0,0,0,10,3,0,8,10,18,0,3,0,0,0,0,0,0,9,6,9,9,18,570,547,54,40,79,91,37,113,515,458,1255,1249,2504
LGA11200,0,0,5,0,5,4,4,0,20,14,34,3,3,4,0,0,0,5,10,0,4,12,17,29,7,3,0,0,0,0,0,7,0,4,7,14,21,9,3,0,0,0,0,0,0,0,0,9,3,12,199,172,25,19,55,38,20,52,393,385,692,666,1358
LGA11250,15,3,27,45,42,211,12,6,332,431,763,171,107,5,4,17,10,57,252,16,8,266,381,647,73,36,4,0,10,8,66,270,6,18,159,332,491,11,9,0,0,0,3,0,0,12,10,23,22,45,3473,3423,272,317,693,823,284,1133,2722,2342,7444,8038,15482
LGA11300,18,10,30,43,30,194,38,57,405,500,905,256,141,5,4,15,31,48,251,34,43,358,470,828,158,71,4,3,16,12,95,368,12,57,285,511,796,101,124,0,3,0,10,3,15,80,118,184,270,454,6689,6739,255,359,659,1039,249,1255,5776,5094,13628,14486,28114
LGA11350,4,6,34,40,25,139,20,14,305,374,679,143,102,5,0,23,36,52,188,13,11,236,337,573,105,55,0,3,14,35,80,257,4,14,203,364,567,79,85,4,3,14,12,4,3,323,385,424,488,912,4829,4946,417,480,1514,2029,286,976,5227,4769,12273,13200,25473
LGA11400,0,3,17,11,27,87,17,8,211,217,428,94,56,3,0,9,3,29,77,5,7,140,143,283,41,31,5,0,4,4,23,119,0,9,73,163,236,13,10,0,0,0,3,3,0,34,23,50,36,86,2769,2775,151,129,407,350,152,499,1400,1186,4879,4939,9818
LGA11450,10,8,38,29,47,211,7,10,444,481,925,187,121,6,5,14,23,69,280,7,10,283,439,722,122,68,4,0,12,12,86,436,5,13,229,529,758,18,26,0,5,4,5,0,8,24,33,46,77,123,11723,11891,529,793,1228,1871,387,1511,6708,5945,20575,22011,42586
LGA11500,43,32,80,122,145,606,37,39,989,1229,2218,396,274,20,9,40,71,155,617,28,29,639,1000,1639,226,124,6,6,29,39,156,738,30,20,447,927,1374,107,139,4,0,9,8,12,44,58,73,190,264,454,26823,27059,1814,2506,3709,5729,1110,4176,21601,19634,55057,59104,114161
LGA11520,11,17,37,70,112,435,58,43,897,1090,1987,557,302,15,3,39,61,118,562,38,73,767,1001,1768,321,140,7,7,21,37,161,782,22,59,532,1025,1557,134,212,5,0,9,12,5,27,104,154,257,405,662,16131,16412,619,771,1843,2732,625,2747,11100,10455,30318,33117,63435
LGA11550,46,36,118,117,188,798,105,81,1833,1965,3798,919,520,27,11,64,81,208,865,75,77,1293,1554,2847,519,238,5,6,24,67,239,999,46,54,833,1364,2197,228,296,5,5,15,28,7,83,117,133,372,545,917,29404,29172,1497,1944,3462,4962,1078,4784,19173,14989,54614,55851,110465
LGA11600,0,4,3,0,6,19,0,0,34,37,71,16,14,0,0,3,0,5,14,0,3,24,31,55,3,3,0,0,0,0,3,23,0,0,6,26,32,0,3,0,0,0,0,4,0,35,12,39,15,54,541,509,48,22,90,56,43,97,417,261,1139,945,2084
LGA11700,0,0,4,4,3,7,0,3,19,29,48,6,4,4,3,3,0,3,9,0,0,16,16,32,0,3,0,0,0,0,3,4,0,0,3,7,10,7,0,0,0,0,0,0,0,20,11,27,11,38,402,326,53,25,106,65,21,49,536,390,1118,855,1973
LGA11720,15,19,54,54,77,331,35,20,574,715,1289,233,170,13,6,25,23,102,394,23,24,396,617,1013,133,55,4,3,16,27,113,481,17,22,283,588,871,38,35,3,3,3,9,4,3,19,32,67,82,149,9345,9230,738,813,1716,2071,554,2045,7380,6153,19733,20312,40045
LGA11730,29,13,107,70,124,391,63,45,1023,1034,2057,456,282,22,13,42,54,127,447,40,16,687,812,1499,233,116,8,3,19,20,169,648,19,30,448,817,1265,23,19,0,0,0,9,0,6,28,23,51,57,108,10218,10201,757,840,2063,2265,701,2409,6279,5220,20018,20935,40953
LGA11750,0,0,6,4,7,25,3,0,52,57,109,28,11,0,0,0,0,7,28,0,0,35,39,74,6,0,0,0,0,0,10,37,3,0,19,37,56,5,8,0,0,0,0,0,0,10,0,15,8,23,1001,893,83,59,186,150,50,160,847,554,2167,1816,3983
LGA11800,34,22,87,113,110,447,43,20,1153,1252,2405,608,361,20,10,56,70,145,509,27,26,856,976,1832,341,194,6,4,29,42,241,849,13,22,630,1111,1741,89,87,0,3,8,14,5,7,83,117,185,228,413,13872,13920,992,1172,2663,3490,836,2967,8912,7961,27275,29510,56785
LGA11860,0,3,4,0,0,7,3,0,17,15,32,9,3,0,0,0,3,3,0,0,0,12,6,18,3,0,0,0,0,0,3,3,3,0,9,3,12,0,0,0,0,0,0,0,0,3,5,3,5,8,349,340,24,13,41,29,18,28,193,118,625,528,1153
LGA12000,0,4,5,3,3,28,8,5,64,79,143,36,22,0,0,6,0,14,28,5,0,61,50,111,17,10,0,0,0,3,13,53,0,3,30,69,99,0,0,0,0,0,0,0,0,0,3,0,3,3,871,879,49,56,112,100,49,178,405,362,1486,1575,3061
LGA12050,5,3,11,14,18,71,3,7,152,158,310,55,31,0,3,10,13,19,92,10,0,94,139,233,55,32,0,0,0,9,31,107,4,11,90,159,249,3,3,0,0,0,0,0,3,6,11,9,17,26,1981,1929,123,128,352,394,115,440,1356,1011,3927,3902,7829
LGA12150,0,0,5,4,6,25,8,5,69,70,139,25,13,3,0,8,4,7,42,4,3,47,62,109,15,6,0,0,0,0,4,38,5,0,24,44,68,3,3,0,0,0,0,0,0,3,6,6,9,15,708,673,55,39,121,87,57,182,684,578,1625,1559,3184
LGA12200,0,3,3,7,15,43,10,3,134,147,281,75,55,0,0,7,7,23,93,4,4,109,159,268,36,10,3,0,0,3,22,113,3,6,64,132,196,0,0,0,0,3,3,0,0,8,3,11,6,17,1563,1569,85,86,222,269,105,403,811,700,2786,3027,5813
LGA12300,6,3,17,12,39,71,10,13,249,258,507,133,78,6,0,15,7,40,92,7,5,201,182,383,68,32,0,0,3,3,38,131,3,12,112,178,290,0,5,0,3,3,0,0,0,5,0,8,8,16,2475,2468,151,163,392,395,180,490,1303,952,4501,4468,8969
LGA12350,9,0,16,11,39,95,11,5,212,238,450,99,64,5,0,7,11,50,131,9,4,170,210,380,57,32,0,3,3,8,56,154,3,5,119,202,321,8,6,0,0,0,0,0,3,8,16,16,25,41,2466,2472,191,183,418,452,225,673,1534,1196,4834,4976,9810
LGA12500,3,3,10,25,12,64,9,9,129,171,300,73,50,0,4,6,5,26,71,5,3,110,133,243,38,12,0,0,3,4,36,118,0,0,77,134,211,3,3,0,0,0,3,0,3,3,3,6,12,18,1351,1333,127,155,256,312,102,399,948,771,2784,2970,5754
LGA12600,9,7,30,41,66,254,24,20,444,569,1013,231,144,7,0,15,24,85,276,22,15,360,459,819,128,63,3,3,16,20,78,386,6,15,231,487,718,13,23,0,3,3,5,3,3,30,18,49,52,101,7169,7241,443,579,1116,1458,411,1496,5452,5292,14591,16066,30657
LGA12700,7,5,16,5,12,40,7,4,134,109,243,43,28,0,0,3,8,16,52,12,8,74,96,170,31,15,4,0,0,3,18,85,0,7,53,110,163,0,9,0,0,0,0,0,3,3,0,3,12,15,1812,1846,90,96,289,293,109,292,1005,818,3305,3345,6650
LGA12750,14,11,81,63,93,293,33,23,846,835,1681,401,253,9,5,44,44,132,377,27,11,613,690,1303,238,150,5,3,11,25,155,526,11,17,420,721,1141,23,29,0,0,4,4,0,0,28,26,55,59,114,7667,7670,534,574,1493,1729,598,1864,4080,3341,14372,15178,29550
LGA12850,59,44,152,153,232,1117,83,57,2058,2414,4472,1020,508,41,31,62,86,287,1193,53,46,1463,1864,3327,522,235,26,9,23,48,316,1239,28,44,915,1575,2490,130,151,0,3,16,24,3,43,107,104,256,325,581,37011,37163,2410,3299,4783,6886,1482,7215,27041,22301,72727,76864,149591
LGA12900,0,0,9,7,23,95,14,8,157,191,348,56,42,6,3,7,10,22,87,6,6,97,148,245,31,13,0,3,0,3,31,130,4,5,66,154,220,3,0,0,0,3,3,0,0,6,4,12,7,19,1804,1785,121,124,260,303,134,487,1178,955,3497,3654,7151
LGA12950,3,0,4,4,6,36,4,5,72,81,153,46,27,0,0,3,3,14,39,3,4,66,73,139,19,10,0,0,3,0,19,59,3,0,44,69,113,0,0,3,0,0,0,0,0,0,0,3,0,3,905,927,56,54,134,135,59,229,502,479,1656,1824,3480
LGA13010,5,3,12,15,25,63,12,3,159,178,337,74,44,5,4,11,9,15,104,6,0,111,161,272,42,18,0,0,0,7,23,123,8,4,73,152,225,4,4,0,0,0,0,3,3,3,6,10,13,23,1747,1674,128,155,328,377,138,445,1149,860,3490,3511,7001
LGA13050,4,3,11,7,14,42,0,7,83,131,214,61,31,0,4,5,3,14,58,4,9,84,105,189,27,13,0,3,3,0,19,70,3,3,52,89,141,3,0,0,0,0,0,0,3,4,0,7,3,10,1105,1075,77,62,202,187,70,258,548,418,2002,2000,4002
LGA13100,69,51,210,379,287,1191,132,124,2437,3127,5564,1372,995,45,44,168,235,420,1601,88,101,2093,2976,5069,949,581,18,15,72,137,661,2483,67,128,1767,3344,5111,71,116,3,4,22,19,4,24,71,111,171,274,445,31174,31657,2104,2523,5341,8122,2061,7842,21032,18291,61712,68435,130147
LGA13310,10,5,27,46,65,202,31,20,388,471,859,188,120,6,8,14,30,63,232,15,19,286,409,695,97,57,3,3,3,15,69,284,12,26,184,385,569,20,19,0,3,3,3,3,0,17,22,43,47,90,5390,5111,432,462,969,1165,358,1223,4217,3205,11366,11166,22532
LGA13320,30,18,109,66,128,332,33,23,993,1044,2037,520,331,17,6,61,54,153,395,24,20,775,806,1581,280,184,0,3,17,28,195,612,15,15,507,842,1349,19,29,0,0,3,4,0,3,19,18,41,54,95,7634,7700,513,545,1525,1725,715,2087,3669,3083,14056,15140,29196
LGA13340,3,3,14,10,12,60,7,6,117,143,260,67,47,0,0,0,7,33,69,4,5,104,128,232,45,16,0,0,0,0,31,98,11,6,87,120,207,3,3,0,0,3,0,0,0,3,7,9,10,19,2146,2159,117,124,305,289,152,365,1098,862,3818,3799,7617
LGA13380,23,25,90,58,113,397,51,34,928,965,1893,439,285,20,9,39,43,150,422,31,12,679,771,1450,262,130,3,0,15,36,156,622,19,11,455,799,1254,18,18,0,0,4,4,0,3,20,15,42,40,82,9226,9315,731,786,1849,2186,710,2367,5351,4745,17867,19399,37266
LGA13450,10,5,17,18,35,162,23,7,321,378,699,179,99,5,0,6,11,51,189,13,9,254,308,562,112,48,0,3,6,7,47,239,3,3,168,300,468,39,14,3,0,4,3,0,5,65,40,111,62,173,5164,5008,276,309,569,579,242,971,3278,2646,9529,9513,19042
LGA13500,0,3,3,4,9,26,3,6,59,68,127,20,12,0,3,3,0,5,36,10,0,38,51,89,17,13,0,0,0,0,11,42,0,0,28,55,83,0,0,0,0,0,0,0,0,0,0,0,0,0,777,763,52,47,120,95,47,174,486,333,1482,1412,2894
LGA13550,9,4,16,7,35,95,13,9,215,218,433,88,64,3,0,12,0,32,111,4,7,139,182,321,46,18,0,3,0,4,34,157,5,4,85,186,271,5,8,0,0,3,0,0,3,4,3,12,14,26,2442,2358,175,151,376,354,159,583,1722,1339,4874,4785,9659
LGA13650,4,0,12,5,0,26,6,4,62,70,132,30,19,0,0,4,5,9,51,0,0,43,75,118,13,4,0,0,4,0,9,47,4,3,30,54,84,8,0,0,0,0,0,0,0,6,0,14,0,14,819,825,64,61,151,126,39,208,577,449,1650,1669,3319
LGA13660,4,3,6,4,24,43,10,3,113,95,208,28,21,0,0,0,4,16,57,4,0,48,82,130,20,17,0,4,3,0,15,71,0,5,38,97,135,0,3,3,0,0,0,0,0,3,7,6,10,16,1051,1058,83,69,158,134,100,275,584,441,1976,1977,3953
LGA13700,0,0,9,3,11,30,6,0,63,73,136,30,12,3,3,3,3,14,32,3,3,53,53,106,15,8,0,0,3,0,11,46,3,3,32,57,89,0,0,0,0,0,0,0,0,0,6,0,6,6,748,754,53,45,132,126,48,186,394,313,1375,1424,2799
LGA13800,14,11,35,79,59,247,31,18,508,629,1137,245,169,18,6,35,28,72,308,33,10,403,521,924,147,86,4,7,12,39,114,436,13,15,290,583,873,27,26,3,3,3,3,0,3,48,59,81,94,175,12010,12113,772,928,1854,2528,499,1775,8954,7345,24089,24689,48778
LGA13850,5,0,7,3,9,25,7,4,74,66,140,23,12,0,3,0,3,9,23,3,0,35,41,76,6,3,0,0,3,0,8,39,0,0,17,42,59,3,3,3,0,0,0,0,0,3,0,9,3,12,643,619,48,41,92,87,44,146,423,310,1250,1203,2453
LGA13950,23,14,66,102,136,535,57,54,992,1176,2168,467,278,17,12,39,51,156,665,40,42,719,1048,1767,260,137,7,9,16,38,193,852,18,31,494,1067,1561,227,290,0,5,3,14,6,81,67,62,303,452,755,20982,21006,1092,1447,2252,3308,843,3687,13315,10720,38484,40168,78652
LGA14000,32,36,100,183,150,745,62,84,1675,2080,3755,1023,712,26,17,69,119,254,1018,45,87,1417,1953,3370,687,366,10,4,39,103,507,1912,33,145,1276,2530,3806,320,412,9,4,25,37,9,72,174,244,537,769,1306,35747,36722,1013,1378,2729,4910,1312,5422,19323,17276,60124,65708,125832
LGA14100,5,0,10,21,15,76,17,20,173,206,379,118,86,0,5,10,18,14,138,17,32,159,279,438,101,50,0,0,3,22,64,323,14,56,182,451,633,16,16,0,0,3,3,0,5,20,28,39,52,91,2724,2773,87,101,268,470,126,698,1890,1473,5095,5515,10610
LGA14150,22,14,73,96,95,480,45,47,1043,1259,2302,562,371,10,10,31,63,130,643,40,35,773,1122,1895,388,179,13,5,17,48,234,1104,36,54,688,1390,2078,187,280,3,0,6,16,4,47,89,110,289,453,742,17188,17584,642,873,1726,2755,719,3369,10744,9460,31019,34041,65060
LGA14200,14,3,22,17,39,117,16,16,274,277,551,136,58,3,3,11,8,28,144,7,13,185,226,411,54,29,0,3,3,4,37,216,5,9,99,261,360,3,5,0,0,0,0,0,0,6,6,9,11,20,3155,3135,228,266,482,527,188,763,2043,1649,6096,6340,12436
LGA14250,0,3,3,0,3,10,0,0,16,17,33,16,14,0,0,5,0,4,7,5,0,30,21,51,8,3,0,0,0,0,3,12,0,3,11,18,29,0,0,0,0,0,0,3,0,3,3,6,3,9,344,324,20,12,56,24,20,53,173,116,613,529,1142
LGA14300,3,0,6,6,7,36,9,3,63,81,144,24,9,0,3,5,3,11,41,6,0,46,56,102,15,11,0,0,0,3,12,56,0,5,27,75,102,0,0,0,0,0,0,0,0,3,4,3,4,7,1239,1004,85,81,167,154,73,218,1091,511,2655,1968,4623
LGA14350,22,8,53,39,56,207,34,15,517,493,1010,218,162,8,3,33,17,92,245,26,8,377,435,812,138,71,3,0,10,20,99,361,15,10,265,462,727,13,13,0,3,3,4,0,3,14,13,30,36,66,5356,5207,515,511,1262,1206,441,1372,3950,3234,11524,11530,23054
LGA14400,7,9,18,27,35,143,9,14,338,412,750,203,112,0,5,7,17,46,180,7,17,263,331,594,109,74,4,0,7,15,73,316,10,18,203,423,626,15,22,0,0,0,4,0,0,14,14,29,40,69,4541,4644,183,212,509,723,255,905,2280,1917,7768,8401,16169
LGA14450,11,6,39,45,54,300,40,30,710,800,1510,391,241,12,10,22,34,81,412,39,38,545,735,1280,276,172,4,3,16,19,155,649,22,39,473,882,1355,168,210,0,4,7,19,3,42,67,80,245,355,600,12615,12915,458,595,1182,1903,468,2122,7711,6882,22434,24417,46851
LGA14500,22,21,56,119,120,583,40,68,1574,1792,3366,994,748,7,4,40,94,210,840,37,88,1288,1774,3062,762,433,8,5,17,77,370,1691,33,117,1190,2323,3513,240,264,10,5,17,29,9,46,197,247,473,591,1064,25868,26942,495,754,1401,2662,985,4286,11684,11542,40433,46186,86619
LGA14550,10,3,9,11,17,62,10,4,146,163,309,66,34,0,0,7,9,19,79,9,0,101,122,223,43,11,0,0,5,4,28,98,5,6,81,119,200,3,3,0,0,0,0,0,0,9,7,12,10,22,1689,1715,128,132,421,431,119,384,1286,999,3643,3661,7304
LGA14600,3,0,11,7,18,39,15,3,133,104,237,51,45,3,3,5,3,23,44,7,5,89,100,189,36,19,0,0,0,5,14,73,6,3,56,100,156,5,3,4,0,0,0,0,0,9,0,18,3,21,1329,1275,85,75,197,166,92,274,913,736,2616,2526,5142
LGA14650,71,54,238,269,362,1329,96,92,2908,3408,6316,1536,1080,41,14,134,161,468,1686,61,67,2240,3008,5248,966,523,20,11,61,101,635,2328,41,54,1723,3017,4740,73,94,3,3,10,14,0,18,91,85,177,214,391,37779,38480,2072,2621,5893,7990,2343,8304,24444,20920,72531,78315,150846
LGA14700,12,14,22,53,15,126,22,42,285,411,696,158,110,7,3,11,29,37,204,16,28,229,374,603,137,71,0,7,9,19,76,396,13,44,235,537,772,64,67,0,3,3,11,4,13,92,99,163,193,356,6613,6706,223,301,675,1211,207,1058,4605,4346,12323,13622,25945
LGA14750,3,0,8,10,21,73,6,9,145,178,323,49,23,0,0,3,3,16,101,7,4,75,131,206,20,9,0,0,3,5,39,106,3,6,65,126,191,4,3,3,0,0,0,0,7,8,13,15,23,38,2002,2002,148,157,294,311,120,460,1485,1357,4049,4287,8336
LGA14800,17,23,43,81,49,209,63,53,417,531,948,162,87,11,3,26,57,56,226,47,33,302,406,708,85,49,5,6,15,32,63,329,26,33,194,449,643,59,73,3,4,17,27,0,12,145,153,224,269,493,8661,8892,508,593,1757,2621,313,1314,8838,9746,20077,23166,43243
LGA14850,10,10,55,62,52,223,39,37,519,617,1136,272,185,11,6,26,28,73,328,29,33,411,580,991,165,86,3,3,9,27,106,457,11,19,294,592,886,25,22,0,4,0,4,0,6,63,87,88,123,211,7227,7310,598,681,1549,2151,378,1618,6833,6172,16585,17932,34517
LGA14870,12,4,37,28,40,143,26,11,321,304,625,129,92,7,7,16,10,42,153,14,12,208,274,482,53,26,0,0,3,5,27,227,10,17,93,275,368,3,12,0,0,0,3,0,3,7,16,10,34,44,3815,3665,288,306,794,814,228,873,3036,2282,8161,7940,16101
LGA14900,46,40,108,151,170,820,63,30,1362,1663,3025,584,300,27,24,57,70,197,828,28,32,893,1254,2147,269,136,3,3,23,35,217,827,23,19,535,1020,1555,173,240,3,8,8,26,9,102,78,100,271,476,747,36408,36660,2132,2875,3967,5615,1154,5263,24217,20131,67878,70544,138422
LGA14920,4,0,10,11,25,50,17,3,143,129,272,43,36,0,0,12,4,23,63,13,3,91,106,197,33,16,0,0,0,0,29,79,4,5,66,100,166,0,0,0,0,0,0,0,0,0,6,0,6,6,1470,1455,83,112,277,260,132,344,974,725,2936,2896,5832
LGA14950,3,0,0,3,13,16,3,3,58,38,96,31,15,0,0,4,0,9,33,3,0,47,48,95,9,6,0,0,3,0,15,50,3,4,30,60,90,0,0,0,0,0,0,0,0,0,5,0,5,5,662,646,34,21,97,81,48,141,319,225,1160,1114,2274
LGA15050,18,9,48,66,78,351,43,31,709,867,1576,325,202,8,10,23,39,80,471,34,26,470,748,1218,176,101,6,7,14,19,118,575,17,34,331,736,1067,28,24,0,0,4,3,3,3,15,14,50,44,94,13101,13327,761,917,1876,2641,529,2323,8938,7883,25205,27091,52296
LGA15150,8,8,23,71,30,153,28,38,389,498,887,247,177,14,6,21,42,35,210,18,39,335,474,809,176,80,3,0,13,42,101,395,17,29,310,546,856,126,121,3,5,14,18,0,10,174,175,317,329,646,7817,7905,319,391,1058,1576,279,1160,6264,5860,15737,16892,32629
LGA15200,23,12,57,76,85,311,123,62,778,846,1624,316,162,15,17,27,35,85,316,77,51,520,581,1101,172,76,3,0,15,31,96,394,43,69,329,570,899,74,111,4,5,18,14,5,23,201,211,302,364,666,11433,11451,851,997,2315,2943,492,1947,16863,15874,31954,33212,65166
LGA15270,22,6,37,33,47,140,22,19,367,377,744,144,83,5,3,13,14,53,176,13,15,228,291,519,73,36,0,0,3,11,67,248,16,7,159,302,461,10,14,0,0,3,0,0,3,10,9,23,26,49,4519,4391,342,337,822,815,294,936,3047,2286,9024,8765,17789
LGA15300,3,4,12,15,25,68,22,4,172,146,318,51,38,0,0,3,0,32,86,5,8,91,132,223,20,5,0,0,0,0,34,95,0,7,54,107,161,9,6,0,0,0,0,0,0,32,15,41,21,62,2432,2353,163,178,401,339,192,466,2235,1882,5423,5218,10641
LGA15350,8,9,34,43,24,120,14,35,281,372,653,188,117,3,3,19,28,39,213,17,35,266,396,662,159,73,0,3,11,40,73,387,13,67,256,570,826,69,73,3,3,6,12,0,3,52,83,130,174,304,5601,5804,203,260,698,1225,195,1044,3399,3837,10096,12170,22266
LGA15500,3,0,8,11,18,61,9,8,152,164,316,74,46,0,0,10,9,14,59,3,4,101,118,219,27,17,3,0,0,0,26,68,8,0,64,85,149,0,0,0,0,0,0,0,0,5,4,5,4,9,1605,1601,101,97,242,234,107,303,796,637,2851,2872,5723
LGA15550,3,0,0,3,3,8,6,0,43,27,70,12,7,0,0,3,0,5,14,3,0,23,21,44,3,3,0,0,3,0,3,16,0,0,9,19,28,0,0,0,0,0,0,0,0,4,3,4,3,7,434,426,25,35,70,64,26,71,332,205,887,801,1688
LGA15650,8,3,24,8,19,90,9,3,148,187,335,55,35,0,0,10,10,16,80,12,0,93,125,218,30,10,0,3,4,0,22,92,4,3,60,108,168,5,3,0,0,0,3,0,0,9,18,14,24,38,3108,2785,269,224,531,478,136,477,2611,1888,6655,5852,12507
LGA15700,14,8,43,40,55,171,25,10,396,426,822,177,139,4,8,24,30,60,194,16,3,281,374,655,154,77,5,0,5,11,95,256,7,8,266,352,618,6,13,0,0,0,3,0,0,3,8,9,24,33,3561,3567,269,318,915,993,323,1022,2306,1968,7374,7868,15242
LGA15750,7,3,10,8,38,96,14,8,180,201,381,69,49,0,5,5,4,24,97,4,4,102,159,261,55,19,4,0,4,3,28,110,3,0,94,132,226,4,0,0,0,3,0,0,4,14,10,21,14,35,2731,2552,180,170,373,333,177,542,1850,1432,5311,5029,10340
LGA15800,0,0,8,4,15,54,12,4,116,105,221,50,33,0,3,4,5,21,68,12,3,87,112,199,18,17,5,0,0,3,24,82,4,3,51,105,156,3,4,0,0,0,0,0,0,0,4,3,8,11,1164,1147,91,86,161,164,102,307,784,630,2302,2334,4636
LGA15850,0,0,15,0,19,62,12,0,107,101,208,45,28,3,0,3,6,15,47,0,0,66,81,147,16,3,0,0,3,4,14,49,3,4,36,60,96,3,0,0,0,0,0,0,0,5,3,8,3,11,1213,1225,95,95,216,203,102,281,781,678,2407,2482,4889
LGA15900,40,28,164,263,224,993,145,96,1797,2394,4191,941,767,25,15,108,171,341,1367,89,80,1504,2400,3904,684,369,21,15,52,76,483,2051,45,111,1285,2622,3907,149,132,3,10,12,13,3,14,336,318,503,487,990,25685,25728,1746,2037,4993,6720,1661,6568,26397,22470,60482,63523,124005
LGA15950,13,10,52,121,44,228,62,95,545,718,1263,215,147,10,4,41,64,64,275,48,90,378,580,958,196,95,11,7,11,68,83,472,32,82,333,724,1057,261,239,8,4,13,35,5,39,233,265,520,582,1102,11646,11532,639,702,2176,3242,365,1632,11920,12556,26746,29664,56410
LGA16100,3,0,8,3,5,23,7,0,71,58,129,29,14,3,0,3,3,9,29,3,0,47,46,93,8,4,0,0,3,3,17,46,0,3,28,56,84,3,3,3,0,0,0,3,0,3,3,12,6,18,1044,1025,68,56,168,148,64,185,746,467,2090,1881,3971
LGA16150,15,17,35,44,56,247,27,15,484,583,1067,198,135,4,8,19,29,57,293,16,16,294,481,775,123,75,8,6,15,13,88,430,15,13,249,537,786,20,21,3,0,7,4,0,0,25,17,55,42,97,6984,6817,441,580,1146,1515,382,1519,5751,5014,14704,15445,30149
LGA16180,4,3,12,5,17,33,10,7,125,104,229,52,32,0,0,6,6,10,43,5,0,73,81,154,20,3,0,0,0,0,17,59,6,0,43,62,105,9,5,0,3,3,3,0,0,3,10,15,21,36,3184,3131,161,173,462,483,106,294,1682,1440,5595,5521,11116
LGA16200,7,3,19,16,39,105,26,10,238,263,501,126,73,6,3,11,8,48,128,8,11,199,223,422,67,40,3,0,4,8,37,177,9,19,120,244,364,8,4,0,0,0,3,0,0,7,4,15,11,26,2840,2787,199,199,469,463,197,682,1899,1607,5604,5738,11342
LGA16250,45,34,136,153,194,795,113,61,1702,1916,3618,853,537,24,20,70,118,225,1022,74,78,1246,1775,3021,498,264,10,7,37,91,365,1634,34,84,944,2080,3024,619,768,9,8,31,39,10,140,246,232,915,1187,2102,36574,36099,1737,2129,4023,5736,1314,5731,25159,19831,68807,69526,138333
LGA16350,45,35,133,188,165,714,59,33,1315,1569,2884,538,318,26,14,54,103,207,781,28,47,853,1263,2116,297,173,6,6,34,59,220,1055,27,35,584,1328,1912,83,109,4,3,4,17,5,39,80,85,176,253,429,33572,33879,2333,2862,4758,7039,1342,4924,26084,22870,68089,71574,139663
LGA16370,17,11,49,86,54,288,17,14,661,820,1481,411,276,14,5,40,78,101,405,24,26,590,790,1380,288,139,4,3,22,37,172,788,19,32,505,999,1504,49,69,3,9,4,13,3,6,83,73,142,170,312,12324,12545,485,592,1543,2337,499,2134,6595,5638,21446,23246,44692
LGA16380,37,26,154,145,170,638,47,42,1673,1848,3521,895,614,13,17,55,84,213,786,43,33,1219,1534,2753,494,249,14,9,35,53,341,1191,28,43,912,1545,2457,50,47,0,0,6,9,3,8,40,53,99,117,216,15666,15817,1022,1257,2799,3697,1088,3948,7927,6898,28502,31617,60119
LGA16400,26,17,92,102,119,435,32,17,1060,1170,2230,516,315,10,3,43,52,141,487,17,15,727,872,1599,266,153,5,0,9,34,210,652,7,18,497,857,1354,28,42,0,3,11,7,4,7,19,45,62,104,166,13261,13432,844,928,2340,2878,820,2647,7808,6584,25073,26469,51542
LGA16470,10,8,40,28,29,172,8,4,290,350,640,152,84,4,3,13,22,36,176,10,9,215,294,509,48,20,3,3,12,14,46,277,10,9,119,323,442,30,39,0,4,3,7,3,5,30,23,66,78,144,7157,7157,526,523,1257,1442,260,1084,6057,4994,15257,15200,30457
LGA16550,47,35,124,183,112,632,138,127,1385,1683,3068,737,468,27,29,76,134,195,873,109,154,1144,1658,2802,489,222,14,10,47,84,304,1326,92,167,946,1809,2755,251,304,10,11,13,41,3,29,879,900,1156,1285,2441,22176,22124,1207,1396,3098,4699,976,4363,26955,24909,54412,57491,111903
LGA16610,5,12,40,31,51,183,36,17,439,469,908,211,112,5,3,21,16,54,201,25,7,316,339,655,96,44,3,0,7,12,73,289,15,23,194,368,562,14,15,0,4,0,4,0,0,4,11,18,34,52,4259,4285,311,337,839,915,293,1064,2988,2453,8690,9054,17744
LGA16650,40,31,84,109,143,566,75,73,1322,1500,2822,716,392,21,9,42,70,192,674,57,78,1028,1223,2251,445,231,9,6,33,65,280,1212,37,86,804,1600,2404,233,268,3,9,19,32,9,45,125,136,389,490,879,20753,20655,1059,1393,2568,3734,949,3913,14367,11708,39696,41403,81099
LGA16700,32,30,75,148,137,531,69,88,1249,1507,2756,706,463,11,14,34,97,192,819,49,90,992,1483,2475,466,240,5,8,30,52,293,1218,38,134,832,1652,2484,339,420,7,3,11,45,8,73,432,518,797,1059,1856,22080,22210,796,1025,2147,3442,896,3931,16174,15291,42093,45899,87992
LGA16900,14,19,35,75,113,394,26,14,761,914,1675,396,217,3,12,28,44,125,456,22,6,574,735,1309,181,102,0,3,16,29,117,450,3,15,317,599,916,7,17,4,3,5,3,3,4,9,17,28,44,72,12486,12668,699,926,1741,2481,660,2284,8124,7159,23710,25518,49228
LGA16950,40,41,180,172,250,758,75,45,1927,2091,4018,975,692,35,18,93,75,281,868,54,44,1438,1697,3135,560,276,12,10,41,62,363,1156,26,51,1002,1555,2557,47,53,4,4,4,12,5,16,34,44,94,129,223,18900,18970,1228,1400,3446,4229,1512,4466,11267,9246,36353,38311,74664
LGA17000,3,0,10,13,32,84,12,6,205,209,414,89,71,3,0,0,6,25,131,3,14,120,222,342,46,22,0,0,3,3,30,148,3,10,82,183,265,14,12,0,0,3,4,0,3,15,17,32,36,68,4668,4482,294,259,653,676,187,608,3659,2510,9461,8535,17996
LGA17050,4,3,9,8,15,31,7,3,138,107,245,60,27,0,0,6,5,13,30,8,0,87,62,149,19,0,0,0,0,3,14,38,7,3,40,44,84,22,19,0,3,7,3,0,4,204,169,233,198,431,3749,3170,216,146,544,497,119,212,4029,2852,8657,6877,15534
LGA17100,14,5,23,21,35,193,33,27,376,437,813,196,98,0,6,8,16,31,217,21,23,256,360,616,122,77,7,0,5,13,75,321,12,25,221,436,657,119,137,0,4,3,8,3,26,90,78,215,253,468,7747,7812,213,312,596,945,248,1198,5927,4668,14731,14935,29666
LGA17150,52,40,169,264,261,1134,91,72,2433,3046,5479,1512,1050,39,24,88,192,371,1663,75,71,2085,3000,5085,891,454,17,11,58,138,546,2358,37,95,1549,3056,4605,147,169,0,17,21,33,8,39,146,155,322,413,735,44861,45593,1817,2400,4860,7653,1914,7704,27580,24181,81032,87531,168563
LGA17200,49,29,190,219,127,466,321,118,1309,1275,2584,413,194,35,12,81,151,144,515,182,111,855,983,1838,228,84,11,13,36,67,162,750,89,101,526,1015,1541,3074,2507,78,63,258,322,63,164,3917,3830,7390,6886,14276,27604,24877,2137,1921,6561,7350,995,3463,60426,48256,97723,85867,183590
LGA17310,23,6,54,68,98,401,33,33,821,918,1739,394,232,3,11,28,31,102,468,24,34,551,776,1327,202,103,3,7,15,18,150,642,10,31,380,801,1181,18,19,3,0,3,3,0,3,33,19,57,44,101,10865,10949,674,846,1706,2221,642,2476,7314,6578,21201,23070,44271
LGA17350,6,0,9,12,14,53,9,4,115,126,241,48,25,0,0,4,8,18,72,11,9,81,114,195,23,8,0,0,4,3,18,105,3,5,48,121,169,3,0,0,0,0,0,0,0,3,0,6,0,6,1201,1204,64,70,190,166,79,338,672,516,2206,2294,4500
LGA17400,6,3,19,10,11,51,3,11,126,119,245,44,32,0,4,3,3,12,70,5,4,64,113,177,24,11,3,3,3,3,13,82,5,3,48,102,150,7,3,0,0,0,0,0,0,10,4,17,7,24,1393,1356,109,106,325,276,83,340,793,653,2703,2731,5434
LGA17420,23,20,90,101,127,606,29,30,1474,1576,3050,716,382,9,8,38,58,174,707,26,35,963,1190,2153,373,169,5,7,17,42,220,982,14,27,629,1227,1856,290,385,13,10,13,33,18,81,152,210,486,719,1205,40063,41063,1037,1427,2724,4476,1014,4192,19724,17413,64562,68571,133133
LGA17450,0,3,6,4,14,25,7,0,57,64,121,13,12,3,0,0,0,6,29,6,0,28,41,69,16,3,0,0,0,0,14,40,3,3,33,46,79,7,0,0,0,0,0,0,0,12,0,19,0,19,704,666,50,41,128,98,57,142,517,280,1456,1227,2683
LGA17500,3,3,13,10,26,68,8,7,175,168,343,71,50,4,0,6,8,39,99,8,3,128,160,288,49,27,0,0,7,4,23,134,3,7,82,172,254,5,4,0,0,0,0,0,3,8,9,13,16,29,2168,2117,143,136,370,361,161,480,1526,1198,4368,4292,8660
LGA17550,56,55,179,191,228,785,90,68,1930,2233,4163,1082,680,37,11,115,145,257,914,56,28,1547,1778,3325,612,359,14,11,49,84,407,1317,39,45,1121,1816,2937,118,139,4,4,12,24,17,24,89,109,240,300,540,16993,17449,1119,1440,3501,4702,1367,4527,10898,9569,33878,37687,71565
LGA17620,4,3,12,17,23,90,8,7,188,214,402,87,63,3,3,13,4,28,100,12,12,143,182,325,50,30,0,0,4,7,29,145,9,8,92,190,282,8,5,0,0,0,0,0,4,30,26,38,35,73,2806,2751,178,152,430,486,148,555,1933,1508,5495,5452,10947
LGA17640,11,0,4,16,22,58,10,4,151,146,297,63,32,0,8,5,0,15,56,4,0,87,96,183,20,13,0,4,7,0,26,71,4,3,57,91,148,0,4,0,0,0,5,0,0,0,0,0,9,9,1627,1611,89,112,226,211,116,311,787,598,2845,2843,5688
LGA17650,5,0,9,6,8,28,3,4,86,82,168,35,30,0,0,3,4,9,30,4,4,51,68,119,18,8,0,0,3,3,7,44,0,0,28,55,83,3,0,0,0,0,0,0,0,3,4,6,4,10,1266,1256,95,81,203,208,44,181,662,594,2270,2320,4590
LGA17700,3,0,3,4,3,6,0,0,26,23,49,10,0,0,3,0,0,0,11,3,0,13,14,27,7,3,0,0,0,0,7,9,0,0,14,12,26,0,0,0,0,0,0,0,0,0,3,0,3,3,248,250,21,9,39,32,20,44,131,87,459,422,881
LGA17750,13,12,49,61,65,346,28,23,615,813,1428,317,202,8,6,19,37,115,409,32,28,491,682,1173,207,104,8,3,9,30,136,596,18,32,378,765,1143,26,27,3,0,3,3,0,3,50,45,82,78,160,10892,10836,704,816,1557,2051,517,2137,9422,8706,23092,24546,47638
LGA17800,0,0,4,9,5,39,4,0,81,85,166,40,39,0,3,0,7,18,50,6,3,64,102,166,26,14,0,0,0,4,20,38,4,0,50,56,106,7,0,0,0,0,4,0,0,4,5,11,9,20,941,920,55,38,142,126,68,206,483,321,1689,1611,3300
LGA17850,0,0,3,5,9,32,0,0,45,54,99,20,10,4,0,4,5,7,25,5,0,40,40,80,12,9,0,0,0,3,9,42,3,0,24,54,78,4,0,3,0,0,0,0,3,6,10,13,13,26,704,687,37,32,91,73,46,160,372,268,1250,1220,2470
LGA17900,7,0,22,7,24,28,13,3,129,74,203,30,19,3,0,10,0,29,34,10,4,82,57,139,15,5,0,3,3,3,11,30,5,0,34,41,75,4,9,0,0,0,3,0,0,19,4,23,16,39,1156,1072,146,84,379,243,139,227,1272,854,3092,2480,5572
LGA17950,3,0,5,3,3,21,3,0,44,44,88,15,8,0,5,0,0,6,18,0,0,21,31,52,6,0,0,0,4,0,16,20,0,0,26,20,46,3,0,0,0,0,0,0,0,0,0,3,0,3,595,546,41,34,74,73,41,107,427,290,1178,1050,2228
LGA18000,44,41,119,232,168,713,61,67,1637,2026,3663,940,662,26,9,90,186,235,1016,50,85,1341,1958,3299,679,376,17,10,62,109,525,1899,44,121,1327,2515,3842,169,198,8,12,21,43,9,28,217,277,424,558,982,29125,29636,1226,1400,3377,5455,1363,5218,18621,16134,53712,57843,111555
LGA18020,8,3,20,16,30,91,14,4,184,222,406,91,57,0,0,12,4,22,94,4,0,129,155,284,47,28,4,0,4,0,28,146,0,4,83,178,261,10,3,0,0,0,3,0,0,8,10,18,16,34,1947,1906,147,135,359,363,148,492,1127,902,3728,3798,7526
LGA18050,18,24,67,84,51,289,80,68,586,726,1312,308,217,11,12,30,60,78,355,57,55,484,699,1183,238,106,11,3,29,60,127,689,47,52,452,910,1362,106,139,8,11,22,33,10,32,499,548,645,763,1408,9992,10133,537,652,1810,2412,418,1948,13674,12856,26431,28001,54432
LGA18100,3,0,11,3,8,30,8,3,77,72,149,41,20,0,4,7,0,13,40,4,3,65,67,132,15,14,0,0,3,3,10,47,3,0,31,64,95,0,4,0,0,0,0,0,0,4,0,4,4,8,797,796,60,49,149,122,59,167,399,290,1464,1424,2888
LGA18150,4,0,10,11,28,78,8,8,142,173,315,69,39,0,0,10,3,18,65,8,12,105,119,224,25,13,0,0,0,0,22,77,3,8,50,98,148,0,3,0,0,0,3,0,0,3,0,3,6,9,1540,1466,118,115,304,286,126,377,1331,957,3419,3201,6620
LGA18200,3,3,3,4,21,39,4,3,108,113,221,55,34,3,0,3,4,28,28,4,3,93,69,162,24,15,0,0,3,0,17,57,3,0,47,72,119,5,4,0,0,4,0,0,0,13,4,22,8,30,1581,1493,106,77,266,209,101,218,989,727,3043,2724,5767
LGA18250,13,11,38,69,48,255,40,74,700,830,1530,445,257,22,7,41,60,84,393,34,46,626,763,1389,287,158,7,7,19,59,174,765,25,83,512,1072,1584,244,296,9,4,15,22,3,47,236,238,507,607,1114,14711,15254,449,594,1323,2316,481,2151,9263,9207,26227,29522,55749
LGA18350,20,19,46,93,65,302,42,35,811,891,1702,401,234,14,3,28,51,84,342,24,39,551,669,1220,224,132,3,3,21,39,135,556,8,45,391,775,1166,23,36,3,3,9,3,0,0,91,76,126,118,244,9317,9556,528,666,1320,2046,494,1944,4989,4548,16648,18760,35408
LGA18400,4,4,27,34,48,171,18,18,373,423,796,164,86,7,0,25,21,35,183,11,6,242,296,538,96,53,3,0,11,9,42,228,6,5,158,295,453,8,9,0,0,0,0,0,3,12,27,20,39,59,8861,9003,458,580,1033,1342,302,1087,5388,4602,16042,16614,32656
LGA18450,55,57,192,257,350,1352,160,67,2808,3332,6140,1436,949,31,25,102,163,445,1629,90,62,2104,2828,4932,829,419,17,8,63,89,557,2118,62,71,1528,2705,4233,189,190,3,7,18,24,9,26,387,375,606,622,1228,36921,37259,2109,2549,5645,7616,2161,7984,29859,24344,76695,79752,156447
LGA18500,3,5,54,70,29,291,68,69,584,720,1304,337,211,7,3,39,60,64,382,50,65,497,721,1218,296,140,9,10,22,65,161,710,33,83,521,1008,1529,107,118,3,3,11,26,3,15,158,228,282,390,672,9420,9618,348,496,1425,2336,395,2013,8892,9341,20480,23804,44284
LGA18550,68,51,212,291,315,1140,116,79,2374,2841,5215,1199,809,43,24,130,191,415,1373,80,51,1867,2448,4315,694,390,19,11,61,133,535,1808,55,66,1364,2408,3772,41,49,0,3,12,4,5,16,48,71,106,143,249,26922,27309,2152,2763,5248,7514,1980,6830,19538,17392,55840,61808,117648
LGA18710,3,0,13,10,16,60,3,9,150,167,317,91,46,0,3,3,6,27,82,3,3,124,140,264,36,28,3,3,6,0,28,113,8,3,81,147,228,6,3,0,0,0,0,5,0,12,11,23,14,37,3268,3288,149,145,435,489,131,427,1651,1472,5634,5821,11455
LGA18750,10,6,16,12,30,94,17,5,184,202,386,72,43,4,0,7,7,31,126,13,18,127,194,321,42,26,0,0,3,7,39,173,4,27,88,233,321,3,6,0,0,0,0,0,0,3,4,6,10,16,2325,2309,147,182,382,422,161,624,1521,1292,4536,4829,9365
LGA19399,0,0,6,3,13,35,0,7,81,90,171,53,28,0,0,4,3,3,31,0,3,60,65,125,20,4,0,0,4,3,6,16,0,0,30,23,53,21,26,3,0,4,3,3,11,52,65,83,105,188,985,935,48,33,146,135,61,182,389,333,1629,1618,3247
