region_id,Separate_house_NofB_0_i_b,Separate_house_NofB_1,Separate_house_NofB_2,Separate_house_NofB_3,Separate_house_NofB_4,Separate_house_NofB_5,Separate_house_NofB_6_or_m,Separate_house_NofB_NS,Separate_house_Total,Sede_r_or_t_h_t_1_s_NofB_0_ib,Se_d_r_or_t_h_t_1_st_NofB_1,Se_d_r_or_t_h_t_1_st_NofB_2,Se_d_r_or_t_h_t_1_st_NofB_3,Se_d_r_or_t_h_t_1_st_NofB_4,Se_d_r_or_t_h_t_1_st_NofB_5,Se_d_r_or_t_h_t_1_st_NofB_6_m,Se_d_r_or_t_h_t_1_st_NofB_NS,Se_d_r_or_t_h_t_1_st_Total,Se_d_r_or_t_h_t_2_s_NofB_0_ib,Se_d_r_or_t_h_t_2_sts_NofB_1,Se_d_r_or_t_h_t_2_sts_NofB_2,Se_d_r_or_t_h_t_2_sts_NofB_3,Se_d_r_or_t_h_t_2_sts_NofB_4,Se_d_r_or_t_h_t_2_sts_NofB_5,Se_d_r_or_t_h_t_2_st_NofB_6_m,Se_d_r_or_t_h_t_2_sts_NofB_NS,Se_d_r_or_t_h_t_2_sts_Total,Se_d_r_or_t_h_t_Tot_NofB_0_ib,Se_d_r_or_t_h_t_Tot_NofB_1,Se_d_r_or_t_h_t_Tot_NofB_2,Se_d_r_or_t_h_t_Tot_NofB_3,Se_d_r_or_t_h_t_Tot_NofB_4,Se_d_r_or_t_h_t_Tot_NofB_5,Se_d_r_or_t_h_t_Tot_NofB_6_m,Se_d_r_or_t_h_t_Tot_NofB_NS,Se_d_r_or_t_h_t_Tot_Total,Fl_u_a_1_or2_st_bl_NofB_0_ib,Flt_un_at_In_1_or2_s_b_NofB_1,Flt_un_at_In_1_or2_s_b_NofB_2,Flt_un_at_In_1_or2_s_b_NofB_3,Flt_un_at_In_1_or2_s_b_NofB_4,Flt_un_at_In_1_or2_s_b_NofB_5,Fl_un_at_In_1_or2_s_b_NoB_6_m,Flt_u_at_In_1_or2_s_b_NoB_NS,Flt_un_at_In_1_or2_s_b_Total,Flt_un_apt_3_st_bl_NoB_0_ib,Flt_un_apt_In_3_st_bl_NofB_1,Flt_un_apt_In_3_st_bl_NofB_2,Flt_un_apt_In_3_st_bl_NofB_3,Flt_un_apt_In_3_st_bl_NofB_4,Flt_un_apt_In_3_st_bl_NofB_5,Flt_un_apt_In_3_s_bl_NofB_6_m,Flt_un_apt_In_3_st_bl_NofB_NS,Flt_un_apt_In_3_st_bl_Total,Ft_un_ap_4_or_m_s_b_NofB_0_ib,Ft_un_apt_4_or_m_s_b_NofB_1,Ft_un_apt_4_or_m_s_b_NofB_2,Ft_un_apt_4_or_m_s_b_NofB_3,Ft_un_apt_4_or_m_s_b_NofB_4,Ft_un_apt_4_or_m_s_b_NofB_5,Ft_un_apt_4_or_m_s_b_NofB_6_m,Ft_un_apt_4_or_m_s_b_NofB_NS,Ft_un_apt_4_or_m_s_b_Total,Fl_un_at_At_to_a_h_NofB_0_ib,Flt_un_apt_At_to_a_hse_NofB_1,Flt_un_apt_At_to_a_hse_NofB_2,Flt_un_apt_At_to_a_hse_NofB_3,Flt_un_apt_At_to_a_hse_NofB_4,Flt_un_apt_At_to_a_hse_NofB_5,Fl_un_apt_At_to_a_hs_NofB_6_m,Flt_un_apt_At_to_a_hs_NofB_NS,Flt_un_apt_At_to_a_hse_Total,Flt_un_apart_Tot_NofB_0_i_b,Flt_un_apart_Tot_NofB_1,Flt_un_apart_Tot_NofB_2,Flt_un_apart_Tot_NofB_3,Flt_un_apart_Tot_NofB_4,Flt_un_apart_Tot_NofB_5,Flt_un_apart_Tot_NofB_6_or_m,Flt_un_apart_Tot_NofB_NS,Flt_un_apart_Tot_Total,Other_dwelling_NofB_0_i_b,Other_dwelling_NofB_1,Other_dwelling_NofB_2,Other_dwelling_NofB_3,Other_dwelling_NofB_4,Other_dwelling_NofB_5,Other_dwelling_NofB_6_or_m,Other_dwelling_NofB_NS,Other_dwelling_Total,Dweling_structu_NS_NofB_0_i_b,Dweling_structur_NS_NofB_1,Dweling_structur_NS_NofB_2,Dweling_structur_NS_NofB_3,Dweling_structur_NS_NofB_4,Dweling_structur_NS_NofB_5,Dwelig_struct_NS_NofB_6_or_m,Dweling_structur_NS_NofB_NS,Dweling_structur_NS_Total,Total_NofB_0_i_b,Total_NofB_1,Total_NofB_2,Total_NofB_3,Total_NofB_4,Total_NofB_5,Total_NofB_6_or_m,Total_NofB_NS,Total_Total
LGA10050,14,86,1468,7704,4206,599,115,216,14408,3,63,619,224,6,0,3,32,950,0,9,42,55,0,0,0,0,106,3,72,661,279,6,0,3,32,1056,38,445,1928,341,20,4,3,133,2912,4,13,75,0,0,0,0,7,99,0,0,21,3,0,0,0,0,24,0,5,5,3,0,0,0,0,13,42,463,2029,347,20,4,3,140,3048,14,30,21,16,4,0,0,5,90,0,0,4,5,4,0,0,0,13,73,651,4183,8351,4240,603,121,393,18615
LGA10110,11,93,711,3472,2079,485,101,129,7081,0,49,261,82,13,5,4,13,427,0,7,30,20,3,0,3,0,63,0,56,291,102,16,5,7,13,490,9,194,539,113,13,0,3,35,906,0,6,22,4,0,0,0,3,35,0,0,0,0,0,0,0,0,0,0,8,4,0,4,0,0,0,16,9,208,565,117,17,0,3,38,957,6,11,15,10,3,0,0,3,48,0,3,3,3,3,0,0,0,12,26,371,1585,3704,2118,490,111,183,8588
LGA10150,14,115,794,2787,1628,339,87,94,5858,3,79,541,430,64,8,4,26,1155,14,67,263,262,58,6,0,10,680,17,146,804,692,122,14,4,36,1835,65,666,1723,255,26,3,7,70,2815,49,557,2646,243,3,0,3,65,3566,7,182,712,121,3,3,0,13,1041,3,19,21,7,3,3,0,0,56,124,1424,5102,626,35,9,10,148,7478,3,19,34,30,7,0,0,3,96,3,9,11,4,0,0,0,3,30,161,1713,6745,4139,1792,362,101,284,15297
LGA10200,56,130,1626,5302,2781,643,167,290,10995,3,59,304,482,157,22,10,28,1065,16,28,382,931,192,19,3,35,1606,19,87,686,1413,349,41,13,63,2671,26,225,1728,288,34,0,3,113,2417,52,111,1797,558,12,3,0,59,2592,32,417,2064,682,29,0,3,72,3299,3,6,9,7,0,0,0,0,25,113,759,5598,1535,75,3,6,244,8333,0,13,17,10,8,4,3,0,55,3,6,3,10,3,0,0,0,25,191,995,7930,8270,3216,691,189,597,22079
LGA10250,16,157,998,5372,3608,674,121,150,11096,0,57,602,541,33,5,0,31,1269,0,13,244,415,35,6,3,11,727,0,70,846,956,68,11,3,42,1996,3,219,992,532,22,3,3,62,1836,0,8,41,28,0,0,0,0,77,0,0,49,15,0,3,0,0,67,3,9,4,0,0,0,0,0,16,6,236,1086,575,22,6,3,62,1996,21,136,227,84,7,3,3,24,505,0,0,0,0,0,0,3,0,3,43,599,3157,6987,3705,694,133,278,15596
LGA10300,0,14,99,407,201,27,5,13,766,0,6,10,0,0,0,0,0,16,0,0,0,3,0,0,0,0,3,0,6,10,3,0,0,0,0,19,0,4,15,0,0,0,0,5,24,0,0,0,0,0,0,0,0,0,0,0,0,0,0,0,0,0,0,0,0,0,0,0,0,0,0,0,0,4,15,0,0,0,0,5,24,3,0,3,4,0,0,3,5,18,0,0,0,0,0,0,0,0,0,3,24,127,414,201,27,8,23,827
LGA10350,64,296,5376,20053,10008,2406,555,865,39623,63,279,755,1882,421,75,18,113,3606,32,222,799,2729,1713,127,24,124,5770,95,501,1554,4611,2134,202,42,237,9376,132,913,1201,391,58,5,4,166,2870,14,152,2409,393,14,5,0,113,3100,9,94,1269,320,17,0,0,47,1756,3,40,61,43,22,3,0,8,180,158,1199,4940,1147,111,13,4,334,7906,7,55,76,59,24,7,0,14,242,0,8,61,17,0,0,4,0,90,324,2059,12007,25887,12277,2628,605,1450,57237
LGA10470,28,153,1097,5113,4079,832,173,188,11663,7,94,385,256,24,0,0,41,807,10,21,43,75,34,6,6,4,199,17,115,428,331,58,6,6,45,1006,25,138,515,95,10,4,4,32,823,0,3,29,0,0,0,0,3,35,0,0,5,0,0,0,0,0,5,0,4,14,15,0,3,0,0,36,25,145,563,110,10,7,4,35,899,4,23,13,9,0,0,0,9,58,0,6,9,6,4,0,5,0,30,74,442,2110,5569,4151,845,188,277,13656
LGA10550,48,265,1498,5284,2678,444,101,185,10503,4,92,213,132,14,3,3,13,474,6,31,135,157,43,10,0,11,393,10,123,348,289,57,13,3,24,867,6,76,631,215,33,5,3,40,1009,0,0,7,3,0,0,0,0,10,0,0,0,0,0,0,0,0,0,0,9,12,3,3,0,0,0,27,6,85,650,221,36,5,3,40,1046,21,81,82,38,8,0,5,10,245,0,0,11,4,0,0,0,0,15,85,554,2589,5836,2779,462,112,259,12676
LGA10600,16,136,721,2194,1107,203,44,72,4493,0,8,40,11,3,3,0,3,68,0,0,30,8,0,0,0,0,38,0,8,70,19,3,3,0,3,106,3,42,102,9,0,0,3,8,167,0,3,16,3,0,0,0,3,25,0,0,0,0,0,0,0,0,0,3,15,3,3,3,0,0,0,27,6,60,121,15,3,0,3,11,219,30,56,72,21,6,0,0,6,191,0,0,0,0,0,0,0,0,0,52,260,984,2249,1119,206,47,92,5009
LGA10650,5,33,356,1551,725,108,18,57,2853,0,12,88,22,0,0,0,11,133,0,0,0,7,0,4,0,0,11,0,12,88,29,0,4,0,11,144,0,18,97,37,0,0,0,9,161,0,0,0,0,0,0,0,0,0,0,0,0,0,0,0,0,0,0,0,0,0,0,0,0,0,0,0,0,18,97,37,0,0,0,9,161,4,25,29,13,3,3,4,5,86,0,0,0,0,3,0,0,0,3,9,88,570,1630,731,115,22,82,3247
LGA10750,126,554,3766,39811,26863,4379,828,1346,77673,19,257,805,2248,375,48,13,108,3873,27,174,803,4350,1182,143,37,134,6850,46,431,1608,6598,1557,191,50,242,10723,113,632,249,78,20,0,3,110,1205,4,61,1308,96,6,0,0,68,1543,17,63,1645,136,5,0,0,51,1917,9,64,34,18,3,3,3,7,141,143,820,3236,328,34,3,6,236,4806,14,121,155,55,14,0,0,24,383,0,9,10,31,11,8,3,0,72,329,1935,8775,46823,28479,4581,887,1848,93657
LGA10800,8,33,254,1011,647,109,20,44,2126,0,3,3,9,0,0,0,0,15,0,0,0,0,0,0,0,0,0,0,3,3,9,0,0,0,0,15,3,26,40,6,0,0,0,3,78,0,0,0,0,0,0,0,0,0,0,0,0,0,0,0,0,0,0,0,3,3,0,0,0,3,0,9,3,29,43,6,0,0,3,3,87,0,10,3,8,3,0,4,4,32,0,0,0,0,0,0,0,0,0,11,75,303,1034,650,109,27,51,2260
LGA10850,5,47,318,1151,684,122,42,46,2415,3,11,18,11,3,3,0,3,52,0,0,0,4,0,0,0,0,4,3,11,18,15,3,3,0,3,56,0,17,27,5,0,0,0,3,52,0,0,0,0,0,0,0,0,0,0,0,0,0,0,0,0,0,0,0,6,0,0,0,0,0,0,6,0,23,27,5,0,0,0,3,58,3,4,4,4,0,0,0,3,18,0,0,0,3,0,0,0,0,3,11,85,367,1178,687,125,42,55,2550
LGA10900,40,454,3395,12007,7643,1730,373,332,25974,17,139,293,372,82,19,6,22,950,0,57,169,181,37,10,4,10,468,17,196,462,553,119,29,10,32,1418,18,136,165,78,7,0,0,13,417,0,23,44,3,0,0,0,3,73,3,0,3,0,0,0,0,0,6,3,31,19,19,3,0,0,3,78,24,190,231,100,10,0,0,19,574,7,14,11,8,0,0,0,6,46,0,3,4,8,0,5,0,0,20,88,857,4103,12676,7772,1764,383,389,28032
LGA10950,3,12,156,445,278,36,11,29,970,0,3,19,0,0,0,0,3,25,0,0,0,0,0,0,0,0,0,0,3,19,0,0,0,0,3,25,0,5,14,5,3,0,0,3,30,0,0,0,0,0,0,0,0,0,0,0,0,0,0,0,0,0,0,0,0,0,0,0,0,0,0,0,0,5,14,5,3,0,0,3,30,3,4,3,3,3,3,0,3,22,0,3,0,0,0,0,0,0,3,6,27,192,453,284,39,11,38,1050
LGA11000,3,16,164,495,215,38,13,26,970,0,4,9,0,0,0,0,0,13,0,0,0,0,0,0,0,0,0,0,4,9,0,0,0,0,0,13,3,3,6,3,0,0,0,0,15,0,0,0,0,0,0,0,0,0,0,0,0,0,0,0,0,0,0,0,0,0,0,0,0,0,0,0,3,3,6,3,0,0,0,0,15,3,3,0,0,0,0,0,0,6,0,0,0,0,0,0,0,0,0,9,26,179,498,215,38,13,26,1004
LGA11050,6,21,133,412,262,45,25,11,915,0,15,10,0,0,0,0,3,28,0,0,3,0,0,0,0,0,3,0,15,13,0,0,0,0,3,31,0,0,5,0,0,0,0,0,5,0,0,0,0,0,0,0,0,0,0,0,0,0,0,0,0,0,0,0,0,0,0,0,0,0,0,0,0,0,5,0,0,0,0,0,5,3,3,3,3,3,0,0,3,18,0,0,0,0,0,0,0,0,0,9,39,154,415,265,45,25,17,969
LGA11100,9,49,988,2841,1162,353,82,93,5577,7,51,427,500,81,5,6,28,1105,0,65,118,622,123,18,0,15,961,7,116,545,1122,204,23,6,43,2066,75,269,405,118,16,4,4,34,925,12,293,2397,535,3,0,4,93,3337,20,363,1325,335,8,0,3,47,2101,0,0,4,0,0,0,3,0,7,107,925,4131,988,27,4,14,174,6370,5,9,40,14,5,0,0,0,73,0,10,11,13,0,0,0,0,34,128,1109,5715,4978,1398,380,102,310,14120
LGA11150,0,33,132,386,230,50,18,42,891,0,0,0,5,0,0,0,0,5,0,0,0,0,0,0,0,0,0,0,0,0,5,0,0,0,0,5,3,9,9,0,0,0,3,3,27,0,0,0,0,0,0,0,0,0,0,0,0,0,0,0,0,0,0,0,0,0,0,0,0,0,0,0,3,9,9,0,0,0,3,3,27,3,8,0,3,0,0,0,4,18,0,0,0,0,0,0,0,0,0,6,50,141,394,230,50,21,49,941
LGA11200,0,27,85,237,130,25,13,13,530,0,0,0,0,0,0,0,0,0,0,0,0,0,0,0,0,0,0,0,0,0,0,0,0,0,0,0,0,6,29,0,3,0,0,0,38,0,0,0,0,0,0,0,0,0,0,0,0,0,0,0,0,0,0,0,0,0,0,0,0,0,0,0,0,6,29,0,3,0,0,0,38,0,0,0,3,0,0,0,0,3,0,0,0,4,0,0,0,0,4,0,33,114,244,133,25,13,13,575
LGA11250,8,104,1433,4009,1070,159,37,198,7018,0,15,42,12,0,0,0,5,74,0,0,0,0,0,0,0,0,0,0,15,42,12,0,0,0,5,74,15,33,114,38,11,0,3,29,243,0,0,0,0,0,0,0,0,0,0,0,14,35,10,0,3,5,67,0,0,0,0,4,0,0,0,4,15,33,128,73,25,0,6,34,314,0,7,4,3,0,6,0,4,24,0,0,3,0,0,0,3,0,6,23,159,1610,4097,1095,165,46,241,7436
LGA11300,17,86,666,2493,1559,540,165,105,5631,7,33,347,300,82,9,5,14,797,0,56,53,202,60,12,3,15,401,7,89,400,502,142,21,8,29,1198,72,166,454,133,17,0,3,23,868,29,128,1117,189,3,0,3,43,1512,12,167,908,281,10,4,0,35,1417,3,8,9,4,3,0,0,0,27,116,469,2488,607,33,4,6,101,3824,0,7,19,23,3,3,3,3,61,0,3,4,3,0,0,0,3,13,140,654,3577,3628,1737,568,182,241,10727
LGA11350,70,389,1262,4506,2298,402,106,161,9194,9,41,211,178,10,0,0,16,465,0,31,144,350,15,5,0,13,558,9,72,355,528,25,5,0,29,1023,14,122,190,113,9,0,0,26,474,0,19,34,7,0,0,0,3,63,0,0,3,4,0,0,0,0,7,4,23,16,6,4,3,0,3,59,18,164,243,130,13,3,0,32,603,41,134,100,22,3,0,0,52,352,3,9,3,8,3,0,0,0,26,141,768,1963,5194,2342,410,106,274,11198
LGA11400,9,80,627,1883,1445,315,75,70,4504,3,11,25,3,5,0,0,3,50,0,0,16,0,0,0,0,0,16,3,11,41,3,5,0,0,3,66,0,27,23,9,0,0,0,4,63,0,0,0,0,0,0,0,0,0,0,0,0,0,0,0,0,0,0,0,0,0,0,0,0,3,0,3,0,27,23,9,0,0,3,4,66,5,28,9,14,3,0,3,3,65,3,0,0,0,0,0,0,0,3,20,146,700,1909,1453,315,81,80,4704
LGA11450,25,96,440,5448,8566,1397,263,162,16397,8,99,216,178,109,13,4,15,642,0,13,78,165,101,15,0,4,376,8,112,294,343,210,28,4,19,1018,3,51,153,9,3,3,0,12,234,0,0,17,6,0,0,0,0,23,0,0,0,0,0,0,0,0,0,0,8,5,5,3,0,0,0,21,3,59,175,20,6,3,0,12,278,13,43,77,6,4,0,0,12,155,0,4,3,7,10,3,0,0,27,49,314,989,5824,8796,1431,267,205,17875
LGA11500,71,221,1379,21200,11757,2247,546,631,38052,17,69,1390,1997,124,4,4,93,3698,11,97,1122,1802,438,25,3,89,3587,28,166,2512,3799,562,29,7,182,7285,23,238,560,127,18,3,0,40,1009,0,5,279,140,0,0,0,13,437,0,33,202,41,4,0,0,5,285,3,35,12,4,0,0,0,0,54,26,311,1053,312,22,3,0,58,1785,4,7,13,72,38,6,5,0,145,3,3,3,3,9,0,0,0,21,132,708,4960,25386,12388,2285,558,871,47288
LGA11520,17,101,2001,5967,3347,947,190,183,12753,0,51,539,393,54,12,0,24,1073,4,130,726,1206,197,10,3,24,2300,4,181,1265,1599,251,22,3,48,3373,44,339,1254,453,23,0,3,71,2187,14,218,2182,839,29,3,0,57,3342,27,654,3490,1813,62,11,0,77,6134,3,5,18,10,0,0,0,0,36,88,1216,6944,3115,114,14,3,205,11699,3,20,60,43,4,0,3,3,136,0,15,29,11,0,0,0,0,55,112,1533,10299,10735,3716,983,199,439,28016
LGA11550,64,220,4127,12463,5129,1249,326,522,24100,57,142,705,475,142,34,9,36,1600,19,148,1195,1096,478,44,10,90,3080,76,290,1900,1571,620,78,19,126,4680,142,972,8118,747,85,6,9,432,10511,22,303,3659,529,21,4,3,164,4705,9,137,1010,257,29,11,0,52,1505,0,6,9,3,3,0,0,4,25,173,1418,12796,1536,138,21,12,652,16746,4,28,130,64,13,0,0,9,248,0,11,59,56,16,5,0,5,152,317,1967,19012,15690,5916,1353,357,1314,45926
LGA11600,3,15,117,429,254,65,15,21,919,0,0,3,3,0,0,0,0,6,0,0,0,0,0,0,0,0,0,0,0,3,3,0,0,0,0,6,0,7,19,0,0,0,0,0,26,0,0,0,0,0,0,0,0,0,0,0,0,0,0,0,0,0,0,0,0,0,0,0,0,0,0,0,0,7,19,0,0,0,0,0,26,5,11,3,5,0,0,0,6,30,0,0,0,0,0,0,0,0,0,8,33,142,437,254,65,15,27,981
LGA11700,4,47,104,223,154,26,21,27,606,0,0,0,0,0,0,0,0,0,0,0,0,0,0,0,0,0,0,0,0,0,0,0,0,0,0,0,0,5,17,12,5,0,0,3,42,0,0,0,0,0,0,0,0,0,0,0,0,0,0,0,0,0,0,0,0,0,0,0,0,0,0,0,0,5,17,12,5,0,0,3,42,0,11,9,10,6,0,0,4,40,0,4,15,17,9,3,0,3,51,4,67,145,262,174,29,21,37,739
LGA11720,39,272,2730,8735,3889,583,131,329,16708,0,125,413,230,19,6,0,34,827,0,4,26,21,0,0,0,3,54,0,129,439,251,19,6,0,37,881,4,175,240,89,5,0,0,19,532,0,0,0,0,0,0,0,0,0,0,0,0,0,0,0,0,0,0,0,4,5,8,0,0,0,4,21,4,179,245,97,5,0,0,23,553,5,22,9,17,10,0,0,7,70,0,3,4,3,0,0,3,3,16,48,605,3427,9103,3923,589,134,399,18228
LGA11730,76,406,2446,8436,4250,740,150,298,16802,5,38,280,169,5,0,4,17,518,0,8,116,123,17,0,0,11,275,5,46,396,292,22,0,4,28,793,9,170,549,217,19,0,6,28,998,0,8,50,16,0,0,0,0,74,0,0,8,4,0,0,0,0,12,0,9,0,3,0,3,0,3,18,9,187,607,240,19,3,6,31,1102,63,205,144,44,26,0,0,44,526,0,17,7,7,3,0,0,0,34,153,861,3600,9019,4320,743,160,401,19257
LGA11750,7,17,156,764,475,61,20,31,1531,0,0,16,5,0,0,0,0,21,0,0,0,0,0,0,0,0,0,0,0,16,5,0,0,0,0,21,0,40,66,7,5,0,0,6,124,0,0,0,0,0,0,0,0,0,0,0,0,0,0,0,0,0,0,0,0,0,0,0,0,0,0,0,0,40,66,7,5,0,0,6,124,3,20,5,4,0,3,3,0,38,0,3,3,3,0,0,0,0,9,10,80,246,783,480,64,23,37,1723
LGA11800,39,300,2073,9772,5959,1188,234,300,19865,5,145,939,495,44,6,4,50,1688,4,64,422,612,57,4,3,21,1187,9,209,1361,1107,101,10,7,71,2875,36,340,1237,271,16,8,10,83,2001,3,6,172,43,0,0,3,6,233,0,30,135,61,5,0,0,6,237,0,23,26,9,3,5,3,3,72,39,399,1570,384,24,13,16,98,2543,45,262,345,75,17,4,0,32,780,0,3,3,5,0,0,0,0,11,132,1173,5352,11343,6101,1215,257,501,26074
LGA11860,0,3,43,228,192,46,21,7,540,0,0,0,0,0,0,0,0,0,0,0,0,0,0,0,0,0,0,0,0,0,0,0,0,0,0,0,0,0,0,0,0,0,0,0,0,0,0,0,0,0,0,0,0,0,0,0,0,0,0,0,0,0,0,0,0,0,0,0,0,0,0,0,0,0,0,0,0,0,0,0,0,0,0,0,7,0,0,0,0,7,0,0,0,0,0,0,0,0,0,0,3,43,235,192,46,21,7,547
LGA12000,0,20,174,686,407,82,14,24,1407,0,4,0,0,0,0,0,0,4,0,0,0,0,0,0,0,0,0,0,4,0,0,0,0,0,0,4,0,15,30,5,0,0,0,9,59,0,0,0,0,0,0,0,0,0,0,0,0,0,0,0,0,0,0,0,0,0,0,0,0,0,0,0,0,15,30,5,0,0,0,9,59,0,7,3,4,0,0,4,0,18,0,0,0,0,0,0,0,0,0,0,46,207,695,407,82,18,33,1488
LGA12050,16,74,468,1717,941,178,53,42,3489,3,51,83,19,3,0,3,7,169,0,3,0,4,3,0,0,0,10,3,54,83,23,6,0,3,7,179,0,43,47,12,4,0,0,3,109,0,4,0,0,0,0,0,0,4,0,3,0,0,0,0,0,0,3,0,4,0,0,0,0,0,0,4,0,54,47,12,4,0,0,3,120,3,8,8,3,5,3,0,3,33,0,3,3,3,0,0,0,0,9,22,193,609,1758,956,181,56,55,3830
LGA12150,4,13,232,663,383,83,25,48,1451,0,10,14,4,0,0,0,0,28,0,0,0,0,0,0,0,0,0,0,10,14,4,0,0,0,0,28,0,9,28,0,0,0,0,0,37,0,0,0,0,0,0,0,0,0,0,0,0,0,0,0,0,0,0,0,0,0,0,0,0,0,0,0,0,9,28,0,0,0,0,0,37,4,5,0,5,0,0,0,3,17,0,0,0,0,3,0,0,0,3,8,37,274,672,386,83,25,51,1536
LGA12200,0,26,396,1425,728,112,24,52,2763,0,0,31,4,0,0,0,0,35,0,0,0,3,3,0,0,0,6,0,0,31,7,3,0,0,0,41,5,30,76,10,0,0,0,4,125,0,0,9,0,0,0,0,3,12,0,0,0,0,0,0,0,0,0,0,0,0,0,3,0,0,0,3,5,30,85,10,3,0,0,7,140,0,5,4,0,0,0,0,0,9,0,0,4,0,0,0,0,0,4,5,61,520,1442,734,112,24,59,2957
LGA12300,5,50,512,2021,959,147,26,74,3794,0,3,92,26,3,0,0,7,131,0,0,3,3,3,0,0,0,9,0,3,95,29,6,0,0,7,140,0,37,258,76,0,0,0,15,386,0,0,0,0,0,0,0,0,0,0,0,0,0,0,0,0,0,0,0,3,0,0,0,0,0,0,3,0,40,258,76,0,0,0,15,389,6,24,26,13,0,0,0,9,78,0,3,0,3,3,0,0,0,9,11,120,891,2142,968,147,26,105,4410
LGA12350,13,68,592,2105,1169,208,47,129,4331,3,25,75,15,3,0,0,6,127,0,0,11,3,3,0,0,3,20,3,25,86,18,6,0,0,9,147,6,24,133,19,0,0,0,15,197,3,0,7,0,0,0,0,0,10,0,0,4,0,0,0,0,0,4,0,0,0,0,0,0,0,0,0,9,24,144,19,0,0,0,15,211,3,17,6,9,4,0,3,3,45,0,0,0,0,0,0,0,8,8,28,134,828,2151,1179,208,50,164,4742
LGA12500,3,25,345,1366,677,70,14,67,2567,0,13,119,12,3,0,0,15,162,0,0,0,0,0,0,0,0,0,0,13,119,12,3,0,0,15,162,0,23,87,9,0,0,3,4,126,0,0,0,0,0,0,0,0,0,0,0,0,0,0,0,0,0,0,0,3,0,0,0,0,0,0,3,0,26,87,9,0,0,3,4,129,3,20,16,6,3,0,0,4,52,0,0,0,0,0,0,3,0,3,6,84,567,1393,683,70,20,90,2913
LGA12600,10,85,868,5402,4580,675,128,177,11925,3,71,461,161,31,3,0,26,756,0,4,15,12,10,0,0,0,41,3,75,476,173,41,3,0,26,797,19,246,787,59,6,0,0,45,1162,0,6,13,0,0,0,0,0,19,0,0,16,0,0,0,0,0,16,0,4,0,0,0,0,0,0,4,19,256,816,59,6,0,0,45,1201,11,21,31,17,4,0,3,25,112,0,0,0,0,0,0,4,0,4,43,437,2191,5651,4631,678,135,273,14039
LGA12700,7,65,485,1446,776,152,36,50,3017,0,22,17,3,3,0,0,3,48,0,0,0,0,0,0,4,0,4,0,22,17,3,3,0,4,3,52,0,10,12,3,0,0,0,0,25,0,0,0,0,0,0,0,0,0,0,0,0,0,0,0,0,0,0,0,0,0,0,3,0,0,0,3,0,10,12,3,3,0,0,0,28,3,5,6,5,0,0,0,0,19,0,0,0,0,0,0,0,0,0,10,102,520,1457,782,152,40,53,3116
LGA12750,33,237,1724,5954,3214,570,148,210,12090,0,61,289,289,13,0,0,39,691,0,34,106,159,21,7,0,12,339,0,95,395,448,34,7,0,51,1030,6,106,451,178,18,3,0,37,799,3,8,19,15,0,0,4,4,53,0,0,0,0,0,0,0,0,0,0,16,16,11,0,0,0,0,43,9,130,486,204,18,3,4,41,895,12,99,131,37,9,0,0,24,312,4,0,3,3,0,0,0,0,10,58,561,2739,6646,3275,580,152,326,14337
LGA12850,126,352,2925,20309,13094,2849,693,998,41346,20,307,518,1507,495,87,24,125,3083,26,194,948,2561,548,86,24,120,4507,46,501,1466,4068,1043,173,48,245,7590,36,535,1348,316,23,5,7,121,2391,21,320,2247,174,0,4,3,117,2886,17,145,934,105,3,0,0,37,1241,0,49,45,55,10,3,0,6,168,74,1049,4574,650,36,12,10,281,6686,7,71,47,22,8,3,0,5,163,3,0,14,26,9,0,0,0,52,256,1973,9026,25075,14190,3037,751,1529,55837
LGA12900,5,34,417,1612,950,124,19,67,3228,4,11,87,10,0,3,0,4,119,0,0,4,0,3,0,0,0,7,4,11,91,10,3,3,0,4,126,5,31,104,8,0,0,0,19,167,0,0,0,0,0,0,0,0,0,0,0,0,0,0,0,0,0,0,0,0,3,0,0,0,0,0,3,5,31,107,8,0,0,0,19,170,0,10,6,0,0,0,3,13,32,0,0,3,0,0,0,3,0,6,14,86,624,1630,953,127,25,103,3562
LGA12950,0,27,248,691,421,75,16,33,1511,0,3,3,0,0,0,0,0,6,0,0,0,0,0,0,0,0,0,0,3,3,0,0,0,0,0,6,0,22,43,23,12,3,0,3,106,0,0,0,0,0,0,0,0,0,0,0,0,0,0,0,0,0,0,0,0,0,0,0,0,0,0,0,0,22,43,23,12,3,0,3,106,6,5,4,5,0,0,0,7,27,0,0,0,0,0,0,0,0,0,6,57,298,719,433,78,16,43,1650
LGA13010,15,98,488,1661,776,116,35,68,3257,0,39,53,8,3,0,0,5,108,0,5,4,0,3,0,0,0,12,0,44,57,8,6,0,0,5,120,0,17,40,6,3,0,3,0,69,0,0,0,0,0,0,0,0,0,0,0,0,0,0,0,0,0,0,0,0,0,0,0,0,0,0,0,0,17,40,6,3,0,3,0,69,4,8,0,3,0,0,0,0,15,0,4,0,0,0,0,0,0,4,19,171,585,1678,785,116,38,73,3465
LGA13050,11,37,247,965,479,61,16,27,1843,0,4,8,4,0,0,0,4,20,0,0,0,0,0,0,0,0,0,0,4,8,4,0,0,0,4,20,4,18,36,5,4,0,0,0,67,0,0,0,0,0,0,0,0,0,0,0,0,0,0,0,0,0,0,0,5,0,4,0,0,0,0,9,4,23,36,9,4,0,0,0,76,5,17,19,13,3,0,0,3,60,0,0,0,0,0,0,0,0,0,20,81,310,991,486,61,16,34,1999
LGA13100,88,841,5775,20606,14626,3307,662,627,46532,32,262,2340,2295,147,35,6,167,5284,31,159,938,1850,297,69,13,79,3436,63,421,3278,4145,444,104,19,246,8720,33,607,1484,979,54,12,6,141,3316,26,55,613,205,15,4,0,23,941,0,55,587,238,11,0,0,14,905,8,63,37,19,3,0,0,6,136,67,780,2721,1441,83,16,6,184,5298,27,158,337,60,19,0,5,28,634,0,15,67,21,6,0,0,3,112,245,2215,12178,26273,15178,3427,692,1088,61296
LGA13310,16,124,1217,4543,2657,424,95,157,9233,3,57,244,165,32,3,0,16,520,0,3,30,22,4,0,0,0,59,3,60,274,187,36,3,0,16,579,4,82,244,28,0,0,0,15,373,0,8,27,3,0,0,0,0,38,0,20,8,3,0,0,0,6,37,0,3,3,0,0,0,0,0,6,4,113,282,34,0,0,0,21,454,28,51,28,37,6,3,3,5,161,0,0,0,9,15,3,3,0,30,51,348,1801,4810,2714,433,101,199,10457
LGA13320,23,153,1389,5532,2962,422,85,187,10753,6,74,622,651,21,7,0,50,1431,0,54,153,143,21,3,0,18,392,6,128,775,794,42,10,0,68,1823,4,96,361,196,7,3,0,26,693,0,14,198,40,0,0,0,6,258,0,14,233,57,0,0,0,12,316,0,6,7,8,0,0,0,7,28,4,130,799,301,7,3,0,51,1295,19,113,199,44,13,5,0,28,421,0,0,9,4,0,0,0,0,13,52,524,3171,6675,3024,440,85,334,14305
LGA13340,9,69,437,1634,1058,190,39,85,3521,0,8,18,6,0,0,0,10,42,0,0,0,0,0,0,0,0,0,0,8,18,6,0,0,0,10,42,3,6,8,3,0,0,0,0,20,0,0,0,0,0,0,0,0,0,0,0,0,0,0,0,0,0,0,0,0,3,0,0,0,0,0,3,3,6,11,3,0,0,0,0,23,0,12,6,3,0,0,0,0,21,0,0,0,4,0,0,0,0,4,12,95,472,1650,1058,190,39,95,3611
LGA13380,47,260,1784,8178,4255,689,138,265,15616,5,93,561,224,14,0,4,21,922,0,0,33,105,19,0,0,0,157,5,93,594,329,33,0,4,21,1079,12,265,694,105,6,0,3,61,1146,7,7,16,0,0,0,0,0,30,0,0,0,0,0,0,0,0,0,0,5,4,0,0,0,0,0,9,19,277,714,105,6,0,3,61,1185,18,58,97,51,16,3,4,10,257,0,3,7,8,3,0,0,3,24,89,691,3196,8671,4313,692,149,360,18161
LGA13450,12,126,704,3576,2354,300,46,170,7288,3,37,178,206,20,3,3,14,464,0,0,48,9,0,0,0,0,57,3,37,226,215,20,3,3,14,521,3,75,296,117,40,4,3,37,575,0,0,3,0,0,0,0,0,3,0,0,0,0,0,0,0,0,0,0,0,3,0,0,0,3,0,6,3,75,302,117,40,4,6,37,584,11,28,6,6,4,0,0,5,60,0,0,0,0,0,0,0,0,0,29,266,1238,3914,2418,307,55,226,8453
LGA13500,5,14,131,637,381,75,21,22,1286,0,0,13,0,0,0,0,0,13,0,0,0,3,4,0,0,0,7,0,0,13,3,4,0,0,0,20,0,4,41,3,0,0,0,3,51,0,0,0,0,0,0,0,0,0,0,0,0,0,0,0,0,0,0,0,0,0,0,0,0,0,3,3,0,4,41,3,0,0,0,6,54,0,13,7,11,7,0,3,3,44,0,0,0,0,0,0,0,0,0,5,31,192,654,392,75,24,31,1404
LGA13550,9,56,481,2017,1129,205,41,70,4008,0,14,73,20,3,0,3,3,116,0,0,0,6,0,0,0,0,6,0,14,73,26,3,0,3,3,122,5,58,170,41,3,0,0,9,286,0,0,0,0,0,0,0,0,0,0,0,6,3,0,0,0,0,9,0,0,0,4,4,0,0,0,8,5,58,176,48,7,0,0,9,303,3,12,11,10,4,0,3,8,51,0,0,0,0,4,0,0,0,4,17,140,741,2101,1147,205,47,90,4488
LGA13650,6,30,250,726,406,85,12,27,1542,0,9,10,3,0,3,0,0,25,0,0,0,0,0,0,0,0,0,0,9,10,3,0,3,0,0,25,0,6,12,5,0,0,0,0,23,0,0,0,0,0,0,0,0,0,0,0,0,0,0,0,0,0,0,0,0,3,0,0,0,0,0,3,0,6,15,5,0,0,0,0,26,0,0,6,5,0,0,0,10,21,0,0,0,0,0,0,0,0,0,6,45,281,739,406,88,12,37,1614
LGA13660,11,50,345,861,494,102,20,44,1927,0,0,4,0,0,0,0,0,4,0,0,0,0,0,0,0,0,0,0,0,4,0,0,0,0,0,4,0,23,12,0,0,0,0,6,41,0,0,0,0,0,0,0,0,0,0,0,0,0,0,0,0,0,0,0,4,0,0,0,0,0,0,4,0,27,12,0,0,0,0,6,45,6,11,10,6,3,0,5,0,41,0,0,0,0,0,0,0,0,0,17,88,371,867,497,102,25,50,2017
LGA13700,3,23,205,702,328,66,21,21,1369,0,3,8,9,0,0,0,3,23,0,0,0,0,0,0,0,0,0,0,3,8,9,0,0,0,3,23,0,3,11,4,0,0,0,0,18,0,0,0,0,0,0,0,0,0,0,0,0,0,0,0,0,0,0,0,3,0,0,0,0,0,0,3,0,6,11,4,0,0,0,0,21,3,8,3,3,3,0,0,3,23,0,0,0,0,0,0,0,0,0,6,40,227,718,331,66,21,27,1436
LGA13800,40,256,1316,8087,5956,1572,433,223,17883,8,133,446,675,36,3,3,39,1343,3,46,149,356,39,3,0,3,599,11,179,595,1031,75,6,3,42,1942,3,152,285,136,15,3,0,17,611,0,0,60,13,0,0,0,0,73,0,0,32,0,0,0,0,4,36,0,21,8,6,3,3,0,3,44,3,173,385,155,18,6,0,24,764,34,85,75,25,6,3,3,11,242,0,0,5,5,3,0,0,0,13,88,693,2376,9303,6058,1587,439,300,20844
LGA13850,0,15,172,501,286,58,22,24,1078,0,0,5,0,0,0,0,0,5,0,0,0,0,0,0,0,0,0,0,0,5,0,0,0,0,0,5,0,14,44,4,5,0,0,8,75,0,0,0,0,0,0,0,0,0,0,0,0,0,0,0,0,0,0,0,0,0,0,0,0,0,0,0,0,14,44,4,5,0,0,8,75,3,0,0,3,0,0,0,0,6,0,0,0,0,0,0,0,0,0,3,29,221,508,291,58,22,32,1164
LGA13950,42,302,2198,10676,5317,1202,250,356,20343,21,302,1179,1071,202,34,6,75,2890,3,43,401,988,321,36,4,26,1822,24,345,1580,2059,523,70,10,101,4712,24,245,2181,238,3,3,3,57,2754,24,152,3583,418,5,0,0,114,4296,0,26,552,121,3,3,0,19,724,7,42,26,13,7,0,0,3,98,55,465,6342,790,18,6,3,193,7872,9,7,30,13,4,0,0,7,70,3,3,8,3,0,0,0,0,17,133,1122,10158,13541,5862,1278,263,657,33014
LGA14000,43,341,2170,14322,17399,4339,841,306,39761,5,210,580,681,78,15,6,49,1624,8,38,325,1727,254,25,0,30,2407,13,248,905,2408,332,40,6,79,4031,22,509,643,166,32,0,3,49,1424,19,248,2370,529,16,0,0,48,3230,130,617,2731,353,4,3,3,50,3891,9,61,30,16,7,3,3,8,137,180,1435,5774,1064,59,6,9,155,8682,11,45,58,36,8,3,0,0,161,0,7,10,16,3,0,3,0,39,247,2076,8917,17846,17801,4388,859,540,52674
LGA14100,12,56,295,1021,1036,375,103,27,2925,0,10,30,28,7,0,0,0,75,0,23,48,240,49,4,0,5,369,0,33,78,268,56,4,0,5,444,0,63,280,74,5,0,0,7,429,30,70,225,68,0,0,0,9,402,3,124,85,19,0,0,0,19,250,0,0,3,0,0,0,0,0,3,33,257,593,161,5,0,0,35,1084,4,7,11,14,0,0,0,0,36,0,0,0,0,0,0,0,0,0,49,353,977,1464,1097,379,103,67,4489
LGA14150,33,152,2121,7479,4570,1357,300,238,16250,53,220,510,855,78,7,0,56,1779,13,105,196,761,438,58,7,24,1602,66,325,706,1616,516,65,7,80,3381,23,209,860,294,52,5,3,29,1475,15,230,2703,623,38,3,3,71,3686,27,280,1717,471,26,0,0,46,2567,0,4,10,15,3,0,0,0,32,65,723,5290,1403,119,8,6,146,7760,0,21,76,38,0,5,0,0,140,3,3,3,3,3,0,0,0,15,167,1224,8196,10539,5208,1435,313,464,27546
LGA14200,14,97,722,2683,1517,271,59,110,5473,0,4,19,37,3,0,0,0,63,0,0,0,7,0,0,0,3,10,0,4,19,44,3,0,0,3,73,10,155,229,22,9,3,0,30,458,0,0,0,0,0,0,0,0,0,0,0,0,0,0,0,0,0,0,0,0,4,0,0,0,0,0,4,10,155,233,22,9,3,0,30,462,17,22,15,4,3,3,3,6,73,0,0,0,0,0,0,0,0,0,41,278,989,2753,1532,277,62,149,6081
LGA14250,3,5,48,262,161,31,6,8,524,0,0,0,0,0,0,0,3,3,0,0,0,0,0,0,0,0,0,0,0,0,0,0,0,0,3,3,0,5,7,0,0,0,0,0,12,0,0,0,0,0,0,0,0,0,0,0,0,0,0,0,0,0,0,0,0,0,0,0,0,0,0,0,0,5,7,0,0,0,0,0,12,0,0,0,3,0,0,0,0,3,0,0,0,3,0,0,0,0,3,3,10,55,268,161,31,6,11,545
LGA14300,4,29,236,888,515,92,19,26,1809,3,11,31,4,0,0,0,4,53,0,0,0,0,0,0,0,0,0,3,11,31,4,0,0,0,4,53,0,0,9,0,0,0,0,0,9,0,0,0,0,0,0,0,0,0,0,0,0,0,0,0,0,0,0,0,0,0,0,0,0,0,0,0,0,0,9,0,0,0,0,0,9,0,0,0,3,0,0,0,0,3,0,3,0,3,0,0,3,4,13,7,43,276,898,515,92,22,34,1887
LGA14350,36,257,1665,4902,2076,302,73,154,9465,6,44,165,146,80,11,3,11,466,0,14,8,17,11,3,0,3,56,6,58,173,163,91,14,3,14,522,3,75,249,68,3,0,0,16,414,0,0,27,3,0,0,0,0,30,0,0,0,0,0,0,0,0,0,0,0,5,0,0,3,0,0,8,3,75,281,71,3,3,0,16,452,37,75,25,8,10,0,0,15,170,0,0,0,4,0,3,0,0,7,82,465,2144,5148,2180,322,76,199,10616
LGA14400,4,59,461,2721,2179,453,94,59,6030,0,9,107,123,8,0,0,7,254,0,11,122,244,23,0,0,8,408,0,20,229,367,31,0,0,15,662,6,67,168,57,3,3,0,10,314,0,12,109,22,0,0,0,8,151,0,56,76,26,0,0,0,8,166,0,11,6,6,0,0,0,0,23,6,146,359,111,3,3,0,26,654,5,10,31,10,3,0,4,0,63,0,0,0,3,0,0,0,0,3,15,235,1080,3212,2216,456,98,100,7412
LGA14450,12,73,1289,4606,3327,1171,250,171,10899,0,49,213,360,43,5,0,19,689,0,28,225,532,103,14,8,17,927,0,77,438,892,146,19,8,36,1616,9,126,964,287,9,0,0,36,1431,11,82,2104,634,16,0,4,40,2891,20,188,1418,714,20,0,0,45,2405,0,0,9,0,0,0,0,0,9,40,396,4495,1635,45,0,4,121,6736,6,20,34,19,0,0,0,0,79,0,4,8,4,0,0,0,0,16,58,570,6264,7156,3518,1190,262,328,19346
LGA14500,25,121,1017,8152,12633,5125,1054,227,28354,0,41,132,201,29,4,0,37,444,8,53,186,662,140,11,3,16,1079,8,94,318,863,169,15,3,53,1523,10,147,778,607,16,8,3,30,1599,37,179,799,390,13,0,3,37,1458,11,256,1451,969,14,0,0,36,2737,0,17,6,9,3,3,0,0,38,58,599,3034,1975,46,11,6,103,5832,0,5,11,0,4,0,0,0,20,7,7,9,12,6,3,0,4,48,98,826,4389,11002,12858,5154,1063,387,35777
LGA14550,30,186,687,1600,728,134,19,65,3449,0,3,9,5,0,0,0,3,20,0,3,8,0,3,0,0,0,14,0,6,17,5,3,0,0,3,34,0,11,40,9,0,0,0,0,60,0,0,0,0,0,0,0,0,0,0,0,0,0,0,0,0,0,0,0,3,0,3,0,0,0,0,6,0,14,40,12,0,0,0,0,66,12,15,13,4,3,0,3,5,55,0,0,0,0,0,0,0,0,0,42,221,757,1621,734,134,22,73,3604
LGA14600,8,40,338,1120,624,134,43,67,2374,4,9,16,3,0,0,0,3,35,0,0,0,0,0,0,0,0,0,4,9,16,3,0,0,0,3,35,6,20,19,0,0,0,0,0,45,0,0,0,0,0,0,0,0,0,0,0,0,0,0,0,0,0,0,0,0,0,0,0,0,0,0,0,6,20,19,0,0,0,0,0,45,3,6,3,3,0,0,0,4,19,0,0,0,0,0,0,0,0,0,21,75,376,1126,624,134,43,74,2473
LGA14650,79,819,7855,30088,17604,3115,526,877,60963,10,407,2094,1121,76,12,4,102,3826,0,59,442,663,84,8,3,32,1291,10,466,2536,1784,160,20,7,134,5117,51,888,1498,513,36,3,3,141,3133,0,52,96,64,6,0,0,3,221,0,58,126,100,0,0,4,0,288,7,52,20,9,6,3,0,5,102,58,1050,1740,686,48,6,7,149,3744,34,229,323,48,10,3,0,56,703,0,4,8,15,4,0,0,0,31,181,2568,12462,32621,17826,3144,540,1216,70558
LGA14700,9,64,594,2128,2146,770,151,56,5918,3,28,84,74,14,0,0,0,203,0,18,131,308,33,0,4,10,504,3,46,215,382,47,0,4,10,707,12,192,605,166,15,0,0,22,1012,48,172,1459,464,14,5,0,28,2190,82,270,1273,291,16,0,0,29,1961,0,8,7,3,3,0,0,0,21,142,642,3344,924,48,5,0,79,5184,3,13,10,4,0,0,0,0,30,0,12,6,18,0,0,0,5,41,157,777,4169,3456,2241,775,155,150,11880
LGA14750,3,56,342,1599,1080,177,47,70,3374,4,28,75,16,7,4,0,3,137,0,4,17,3,0,0,0,0,24,4,32,92,19,7,4,0,3,161,0,27,110,58,8,0,0,9,212,0,0,0,0,0,0,0,0,0,0,0,0,3,0,0,0,0,3,0,0,0,0,0,0,0,0,0,0,27,110,61,8,0,0,9,215,3,10,12,6,0,3,0,3,37,0,0,0,0,3,0,0,0,3,10,125,556,1685,1098,184,47,85,3790
LGA14800,18,182,2121,3568,1292,205,51,93,7530,17,279,1790,1125,208,18,0,44,3481,5,177,1510,2033,452,54,14,35,4280,22,456,3300,3158,660,72,14,79,7761,116,504,669,198,16,3,3,47,1556,58,564,887,92,9,3,0,51,1664,194,833,1126,298,7,3,5,32,2498,4,16,6,0,4,0,0,3,33,372,1917,2688,588,36,9,8,133,5751,10,53,132,34,15,0,0,13,257,0,4,9,6,0,0,0,0,19,422,2612,8250,7354,2003,286,73,318,21318
LGA14850,77,371,1725,6967,3640,748,145,201,13874,7,61,362,172,12,0,4,38,656,4,11,93,119,18,0,0,5,250,11,72,455,291,30,0,4,43,906,12,164,660,164,9,4,0,32,1045,3,28,38,0,0,0,0,6,75,0,0,32,5,0,0,0,9,46,3,21,13,10,3,0,0,3,53,18,213,743,179,12,4,0,50,1219,60,113,85,35,8,5,0,23,329,3,0,3,3,3,3,0,0,15,169,769,3011,7475,3693,760,149,317,16343
LGA14870,15,133,1313,3499,1598,267,64,158,7047,0,30,230,114,5,0,3,16,398,0,3,5,16,0,0,0,0,24,0,33,235,130,5,0,3,16,422,11,58,79,25,4,0,0,11,188,0,4,14,13,0,0,0,5,36,0,0,0,0,0,0,0,0,0,0,4,0,0,0,0,0,0,4,11,66,93,38,4,0,0,16,228,0,17,15,13,7,0,0,27,79,0,0,3,0,0,3,3,0,9,26,249,1659,3680,1614,270,70,217,7785
LGA14900,70,218,1445,16459,17898,2975,551,727,40343,29,156,444,1161,370,38,13,126,2337,16,119,804,1870,906,142,22,138,4017,45,275,1248,3031,1276,180,35,264,6354,199,353,462,305,21,3,3,116,1462,21,206,2112,255,14,3,4,97,2712,6,142,1857,474,0,0,0,67,2546,0,12,16,5,10,0,0,0,43,226,713,4447,1039,45,6,7,280,6763,4,24,33,19,4,0,0,5,89,0,12,17,12,5,0,0,0,46,345,1242,7190,20560,19228,3161,593,1276,53595
LGA14920,4,64,422,1455,687,111,28,54,2825,0,8,23,4,4,0,0,3,42,0,0,0,0,0,0,0,0,0,0,8,23,4,4,0,0,3,42,0,11,43,0,0,0,0,0,54,0,0,0,0,0,0,0,0,0,0,0,0,0,0,0,0,0,0,0,0,0,0,0,0,0,0,0,0,11,43,0,0,0,0,0,54,3,3,4,7,0,0,3,3,23,0,0,0,0,0,0,3,0,3,7,86,492,1466,691,111,34,60,2947
LGA14950,4,15,140,529,293,72,22,24,1099,0,0,0,0,0,0,0,0,0,0,0,0,0,0,0,0,0,0,0,0,0,0,0,0,0,0,0,3,5,3,0,0,0,0,0,11,0,0,0,0,0,0,0,0,0,0,0,0,0,0,0,0,0,0,0,0,0,0,0,0,0,0,0,3,5,3,0,0,0,0,0,11,0,3,4,3,0,0,0,0,10,0,4,3,0,0,0,0,0,7,7,27,150,532,293,72,22,24,1127
LGA15050,16,142,1545,10029,7953,1150,177,251,21263,3,120,646,361,33,0,0,39,1202,0,44,146,55,20,11,0,6,282,3,164,792,416,53,11,0,45,1484,8,366,517,204,20,3,0,54,1172,0,0,0,0,0,0,0,0,0,0,0,0,0,0,0,0,0,0,4,9,0,0,0,0,0,0,13,12,375,517,204,20,3,0,54,1185,16,46,55,24,4,0,0,13,158,0,0,3,3,0,0,0,0,6,47,727,2912,10676,8030,1164,177,363,24096
LGA15150,9,70,668,2364,2134,700,113,56,6114,4,62,230,383,86,18,0,4,787,3,46,299,528,95,12,9,9,1001,7,108,529,911,181,30,9,13,1788,18,307,1059,461,62,5,6,43,1961,22,477,1249,402,23,8,3,43,2227,106,641,1392,726,28,0,4,57,2954,0,9,5,4,0,0,0,0,18,146,1434,3705,1593,113,13,13,143,7160,3,14,16,7,8,0,0,3,51,3,6,7,5,0,0,0,0,21,168,1632,4925,4880,2436,743,135,215,15134
LGA15200,36,312,2269,4806,1950,401,108,163,10045,17,278,2656,1818,242,47,6,70,5134,11,239,899,1362,463,77,24,42,3117,28,517,3555,3180,705,124,30,112,8251,232,1407,2552,334,47,6,9,134,4721,197,1166,2912,297,9,0,6,83,4670,91,478,986,108,3,0,0,35,1701,3,55,41,17,6,0,0,9,131,523,3106,6491,756,65,6,15,261,11223,14,80,165,89,15,4,8,13,388,3,15,25,21,6,0,0,0,70,604,4030,12505,8852,2741,535,161,549,29977
LGA15270,27,183,1069,3512,2186,408,90,140,7615,7,13,143,124,4,0,0,13,304,0,0,0,0,0,0,0,0,0,7,13,143,124,4,0,0,13,304,8,61,155,44,0,0,0,22,290,0,5,0,0,0,0,0,0,5,0,0,0,0,0,0,0,0,0,0,0,3,0,0,0,0,0,3,8,66,158,44,0,0,0,22,298,14,44,37,23,5,0,0,19,142,0,0,3,0,0,0,0,0,3,56,306,1410,3703,2195,408,90,194,8362
LGA15300,3,92,513,1850,1251,218,53,95,4075,0,6,36,48,14,3,0,4,111,0,8,6,6,0,0,0,0,20,0,14,42,54,14,3,0,4,131,15,57,263,18,4,0,0,22,379,0,0,0,0,0,0,0,0,0,0,0,0,0,0,0,0,0,0,0,0,0,3,0,0,0,0,3,15,57,263,21,4,0,0,22,382,11,17,10,13,5,0,0,12,68,0,0,5,0,0,0,0,0,5,29,180,833,1938,1274,221,53,133,4661
LGA15350,4,31,289,1282,1692,737,113,27,4175,3,23,196,349,64,0,0,9,644,3,45,160,365,96,24,3,8,704,6,68,356,714,160,24,3,17,1348,4,220,684,267,32,3,3,20,1233,16,612,1150,289,16,0,0,34,2117,25,649,890,187,8,4,3,39,1805,0,3,3,0,0,0,0,0,6,45,1484,2727,743,56,7,6,93,5161,0,0,3,3,0,0,0,3,9,3,11,21,6,4,0,3,0,48,58,1594,3396,2748,1912,768,125,140,10741
LGA15500,4,20,387,1207,629,92,12,35,2386,0,0,10,7,0,0,0,0,17,0,0,4,0,0,0,0,0,4,0,0,14,7,0,0,0,0,21,0,18,154,35,5,0,0,17,229,0,0,0,0,0,0,0,0,0,0,0,0,0,0,0,0,0,0,0,0,0,0,0,0,0,0,0,0,18,154,35,5,0,0,17,229,0,12,24,15,3,0,0,5,59,0,0,8,5,0,0,0,0,13,4,50,587,1269,637,92,12,57,2708
LGA15550,0,9,69,442,212,27,3,14,776,0,0,0,0,0,0,0,0,0,0,0,0,0,0,0,0,0,0,0,0,0,0,0,0,0,0,0,0,6,32,3,3,0,0,0,44,0,0,0,0,0,0,0,0,0,0,0,0,0,0,0,0,0,0,0,0,0,0,0,0,0,0,0,0,6,32,3,3,0,0,0,44,3,5,5,0,0,0,3,3,19,0,0,0,0,0,0,0,0,0,3,20,106,445,215,27,6,17,839
LGA15650,5,81,438,2393,1616,256,43,91,4923,0,16,90,57,4,0,0,9,176,0,4,23,8,3,3,0,0,41,0,20,113,65,7,3,0,9,217,3,83,147,52,11,0,3,15,314,0,0,0,0,0,0,0,0,0,0,0,0,0,0,0,0,0,0,0,3,0,0,0,0,0,0,3,3,86,147,52,11,0,3,15,317,5,20,20,5,0,0,0,8,58,0,0,17,0,0,0,0,0,17,13,207,735,2515,1634,259,46,123,5532
LGA15700,28,214,1253,3172,1454,246,52,134,6553,10,46,132,70,4,0,0,23,285,0,7,23,25,3,0,3,3,64,10,53,155,95,7,0,3,26,349,21,115,217,56,3,5,3,29,449,0,3,22,11,0,0,0,0,36,0,0,20,23,0,0,0,0,43,3,0,0,0,3,0,0,0,6,24,118,259,90,6,5,3,29,534,9,53,74,25,0,0,3,17,181,0,0,0,0,0,0,0,0,0,71,438,1741,3382,1467,251,61,206,7617
LGA15750,6,81,501,2152,1166,199,51,119,4275,0,6,16,6,0,0,0,0,28,0,0,3,0,4,0,0,0,7,0,6,19,6,4,0,0,0,35,4,91,245,22,4,0,0,16,382,0,0,3,0,0,0,0,0,3,0,0,0,0,0,0,0,0,0,0,3,3,0,0,0,0,0,6,4,94,251,22,4,0,0,16,391,3,21,18,4,5,0,4,16,71,6,0,0,5,0,0,0,0,11,19,202,789,2189,1179,199,55,151,4783
LGA15800,7,36,327,1019,528,105,22,52,2096,0,0,15,9,0,0,0,3,27,0,0,3,0,0,0,3,0,6,0,0,18,9,0,0,3,3,33,0,22,53,7,0,0,0,3,85,0,0,0,0,0,0,0,0,0,0,0,0,0,0,0,0,0,0,0,0,0,0,0,0,0,3,3,0,22,53,7,0,0,0,6,88,0,5,3,0,0,0,0,14,22,0,0,0,0,5,0,0,0,5,7,63,401,1035,533,105,25,75,2244
LGA15850,9,48,273,1093,675,114,20,60,2292,0,3,25,16,0,0,0,0,44,0,0,0,0,0,0,0,0,0,0,3,25,16,0,0,0,0,44,0,24,42,7,0,0,0,0,73,0,0,0,0,0,0,0,0,0,0,0,0,0,0,0,0,0,0,0,3,3,0,0,3,0,0,9,0,27,45,7,0,3,0,0,82,0,8,7,3,3,0,4,5,30,0,0,0,0,0,0,3,0,3,9,86,350,1119,678,117,27,65,2451
LGA15900,55,525,8394,22456,8880,1616,415,646,42987,46,521,1989,896,72,15,6,115,3660,14,241,1303,1551,154,35,15,84,3397,60,762,3292,2447,226,50,21,199,7057,112,1594,2109,650,39,5,22,210,4741,36,338,1148,266,8,3,3,108,1910,19,203,703,412,21,3,3,23,1387,3,38,24,11,3,3,3,0,85,170,2173,3984,1339,71,14,31,341,8123,14,30,89,41,14,3,3,5,199,4,30,24,9,8,0,4,6,85,303,3520,15783,26292,9199,1683,474,1197,58451
LGA15950,19,101,672,1660,1082,315,60,29,3938,0,62,513,571,89,9,6,12,1262,18,206,769,1552,270,48,7,34,2904,18,268,1282,2123,359,57,13,46,4166,53,715,1729,645,45,11,6,103,3307,136,1615,3334,899,44,0,4,51,6083,496,3189,5062,1787,60,4,5,160,10763,0,8,4,7,3,0,0,0,22,685,5527,10129,3338,152,15,15,314,20175,4,56,26,11,0,0,0,3,100,0,10,15,12,3,0,0,10,50,726,5962,12124,7144,1596,387,88,402,28429
LGA16100,7,35,194,864,551,91,16,34,1792,0,5,11,12,0,0,0,3,31,0,0,0,3,0,0,0,0,3,0,5,11,15,0,0,0,3,34,0,10,13,8,0,0,0,0,31,0,5,6,0,0,0,0,0,11,0,0,0,0,0,0,0,0,0,0,0,0,0,0,0,0,0,0,0,15,19,8,0,0,0,0,42,4,13,0,0,0,0,0,0,17,0,0,0,0,0,0,0,0,0,11,68,224,887,551,91,16,37,1885
LGA16150,11,92,1072,6126,3727,618,119,214,11979,4,83,547,222,18,4,0,41,919,0,24,23,8,0,0,0,3,58,4,107,570,230,18,4,0,44,977,17,257,361,63,3,3,12,28,744,0,0,22,4,0,0,0,0,26,0,12,9,0,0,0,0,0,21,0,5,6,0,0,0,0,0,11,17,274,398,67,3,3,12,28,802,7,35,18,8,3,0,0,27,98,0,0,3,0,3,0,3,0,9,39,508,2061,6431,3754,625,134,313,13865
LGA16180,27,129,532,1599,1723,444,105,41,4600,3,3,24,18,3,0,0,7,58,0,3,0,11,0,0,0,0,14,3,6,24,29,3,0,0,7,72,0,4,4,3,0,0,0,0,11,0,0,0,0,0,0,0,0,0,0,0,0,0,0,0,0,0,0,0,0,7,0,0,0,0,0,7,0,4,11,3,0,0,0,0,18,0,48,44,40,0,3,0,19,154,0,0,0,0,4,0,0,0,4,30,187,611,1671,1730,447,105,67,4848
LGA16200,8,95,661,2370,1427,265,52,95,4973,0,14,108,41,4,0,3,8,178,0,3,0,3,0,0,0,0,6,0,17,108,44,4,0,3,8,184,0,51,87,15,4,0,0,14,171,0,6,3,0,0,0,0,0,9,0,0,0,0,0,0,0,0,0,3,3,0,3,0,0,0,0,9,3,60,90,18,4,0,0,14,189,10,8,12,3,8,0,0,9,50,0,0,0,3,3,0,3,0,9,21,180,871,2438,1446,265,58,126,5405
LGA16250,83,323,3747,15179,7707,1885,439,565,29928,114,359,922,1449,164,10,7,84,3109,23,167,890,2497,753,68,15,61,4474,137,526,1812,3946,917,78,22,145,7583,173,995,3423,1013,93,7,3,217,5924,64,451,5976,1236,30,0,9,168,7934,132,659,3548,538,17,3,3,152,5052,4,29,12,14,6,0,0,5,70,373,2134,12959,2801,146,10,15,542,18980,4,20,45,29,8,3,0,4,113,3,17,30,33,3,4,3,7,100,600,3020,18593,21988,8781,1980,479,1263,56704
LGA16350,63,336,1898,24854,16482,3352,741,684,48410,22,188,658,1608,158,24,12,59,2729,0,121,553,2596,296,49,14,71,3700,22,309,1211,4204,454,73,26,130,6429,71,216,757,430,153,36,9,97,1769,5,126,1486,85,6,4,5,54,1771,4,32,344,56,19,4,0,9,468,4,60,33,66,51,11,5,5,235,84,434,2620,637,229,55,19,165,4243,8,69,81,40,11,4,0,14,227,0,35,26,8,5,0,0,9,83,177,1183,5836,29743,17181,3484,786,1002,59392
LGA16370,25,259,1328,5608,5344,1568,345,155,14632,3,92,162,244,83,17,6,31,638,7,73,302,843,219,55,8,22,1529,10,165,464,1087,302,72,14,53,2167,24,280,632,285,13,6,0,48,1288,5,160,729,273,8,3,0,26,1204,0,32,143,36,0,0,0,4,215,9,54,25,17,3,0,0,8,116,38,526,1529,611,24,9,0,86,2823,11,34,62,22,9,3,0,4,145,0,5,0,0,3,0,0,0,8,84,989,3383,7328,5682,1652,359,298,19775
LGA16380,42,276,2428,10946,6632,1161,212,291,21988,11,98,1223,993,39,3,3,81,2451,6,193,261,345,63,11,0,18,897,17,291,1484,1338,102,14,3,99,3348,3,295,920,226,16,3,3,117,1583,0,23,430,72,0,3,0,18,546,4,35,435,247,8,0,3,14,746,3,10,14,6,0,3,0,0,36,10,363,1799,551,24,9,6,149,2911,36,249,390,70,17,5,0,29,796,0,3,6,5,0,0,0,4,18,105,1182,6107,12910,6775,1189,221,572,29061
LGA16400,20,275,2130,8790,6887,1129,210,311,19752,3,71,678,583,119,6,3,44,1507,3,32,201,695,142,4,4,11,1092,6,103,879,1278,261,10,7,55,2599,3,149,321,235,42,5,0,25,780,0,9,84,45,3,0,0,3,144,0,5,79,48,8,5,0,4,149,3,8,5,3,3,0,0,0,22,6,171,489,331,56,10,0,32,1095,34,198,187,48,18,0,0,31,516,0,3,9,3,0,0,0,0,15,66,750,3694,10450,7222,1149,217,429,23977
LGA16470,8,63,582,3906,3854,769,183,123,9488,8,96,728,525,42,0,3,28,1430,0,13,379,300,24,4,3,5,728,8,109,1107,825,66,4,6,33,2158,27,454,599,65,7,0,0,44,1196,5,194,563,6,4,0,0,17,789,0,78,245,37,0,0,0,6,366,0,10,9,7,4,0,0,0,30,32,736,1416,115,15,0,0,67,2381,11,13,12,11,9,3,3,11,73,0,4,3,4,0,0,0,0,11,59,925,3120,4861,3944,776,192,234,14111
LGA16550,35,189,1617,5977,4563,1496,433,239,14549,34,120,1270,1691,436,70,16,72,3709,31,149,774,1906,623,119,29,69,3700,65,269,2044,3597,1059,189,45,141,7409,168,979,2597,835,99,11,7,111,4807,123,1889,6798,1530,71,69,13,255,10748,160,1846,6025,1417,71,6,9,185,9719,3,30,28,6,3,0,0,0,70,454,4744,15448,3788,244,86,29,551,25344,4,46,71,61,11,3,3,3,202,0,12,26,14,4,0,0,3,59,558,5260,19206,13437,5881,1774,510,937,47563
LGA16610,25,133,1015,3636,1866,284,52,133,7144,4,33,151,152,16,0,0,8,364,0,11,48,33,6,0,0,3,101,4,44,199,185,22,0,0,11,465,4,98,388,115,10,3,3,24,645,0,0,0,3,0,0,0,0,3,0,0,5,0,0,0,0,0,5,0,0,0,0,3,0,0,0,3,4,98,393,118,13,3,3,24,656,23,66,50,31,8,5,0,10,193,0,0,3,0,0,0,0,0,3,56,341,1660,3970,1909,292,55,178,8461
LGA16650,26,178,2788,8531,3837,1077,239,331,17007,12,126,1330,1353,101,14,3,50,2989,4,41,173,781,321,47,10,19,1396,16,167,1503,2134,422,61,13,69,4385,27,302,1273,274,18,3,3,66,1966,46,457,4613,514,14,0,4,164,5812,38,457,3594,628,22,3,5,83,4830,7,22,33,7,11,0,0,4,84,118,1238,9513,1423,65,6,12,317,12692,3,79,108,43,13,3,0,22,271,0,9,27,11,4,3,0,0,54,163,1671,13939,12142,4341,1150,264,739,34409
LGA16700,30,125,2131,8997,6144,1776,408,272,19883,20,134,717,1560,148,22,0,45,2646,10,154,1369,1143,302,16,9,40,3043,30,288,2086,2703,450,38,9,85,5689,32,682,1224,317,27,6,12,85,2385,61,1166,4026,292,10,0,5,90,5650,27,776,2605,466,20,4,4,58,3960,3,8,9,3,3,0,0,0,26,123,2632,7864,1078,60,10,21,233,12021,4,12,20,13,7,0,0,3,59,0,4,5,11,0,3,0,3,26,187,3061,12106,12802,6661,1827,438,596,37678
LGA16900,15,122,865,9366,6561,1137,147,248,18461,0,92,762,589,41,0,0,42,1526,3,19,425,443,53,9,3,12,967,3,111,1187,1032,94,9,3,54,2493,8,191,543,239,24,4,3,30,1042,0,23,51,10,0,0,0,3,87,0,0,0,0,0,0,0,0,0,3,3,3,3,3,0,0,3,18,11,217,597,252,27,4,3,36,1147,13,77,195,21,5,0,3,19,333,0,0,3,0,0,0,0,0,3,42,527,2847,10671,6687,1150,156,357,22437
LGA16950,64,512,3959,14982,9772,1690,339,527,31845,8,125,719,530,74,6,5,49,1516,0,11,122,162,23,3,0,10,331,8,136,841,692,97,9,5,59,1847,14,305,844,191,15,3,3,62,1437,0,0,8,10,3,0,0,0,21,0,5,0,0,0,0,0,0,5,3,23,15,7,3,3,0,4,58,17,333,867,208,21,6,3,66,1521,46,193,274,71,13,3,5,53,658,0,7,22,20,9,0,0,5,63,135,1181,5963,15973,9912,1708,352,710,35934
LGA17000,13,72,543,2964,2700,435,84,73,6884,0,10,105,169,18,5,0,0,307,0,5,47,28,13,3,0,0,96,0,15,152,197,31,8,0,0,403,3,64,218,47,5,0,0,11,348,0,0,0,0,0,0,0,0,0,0,0,0,0,0,0,0,0,0,0,3,0,0,3,0,0,0,6,3,67,218,47,8,0,0,11,354,16,61,20,11,0,0,0,5,113,0,0,3,0,0,0,0,0,3,32,215,936,3219,2739,443,84,89,7757
LGA17050,10,54,224,810,481,110,61,28,1778,0,5,38,57,42,10,0,0,152,0,10,30,44,7,0,0,3,94,0,15,68,101,49,10,0,3,246,3,11,72,61,15,3,10,3,178,3,4,14,7,3,0,3,3,37,0,3,3,0,0,0,3,0,9,0,0,0,0,0,0,0,0,0,6,18,89,68,18,3,16,6,224,3,9,13,4,3,0,0,22,54,0,13,5,6,0,0,3,36,63,19,109,399,989,551,123,80,95,2365
LGA17100,24,47,625,1962,1660,876,278,136,5608,9,57,63,83,16,3,0,8,239,0,107,195,267,87,5,0,13,674,9,164,258,350,103,8,0,21,913,38,134,760,135,19,0,3,41,1130,7,127,1236,246,27,0,3,30,1676,23,158,1455,327,4,0,3,38,2008,0,0,0,0,0,0,0,0,0,68,419,3451,708,50,0,9,109,4814,0,9,14,15,0,0,0,0,38,0,0,4,0,0,0,3,0,7,101,639,4352,3035,1813,884,290,266,11380
LGA17150,44,399,3245,20934,19630,4858,808,471,50389,37,272,994,1558,95,14,3,66,3039,3,211,1108,3757,369,24,7,90,5569,40,483,2102,5315,464,38,10,156,8608,28,1324,1780,343,22,4,3,123,3627,11,639,5717,840,17,0,3,133,7360,46,476,3441,822,16,0,0,121,4922,10,43,23,23,11,4,4,0,118,95,2482,10961,2028,66,8,10,377,16027,29,113,100,43,7,4,0,10,306,0,3,7,4,5,0,0,0,19,208,3480,16415,28324,20172,4908,828,1014,75349
LGA17200,58,277,889,1092,469,152,48,73,3058,19,493,1744,1070,197,24,18,77,3642,139,931,3954,4451,1652,334,147,239,11847,158,1424,5698,5521,1849,358,165,316,15489,305,1249,1235,388,47,10,16,111,3361,512,2722,3341,707,68,11,11,179,7551,3063,16116,18577,3934,209,22,70,829,42820,21,31,41,12,0,0,0,6,111,3901,20118,23194,5041,324,43,97,1125,53843,18,70,81,55,11,5,3,4,247,31,114,324,27,13,0,3,23,535,4166,22003,30186,11736,2666,558,316,1541,73172
LGA17310,28,221,1719,9314,5681,986,202,336,18487,3,101,400,128,45,4,5,40,726,0,20,64,47,23,8,0,30,192,3,121,464,175,68,12,5,70,918,14,264,888,168,11,4,0,85,1434,0,11,20,3,0,0,0,3,37,0,0,16,0,0,0,0,0,16,0,11,8,4,3,0,0,0,26,14,286,932,175,14,4,0,88,1513,12,65,39,30,13,0,7,28,194,0,7,13,9,0,0,0,0,29,57,700,3167,9703,5776,1002,214,522,21141
LGA17350,4,41,308,1058,559,107,21,43,2141,0,3,7,3,0,0,0,0,13,0,0,0,3,0,0,0,0,3,0,3,7,6,0,0,0,0,16,3,48,44,16,0,0,0,4,115,0,0,0,0,0,0,0,0,0,0,0,0,0,0,0,0,0,0,0,0,3,0,0,0,0,0,3,3,48,47,16,0,0,0,4,118,0,5,0,3,4,0,0,0,12,3,0,0,3,0,0,0,0,6,10,97,362,1086,563,107,21,47,2293
LGA17400,12,103,469,1155,568,102,28,47,2484,0,8,8,14,0,3,0,0,33,0,0,0,0,0,0,0,0,0,0,8,8,14,0,3,0,0,33,0,19,34,9,4,0,0,5,71,0,0,0,0,0,0,0,0,0,0,0,0,0,0,0,0,0,0,0,3,3,0,0,0,0,0,6,0,22,37,9,4,0,0,5,77,9,34,23,7,7,0,0,3,83,0,0,3,3,0,0,3,0,9,21,167,540,1188,579,105,31,55,2686
LGA17420,34,229,1014,10901,24503,6426,1338,366,44811,3,77,416,637,86,12,4,16,1251,4,69,779,2811,656,49,13,45,4426,7,146,1195,3448,742,61,17,61,5677,0,90,392,207,22,3,0,22,736,0,21,485,275,0,3,0,6,790,0,119,704,230,5,0,4,11,1073,3,27,23,22,10,3,0,0,88,3,257,1604,734,37,9,4,39,2687,3,17,17,14,3,0,0,3,57,0,19,16,18,8,4,0,0,65,47,668,3846,15115,25293,6500,1359,469,53297
LGA17450,3,23,189,622,312,43,20,29,1241,0,0,0,0,0,0,0,0,0,0,0,0,0,0,0,0,0,0,0,0,0,0,0,0,0,0,0,0,8,20,0,0,0,0,0,28,0,0,0,0,0,0,0,0,0,0,0,0,0,0,0,0,0,0,0,0,0,0,0,0,0,0,0,0,8,20,0,0,0,0,0,28,0,3,4,5,0,0,0,6,18,0,0,0,0,0,0,0,0,0,3,34,213,627,312,43,20,35,1287
LGA17500,7,56,480,2096,974,133,12,71,3829,10,6,17,12,0,0,0,4,49,0,11,12,3,0,0,0,0,26,10,17,29,15,0,0,0,4,75,4,43,123,9,4,0,3,5,191,0,3,3,0,0,0,0,0,6,0,5,34,4,0,0,0,0,43,0,0,0,0,0,0,0,0,0,4,51,160,13,4,0,3,5,240,11,9,9,6,0,0,0,3,38,0,0,0,0,3,0,0,16,19,32,133,678,2130,981,133,15,99,4201
LGA17550,76,429,2930,10257,6463,1166,225,347,21893,13,188,1533,2084,269,29,13,119,4248,30,180,665,1118,86,8,11,71,2169,43,368,2198,3202,355,37,24,190,6417,21,339,1282,643,22,3,3,97,2410,3,73,727,286,9,0,0,31,1129,0,12,310,150,5,0,0,17,494,4,38,35,13,11,3,0,8,112,28,462,2354,1092,47,6,3,153,4145,85,503,405,64,24,3,6,68,1158,0,10,19,10,6,0,0,0,45,232,1772,7906,14625,6895,1212,258,758,33658
LGA17620,3,93,617,2279,1404,266,59,104,4825,0,13,47,33,3,0,0,10,106,0,0,0,0,0,0,0,0,0,0,13,47,33,3,0,0,10,106,3,44,85,43,0,0,3,4,182,0,0,0,0,0,0,0,0,0,0,0,6,0,0,0,0,0,6,0,5,4,0,0,0,0,0,9,3,49,95,43,0,0,3,4,197,14,33,43,8,0,3,0,5,106,0,0,0,3,0,3,0,3,9,20,188,802,2366,1407,272,62,126,5243
LGA17640,7,58,382,1220,816,134,43,46,2706,0,6,19,12,0,0,0,0,37,0,0,0,0,0,0,0,0,0,0,6,19,12,0,0,0,0,37,0,6,4,0,0,0,0,0,10,0,0,0,0,0,0,0,0,0,0,0,0,0,0,0,0,0,0,0,0,3,0,0,0,3,0,6,0,6,7,0,0,0,3,0,16,3,7,8,4,8,3,0,0,33,0,0,0,3,0,0,3,0,6,10,77,416,1239,824,137,49,46,2798
LGA17650,7,54,253,1015,555,142,37,31,2094,0,0,3,3,0,0,0,3,9,0,0,0,0,0,0,0,0,0,0,0,3,3,0,0,0,3,9,0,11,40,8,0,0,0,4,63,0,0,0,0,0,0,0,0,0,0,0,0,0,0,0,0,0,0,0,0,0,0,0,0,0,0,0,0,11,40,8,0,0,0,4,63,5,6,10,7,5,0,4,0,37,0,0,0,0,0,0,0,0,0,12,71,306,1033,560,142,41,38,2203
LGA17700,0,17,66,194,119,26,9,12,443,0,0,0,0,0,0,0,0,0,0,0,0,0,0,0,0,0,0,0,0,0,0,0,0,0,0,0,0,0,0,0,0,0,0,0,0,0,0,0,0,0,0,0,0,0,0,0,0,0,0,0,0,0,0,0,0,0,0,0,0,0,0,0,0,0,0,0,0,0,0,0,0,0,0,0,0,0,0,0,0,0,0,0,0,0,0,0,0,0,0,0,17,66,194,119,26,9,12,443
LGA17750,21,97,1450,8928,6301,1131,186,298,18412,5,82,451,163,25,6,0,28,760,0,10,84,53,3,7,0,4,161,5,92,535,216,28,13,0,32,921,10,192,1661,146,3,4,3,78,2097,0,21,43,10,0,0,0,5,79,0,6,13,9,0,0,0,4,32,5,10,3,0,3,0,0,0,21,15,229,1720,165,6,4,3,87,2229,10,38,34,30,5,0,0,16,133,0,3,10,3,3,0,0,0,19,51,459,3749,9342,6343,1148,189,433,21714
LGA17800,3,19,167,704,393,57,15,26,1384,0,4,7,0,0,0,0,0,11,0,0,0,0,0,0,0,0,0,0,4,7,0,0,0,0,0,11,0,13,50,11,0,0,0,5,79,0,0,0,0,0,0,0,0,0,0,0,0,0,0,0,0,0,0,0,0,0,0,0,0,0,0,0,0,13,50,11,0,0,0,5,79,4,8,4,14,0,0,0,4,34,0,0,0,4,0,0,0,0,4,7,44,228,733,393,57,15,35,1512
LGA17850,3,13,160,559,301,76,19,17,1148,0,5,7,0,3,0,0,0,15,0,0,0,0,0,0,0,3,3,0,5,7,0,3,0,0,3,18,0,14,12,3,0,0,0,3,32,0,0,0,0,0,0,0,0,0,0,0,0,0,0,0,0,0,0,0,0,0,0,0,0,0,0,0,0,14,12,3,0,0,0,3,32,3,6,3,3,3,0,0,3,21,0,0,0,0,0,0,0,0,0,6,38,182,565,307,76,19,26,1219
LGA17900,39,200,453,754,451,101,35,77,2110,0,4,8,5,0,0,0,0,17,0,0,0,0,0,0,0,0,0,0,4,8,5,0,0,0,0,17,0,48,39,7,0,0,0,8,102,0,0,0,0,0,0,0,0,0,0,0,0,0,0,0,0,0,0,0,3,0,0,0,0,0,0,3,0,51,39,7,0,0,0,8,105,35,88,48,37,7,0,0,29,244,0,3,5,3,3,0,0,0,14,74,346,553,806,461,101,35,114,2490
LGA17950,3,10,134,470,278,70,19,22,1006,0,0,17,11,0,0,0,0,28,0,0,0,4,0,0,0,0,4,0,0,17,15,0,0,0,0,32,0,24,6,4,0,0,0,5,39,0,0,0,0,0,0,0,0,0,0,0,0,0,0,0,0,0,0,0,0,0,0,0,0,0,0,0,0,24,6,4,0,0,0,5,39,3,9,5,5,0,0,0,3,25,0,0,0,0,0,0,0,0,0,6,43,162,494,278,70,19,30,1102
LGA18000,42,318,2184,11933,11359,3656,866,320,30678,61,206,307,278,49,7,0,35,943,6,207,624,1059,197,23,16,40,2172,67,413,931,1337,246,30,16,75,3115,170,1317,1956,360,41,16,8,127,3995,42,1655,6497,534,16,3,8,147,8902,19,793,2262,430,8,0,0,70,3582,11,70,52,25,19,5,3,3,188,242,3835,10767,1349,84,24,19,347,16667,4,32,50,29,8,5,0,9,137,0,10,8,10,8,4,0,0,40,355,4608,13940,14658,11705,3719,901,751,50637
LGA18020,14,81,540,1651,881,167,40,73,3447,0,0,6,5,0,0,0,3,14,0,0,3,3,0,0,0,0,6,0,0,9,8,0,0,0,3,20,5,42,50,7,0,0,0,14,118,0,0,0,0,0,0,0,0,0,0,0,0,0,0,0,0,0,0,0,0,0,0,0,0,3,0,3,5,42,50,7,0,0,3,14,121,12,14,13,9,10,3,0,3,64,0,0,0,3,5,0,3,0,11,31,137,612,1678,896,170,46,93,3663
LGA18050,14,77,657,1812,1648,541,117,76,4942,4,61,796,1016,294,57,13,32,2273,11,66,645,985,549,88,16,42,2402,15,127,1441,2001,843,145,29,74,4675,40,800,1834,416,64,8,11,85,3258,185,1301,3535,568,45,4,5,127,5770,267,1335,3182,1006,32,5,8,153,5988,0,8,7,4,3,0,0,0,22,492,3444,8558,1994,144,17,24,365,15038,4,39,72,26,8,3,3,3,158,0,7,24,16,7,3,0,0,57,525,3694,10752,5849,2650,709,173,518,24870
LGA18100,3,22,211,667,395,66,13,27,1404,3,4,12,7,0,0,0,4,30,0,0,0,0,0,0,0,0,0,3,4,12,7,0,0,0,4,30,0,20,22,7,3,0,0,5,57,0,0,0,0,0,0,0,0,0,0,0,0,0,0,0,0,0,0,0,3,0,0,0,0,0,0,3,0,23,22,7,3,0,0,5,60,0,4,0,4,0,0,0,0,8,0,0,0,0,0,0,0,0,0,6,53,245,685,398,66,13,36,1502
LGA18150,10,44,420,1405,761,134,38,51,2863,0,8,28,17,0,0,0,3,56,0,0,3,3,0,0,0,0,6,0,8,31,20,0,0,0,3,62,4,31,59,0,0,0,3,6,103,0,0,0,0,0,0,0,0,0,0,0,0,0,0,0,0,0,0,0,4,0,0,0,0,0,0,4,4,35,59,0,0,0,3,6,107,0,12,4,0,4,5,4,0,29,0,0,0,0,0,0,0,0,0,14,99,514,1425,765,139,45,60,3061
LGA18200,7,39,310,1146,575,88,17,68,2250,0,12,10,0,3,0,0,0,25,0,0,0,3,0,0,0,0,3,0,12,10,3,3,0,0,0,28,0,11,63,7,4,0,0,0,85,0,0,0,0,0,0,0,0,0,0,0,4,0,0,0,0,0,4,0,0,0,0,0,0,0,0,0,0,11,67,7,4,0,0,0,89,5,38,21,13,3,0,0,12,92,0,0,3,0,0,0,0,0,3,12,100,411,1169,585,88,17,80,2462
LGA18250,15,84,1270,4905,4310,1323,268,119,12294,12,42,446,350,58,7,0,13,928,4,37,303,543,97,6,0,5,995,16,79,749,893,155,13,0,18,1923,4,245,892,262,14,0,4,33,1454,32,393,1959,361,15,3,0,35,2798,182,1481,3391,986,25,0,0,88,6153,0,8,4,5,0,0,0,3,20,218,2127,6246,1614,54,3,4,159,10425,3,6,30,12,4,0,0,0,55,0,0,0,3,0,0,0,0,3,252,2296,8295,7427,4523,1339,272,296,24700
LGA18350,21,249,1558,6511,5201,1047,267,222,15076,7,99,388,322,147,22,5,31,1021,0,6,50,107,9,3,0,3,178,7,105,438,429,156,25,5,34,1199,7,61,146,35,0,0,0,11,260,0,0,0,0,0,0,0,0,0,0,0,10,0,0,0,0,0,10,3,12,7,3,0,0,0,0,25,10,73,163,38,0,0,0,11,295,7,32,32,18,6,4,0,8,107,0,0,4,5,8,0,0,0,17,45,459,2195,7001,5371,1076,272,275,16694
LGA18400,29,123,812,4857,5425,1396,330,221,13193,0,31,236,107,10,11,3,6,404,0,0,6,6,0,0,0,0,12,0,31,242,113,10,11,3,6,416,4,46,88,12,0,7,3,15,175,0,0,0,0,0,0,0,0,0,0,0,0,0,0,0,0,0,0,3,13,14,10,4,0,0,4,48,7,59,102,22,4,7,3,19,223,10,43,21,15,7,4,0,19,119,0,0,0,0,3,0,0,0,3,46,256,1177,5007,5449,1418,336,265,13954
LGA18450,70,583,5806,26129,14244,2919,592,760,51103,36,285,1725,1478,132,12,4,135,3807,10,204,1620,2266,227,27,3,91,4448,46,489,3345,3744,359,39,7,226,8255,77,1387,3178,675,63,50,4,187,5621,35,396,2012,344,15,5,0,91,2898,24,276,1648,878,30,4,3,64,2927,5,66,45,29,4,4,3,9,165,141,2125,6883,1926,112,63,10,351,11611,18,155,388,98,25,3,3,54,744,3,10,21,14,0,0,3,0,51,278,3362,16443,31911,14740,3024,615,1391,71764
LGA18500,9,70,410,1376,1776,944,267,64,4916,3,50,277,335,101,13,0,18,797,9,106,971,1894,665,72,15,69,3801,12,156,1248,2229,766,85,15,87,4598,27,189,821,391,49,9,3,33,1522,48,613,2098,740,50,6,6,69,3630,277,1349,2596,1246,70,12,5,127,5682,0,3,6,0,0,0,0,0,9,352,2154,5521,2377,169,27,14,229,10843,3,15,25,11,7,0,0,0,61,3,10,18,10,0,3,0,0,44,379,2405,7222,6003,2718,1059,296,380,20462
LGA18550,53,745,6319,21015,14861,2457,516,804,46770,3,256,1431,1472,183,16,3,127,3491,5,77,498,849,141,21,6,39,1636,8,333,1929,2321,324,37,9,166,5127,14,489,1234,323,24,0,3,124,2211,5,51,281,59,5,0,0,14,415,0,53,403,85,5,0,3,12,561,3,27,25,19,8,4,0,7,93,22,620,1943,486,42,4,6,157,3280,57,280,243,59,16,0,4,48,707,0,5,6,5,5,0,3,0,24,140,1983,10440,23886,15248,2498,538,1175,55908
LGA18710,25,104,504,1893,1785,423,115,57,4906,0,11,107,36,0,0,0,3,157,0,0,0,6,0,0,0,0,6,0,11,107,42,0,0,0,3,163,0,7,31,16,0,0,0,0,54,0,0,0,0,0,0,0,0,0,0,0,0,0,0,0,0,0,0,0,0,0,0,0,0,0,0,0,0,7,31,16,0,0,0,0,54,10,16,12,8,0,4,0,4,54,0,0,0,0,0,0,0,0,0,35,138,654,1959,1785,427,115,64,5177
LGA18750,12,53,492,1930,1264,244,63,84,4142,0,25,105,31,5,0,0,11,177,0,0,3,0,0,0,0,0,3,0,25,108,31,5,0,0,11,180,4,34,133,28,3,0,0,9,211,0,0,0,0,0,0,0,0,0,0,0,6,0,0,0,0,0,6,0,0,0,0,0,0,0,0,0,4,34,139,28,3,0,0,9,217,3,8,8,6,0,0,0,3,28,0,0,3,3,0,0,0,0,6,19,120,750,1998,1272,244,63,107,4573
LGA19399,0,22,46,135,99,27,21,7,357,0,4,0,0,0,0,0,0,4,0,0,0,0,0,0,0,0,0,0,4,0,0,0,0,0,0,4,0,0,0,0,0,0,0,0,0,0,0,0,0,0,0,0,0,0,0,0,0,0,0,0,0,0,0,0,10,4,0,0,0,0,0,14,0,10,4,0,0,0,0,0,14,3,5,0,4,0,0,0,3,15,0,0,0,0,0,0,0,0,0,3,41,50,139,99,27,21,10,390
LGA19499,0,0,0,0,0,0,0,0,0,0,0,0,0,0,0,0,0,0,0,0,0,0,0,0,0,0,0,0,0,0,0,0,0,0,0,0,0,0,0,0,0,0,0,0,0,0,0,0,0,0,0,0,0,0,0,0,0,0,0,0,0,0,0,0,0,0,0,0,0,0,0,0,0,0,0,0,0,0,0,0,0,0,0,0,0,0,0,0,0,0,0,0,0,0,0,0,0,0,0,0,0,0,0,0,0,0,0,0
