region_id,Aust_BP_B_OS,Aust_FO_B_OS,Aust_MO_B_OS,Aust_Both_parents_born_Aust,Aust_Birthplace_not_stated,Aust_Tot_Resp,Aust_Abor_BP_B_OS,Aust_Abor_FO_B_OS,Aust_Abor_MO_B_OS,Aust_Abor_BP_B_Aus,Aust_Abor_BP_NS,Aust_Abor_Tot_Resp,Chinese_BP_B_OS,Chinese_FO_B_OS,Chinese_MO_B_OS,Chinese_BP_B_Aus,Chinese_BP_NS,Chinese_Tot_Resp,Croatian_BP_B_OS,Croatian_FO_B_OS,Croatian_MO_B_OS,Croatian_BP_B_Aus,Croatian_BP_NS,Croatian_Tot_Resp,Dutch_BP_B_OS,Dutch_FO_B_OS,Dutch_MO_B_OS,Dutch_BP_B_Aus,Dutch_BP_NS,Dutch_Tot_Resp,English_BP_B_OS,English_FO_B_OS,English_MO_B_OS,English_BP_B_Aus,English_BP_NS,English_Tot_Resp,Filipino_BP_B_OS,Filipino_FO_B_OS,Filipino_MO_B_OS,Filipino_BP_B_Aus,Filipino_BP_NS,Filipino_Tot_Resp,French_BP_B_OS,French_FO_B_OS,French_MO_B_OS,French_BP_B_Aus,French_BP_NS,French_Tot_Resp,German_BP_B_OS,German_FO_B_OS,German_MO_B_OS,German_BP_B_Aus,German_BP_NS,German_Tot_Resp,Greek_BP_B_OS,Greek_FO_B_OS,Greek_MO_B_OS,Greek_BP_B_Aus,Greek_BP_NS,Greek_Tot_Resp,Hungarian_BP_B_OS,Hungarian_FO_B_OS,Hungarian_MO_B_OS,Hungarian_BP_B_Aus,Hungarian_BP_NS,Hungarian_Tot_Resp,Indian_BP_B_OS,Indian_FO_B_OS,Indian_MO_B_OS,Indian_BP_B_Aus,Indian_BP_NS,Indian_Tot_Resp,Irish_BP_B_OS,Irish_FO_B_OS,Irish_MO_B_OS,Irish_BP_B_Aus,Irish_BP_NS,Irish_Tot_Resp,Italian_BP_B_OS,Italian_FO_B_OS,Italian_MO_B_OS,Italian_BP_B_Aus,Italian_BP_NS,Italian_Tot_Resp,Korean_BP_B_OS,Korean_FO_B_OS,Korean_MO_B_OS,Korean_BP_B_Aus,Korean_BP_NS,Korean_Tot_Resp,Lebanese_BP_B_OS,Lebanese_FO_B_OS,Lebanese_MO_B_OS,Lebanese_BP_B_Aus,Lebanese_BP_NS,Lebanese_Tot_Resp,Macedonian_BP_B_OS,Macdonian_FO_B_OS,Macdonian_MO_B_OS,Macdonian_BP_B_Aus,Macdonian_BP_NS,Macedonian_Tot_Resp,Maltese_BP_B_OS,Maltese_FO_B_OS,Maltese_MO_B_OS,Maltese_BP_B_Aus,Maltese_BP_NS,Maltese_Tot_Resp,Maori_BP_B_OS,Maori_FO_B_OS,Maori_MO_B_OS,Maori_BP_B_Aus,Maori_BP_NS,Maori_Tot_Resp,NZ_BP_B_OS,NZ_FO_B_OS,NZ_MO_B_OS,NZ_BP_B_Aus,NZ_BP_NS,NZ_Tot_Resp,Polish_BP_B_OS,Polish_FO_B_OS,Polish_MO_B_OS,Polish_BP_B_Aus,Polish_BP_NS,Polish_Tot_Resp,Russian_BP_B_OS,Russian_FO_B_OS,Russian_MO_B_OS,Russian_BP_B_Aus,Russian_BP_NS,Russian_Tot_Resp,Scottish_BP_B_OS,Scottish_FO_B_OS,Scottish_MO_B_OS,Scottish_BP_B_Aus,Scottish_BP_NS,Scottish_Tot_Resp,Serbian_BP_B_OS,Serbian_FO_B_OS,Serbian_MO_B_OS,Serbian_BP_B_Aus,Serbian_BP_NS,Serbian_Tot_Resp,Sinhalese_BP_B_OS,Sinhalese_FO_B_OS,Sinhalese_MO_B_OS,Sinhalese_BP_B_Aus,Sinhalese_BP_NS,Sinhalese_Tot_Resp,Sth_African_BP_B_OS,Sth_African_FO_B_OS,Sth_African_MO_B_OS,Sth_Afrcan_BP_B_Aus,Sth_African_BP_NS,Sth_African_Tot_Resp,Spanish_BP_B_OS,Spanish_FO_B_OS,Spanish_MO_B_OS,Spanish_BP_B_Aus,Spanish_BP_NS,Spanish_Tot_Resp,Turkish_BP_B_OS,Turkish_FO_B_OS,Turkish_MO_B_OS,Turkish_BP_B_Aus,Turkish_BP_NS,Turkish_Tot_Resp,Vietnamese_BP_B_OS,Vietnamese_Fther_only_brn_os,Vietnamese_MO_B_OS,Vietnamese_BP_B_Aus,Vietnamese_BP_NS,Vietnamese_Tot_Resp,Welsh_BP_B_OS,Welsh_FO_B_OS,Welsh_MO_B_OS,Welsh_BP_B_Aus,Welsh_BP_NS,Welsh_Tot_Resp,Other_BP_B_OS,Other_FO_B_OS,Other_MO_B_OS,Other_BP_B_Aus,Other_BP_NS,Other_Tot_Resp,Ancestry_ns_Both_prnts_brn_os,Ancestry_ns_Fthr_only_brn_os,Ancestry_ns_Mthr_only_brn_os,Ancestry_ns_Bth_prnts_brn_Aus,Ancestry_ns_Country_birth_ns,Ancestry_ns_Tot_Resp,Tot_respnses_BP_B_OS,Tot_respnses_FO_B_OS,Tot_respnses_MO_B_OS,Tot_resp_BP_B_Aus,Tot_responses_Count_birth_ns,Tot_responses_Tot_Resp,Tot_P_BP_B_OS,Tot_P_FO_B_OS
LGA10050,136,1231,920,16530,604,19421,3,0,0,108,13,124,132,16,19,101,12,280,85,28,14,35,8,170,374,122,63,243,10,812,1801,1178,779,14522,414,18694,214,10,40,3,4,271,38,17,7,98,0,160,457,213,108,2831,68,3677,147,41,15,120,12,335,67,15,8,14,0,104,358,18,15,13,8,412,338,265,148,5526,115,6392,255,133,39,601,18,1046,30,0,0,3,3,36,47,23,10,63,7,150,8,3,0,0,0,11,37,16,0,39,3,95,77,13,17,26,12,145,122,62,67,23,8,282,143,39,14,99,15,310,39,4,5,25,3,76,462,314,204,3961,69,5010,55,5,0,15,0,75,6,0,0,0,0,6,67,0,7,4,4,82,45,7,5,84,8,149,4,4,3,3,0,14,18,0,0,0,0,18,62,28,16,138,3,247,1312,228,138,464,65,2207,112,44,24,871,2025,3076,7051,4077,2685,46563,3511,63887,6047,2492
LGA10110,67,728,529,8719,234,10277,0,0,3,213,9,225,328,18,10,62,10,428,5,3,3,4,0,15,109,45,39,93,3,289,939,604,437,7221,215,9416,60,3,16,4,4,87,41,15,6,60,0,122,229,63,56,855,27,1230,23,13,0,31,0,67,27,10,3,14,0,54,84,5,4,10,3,106,170,151,87,2703,49,3160,53,24,15,178,6,276,13,0,0,3,0,16,18,4,8,32,0,62,0,0,0,0,0,0,8,5,4,19,0,36,24,8,7,12,0,51,79,37,37,13,0,166,34,9,6,32,0,81,32,3,3,16,3,57,273,180,118,2170,58,2799,4,0,0,0,0,4,11,0,0,0,0,11,55,13,10,3,4,85,22,4,5,26,4,61,5,3,0,4,0,12,51,0,0,0,0,51,36,18,6,84,8,152,1003,169,131,200,39,1542,46,16,14,394,1277,1747,3849,2151,1557,23175,1953,32685,3178,1271
LGA10150,353,1239,808,5039,184,7623,0,3,0,46,0,49,6397,68,123,100,145,6833,239,21,8,55,11,334,140,46,25,65,6,282,2019,885,566,4047,160,7677,895,8,47,8,15,973,154,12,14,54,7,241,279,75,51,411,7,823,869,112,30,286,22,1319,132,30,12,23,5,202,1622,34,24,6,27,1713,613,326,199,2333,58,3529,2893,433,166,751,115,4358,529,4,16,7,13,569,574,78,32,109,23,816,29,10,0,8,0,47,145,42,31,69,8,295,128,20,10,4,7,169,231,50,53,15,7,356,355,37,17,47,7,463,142,17,15,30,8,212,488,224,149,1311,29,2201,118,5,11,11,0,145,16,0,0,0,0,16,66,13,17,3,0,99,336,13,19,26,21,415,162,12,4,5,3,186,340,3,16,3,5,367,54,29,21,80,7,191,4532,391,241,284,130,5578,397,21,24,176,2543,3161,25247,4261,2749,15412,3573,51242,22995,2586
LGA10200,1405,750,560,3185,189,6089,3,11,3,44,0,61,15794,77,157,78,352,16458,637,41,27,81,10,796,80,25,10,26,0,141,2195,467,313,2570,212,5757,1598,11,78,13,55,1755,73,5,5,25,8,116,272,41,34,213,9,569,419,53,29,83,11,595,56,10,0,7,0,73,3020,33,14,9,72,3148,320,112,73,1084,34,1623,748,148,67,237,20,1220,3649,3,24,6,92,3774,3833,580,192,312,197,5114,81,3,3,9,3,99,150,20,14,37,8,229,220,9,21,6,12,268,124,33,19,18,4,198,225,23,19,24,5,296,351,8,16,18,5,398,267,104,83,656,22,1132,123,10,4,4,3,144,97,0,0,0,0,97,90,5,7,5,0,107,306,12,8,17,3,346,4157,244,168,115,141,4825,1763,11,18,13,40,1845,29,9,6,34,4,82,14924,360,250,207,504,16245,1648,79,59,203,5806,7795,58657,3297,2281,9339,7821,81395,55261,2343
LGA10250,112,1373,1020,13657,407,16569,0,5,3,269,3,280,122,16,22,72,3,235,32,17,9,19,0,77,308,83,62,124,10,587,2310,1262,937,12149,352,17010,90,3,22,5,0,120,66,14,10,109,0,199,293,93,88,1134,28,1636,40,21,8,71,8,148,40,10,4,7,0,61,60,12,6,23,0,101,396,321,222,4547,90,5576,250,126,33,577,19,1005,11,0,3,3,0,17,10,6,4,15,3,38,5,0,0,3,0,8,61,19,7,48,3,138,53,33,31,16,4,137,163,64,46,30,5,308,81,17,14,33,3,148,26,12,6,13,0,57,519,320,236,3140,80,4295,19,5,0,0,0,24,3,0,0,0,0,3,81,18,3,11,0,113,50,13,5,38,3,109,3,3,0,0,0,6,25,4,4,0,0,33,95,34,28,100,0,257,777,240,193,415,33,1658,91,46,34,655,1399,2225,6192,4190,3060,37283,2453,53178,5071,2547
LGA10300,13,28,21,832,45,939,0,0,0,16,0,16,11,0,0,4,0,15,0,0,0,0,0,0,9,3,0,3,0,15,38,22,22,623,22,727,0,0,0,0,0,0,4,0,0,4,0,8,5,4,4,71,4,88,3,0,0,12,0,15,3,0,0,0,0,3,3,0,0,0,0,3,9,3,13,233,3,261,110,21,13,148,9,301,3,0,0,0,0,3,0,0,0,0,0,0,0,0,0,0,0,0,0,3,0,4,0,7,0,0,0,3,0,3,0,0,0,3,0,3,3,0,0,3,0,6,7,0,0,0,0,7,13,9,5,137,3,167,0,0,0,0,0,0,0,0,0,0,0,0,0,0,0,0,0,0,0,0,0,0,0,0,3,0,0,0,0,3,3,0,3,0,0,6,0,0,0,0,0,0,41,8,0,16,6,71,9,3,3,68,170,253,290,104,84,2180,262,2920,252,79
LGA10350,3504,3924,2233,21942,967,32570,0,10,11,193,8,222,12625,117,182,206,313,13443,812,77,48,137,32,1106,331,93,44,158,4,630,5859,2562,1566,15983,904,26874,1697,42,161,16,40,1956,338,41,33,133,6,551,1025,221,114,1178,73,2611,5014,679,304,1563,151,7711,269,39,16,28,12,364,2541,55,46,21,62,2725,1037,640,316,6095,186,8274,3897,796,319,1603,149,6764,1295,7,26,6,27,1361,23594,3732,1321,2222,1103,31972,2830,284,114,324,79,3631,770,185,83,243,29,1310,859,90,61,27,37,1074,400,121,104,64,18,707,989,93,40,133,24,1279,357,28,18,48,13,464,1022,566,344,3549,107,5588,403,20,21,14,14,472,38,0,0,0,0,38,221,28,16,14,4,283,714,46,48,60,25,893,608,62,20,44,34,768,14734,71,137,81,423,15446,120,47,23,143,4,337,22712,1619,828,1006,803,26968,3694,310,236,1009,9547,14796,114309,16605,8833,58243,15198,213188,106057,11793
LGA10470,95,1031,750,14626,389,16891,0,3,6,140,10,159,187,11,17,106,4,325,31,15,9,15,0,70,206,80,52,178,8,524,1390,960,733,11964,400,15447,89,8,35,10,3,145,39,11,3,108,3,164,242,108,57,902,15,1324,36,25,11,81,0,153,41,12,6,19,0,78,106,3,4,3,4,120,273,211,172,4852,110,5618,134,106,35,357,4,636,12,0,0,0,3,15,69,31,6,42,6,154,7,0,3,0,0,10,52,16,17,38,4,127,87,17,6,10,3,123,79,60,40,33,8,220,63,32,8,42,3,148,28,10,13,21,0,72,397,221,193,2871,70,3752,32,8,3,4,0,47,10,0,0,0,0,10,63,12,9,6,0,90,23,3,3,23,0,52,13,3,0,4,0,20,28,0,0,0,0,28,58,22,13,110,7,210,648,185,126,302,23,1284,69,24,33,806,2394,3326,4607,3228,2363,37673,3471,51342,3836,1947
LGA10550,93,1032,761,11254,293,13433,0,3,0,116,11,130,56,15,9,53,0,133,36,10,3,12,0,61,363,99,82,136,12,692,2178,1033,751,9677,292,13931,74,0,20,0,0,94,47,12,12,100,3,174,400,91,82,1049,29,1651,47,7,11,42,8,115,46,15,6,16,0,83,32,3,4,13,3,55,348,219,140,3223,68,3998,151,73,24,262,14,524,8,4,0,0,0,12,11,3,3,19,0,36,10,5,0,3,0,18,60,8,5,22,0,95,44,23,8,16,0,91,112,56,37,16,3,224,91,19,8,37,3,158,35,7,0,17,3,62,479,267,172,2599,63,3580,10,3,0,0,0,13,4,0,0,0,0,4,58,3,3,8,0,72,20,0,3,15,0,38,3,0,0,0,0,3,19,3,0,0,3,25,75,18,14,87,3,197,602,155,110,345,17,1229,63,38,32,581,1245,1959,5575,3224,2300,29718,2073,42890,4624,1987
LGA10600,44,460,340,4450,130,5424,0,0,0,39,4,43,22,4,4,28,0,58,13,3,0,6,0,22,129,30,20,48,6,233,954,448,319,3758,102,5581,12,0,3,0,0,15,23,3,8,45,0,79,156,37,32,343,17,585,11,7,3,13,0,34,15,7,6,10,4,42,7,4,0,3,0,14,154,139,62,1390,40,1785,32,24,10,105,3,174,0,0,0,0,0,0,3,5,0,7,3,18,0,0,0,0,0,0,6,9,4,9,0,28,21,12,8,3,0,44,49,17,21,14,5,106,41,10,3,17,0,71,12,7,3,16,0,38,221,119,79,1073,19,1511,4,0,0,0,0,4,0,0,0,0,0,0,24,4,3,0,3,34,15,0,3,14,0,32,3,3,0,0,0,6,8,0,0,0,0,8,43,16,8,43,4,114,251,108,61,143,13,576,27,14,5,207,300,553,2300,1490,1005,11784,653,17232,1839,882
LGA10650,19,178,124,3169,75,3565,0,0,3,28,0,31,15,3,0,14,3,35,3,10,0,0,0,13,57,6,15,26,3,107,280,181,139,2662,97,3359,16,0,3,3,0,22,0,0,0,20,0,20,51,22,7,213,7,300,4,3,0,6,0,13,5,3,0,0,0,8,15,0,3,5,0,23,56,39,22,911,22,1050,34,21,3,88,3,149,4,0,0,0,0,4,3,0,0,3,0,6,3,0,3,0,0,6,3,3,3,4,0,13,18,0,0,0,0,18,20,9,3,8,0,40,9,0,0,5,0,14,8,0,0,0,0,8,87,55,35,701,14,892,0,0,0,0,0,0,0,0,0,0,0,0,9,4,0,0,0,13,3,0,0,6,0,9,0,0,0,0,0,0,0,0,0,0,0,0,9,5,7,11,0,32,106,25,11,51,3,196,24,3,8,166,303,504,861,570,389,8100,530,10450,738,353
LGA10750,4109,8321,5785,56386,2131,76732,12,65,32,994,56,1159,8918,146,237,301,211,9813,2017,208,117,354,50,2746,1478,452,235,717,61,2943,14293,6091,4127,38722,2065,65298,24040,345,804,113,598,25900,603,54,53,293,20,1023,2421,563,357,2871,104,6316,1936,333,188,747,93,3297,950,137,58,167,28,1340,21185,221,151,99,420,22076,2686,1286,863,11771,408,17014,3656,1127,419,2420,174,7796,1482,5,29,12,39,1567,3220,633,229,505,132,4719,330,27,22,37,10,426,4945,972,473,2028,200,8618,2589,290,197,94,116,3286,1225,410,260,162,49,2106,2023,196,151,394,43,2807,665,57,43,156,21,942,2924,1268,939,7959,330,13420,991,68,25,75,29,1188,743,4,4,0,5,756,1133,113,63,29,14,1352,2121,117,87,154,58,2537,2042,124,108,98,69,2441,1093,25,20,16,28,1182,325,113,77,304,14,833,49553,2707,1665,1782,1487,57194,4109,356,262,2615,11586,18928,169817,26834,18080,132375,20649,367755,154113,16797
LGA10800,9,100,72,2551,76,2808,0,0,0,11,0,11,21,0,0,7,0,28,3,0,0,0,0,3,13,10,3,19,0,45,161,97,73,2050,52,2433,9,0,0,0,0,9,3,4,3,11,0,21,10,8,9,297,5,329,3,6,0,12,0,21,3,3,0,3,0,9,0,0,0,0,0,0,17,27,10,665,19,738,12,4,0,23,0,39,0,0,0,0,0,0,0,0,3,0,0,3,0,0,0,0,0,0,4,4,0,5,0,13,10,7,0,3,0,20,7,0,13,6,0,26,3,3,0,3,0,9,0,0,0,0,0,0,33,29,22,609,6,699,3,0,0,0,0,3,0,0,0,0,0,0,0,0,0,0,0,0,0,0,0,3,0,3,0,0,0,0,0,0,0,0,0,0,0,0,4,0,3,20,0,27,48,18,9,43,11,129,8,3,3,155,126,295,384,323,223,6496,295,7721,325,210
LGA10850,12,151,120,2869,78,3230,0,3,0,32,3,38,10,3,5,18,0,36,4,4,0,5,0,13,39,14,8,22,0,83,235,180,113,2338,80,2946,15,0,0,0,0,15,5,3,0,23,0,31,31,16,14,154,3,218,3,4,0,3,0,10,0,4,0,0,0,4,6,0,4,0,0,10,38,45,19,898,25,1025,17,15,12,50,3,97,0,0,0,0,0,0,3,3,0,0,0,6,3,0,0,0,0,3,10,0,0,0,0,10,10,5,3,3,0,21,17,15,3,6,3,44,14,6,0,3,0,23,0,0,3,3,0,6,50,52,32,528,23,685,0,0,0,0,0,0,0,0,0,0,0,0,5,0,0,3,0,8,6,0,0,4,0,10,0,0,0,0,0,0,0,0,0,0,0,0,7,8,0,20,0,35,62,22,18,63,10,175,6,0,6,159,295,466,608,553,360,7204,523,9248,513,336
LGA10900,358,4004,2598,22979,714,30653,0,14,3,157,7,181,457,76,71,155,12,771,167,67,20,61,7,322,815,278,176,375,22,1666,6975,3579,2451,18529,594,32128,211,11,42,19,7,290,236,58,47,223,18,582,1066,357,247,1701,62,3433,288,73,48,180,15,604,303,55,28,65,5,456,219,44,23,32,3,321,1540,882,562,7699,215,10898,555,266,126,743,23,1713,54,6,9,3,0,72,75,28,21,56,5,185,13,7,3,3,3,29,257,131,58,171,12,629,99,33,23,17,8,180,360,195,117,49,21,742,437,102,49,137,11,736,187,48,27,86,3,351,1726,901,564,5525,145,8861,53,11,5,9,3,81,4,0,0,0,0,4,152,32,25,15,3,227,194,33,9,57,8,301,21,12,3,0,0,36,71,0,8,6,0,85,296,106,60,269,10,741,2657,767,479,868,129,4900,169,76,86,764,3361,4456,20015,12252,7988,60953,5426,106634,16192,7174
LGA10950,3,46,33,1344,22,1448,0,0,0,25,3,28,8,0,0,13,0,21,0,0,0,12,0,12,3,0,0,0,0,3,40,42,26,987,32,1127,6,0,4,0,0,10,0,0,0,0,0,0,4,3,3,61,3,74,7,0,0,0,0,7,0,0,0,0,0,0,6,0,0,0,0,6,14,14,6,333,6,373,4,0,4,11,0,19,0,0,0,0,0,0,0,0,0,0,0,0,0,0,0,0,0,0,3,3,4,5,0,15,7,0,0,0,0,7,3,8,0,0,0,11,8,0,0,4,0,12,0,0,0,0,0,0,12,8,8,175,3,206,0,0,0,0,0,0,0,0,0,0,0,0,0,0,0,0,0,0,0,0,0,0,0,0,0,0,0,0,0,0,0,0,0,0,0,0,0,0,0,3,0,3,43,0,0,10,3,56,3,0,3,79,184,269,174,124,91,3062,256,3707,142,77
LGA11000,0,55,40,972,36,1103,0,0,0,5,0,5,3,0,0,3,0,6,9,0,0,0,0,9,12,5,3,0,0,20,110,70,51,815,24,1070,0,0,4,0,0,4,3,0,0,0,0,3,23,7,3,73,0,106,3,0,0,6,0,9,7,0,0,0,0,7,3,0,0,0,0,3,18,10,12,199,4,243,0,3,0,13,0,16,0,0,0,0,0,0,0,0,0,0,0,0,0,0,0,0,0,0,3,0,0,0,0,3,0,3,0,0,0,3,0,5,0,0,0,5,3,0,0,0,0,3,4,3,0,3,0,10,17,11,7,252,11,298,0,0,0,0,0,0,0,0,0,0,0,0,0,0,0,0,0,0,0,0,0,0,0,0,0,0,0,0,0,0,0,0,0,0,0,0,3,0,0,8,0,11,34,10,12,5,4,65,3,0,3,60,64,130,258,182,135,2414,143,3132,233,116
LGA11050,3,47,38,1033,22,1143,0,3,0,3,3,9,8,0,0,0,0,8,0,0,0,0,0,0,13,0,0,0,0,13,101,56,39,797,23,1016,0,0,0,0,0,0,3,0,0,3,0,6,13,0,0,59,0,72,0,0,0,0,0,0,3,0,0,0,0,3,0,0,0,0,0,0,18,12,7,419,5,461,3,4,3,6,0,16,0,0,0,0,0,0,0,0,0,0,0,0,0,0,0,0,0,0,5,0,0,3,0,8,3,3,0,0,3,9,5,0,3,3,0,11,3,3,0,0,0,6,0,0,0,0,0,0,17,16,11,160,5,209,0,0,0,0,0,0,0,0,0,0,0,0,3,3,0,0,0,6,0,0,0,3,0,3,0,0,0,0,0,0,0,0,0,0,0,0,5,0,0,9,0,14,17,3,3,15,0,38,3,0,3,65,62,133,226,150,107,2578,123,3184,180,88
LGA11100,521,1054,813,5459,209,8056,0,10,0,82,3,95,3609,35,72,84,62,3862,343,31,23,51,14,462,128,30,22,35,0,215,1972,696,453,3657,228,7006,943,12,66,8,15,1044,135,21,6,32,4,198,261,61,41,317,11,691,1840,238,92,479,69,2718,134,15,13,17,4,183,851,11,5,11,13,891,570,222,169,1784,67,2812,931,158,77,382,45,1593,161,3,3,0,3,170,359,33,28,71,10,501,116,8,9,22,3,158,391,72,32,81,11,587,301,34,28,14,10,387,223,64,33,14,4,338,189,25,8,22,11,255,342,17,13,7,0,379,500,148,94,997,45,1784,253,19,7,17,0,296,53,0,0,0,0,53,145,14,11,4,3,177,499,20,22,38,7,586,716,74,38,25,17,870,199,3,3,0,4,209,49,12,18,58,3,140,7121,364,290,289,209,8273,581,42,43,268,2050,2984,24436,3546,2532,14325,3134,47973,22107,2205
LGA11150,3,39,36,1239,53,1370,0,0,0,134,12,146,8,0,0,11,0,19,0,0,0,0,0,0,6,3,4,3,0,16,45,30,22,731,15,843,5,0,0,0,0,5,3,3,3,4,3,16,7,5,4,65,0,81,0,0,0,0,0,0,0,0,0,0,0,0,3,0,0,0,0,3,13,4,13,237,4,271,3,0,0,13,0,16,0,0,0,0,0,0,0,0,0,3,0,3,0,0,0,0,0,0,0,0,0,0,0,0,4,0,0,0,0,4,3,0,0,0,0,3,3,0,0,0,0,3,0,0,0,3,0,3,13,8,8,160,4,193,0,0,0,0,0,0,0,0,0,0,0,0,7,0,0,5,0,12,0,0,0,0,0,0,0,0,0,0,0,0,0,0,0,0,0,0,3,0,0,3,0,6,25,10,11,19,3,68,3,0,0,76,424,503,157,102,101,2706,518,3584,128,72
LGA11200,3,21,9,570,18,621,0,4,3,645,4,656,0,0,3,3,0,6,0,0,0,0,0,0,0,3,0,0,0,3,13,18,9,287,5,332,0,0,0,0,0,0,0,0,0,7,0,7,6,4,3,24,0,37,3,0,0,3,0,6,0,0,0,0,0,0,0,0,0,0,0,0,0,10,3,118,0,131,4,3,0,3,0,10,0,0,0,0,0,0,0,0,0,0,0,0,0,0,0,0,0,0,0,0,0,3,0,3,3,0,0,0,0,3,0,0,3,0,0,3,4,0,0,0,0,4,0,0,0,0,0,0,5,8,0,76,0,89,0,0,0,0,0,0,0,0,0,0,0,0,0,0,0,4,0,4,0,0,0,0,0,0,0,0,0,0,0,0,0,0,0,0,0,0,0,0,0,3,0,3,22,8,3,15,0,48,3,0,0,38,107,148,66,79,36,1799,134,2114,55,42
LGA11250,29,388,202,7764,238,8621,0,0,0,91,13,104,27,3,0,21,3,54,34,3,0,16,0,53,38,15,12,23,0,88,319,324,170,6124,240,7177,48,3,17,9,3,80,3,7,0,30,0,40,62,34,16,730,13,855,34,12,3,45,10,104,7,0,0,5,0,12,48,4,3,12,4,71,52,68,17,1458,34,1629,144,77,11,240,6,478,0,0,0,0,0,0,8,3,0,16,0,27,3,0,0,0,0,3,73,45,23,130,4,275,18,3,0,5,3,29,23,13,12,5,0,53,11,4,6,37,0,58,4,5,0,6,0,15,102,69,48,1185,33,1437,0,0,0,0,0,0,0,0,0,0,0,0,6,0,4,0,3,13,7,0,0,11,0,18,3,0,0,0,0,3,3,0,0,0,0,3,11,10,0,50,5,76,163,60,28,144,8,403,35,6,11,527,1112,1691,1315,1156,583,18684,1732,23470,1120,733
LGA11300,265,570,373,2586,114,3908,0,4,0,17,0,21,7722,66,119,71,208,8186,323,18,12,50,3,406,58,18,5,34,0,115,1060,377,278,1872,108,3695,376,14,12,7,10,419,89,12,17,19,3,140,165,39,21,168,10,403,824,116,38,245,41,1264,57,3,9,12,0,81,1623,17,18,7,26,1691,390,168,88,1043,38,1727,1963,291,129,588,45,3016,1445,10,9,6,36,1506,1127,178,92,170,35,1602,52,4,4,11,0,71,90,19,19,44,0,172,65,10,5,3,0,83,95,12,20,5,0,132,194,14,16,33,3,260,187,11,12,32,7,249,236,105,74,633,21,1069,67,3,3,4,0,77,29,0,0,0,0,29,35,7,3,0,0,45,169,16,6,15,10,216,99,0,0,4,0,103,408,4,14,0,12,438,22,3,6,27,0,58,3558,200,117,170,105,4150,376,18,37,113,1628,2172,23169,2327,1556,7989,2463,37504,21805,1523
LGA11350,147,1371,902,7753,274,10447,0,4,7,65,0,76,80,26,4,50,0,160,43,12,4,17,3,79,310,87,51,95,8,551,2692,1211,836,7031,294,12064,56,3,22,9,3,93,179,41,19,98,8,345,581,166,108,724,41,1620,83,43,8,72,4,210,59,25,7,12,3,106,86,15,17,12,0,130,567,318,245,3288,115,4533,255,102,38,294,20,709,19,0,3,0,4,26,28,15,5,26,0,74,10,6,3,3,0,22,41,15,17,46,0,119,54,22,12,5,13,106,179,60,39,16,5,299,123,24,19,59,3,228,88,10,14,32,3,147,576,298,225,2178,71,3348,11,3,0,3,4,21,0,0,0,0,0,0,85,28,17,3,3,136,81,4,3,24,3,115,8,12,0,3,0,23,15,0,5,0,0,20,85,20,12,88,4,209,1374,352,260,359,58,2403,92,52,34,398,1526,2102,8007,4345,2936,22763,2470,40521,6294,2614
LGA11400,20,307,229,5432,130,6118,0,0,0,26,7,33,12,4,0,17,3,36,15,3,3,0,0,21,53,21,16,61,5,156,427,238,234,4378,122,5399,15,0,5,4,0,24,8,7,7,32,0,54,71,34,22,328,11,466,0,3,0,10,0,13,7,3,3,3,0,16,16,3,0,0,0,19,83,84,53,1511,22,1753,51,24,8,110,5,198,0,0,0,0,0,0,5,5,0,8,0,18,3,0,0,0,0,3,11,5,0,23,3,42,21,8,3,9,0,41,29,8,10,14,0,61,19,8,9,15,0,51,12,3,3,10,0,28,95,62,53,1066,17,1293,5,0,0,0,0,5,0,0,0,0,0,0,20,3,0,0,0,23,10,3,4,7,0,24,0,0,0,0,0,0,3,0,0,0,0,3,9,3,0,42,3,57,118,46,30,86,12,292,21,16,9,266,351,663,1159,901,701,13458,691,16910,965,575
LGA11450,334,2474,1625,18463,409,23305,0,8,4,90,3,105,583,48,39,67,41,778,321,70,36,143,9,579,332,121,79,174,11,717,3757,2049,1415,12771,385,20377,307,29,58,3,7,404,106,34,15,99,0,254,517,176,127,1020,27,1867,240,86,36,194,17,573,128,37,13,35,3,216,444,23,10,12,14,503,850,401,248,3769,92,5360,1379,505,165,1301,64,3414,19,3,3,0,0,25,349,91,34,94,15,583,86,33,5,32,11,167,640,168,94,445,29,1376,126,28,14,19,3,190,202,101,56,37,9,405,277,44,56,118,6,501,115,15,11,36,3,180,992,470,331,2713,76,4582,192,45,20,40,10,307,21,0,0,0,3,24,171,33,31,12,3,250,229,40,34,51,9,363,46,10,4,6,9,75,81,8,8,5,0,102,124,36,22,111,3,296,2735,506,246,506,61,4054,266,80,63,687,1753,2849,15969,7772,4902,43053,3085,74781,13764,4808
LGA11500,1677,4866,3351,35426,1309,46629,10,51,20,518,40,639,2895,71,114,174,85,3339,764,101,60,156,26,1107,587,240,100,317,23,1267,8552,3792,2692,24756,1254,41046,4376,104,303,49,114,4946,393,53,31,214,28,719,1401,365,242,1955,92,4055,829,202,104,369,61,1565,357,60,43,71,8,539,5144,95,65,44,114,5462,1673,760,551,7800,246,11030,1614,509,233,1305,79,3740,125,4,13,0,3,145,1791,332,107,309,91,2630,348,33,24,36,19,460,742,240,136,551,38,1707,1206,131,85,70,80,1572,620,200,127,88,40,1075,940,107,66,229,24,1366,379,37,26,76,6,524,2091,879,627,5417,202,9216,423,41,16,37,14,531,105,0,0,0,0,105,818,70,49,33,31,1001,1228,94,71,88,45,1526,130,36,3,8,12,189,848,14,34,11,25,932,262,68,34,177,18,559,20419,1528,839,1175,825,24786,1795,207,182,1552,6812,10548,64542,15290,10348,83011,11764,184955,57232,9447
LGA11520,536,2149,1503,11024,304,15516,0,3,4,38,0,45,7909,173,212,223,133,8650,404,50,42,103,8,607,299,106,53,108,8,574,3860,1610,1135,8855,243,15703,633,18,63,9,17,740,247,35,24,108,9,423,563,142,103,772,18,1598,1875,287,121,775,50,3108,213,23,21,40,4,301,1677,58,32,33,28,1828,1318,548,323,4823,94,7106,7513,1252,518,2629,249,12161,2426,12,20,9,49,2516,1007,192,86,285,37,1607,103,18,7,16,10,154,393,98,43,160,7,701,167,25,15,3,3,213,422,110,71,25,9,637,372,42,61,86,13,574,278,35,25,56,3,397,998,442,272,2739,58,4509,227,17,25,28,6,303,21,0,0,0,0,21,218,35,25,12,8,298,484,51,31,55,7,628,362,22,15,17,8,424,490,5,23,3,10,531,123,44,24,154,3,348,5455,587,463,545,116,7166,556,84,64,460,4267,5431,41149,8273,5424,34193,5779,94818,37296,5264
LGA11550,2477,2161,1366,8801,508,15313,0,19,5,158,7,189,17395,149,185,153,417,18299,486,38,19,68,11,622,192,63,50,69,7,381,4623,1343,894,6500,604,13964,2174,38,119,16,83,2430,271,34,23,75,9,412,577,155,91,572,37,1432,10510,1036,469,2538,341,14894,263,45,13,26,4,351,3532,42,40,14,76,3704,856,419,270,3222,127,4894,4536,725,299,1408,166,7134,2856,18,29,11,70,2984,11480,1289,589,1164,464,14986,568,69,21,82,17,757,395,99,36,137,11,678,639,52,35,18,42,786,365,71,45,22,11,514,373,37,36,43,12,501,207,15,16,33,6,277,695,311,212,1796,63,3077,324,27,14,27,4,396,10,4,0,0,0,14,128,16,12,11,0,167,702,41,27,53,21,844,584,62,10,32,17,705,4492,22,49,13,118,4694,78,22,19,101,3,223,25939,1198,727,796,720,29380,2826,186,169,595,8099,11875,100553,9806,5889,28554,12075,156877,94099,6760
LGA11600,0,52,46,1094,19,1211,0,0,0,19,0,19,3,0,0,9,0,12,3,0,0,0,0,3,9,0,4,6,0,19,66,47,44,829,33,1019,22,0,4,0,0,26,0,0,0,9,0,9,13,4,3,85,3,108,5,0,0,0,0,5,0,0,0,4,0,4,15,3,0,0,0,18,20,8,11,270,12,321,22,11,6,37,0,76,9,0,0,0,3,12,4,0,3,8,0,15,0,0,0,3,0,3,5,4,0,0,0,9,21,0,0,0,0,21,9,7,3,0,0,19,0,0,0,4,0,4,0,0,0,0,0,0,16,17,8,226,4,271,0,0,0,0,0,0,0,0,0,0,0,0,7,0,0,0,0,7,0,0,0,3,0,3,0,0,0,0,0,0,0,0,0,0,0,0,0,3,3,3,0,9,24,8,3,24,3,62,7,3,3,63,72,148,280,167,141,2696,149,3433,240,101
LGA11700,0,33,13,717,27,790,0,0,0,460,3,463,3,4,0,3,0,10,0,0,0,0,0,0,4,0,0,3,0,7,41,15,19,415,14,504,0,0,3,0,0,3,3,0,0,3,0,6,14,3,0,46,0,63,4,0,0,10,0,14,0,0,0,0,0,0,0,3,0,3,3,9,9,7,3,128,0,147,7,6,0,17,0,30,0,0,0,0,0,0,0,0,0,0,0,0,0,4,0,0,0,4,0,0,0,0,0,0,7,0,0,0,3,10,3,7,0,4,0,14,3,0,0,0,0,3,0,4,0,0,0,4,12,3,8,97,0,120,0,0,0,0,0,0,0,0,0,0,0,0,5,0,0,0,0,5,3,0,0,0,0,3,0,0,0,0,0,0,0,0,0,0,0,0,0,0,0,9,0,9,32,3,4,16,0,55,3,3,0,26,120,152,153,95,50,1957,170,2425,134,57
LGA11720,106,1346,949,20517,579,23497,0,3,0,155,4,162,119,10,5,71,5,210,22,7,0,20,3,52,176,78,53,180,11,498,1808,1320,924,16771,558,21381,122,11,47,11,7,198,37,10,8,96,0,151,316,115,87,1407,30,1955,27,27,5,71,3,133,37,10,7,9,0,63,71,3,4,9,0,87,297,199,126,3990,96,4708,113,68,18,352,6,557,7,4,3,0,0,14,26,4,3,28,4,65,7,3,3,3,0,16,55,12,7,31,3,108,108,43,16,48,7,222,121,75,38,44,12,290,156,35,18,131,8,348,22,10,6,33,0,71,595,455,304,4117,75,5546,9,0,3,3,0,15,0,0,0,0,0,0,35,5,9,9,0,58,39,8,7,47,0,101,7,0,0,0,0,7,6,0,4,0,0,10,68,50,21,258,9,406,596,169,99,415,20,1299,82,52,47,1306,2723,4210,5190,4132,2821,50132,4163,66438,4283,2557
LGA11730,150,1240,981,19834,540,22745,0,4,0,490,12,506,93,8,8,112,4,225,12,3,0,9,0,24,302,91,53,138,7,591,2127,1258,937,16130,536,20988,107,8,45,7,6,173,48,16,12,117,3,196,276,94,71,1754,32,2227,39,29,5,57,3,133,33,8,0,16,3,60,64,10,7,35,0,116,335,252,167,5037,133,5924,104,84,16,408,9,621,10,0,3,0,0,13,4,0,0,14,0,18,0,3,3,0,0,6,51,18,15,55,0,139,69,26,11,30,0,136,103,58,66,21,3,251,59,26,10,38,3,136,20,13,4,14,0,51,493,377,211,4272,97,5450,3,5,0,3,0,11,0,0,0,0,0,0,47,11,5,8,0,71,36,5,5,39,3,88,6,4,0,3,0,13,14,0,0,0,0,14,66,15,16,139,0,236,554,200,153,422,20,1349,78,53,29,1032,2048,3240,5303,3919,2833,50234,3462,65751,4372,2414
LGA11750,11,76,86,1987,54,2214,0,0,0,107,0,107,14,0,0,12,3,29,3,3,3,3,0,12,20,9,9,14,0,52,103,55,70,1405,33,1666,20,0,3,0,0,23,0,0,0,7,0,7,24,9,3,164,7,207,4,0,3,7,0,14,3,0,0,0,0,3,6,0,0,3,0,9,47,17,17,485,9,575,14,5,7,31,3,60,0,0,0,0,0,0,0,0,0,0,0,0,3,0,0,0,0,3,0,4,0,0,0,4,21,0,3,0,0,24,16,5,4,0,0,25,3,4,4,8,0,19,0,0,0,0,0,0,39,26,18,322,6,411,3,0,0,0,0,3,0,0,0,0,0,0,11,0,3,0,0,14,4,0,0,8,0,12,0,0,0,0,0,0,4,0,0,0,0,4,3,3,4,25,0,35,106,6,8,37,5,162,6,0,0,121,327,454,488,222,245,4746,447,6148,389,132
LGA11800,235,2256,1623,23945,721,28780,0,13,4,316,15,348,333,35,40,160,12,580,71,14,0,23,4,112,495,176,89,252,18,1030,4083,2171,1543,19925,768,28490,198,4,64,10,8,284,125,35,20,207,8,395,657,187,130,1910,83,2967,83,55,12,92,5,247,90,22,9,34,3,158,713,44,71,28,31,887,721,453,270,6607,178,8229,424,164,65,727,56,1436,23,0,0,4,0,27,29,11,3,44,4,91,14,0,0,11,0,25,104,37,29,110,5,285,90,38,30,23,3,184,250,126,83,47,12,518,149,40,24,83,4,300,59,27,12,47,3,148,914,548,379,5035,121,6997,20,3,0,3,0,26,0,0,0,0,0,0,160,16,15,12,6,209,68,10,16,74,11,179,15,4,0,0,3,22,26,0,3,0,0,29,146,36,16,176,4,378,2109,411,293,630,89,3532,230,80,44,1121,2906,4381,12634,7016,4887,61656,5081,91274,10687,4269
LGA11860,3,26,28,663,9,729,0,0,0,3,0,3,0,0,0,0,0,0,0,0,0,0,0,0,11,0,3,13,0,27,25,23,32,583,13,676,0,0,0,0,0,0,0,0,0,0,0,0,8,0,0,44,0,52,0,0,0,3,0,3,0,0,0,0,0,0,0,0,0,0,0,0,5,0,3,152,7,167,14,4,3,27,3,51,0,0,0,0,0,0,0,0,0,0,0,0,0,0,0,0,0,0,3,0,0,0,0,3,0,0,0,0,0,0,3,0,0,0,0,3,3,0,3,3,0,9,0,0,0,0,0,0,9,16,9,207,0,241,0,0,0,0,0,0,0,0,0,0,0,0,0,0,0,0,0,0,0,0,0,3,0,3,0,0,0,0,0,0,0,0,0,0,0,0,3,0,0,3,0,6,10,3,7,7,0,27,3,0,6,42,39,90,100,72,94,1753,71,2090,81,55
LGA12000,3,64,60,1699,46,1872,0,0,0,14,0,14,3,3,0,11,0,17,0,0,0,0,0,0,13,8,4,3,0,28,106,84,70,1396,24,1680,0,0,0,0,0,0,3,0,0,13,0,16,4,6,9,133,4,156,3,0,0,3,0,6,0,0,0,0,0,0,3,0,0,7,0,10,20,22,14,549,5,610,3,8,3,33,0,47,0,0,0,0,0,0,3,0,4,11,0,18,0,0,0,0,0,0,3,0,4,3,0,10,3,0,4,0,0,7,5,3,3,3,0,14,4,4,3,8,0,19,0,0,0,0,0,0,31,26,9,370,5,441,0,0,0,0,0,0,0,0,0,0,0,0,3,0,0,3,0,6,0,0,0,0,0,0,3,0,0,0,0,3,0,0,0,0,0,0,7,0,3,4,0,14,42,13,3,35,0,93,8,0,0,90,173,271,273,241,193,4388,257,5352,225,146
LGA12050,43,296,209,3301,90,3939,0,0,0,16,0,16,31,0,3,34,3,71,13,4,0,0,0,17,107,27,13,27,5,179,566,267,229,2606,87,3755,23,8,7,0,0,38,18,3,4,21,0,46,215,37,27,255,9,543,25,6,3,15,0,49,31,3,0,8,0,42,23,0,3,0,0,26,66,62,48,1078,32,1286,127,34,10,94,3,268,3,0,3,0,0,6,49,19,0,21,3,92,3,0,0,0,0,3,9,3,3,13,0,28,24,12,5,3,3,47,23,15,11,11,0,60,33,4,3,4,5,49,12,3,3,8,0,26,153,60,49,748,13,1023,12,0,3,0,0,15,4,0,0,0,0,4,23,3,3,0,0,29,18,3,0,4,0,25,0,0,0,0,0,0,8,0,0,0,0,8,21,7,3,31,0,62,325,56,38,82,11,512,18,8,7,134,506,673,2026,940,687,8514,770,12937,1723,580
LGA12150,3,20,35,2055,58,2171,0,3,0,64,3,70,5,0,3,15,0,23,0,0,0,0,0,0,9,0,0,8,0,17,43,27,25,1296,64,1455,3,0,0,0,0,3,0,3,0,12,0,15,18,0,3,108,0,129,9,3,3,0,0,15,0,0,3,4,0,7,0,0,0,0,0,0,7,11,8,389,10,425,10,4,0,25,0,39,0,0,0,0,0,0,5,0,0,0,0,5,0,0,0,0,0,0,0,0,0,0,0,0,4,0,0,0,0,4,4,0,8,3,0,15,7,3,3,5,0,18,4,0,0,0,0,4,10,11,12,282,13,328,3,0,0,0,0,3,0,0,0,0,0,0,0,0,0,0,0,0,0,0,0,6,0,6,0,0,0,0,0,0,3,0,0,0,0,3,3,3,0,4,0,10,25,4,4,19,3,55,3,3,3,135,194,338,178,95,110,4430,345,5158,133,61
LGA12200,9,143,80,3026,115,3373,0,0,0,16,3,19,21,3,0,8,0,32,0,0,0,3,0,3,21,7,5,14,0,47,221,150,88,2529,59,3047,9,0,0,0,0,9,3,3,0,13,0,19,23,13,4,212,7,259,3,8,0,3,0,14,3,0,0,0,3,6,3,0,0,3,0,6,35,24,10,935,17,1021,13,5,9,47,0,74,4,0,0,0,0,4,3,3,0,4,0,10,0,0,0,0,0,0,4,7,3,4,0,18,3,0,0,0,0,3,3,3,3,6,0,15,9,3,3,6,0,21,3,0,0,0,0,3,37,30,27,550,9,653,3,0,0,0,0,3,0,0,0,0,0,0,3,0,0,0,0,3,3,0,0,3,0,6,3,0,0,0,0,3,15,0,0,0,0,15,9,4,0,27,0,40,70,20,9,54,9,162,10,16,4,194,334,558,546,442,245,7657,556,9446,459,277
LGA12300,13,236,173,4155,114,4691,0,0,0,4,0,4,25,3,4,19,0,51,12,0,0,4,0,16,64,13,19,36,0,132,441,242,198,3665,79,4625,41,3,15,0,0,59,7,0,0,29,0,36,80,25,12,412,8,537,4,3,3,16,0,26,11,3,0,0,0,14,3,3,0,0,0,6,81,63,25,1341,28,1538,50,21,4,105,3,183,0,0,0,0,0,0,5,0,0,3,0,8,0,0,0,0,0,0,6,3,0,3,0,12,10,0,0,3,0,13,32,10,11,0,0,53,25,3,0,8,3,39,3,3,3,3,0,12,116,67,42,990,21,1236,3,0,0,0,0,3,0,0,0,0,0,0,9,0,4,3,0,16,8,0,0,0,0,8,3,0,0,0,0,3,3,0,0,0,0,3,14,6,3,20,0,43,103,20,21,69,3,216,14,3,5,314,365,701,1186,730,542,11202,624,14284,1011,463
LGA12350,28,228,206,4853,153,5468,0,3,0,125,3,131,22,4,0,15,3,44,9,4,3,8,0,24,51,16,16,18,4,105,357,287,193,4041,120,4998,12,0,3,0,0,15,8,3,0,32,3,46,72,26,21,233,4,356,21,5,0,21,0,47,10,0,0,6,0,16,6,0,0,0,0,6,75,47,28,1334,25,1509,40,24,10,92,3,169,4,0,0,0,0,4,3,3,0,4,0,10,3,0,0,0,0,3,37,12,6,37,0,92,12,4,8,15,3,42,15,8,17,6,0,46,29,3,3,11,0,46,9,0,0,4,0,13,100,68,38,899,8,1113,10,0,3,0,0,13,0,0,0,0,0,0,15,0,0,7,0,22,5,0,0,11,0,16,0,0,0,0,0,0,4,0,0,0,0,4,14,3,3,26,0,46,155,40,21,118,12,346,16,12,3,333,690,1054,1142,800,582,12249,1031,15804,938,494
LGA12500,14,154,83,2820,74,3145,0,0,0,29,0,29,24,0,0,16,0,40,3,0,0,0,0,3,45,15,3,37,3,103,167,149,100,2332,101,2849,0,0,0,0,0,0,6,5,0,13,0,24,28,15,8,211,8,270,12,3,0,14,0,29,0,3,0,0,0,3,25,0,0,3,0,28,42,32,22,704,18,818,57,19,16,85,7,184,0,0,0,0,0,0,0,0,0,7,0,7,3,0,0,0,0,3,3,0,0,3,0,6,30,3,3,4,6,46,6,3,3,10,0,22,7,3,3,4,0,17,3,0,0,0,0,3,49,46,32,656,18,801,0,0,0,0,0,0,0,0,0,0,0,0,12,3,0,5,0,20,3,0,0,3,0,6,0,0,0,0,0,0,0,0,0,0,0,0,12,5,4,11,0,32,71,17,3,62,4,157,7,3,3,154,367,534,629,478,283,7183,606,9179,556,291
LGA12600,65,827,544,16901,505,18842,0,12,3,465,29,509,180,18,21,131,4,354,9,3,0,3,0,15,127,64,46,125,3,365,772,708,492,13011,385,15368,94,0,21,0,4,119,30,18,13,116,9,186,101,49,42,1132,15,1339,56,17,7,77,0,157,18,9,0,3,0,30,155,11,8,19,5,198,171,163,95,4377,78,4884,106,67,16,343,11,543,16,0,0,0,0,16,34,19,0,39,11,103,3,0,0,0,0,3,20,20,3,48,0,91,44,22,9,21,3,99,62,37,24,35,7,165,42,17,6,46,3,114,26,0,8,13,0,47,225,205,139,2851,55,3475,3,0,0,0,0,3,18,0,0,0,0,18,41,13,10,4,0,68,11,3,3,44,0,61,5,3,0,3,0,11,23,0,3,0,0,26,21,21,9,68,0,119,519,119,60,256,19,973,53,23,27,903,1549,2555,3050,2468,1609,41034,2695,50856,2600,1494
LGA12700,15,190,147,3480,74,3906,0,0,0,18,0,18,3,0,0,11,0,14,3,0,0,0,0,3,33,16,10,12,0,71,255,214,132,3010,83,3694,6,3,4,3,0,16,0,3,0,20,0,23,46,21,10,347,18,442,4,4,0,4,0,12,3,0,0,4,8,15,0,0,0,0,0,0,38,29,13,874,12,966,18,13,10,47,4,92,0,0,0,0,0,0,3,4,0,3,0,10,3,0,0,0,0,3,7,3,0,7,0,17,3,8,4,4,0,19,8,3,7,6,0,24,10,4,4,19,0,37,9,0,0,6,0,15,77,51,27,662,18,835,0,0,0,0,0,0,0,0,0,0,0,0,7,0,0,0,0,7,0,0,0,5,0,5,0,0,0,0,0,0,0,0,0,0,0,0,9,0,3,33,0,45,85,22,23,71,5,206,4,6,7,194,300,511,649,594,401,8840,522,11006,526,369
LGA12750,127,1194,838,11864,351,14374,0,13,4,312,15,344,63,14,7,83,4,171,155,10,9,34,8,216,341,83,52,155,10,641,2653,1154,838,10202,372,15219,72,3,26,6,0,107,77,10,12,85,3,187,489,109,77,910,27,1612,113,19,8,87,3,230,73,22,3,16,0,114,25,6,3,10,0,44,420,231,165,3592,98,4506,258,83,26,286,14,667,3,0,0,3,0,6,9,12,3,10,0,34,16,0,5,0,0,21,91,28,7,31,4,161,46,13,14,19,3,95,119,57,38,28,4,246,124,22,12,43,10,211,45,17,0,18,4,84,615,288,225,2629,76,3833,42,7,0,4,3,56,0,0,0,0,0,0,44,11,7,0,0,62,44,4,6,28,0,82,4,7,0,0,0,11,46,0,0,0,0,46,100,38,16,117,3,274,729,193,93,324,30,1369,84,44,20,590,1765,2503,7027,3692,2514,31486,2807,47526,5928,2237
LGA12850,3348,2076,1299,10880,712,18315,5,21,11,169,6,212,23803,148,251,177,597,24976,3181,256,99,340,86,3962,257,60,27,84,20,448,5598,1314,850,7229,756,15747,2743,39,136,17,73,3008,277,22,9,71,10,389,1014,162,115,504,52,1847,1053,153,89,347,33,1675,355,31,9,34,3,432,1657,19,16,16,55,1763,617,268,174,2411,81,3551,8119,1392,496,2374,298,12679,124,0,6,3,4,137,3898,755,194,404,202,5453,1378,101,35,120,72,1706,2013,305,181,579,101,3179,754,52,57,28,43,934,275,63,37,19,8,402,1096,104,28,112,25,1365,819,57,16,42,10,944,657,261,182,1388,72,2560,3752,177,99,171,120,4319,10,0,0,0,0,10,84,19,9,0,4,116,2736,95,86,84,77,3078,1110,89,52,48,58,1357,29447,181,241,166,1149,31184,60,31,16,64,0,171,46864,1298,821,732,1590,51305,5777,227,192,770,7013,13979,152881,9776,5833,29383,13330,211203,141938,6768
LGA12900,6,140,111,3944,132,4333,0,0,0,55,7,62,17,4,0,16,3,40,0,0,0,0,0,0,19,18,7,28,3,75,158,134,108,3333,110,3843,22,0,5,0,3,30,8,0,0,49,0,57,26,22,14,296,9,367,0,3,0,6,0,9,5,0,3,9,0,17,15,0,0,0,0,15,44,23,17,1110,34,1228,26,20,4,56,4,110,0,0,0,0,0,0,0,0,0,9,0,9,8,0,0,0,0,8,5,0,0,7,0,12,4,3,3,3,0,13,15,4,3,3,0,25,8,0,0,10,0,18,8,3,0,10,0,21,53,45,16,689,16,819,0,0,0,0,0,0,0,0,0,0,0,0,4,0,0,0,0,4,3,0,0,3,0,6,0,0,0,0,0,0,3,0,0,0,3,6,8,0,6,13,0,27,60,18,10,61,9,158,6,3,7,296,294,606,531,440,314,10006,627,11918,434,285
LGA12950,7,74,45,2053,48,2227,0,0,0,30,0,30,10,0,0,10,3,23,0,0,0,0,0,0,24,3,3,10,0,40,69,67,50,1514,43,1743,11,0,0,0,0,11,0,0,3,4,0,7,4,4,5,160,4,177,3,0,0,6,0,9,5,0,0,0,0,5,3,0,4,0,0,7,15,20,12,463,5,515,5,4,6,15,6,36,0,0,0,0,0,0,3,4,0,3,0,10,0,0,0,0,0,0,3,0,0,0,0,3,11,3,4,0,3,21,4,0,0,0,0,4,4,3,3,0,0,10,3,0,0,4,0,7,16,17,9,347,5,394,0,0,0,0,0,0,0,0,0,0,0,0,3,0,0,0,0,3,3,0,0,9,0,12,0,0,0,0,0,0,5,0,0,0,0,5,3,6,0,15,0,24,29,0,8,26,0,63,11,3,3,111,211,339,254,208,155,4780,328,5725,203,135
LGA13010,11,148,125,3505,107,3896,0,3,0,40,5,48,13,0,0,19,0,32,3,0,0,3,0,6,45,12,5,19,3,84,276,174,136,2873,106,3565,16,0,8,0,0,24,11,3,0,21,0,35,40,26,11,367,3,447,6,4,0,4,0,14,6,0,0,0,0,6,7,0,0,0,0,7,50,43,37,948,35,1113,10,12,0,44,3,69,3,0,0,0,0,3,0,0,0,11,0,11,0,3,0,0,0,3,5,0,0,11,0,16,3,3,5,3,0,14,13,10,6,0,0,29,6,0,0,4,0,10,7,0,4,3,0,14,69,48,43,889,23,1072,0,0,0,0,0,0,0,0,0,0,0,0,11,3,0,0,0,14,3,0,0,6,0,9,0,0,0,0,0,0,0,0,0,0,0,0,12,0,0,25,0,37,82,9,9,64,3,167,10,13,6,193,441,663,718,514,395,9052,729,11408,624,318
LGA13050,12,114,93,2013,64,2296,0,0,0,3,3,6,10,0,0,12,0,22,0,0,0,0,0,0,26,3,4,17,0,50,227,126,78,1712,49,2192,7,0,0,0,0,7,3,0,0,3,3,9,26,7,13,180,3,229,3,3,0,13,0,19,10,0,0,0,0,10,0,3,0,3,0,6,30,16,16,363,5,430,12,17,0,30,4,63,3,0,0,0,0,3,0,0,0,0,0,0,0,0,0,0,0,0,3,4,0,0,0,7,8,0,0,3,0,11,8,10,3,3,0,24,0,0,3,5,0,8,3,0,0,3,0,6,48,46,21,454,11,580,0,3,0,0,0,3,0,0,0,0,0,0,3,0,0,0,0,3,4,0,0,5,0,9,0,0,0,0,0,0,3,0,0,0,0,3,8,0,0,15,0,23,56,10,14,36,3,119,0,5,0,83,126,214,513,367,245,4956,271,6352,428,231
LGA13100,791,6902,4888,52248,1634,66463,0,34,7,363,3,407,1184,86,108,301,26,1705,312,59,29,104,7,511,1229,371,210,644,29,2483,13996,6284,4389,42636,1694,68999,675,45,164,31,18,933,355,82,54,420,18,929,1393,403,297,2939,94,5126,530,173,50,409,19,1181,269,61,25,71,3,429,570,69,54,59,34,786,2564,1382,845,14830,411,20032,1251,507,203,1610,70,3641,279,9,9,12,0,309,178,85,19,110,21,413,35,14,5,3,0,57,534,179,84,373,29,1199,526,151,76,72,16,841,790,407,267,112,42,1618,479,102,52,179,12,824,351,47,37,78,10,523,3006,1511,1008,10499,288,16312,109,15,7,27,9,167,18,0,0,0,0,18,647,97,66,32,7,849,422,33,45,132,25,657,70,19,13,7,0,109,112,5,9,3,4,133,464,174,97,454,24,1213,4744,1296,808,1467,291,8606,561,243,166,2354,7656,10980,38444,20845,14091,132579,12494,218453,31817,12611
LGA13310,82,684,509,10613,284,12172,0,7,3,57,5,72,104,7,6,56,0,173,30,3,3,6,0,42,141,32,32,77,0,282,1015,652,460,8783,262,11172,74,3,23,0,3,103,27,15,0,52,0,94,161,55,42,622,12,892,76,21,9,71,4,181,33,10,3,12,0,58,60,5,3,3,0,71,213,172,81,2989,65,3520,134,48,24,209,17,432,9,0,5,0,0,14,16,8,0,15,0,39,4,4,0,0,0,8,47,21,9,47,0,124,33,13,8,8,0,62,55,34,34,17,3,143,46,21,4,39,0,110,14,3,5,14,0,36,270,186,120,2051,39,2666,12,3,0,0,0,15,3,0,0,0,0,3,12,3,8,3,0,26,23,4,3,18,0,48,17,0,0,3,0,20,15,3,0,0,0,18,27,27,13,103,4,174,549,105,68,158,24,904,68,28,12,610,1606,2324,3370,2177,1487,26636,2328,35998,2823,1331
LGA13320,76,1089,710,12359,414,14648,0,9,0,203,0,212,74,24,10,61,7,176,43,10,4,16,0,73,223,62,32,77,6,400,2091,1066,813,11008,429,15407,63,0,15,3,0,81,43,18,6,93,0,160,277,73,65,792,18,1225,46,23,0,35,7,111,22,13,0,17,0,52,30,0,3,11,0,44,358,204,122,3097,93,3874,158,74,15,292,10,549,5,0,0,0,0,5,16,14,0,30,0,60,5,3,0,0,0,8,80,27,12,46,3,168,36,16,5,12,6,75,97,59,26,22,6,210,88,16,6,23,3,136,27,5,0,8,0,40,488,277,178,2425,58,3426,19,0,3,8,0,30,6,0,0,0,0,6,49,8,0,0,0,57,27,3,0,14,0,44,8,0,0,0,0,8,11,0,0,0,3,14,73,38,14,103,0,228,517,126,84,269,28,1024,120,48,29,697,1608,2502,5176,3305,2152,31721,2699,45053,4332,2085
LGA13340,14,194,176,3755,82,4221,0,0,0,14,3,17,10,0,0,8,0,18,10,3,0,6,0,19,68,23,13,41,3,148,297,211,152,3027,72,3759,23,3,11,0,0,37,0,0,0,9,0,9,83,30,31,1019,13,1176,0,0,3,4,0,7,12,0,0,8,0,20,11,0,0,0,0,11,37,60,39,989,30,1155,18,15,5,85,3,126,0,0,0,0,0,0,4,0,0,4,0,8,3,0,0,3,0,6,3,0,3,7,0,13,21,8,3,0,0,32,18,9,5,3,0,35,10,0,3,14,0,27,9,0,0,14,0,23,77,43,28,904,19,1071,3,0,0,0,0,3,0,0,0,0,0,0,3,3,3,3,0,12,13,0,0,11,0,24,0,0,0,0,0,0,3,0,0,0,0,3,7,3,7,12,3,32,77,29,33,74,9,222,9,5,3,259,398,674,843,639,518,10273,635,12908,691,396
LGA13380,121,1248,930,18111,547,20957,0,8,3,465,26,502,112,13,17,97,6,245,29,7,3,7,3,49,327,92,50,125,3,597,2177,1246,845,15453,490,20211,116,3,31,0,0,150,65,22,19,106,7,219,291,112,70,1256,33,1762,50,26,3,67,4,150,24,10,3,6,0,43,71,10,9,12,3,105,312,232,153,4085,104,4886,134,59,22,361,19,595,13,0,3,0,0,16,13,6,5,37,0,61,3,0,0,7,0,10,106,36,15,82,5,244,51,20,16,20,0,107,107,62,34,23,3,229,74,10,7,44,5,140,30,3,6,14,3,56,476,337,201,3523,100,4637,9,0,0,0,0,9,5,0,0,0,0,5,50,10,11,7,0,78,34,6,4,52,3,99,5,0,0,0,0,5,16,0,3,0,0,19,68,21,24,110,6,229,607,182,125,388,27,1329,63,39,30,976,2101,3209,5559,3820,2642,45434,3498,60953,4697,2340
LGA13450,165,549,312,6441,196,7663,3,4,0,100,0,107,102,3,6,42,0,153,11,0,0,4,0,15,65,28,24,49,0,166,649,396,250,5193,194,6682,154,0,19,3,3,179,13,0,7,37,0,57,78,39,12,505,8,642,13,7,4,15,0,39,3,3,0,3,0,9,713,12,11,3,3,742,86,83,60,1609,41,1879,2843,710,220,2581,103,6457,3,0,0,0,3,6,25,4,3,17,0,49,7,0,0,0,3,10,17,0,7,3,3,30,85,10,6,10,9,120,57,31,10,11,10,119,17,7,4,19,0,47,3,0,4,0,0,7,134,95,67,1276,33,1605,0,0,3,3,0,6,0,0,0,0,0,0,48,9,6,6,0,69,70,11,10,35,6,132,110,3,0,8,0,121,10,0,0,0,0,10,18,11,0,47,0,76,1451,120,36,89,92,1788,266,40,9,336,1386,2037,7219,2175,1090,18445,2093,31022,6614,1481
LGA13500,13,40,41,1594,56,1744,0,0,0,3,0,3,15,0,0,3,0,18,0,0,0,0,0,0,6,0,0,7,0,13,64,39,41,1388,46,1578,12,0,0,0,0,12,0,0,0,7,0,7,11,9,10,93,3,126,3,0,0,3,0,6,0,0,0,0,0,0,3,0,0,0,0,3,13,12,14,470,21,530,6,3,0,23,0,32,4,0,0,0,0,4,3,0,0,5,0,8,0,3,0,0,0,3,3,0,0,4,0,7,3,3,0,0,0,6,8,3,0,0,0,11,4,0,0,3,0,7,3,0,0,7,0,10,19,12,15,244,3,293,0,0,0,0,0,0,0,0,0,0,0,0,0,0,0,0,0,0,0,3,0,3,0,6,0,0,0,0,0,0,3,0,0,0,0,3,3,3,0,4,0,10,19,6,3,20,3,51,7,0,0,100,105,212,225,136,124,3981,237,4703,181,86
LGA13550,15,213,139,5352,120,5839,0,3,0,47,3,53,41,0,3,28,0,72,0,0,0,0,0,0,31,14,8,48,0,101,209,220,150,4039,123,4741,21,0,4,5,0,30,7,0,3,29,0,39,43,20,17,414,8,502,4,3,3,10,0,20,6,0,0,5,0,11,11,0,3,0,0,14,37,32,38,1230,24,1361,19,6,3,63,0,91,0,0,0,0,0,0,0,0,0,9,0,9,3,0,0,0,0,3,8,3,4,3,3,21,12,8,6,9,3,38,28,5,12,3,0,48,6,3,0,6,3,18,4,0,6,3,0,13,60,59,34,1019,5,1177,0,0,0,0,0,0,0,0,0,0,0,0,12,0,4,0,0,16,3,0,0,9,0,12,3,0,0,0,0,3,3,0,0,0,0,3,9,0,4,22,0,35,82,23,20,90,0,215,4,7,6,364,639,1020,681,619,467,12807,931,15505,595,398
LGA13650,11,69,55,1990,63,2188,0,0,0,39,0,39,3,0,0,10,0,13,0,0,0,0,0,0,10,6,8,6,0,30,112,70,53,1520,44,1799,3,0,0,0,0,3,4,0,3,11,0,18,20,7,5,161,3,196,0,0,0,3,0,3,6,0,0,0,0,6,8,3,0,4,0,15,24,10,4,446,5,489,0,3,0,18,0,21,0,0,0,0,0,0,3,0,0,3,0,6,0,0,0,0,0,0,0,0,0,0,0,0,8,0,0,3,0,11,7,0,6,4,0,17,0,0,3,6,0,9,0,0,0,0,0,0,26,14,17,344,4,405,0,0,3,0,0,3,0,0,0,0,0,0,0,0,0,0,0,0,0,0,0,6,0,6,0,0,0,0,0,0,0,0,0,0,0,0,4,4,0,6,0,14,36,6,9,19,5,75,0,8,0,96,193,297,285,200,166,4695,317,5663,229,127
LGA13660,3,90,90,2177,62,2422,0,0,0,13,0,13,3,0,0,5,0,8,0,0,0,0,0,0,4,3,3,10,0,20,117,65,91,1942,66,2281,6,0,0,0,3,9,3,0,0,13,0,16,17,4,3,191,3,218,0,0,0,9,3,12,0,0,3,3,0,6,6,0,0,0,0,6,23,13,13,466,19,534,3,6,3,24,0,36,0,0,0,0,0,0,0,0,0,0,0,0,0,0,0,0,0,0,0,3,0,0,0,3,0,0,0,0,0,0,4,3,0,3,0,10,0,0,0,3,0,3,0,0,0,3,0,3,25,22,12,441,12,512,0,3,0,3,0,6,0,0,0,0,0,0,3,0,3,0,0,6,4,0,0,3,0,7,0,0,0,0,0,0,0,0,0,0,0,0,5,0,0,10,0,15,29,5,7,12,3,56,8,3,3,147,88,249,263,220,231,5478,259,6451,221,135
LGA13700,11,54,54,1528,28,1675,0,0,0,8,0,8,7,0,0,11,0,18,3,0,0,0,0,3,11,0,3,3,0,17,88,56,59,1178,48,1429,3,0,0,0,0,3,0,0,0,6,0,6,16,4,5,77,0,102,6,0,0,9,0,15,3,0,0,0,0,3,0,0,0,0,0,0,30,16,18,518,12,594,10,5,0,5,0,20,0,0,0,0,0,0,11,0,0,7,0,18,0,0,0,0,0,0,0,0,0,10,0,10,3,0,0,3,0,6,6,0,5,3,0,14,10,0,0,3,0,13,0,0,0,0,0,0,25,12,16,313,5,371,8,0,0,0,0,8,0,0,0,0,0,0,8,0,0,0,0,8,0,4,0,0,0,4,0,0,0,0,0,0,0,0,0,0,0,0,3,3,0,5,4,15,27,10,8,25,0,70,8,0,0,86,123,217,297,164,168,3798,220,4647,251,107
LGA13800,263,2485,1896,21820,557,27021,0,10,13,178,10,211,331,31,42,112,11,527,180,25,19,43,0,267,622,235,152,330,23,1362,4208,2209,1686,15836,554,24493,211,9,46,8,14,288,100,24,23,124,7,278,593,220,154,1194,45,2206,197,48,8,146,7,406,118,32,11,42,4,207,163,14,27,3,12,219,817,493,296,4619,110,6335,641,246,104,844,34,1869,29,0,3,0,0,32,127,77,15,61,22,302,188,28,20,39,4,279,1154,308,153,948,36,2599,152,33,19,19,15,238,248,105,102,38,10,503,204,50,33,131,6,424,63,19,3,22,0,107,893,460,316,3444,112,5225,48,12,3,24,0,87,3,0,0,0,0,3,112,25,9,3,4,153,95,32,20,50,4,201,22,16,0,9,0,47,34,0,12,3,0,49,148,44,34,157,0,383,1403,416,262,492,66,2639,213,95,48,950,2660,3966,13580,7801,5529,51689,4327,82926,11410,4797
LGA13850,4,60,33,1206,42,1345,0,0,0,24,0,24,7,3,0,6,0,16,0,0,0,0,0,0,3,3,3,4,0,13,67,52,45,1050,51,1265,6,0,4,0,0,10,0,0,0,8,0,8,13,9,0,73,4,99,3,3,0,4,0,10,0,0,0,0,0,0,8,0,0,0,0,8,10,14,11,296,6,337,40,15,0,42,3,100,0,0,0,0,0,0,0,0,0,0,0,0,0,0,0,0,0,0,3,3,0,4,0,10,7,0,3,0,0,10,3,6,0,0,0,9,0,0,0,3,0,3,0,0,4,3,0,7,14,11,18,200,8,251,0,0,0,0,0,0,0,0,0,0,0,0,3,0,0,0,0,3,0,0,0,7,0,7,0,0,0,0,0,0,0,0,0,0,0,0,3,0,3,15,0,21,35,10,0,17,0,62,9,3,0,87,107,206,238,192,124,3049,221,3824,214,111
LGA13950,1740,1991,1296,11614,454,17095,3,11,9,114,5,142,5613,53,103,86,131,5986,1058,74,45,158,29,1364,278,73,34,67,6,458,3621,1327,903,8310,428,14589,2321,34,134,12,73,2574,174,28,22,82,4,310,479,130,89,620,28,1346,1127,159,65,354,34,1739,166,27,6,42,4,245,8925,49,41,29,134,9178,792,324,195,3195,95,4601,2118,445,190,826,99,3678,583,4,14,0,10,611,8209,1317,462,1052,397,11437,68,10,3,17,11,109,2215,276,153,527,75,3246,696,52,63,18,33,862,282,75,61,24,15,457,462,41,34,87,19,643,236,17,25,61,7,346,611,295,214,1774,57,2951,398,23,6,24,3,454,260,0,0,0,4,264,122,23,19,7,0,171,603,37,30,45,15,730,1465,153,81,49,45,1793,793,14,9,4,24,844,80,32,20,78,5,215,17561,774,466,472,552,19825,1652,141,90,598,5225,7706,64711,8009,4882,30346,8021,115969,60081,5546
LGA14000,1211,6020,4550,32953,769,45503,0,11,3,58,3,75,18522,265,467,351,297,19902,394,69,44,104,16,627,1201,332,194,373,27,2127,12157,5045,3437,26486,748,47873,1815,21,150,20,34,2040,424,87,59,264,11,845,1575,404,287,2097,62,4425,560,154,63,341,24,1142,414,88,24,58,3,587,6531,101,68,43,98,6841,2321,1094,786,9980,230,14411,2232,639,265,1594,79,4809,4304,12,60,25,100,4501,1342,200,153,435,65,2195,41,11,3,0,9,64,316,95,57,173,11,652,240,63,32,17,9,361,884,284,211,124,17,1520,866,100,52,145,16,1179,719,50,54,99,16,938,2532,1236,795,8048,173,12784,190,29,9,24,3,255,673,0,3,3,9,688,1213,94,68,21,3,1399,581,47,35,76,11,750,159,20,4,4,7,194,561,7,30,4,19,621,423,99,68,403,16,1009,13190,1218,1019,1213,267,16907,785,120,99,837,3864,5705,78376,18015,13149,86373,7016,202929,69937,10863
LGA14100,101,612,426,2873,53,4065,0,0,0,9,0,9,746,52,41,45,16,900,60,0,10,23,0,93,83,32,7,28,0,150,987,479,320,2373,83,4242,65,0,5,3,7,80,41,16,0,27,0,84,124,42,27,250,7,450,239,61,24,134,8,466,65,15,10,13,5,108,143,3,7,6,5,164,278,155,118,1353,32,1936,420,124,53,296,13,906,79,0,10,8,6,103,102,30,22,49,3,206,23,3,0,5,4,35,28,15,7,16,0,66,20,0,0,3,0,23,82,33,27,3,6,151,82,11,6,16,5,120,59,3,7,11,0,80,245,132,62,698,12,1149,35,0,4,8,0,47,4,0,0,0,0,4,76,18,10,3,0,107,35,9,7,11,3,65,32,6,0,0,0,38,53,0,0,0,0,53,37,7,6,45,0,95,799,120,117,137,25,1198,97,9,13,71,423,613,5240,1987,1346,8517,716,17806,4550,1215
LGA14150,783,1772,1203,10952,327,15037,0,3,6,65,3,77,19142,152,256,166,371,20087,782,61,35,149,17,1044,198,43,39,96,12,388,3134,1365,881,8877,357,14614,1005,19,82,9,40,1155,145,19,17,96,4,281,351,101,50,629,28,1159,2936,430,202,1137,94,4799,192,27,10,21,0,250,1428,31,20,7,29,1515,611,386,219,3639,92,4947,1645,391,189,828,38,3091,352,3,10,4,9,378,1802,237,100,231,78,2448,1826,140,85,283,66,2400,320,67,44,109,11,551,642,67,33,8,23,773,282,87,39,25,11,444,213,27,18,49,0,307,181,12,3,25,3,224,640,367,231,2241,58,3537,212,11,15,14,5,257,32,0,0,0,0,32,123,27,12,4,4,170,405,39,27,36,10,517,93,15,10,9,5,132,566,16,13,3,34,632,92,29,15,108,5,249,7388,517,418,502,209,9034,819,87,54,432,2573,3965,48340,6548,4336,30754,4516,94494,44963,4269
LGA14200,26,334,217,6866,216,7659,0,0,4,90,4,98,33,13,0,62,4,112,5,0,0,0,0,5,58,17,13,49,4,141,402,320,233,5469,179,6603,56,0,3,0,3,62,14,4,3,39,0,60,84,39,28,650,16,817,4,7,3,12,0,26,7,0,0,0,0,7,3,0,3,3,0,9,62,55,36,1526,41,1720,43,21,5,122,9,200,10,0,0,0,0,10,11,0,3,8,0,22,0,0,0,0,0,0,8,6,0,6,0,20,9,9,3,11,0,32,25,9,7,10,0,51,12,7,3,14,3,39,0,0,0,0,0,0,103,98,50,1265,26,1542,0,0,0,0,0,0,0,0,0,0,0,0,22,3,0,0,0,25,6,3,0,12,0,21,0,0,0,0,0,0,12,0,0,0,4,16,19,9,5,29,0,62,315,37,34,94,21,501,24,23,13,389,536,985,1373,1014,666,16726,1066,20845,1166,636
LGA14250,0,25,24,618,9,676,0,0,0,10,0,10,6,0,0,0,0,6,0,0,0,0,0,0,7,0,0,4,0,11,40,33,18,491,21,603,5,0,0,0,0,5,0,0,0,0,0,0,4,3,0,29,0,36,5,0,0,0,0,5,3,0,0,0,0,3,12,0,0,0,0,12,3,3,0,178,3,187,19,12,4,26,3,64,0,0,0,0,0,0,0,0,0,0,0,0,0,0,0,0,0,0,3,0,3,3,0,9,0,0,0,0,0,0,4,3,3,0,0,10,0,0,0,0,0,0,3,0,0,0,0,3,22,0,10,125,0,157,0,0,0,0,0,0,0,0,0,0,0,0,4,0,0,0,0,4,0,0,0,0,0,0,0,0,0,0,0,0,0,0,0,0,0,0,0,0,0,3,0,3,4,6,0,6,0,16,0,3,0,27,58,88,144,88,62,1520,94,1908,125,54
LGA14300,7,87,81,2204,59,2438,0,0,0,4,0,4,8,0,0,8,0,16,0,0,0,0,0,0,18,6,4,17,3,48,116,107,77,1683,53,2036,5,0,3,0,0,8,4,0,0,14,0,18,22,16,10,212,10,270,3,0,0,5,0,8,0,0,0,0,0,0,0,0,0,0,0,0,27,17,14,590,9,657,5,3,5,29,0,42,7,0,0,0,0,7,4,3,0,0,0,7,0,0,0,0,0,0,5,0,3,0,0,8,14,3,3,0,0,20,15,5,3,3,0,26,11,0,0,5,0,16,0,0,0,5,0,5,28,23,23,364,10,448,0,0,0,0,0,0,0,0,0,0,0,0,0,0,0,3,0,3,7,0,0,4,0,11,0,0,0,0,0,0,0,0,0,0,0,0,5,0,0,12,0,17,54,14,8,37,0,113,6,8,4,122,979,1119,371,292,238,5321,1123,7345,304,180
LGA14350,56,729,490,11229,397,12901,0,9,0,617,23,649,58,6,10,42,0,116,5,3,5,3,0,16,138,58,17,73,9,295,1076,676,456,9087,316,11611,89,3,23,0,0,115,21,9,6,91,4,131,176,54,41,654,15,940,29,13,6,51,0,99,18,10,0,10,4,42,36,7,7,9,3,62,160,140,73,2604,67,3044,52,59,11,206,4,332,3,0,0,0,0,3,12,9,0,23,0,44,4,0,0,3,0,7,61,8,10,56,3,138,21,20,12,16,3,72,68,36,21,22,6,153,53,15,5,19,3,95,15,7,3,10,0,35,230,153,119,1651,48,2201,3,0,0,0,0,3,3,0,0,0,0,3,14,3,3,7,0,27,9,4,0,25,3,41,4,0,0,0,0,4,4,8,0,0,0,12,34,21,11,57,0,123,329,128,66,207,22,752,37,30,30,709,1722,2528,2818,2218,1425,27481,2652,36594,2339,1355
LGA14400,69,813,589,6623,135,8229,0,9,0,27,3,39,80,10,12,34,6,142,40,5,0,12,0,57,139,57,30,70,4,300,1657,771,546,5609,127,8710,28,7,12,0,0,47,38,8,3,52,3,104,205,68,40,418,7,738,69,15,5,45,0,134,28,3,0,4,0,35,21,0,5,4,0,30,298,180,129,2281,41,2929,212,68,29,234,0,543,10,0,0,0,0,10,12,4,0,5,0,21,41,6,4,19,0,70,80,22,16,36,0,154,50,17,13,15,0,95,70,38,11,11,4,134,70,20,6,36,0,132,21,3,0,16,0,40,392,190,136,1497,34,2249,23,7,0,9,0,39,3,0,0,0,0,3,59,7,0,3,0,69,38,9,5,16,0,68,0,0,0,0,0,0,14,0,0,0,0,14,77,24,11,75,0,187,433,104,95,229,10,871,35,25,22,262,548,892,4312,2490,1719,17642,922,27085,3609,1520
LGA14450,485,1199,932,6848,171,9635,0,8,6,37,0,51,11810,123,182,143,225,12483,775,98,52,161,12,1098,123,39,17,69,3,251,2041,943,661,5559,207,9411,696,7,56,12,22,793,107,20,13,62,4,206,291,85,88,438,12,914,3482,495,215,1528,111,5831,97,22,8,25,3,155,1076,22,33,13,17,1161,506,248,169,2437,72,3432,1393,351,131,694,45,2614,226,3,13,0,6,248,1281,193,99,239,24,1836,1203,114,62,167,22,1568,242,76,26,81,3,428,273,25,13,10,16,337,233,44,39,15,5,336,178,23,5,32,0,238,301,12,9,12,8,342,488,227,156,1545,34,2450,246,26,12,11,6,301,17,0,0,0,0,17,123,14,6,3,4,150,316,16,14,23,8,377,110,16,13,9,8,156,239,3,8,0,4,254,57,21,14,76,0,168,5409,405,305,361,116,6596,589,53,53,297,1928,2920,34413,4931,3410,20907,3096,66757,32089,3271
LGA14500,866,4784,3776,21613,415,31454,0,3,0,11,0,14,11621,342,463,353,197,12976,249,45,30,116,4,444,818,203,144,252,25,1442,11363,4020,2913,18523,581,37400,466,16,73,12,6,573,378,74,83,243,14,792,1517,298,227,1423,47,3512,579,163,53,327,13,1135,391,62,55,60,6,574,2197,76,55,42,29,2399,2113,961,681,7359,144,11258,1199,371,175,782,34,2561,2473,9,52,20,54,2608,246,95,27,150,11,529,56,6,3,21,3,89,124,43,21,72,3,263,93,21,9,3,5,131,727,198,209,48,11,1193,552,79,52,115,13,811,499,49,54,79,13,694,2515,949,733,6107,157,10461,113,21,6,25,0,165,104,0,0,0,3,107,2837,120,101,6,41,3105,319,39,31,51,8,448,101,6,4,0,0,111,302,3,27,0,6,338,360,92,70,263,12,797,8814,1013,875,932,142,11776,504,79,70,486,3495,4634,54496,14240,11072,59494,5492,144794,46901,8518
LGA14550,27,301,193,3307,119,3947,0,3,0,185,0,188,12,0,3,8,0,23,3,3,0,0,0,6,56,8,6,23,3,96,483,268,174,2853,87,3865,22,0,4,0,4,30,19,8,4,20,3,54,99,33,17,264,4,417,5,8,0,20,0,33,3,3,0,3,0,9,21,3,3,0,0,27,82,61,33,1054,22,1252,26,9,7,77,0,119,4,0,0,0,0,4,4,5,0,7,0,16,0,0,0,0,0,0,6,3,0,0,0,9,13,3,3,3,5,27,38,10,8,6,0,62,23,6,5,10,0,44,6,0,6,0,0,12,105,63,59,715,4,946,0,0,0,0,0,0,0,0,0,0,0,0,5,3,0,3,0,11,3,0,3,4,0,10,0,0,0,0,0,0,0,0,3,0,0,3,16,5,0,34,0,55,160,52,28,75,11,326,29,22,12,211,376,650,1270,880,571,8882,638,12241,1040,546
LGA14600,12,89,88,2969,94,3252,0,0,0,103,3,106,7,0,3,0,0,10,4,3,0,0,0,7,15,6,3,9,0,33,91,88,92,2229,73,2573,8,4,0,0,5,17,0,4,3,17,0,24,24,3,11,173,13,224,8,3,0,11,3,25,3,5,3,3,0,14,10,0,3,9,0,22,11,22,18,576,24,651,3,4,3,26,3,39,7,0,0,0,0,7,4,0,0,4,0,8,0,0,0,0,0,0,4,0,3,0,0,7,3,7,0,0,0,10,11,10,0,11,0,32,0,0,0,0,0,0,0,0,0,0,0,0,28,28,24,479,16,575,0,0,0,0,0,0,0,0,0,0,0,0,10,0,0,5,0,15,5,9,0,8,0,22,0,0,0,0,0,0,4,0,0,0,0,4,3,4,0,12,0,19,49,17,9,29,4,108,8,3,8,204,241,464,332,309,271,6877,479,8268,264,187
LGA14650,578,6266,4473,71525,1931,84773,0,18,16,490,17,541,817,86,98,322,41,1364,250,51,11,57,5,374,1096,423,242,748,35,2544,8516,5887,4086,60479,1878,80846,482,28,172,26,13,721,178,46,47,438,14,723,1496,641,366,4808,146,7457,393,143,56,395,18,1005,228,45,21,91,6,391,560,57,26,54,11,708,1428,1124,699,15792,407,19450,1033,446,146,1582,65,3272,137,9,22,19,3,190,90,35,12,95,3,235,531,85,35,144,12,807,236,99,46,193,9,583,244,133,51,99,10,537,485,300,197,141,27,1150,820,156,118,442,26,1562,212,53,43,116,0,424,2509,1782,1207,14687,344,20529,133,16,13,22,3,187,36,0,3,0,0,39,340,57,31,30,3,461,185,39,18,134,3,379,43,10,0,4,0,57,69,5,21,3,0,98,428,209,124,1027,29,1817,4027,1008,715,1683,188,7621,411,206,169,3358,6059,10203,27991,19463,13284,179004,11306,251048,23553,11943
LGA14700,203,1393,1121,6134,148,8999,0,0,0,12,0,12,2436,76,125,77,50,2764,163,23,8,33,4,231,253,69,47,87,6,462,2785,1193,803,5110,172,10063,298,8,28,0,11,345,142,19,24,59,3,247,360,122,81,461,20,1044,273,57,32,182,4,548,132,27,13,25,0,197,758,19,29,14,19,839,762,347,222,2819,40,4190,554,180,76,379,15,1204,238,3,7,11,3,262,115,28,9,69,4,225,35,4,0,4,0,43,46,18,13,35,0,112,52,7,12,3,0,74,285,96,60,19,0,460,260,52,27,52,5,396,192,15,16,24,3,250,679,297,186,1775,32,2969,60,8,7,9,0,84,37,4,0,3,0,44,278,29,26,7,0,340,146,7,12,17,0,182,36,0,0,5,0,41,83,4,3,3,3,96,112,27,12,82,5,238,3087,275,281,272,55,3970,163,28,15,176,1049,1431,15023,4435,3295,17958,1651,42362,12838,2631
LGA14750,30,206,160,4310,102,4808,0,0,0,48,0,48,26,3,3,4,0,36,6,5,3,3,0,17,21,17,10,40,0,88,239,203,137,3368,121,4068,8,0,3,0,0,11,4,0,0,19,3,26,41,20,10,386,4,461,15,8,3,12,0,38,7,0,0,8,0,15,41,3,0,3,0,47,56,48,50,1099,33,1286,481,137,28,457,19,1122,12,0,0,3,0,15,3,3,0,3,0,9,4,0,0,3,0,7,7,3,0,9,0,19,18,3,4,3,0,28,19,8,5,4,3,39,4,3,0,13,0,20,4,0,3,0,0,7,76,56,45,867,17,1061,0,0,3,0,0,3,0,0,0,0,0,0,9,0,3,0,0,12,0,0,0,12,0,12,0,0,0,4,0,4,4,0,3,0,0,7,5,8,0,31,0,44,158,39,28,86,5,316,29,3,3,250,586,871,1327,776,504,11045,893,14545,1188,504
LGA14800,388,2531,1704,10259,228,15110,3,10,7,89,11,120,1323,92,135,180,29,1759,223,48,13,53,6,343,369,153,77,143,7,749,6024,2177,1376,8725,297,18599,294,11,55,3,3,366,315,34,46,131,6,532,670,199,138,859,22,1888,719,151,51,230,33,1184,172,52,22,27,4,277,472,44,26,4,12,558,1861,634,438,4907,113,7953,1929,431,170,761,71,3362,178,3,7,6,0,194,238,56,25,87,13,419,90,16,4,26,0,136,243,62,22,59,7,393,134,16,7,18,14,189,584,118,118,30,11,861,279,63,32,71,3,448,146,32,30,44,3,255,1495,509,363,3047,81,5495,152,20,10,26,4,212,14,0,0,0,0,14,203,25,17,4,4,253,307,22,24,37,13,403,125,19,3,4,0,151,202,14,9,7,6,238,249,51,36,165,7,508,3647,605,458,595,83,5388,217,53,23,312,2751,3356,23265,8251,5446,30909,3842,71713,19089,4895
LGA14850,118,1352,1006,15535,397,18408,3,5,13,269,19,309,177,17,25,74,9,302,29,10,0,9,7,55,218,63,64,134,12,491,1941,1238,898,13170,346,17593,121,11,44,12,0,188,94,33,11,103,11,252,375,132,107,1409,44,2067,48,19,5,75,0,147,42,17,10,25,3,97,98,21,13,30,3,165,386,349,191,5298,92,6316,537,234,55,1070,25,1921,11,3,0,4,0,18,8,6,0,58,0,72,4,3,3,0,0,10,31,18,11,33,4,97,73,20,21,28,8,150,128,65,60,33,4,290,65,24,12,38,4,143,38,12,6,31,0,87,490,314,269,3641,86,4800,11,3,0,4,0,18,0,0,0,0,0,0,47,14,8,4,7,80,37,10,6,59,3,115,3,0,0,0,0,3,21,4,0,0,0,25,63,22,14,124,4,227,878,274,168,418,38,1776,77,45,29,753,1504,2408,6172,4338,3049,42441,2630,58630,4991,2603
LGA14870,65,587,390,7680,231,8953,0,0,0,70,9,79,72,3,8,23,4,110,41,6,0,15,5,67,99,37,17,73,4,230,828,533,353,6283,208,8205,50,0,33,0,3,86,21,6,3,35,0,65,144,44,23,378,17,606,28,14,0,23,3,68,32,11,0,10,3,56,26,0,0,3,3,32,138,128,65,1977,36,2344,94,33,17,166,3,313,4,0,0,0,0,4,9,3,0,5,0,17,6,3,0,0,3,12,33,22,10,26,0,91,23,9,4,3,9,48,42,17,20,12,3,94,44,24,3,18,0,89,14,4,0,9,4,31,262,182,131,1405,38,2018,8,3,0,0,0,11,3,0,0,0,0,3,33,3,8,0,0,44,18,0,7,7,0,32,9,0,0,0,0,9,10,0,0,0,0,10,51,18,6,72,0,147,348,88,42,154,26,658,52,21,17,414,1266,1770,2607,1799,1157,18861,1878,26302,2210,1119
LGA14900,3059,3635,2378,23029,924,33025,4,28,15,345,18,410,7077,94,147,144,188,7650,1878,199,95,289,54,2515,382,123,78,173,17,773,6264,2510,1613,15715,883,26985,4509,72,192,30,165,4968,344,43,27,136,21,571,1080,255,161,1256,54,2806,2309,451,206,877,91,3934,411,68,18,57,14,568,9914,110,89,32,258,10403,987,503,320,4812,135,6757,6844,1581,702,3512,292,12931,134,5,0,3,4,146,6594,1210,420,743,299,9266,1741,192,112,231,67,2343,1729,448,181,876,55,3289,974,81,63,41,54,1213,435,132,83,24,32,706,1348,109,76,162,42,1737,391,32,18,44,13,498,1223,494,371,3101,94,5283,4622,279,103,185,104,5293,142,0,0,0,0,142,327,44,37,18,7,433,2127,113,80,130,90,2540,1315,125,81,90,43,1654,6834,69,86,74,217,7280,152,43,29,172,9,405,35925,1667,1002,1048,1122,40764,3635,268,213,1311,9367,14794,114710,14983,8996,58660,14733,212082,105810,10142
LGA14920,12,145,103,3388,70,3718,0,6,3,143,0,152,16,0,0,28,0,44,3,0,0,0,0,3,29,7,11,20,0,67,204,158,93,2453,64,2972,7,0,0,0,0,7,4,0,0,14,0,18,24,9,14,225,3,275,0,5,0,3,0,8,6,0,0,0,0,6,4,0,0,3,0,7,44,32,14,739,19,848,16,5,3,28,0,52,0,0,0,0,0,0,0,0,0,0,0,0,0,0,0,0,0,0,8,3,0,9,0,20,24,4,0,14,4,46,18,8,3,3,0,32,4,0,3,4,0,11,4,3,4,3,0,14,47,43,20,610,11,731,0,0,0,0,0,0,0,0,0,0,0,0,6,0,3,0,0,9,4,0,0,4,0,8,3,0,0,0,0,3,6,0,0,0,0,6,3,0,0,14,0,17,65,8,16,42,3,134,4,6,3,171,302,486,565,442,293,7918,476,9694,451,280
LGA14950,3,47,42,1270,12,1374,0,3,0,12,0,15,6,0,0,3,0,9,3,0,0,0,0,3,24,3,0,4,3,34,83,38,30,1010,28,1189,0,0,3,0,0,3,0,0,0,4,0,4,7,4,4,263,3,281,0,0,0,3,0,3,0,0,0,6,0,6,0,0,0,0,0,0,12,3,7,393,0,415,4,3,0,16,0,23,0,0,0,0,0,0,0,0,0,0,0,0,0,0,0,0,0,0,0,0,0,0,0,0,4,3,0,0,0,7,0,6,8,3,0,17,9,0,0,3,0,12,3,0,0,3,0,6,25,16,11,310,7,369,0,0,0,0,0,0,0,0,0,0,0,0,0,4,0,0,0,4,0,0,0,0,0,0,3,0,0,0,0,3,0,0,0,0,0,0,3,0,0,0,0,3,23,6,3,23,3,58,3,0,0,59,99,161,215,136,108,3385,155,3999,182,82
LGA15050,174,1785,1380,27250,627,31216,0,10,5,185,4,204,300,18,24,99,5,446,62,18,0,17,3,100,311,117,94,283,14,819,2345,1734,1246,22619,615,28559,250,8,77,7,9,351,58,9,6,141,0,214,427,203,151,2338,61,3180,57,43,13,112,3,228,47,26,11,36,3,123,253,14,3,23,3,296,436,294,210,6241,124,7305,205,95,36,457,13,806,30,0,4,8,0,42,18,19,4,27,3,71,21,10,0,26,0,57,54,36,18,62,0,170,114,50,28,26,9,227,157,102,66,56,10,391,351,54,42,224,13,684,65,8,12,38,0,123,637,462,337,4843,91,6370,34,0,6,3,0,43,3,0,0,0,0,3,146,17,11,6,0,180,63,15,4,73,0,155,4,0,0,3,0,7,9,3,3,4,0,19,109,64,30,250,6,459,1080,304,224,534,36,2178,126,56,59,1310,2453,4004,7946,5574,4104,67301,4105,89030,6603,3415
LGA15150,290,1840,1447,7827,200,11604,0,0,0,13,0,13,752,44,61,77,16,950,143,16,10,39,0,208,404,105,73,77,5,664,6704,1572,1199,6702,239,16416,161,8,23,0,3,195,384,53,27,104,11,579,745,130,93,576,31,1575,322,79,42,159,3,605,93,15,3,13,3,127,180,19,21,8,4,232,1420,395,302,3070,66,5253,650,171,74,448,17,1360,180,6,8,3,8,205,45,20,12,27,3,107,24,3,5,5,0,37,53,13,15,24,0,105,136,15,13,5,3,172,468,90,75,20,8,661,193,45,18,44,7,307,120,14,13,33,4,184,1364,438,298,2176,53,4329,62,0,5,3,3,73,4,0,3,0,0,7,426,24,19,5,10,484,167,14,13,35,6,235,48,4,4,0,0,56,54,3,3,0,0,60,257,36,26,85,15,419,2784,373,355,308,41,3861,153,13,26,182,2297,2671,18786,5558,4286,22068,3056,53754,15356,3311
LGA15200,663,3026,2099,11903,441,18132,0,27,4,264,16,311,3440,131,138,212,58,3979,352,42,25,54,3,476,328,153,90,145,8,724,5307,2314,1579,10200,387,19787,913,16,97,10,24,1060,324,58,38,180,7,607,754,279,153,1218,41,2445,3788,287,160,644,102,4981,240,47,25,36,9,357,841,49,41,14,25,970,1787,790,558,6021,169,9325,1611,430,179,786,68,3074,188,3,18,10,3,222,1391,147,93,177,71,1879,433,20,10,25,21,509,262,85,50,114,9,520,287,33,27,19,3,369,543,137,106,27,12,825,409,86,54,117,10,676,188,30,24,58,6,306,1384,619,434,3547,83,6067,301,26,25,8,10,370,23,0,4,0,0,27,189,41,32,16,4,282,574,52,39,67,24,756,372,34,12,17,9,444,2564,25,33,6,60,2688,216,71,41,266,5,599,9150,950,734,839,261,11934,636,67,62,388,5058,6211,39458,10075,6984,37388,7007,100912,34414,5957
LGA15270,58,516,463,8807,210,10054,0,3,0,65,8,76,60,6,7,52,4,129,20,3,3,6,4,36,126,45,42,63,5,281,982,516,441,7422,254,9615,52,3,15,3,3,76,22,3,3,44,0,72,171,42,46,659,20,938,44,16,3,38,3,104,21,3,3,5,0,32,17,4,4,7,0,32,160,122,66,2268,79,2695,93,48,13,163,5,322,0,0,3,0,0,3,8,0,0,11,0,19,0,0,0,0,0,0,48,19,16,48,3,134,26,19,4,11,3,63,55,35,19,19,3,131,52,17,6,37,0,112,20,7,3,16,0,46,217,136,108,1551,42,2054,4,0,0,3,0,7,3,0,0,0,0,3,18,10,0,3,0,31,16,5,7,15,0,43,0,0,0,0,0,0,25,0,0,0,0,25,28,8,8,46,3,93,330,62,35,144,14,585,67,28,14,495,1123,1727,2743,1676,1332,22001,1786,29538,2300,1020
LGA15300,8,181,183,5261,172,5805,0,5,3,941,9,958,35,0,0,33,5,73,10,0,0,3,0,13,37,17,12,12,3,81,208,173,152,4165,148,4846,17,0,5,0,3,25,10,0,3,39,0,52,24,16,7,386,7,440,9,3,3,14,0,29,3,0,0,3,0,6,47,3,3,3,0,56,53,35,34,1293,35,1450,14,6,3,86,3,112,4,0,0,0,0,4,6,8,0,15,0,29,0,0,0,0,0,0,0,0,3,5,0,8,12,10,3,3,0,28,13,8,6,3,0,30,14,7,0,3,0,24,9,0,3,0,0,12,62,40,37,899,18,1056,21,0,0,0,3,24,0,0,0,0,0,0,21,5,0,0,0,26,4,0,5,9,0,18,0,0,0,0,0,0,6,0,0,0,0,6,11,6,10,35,0,62,151,39,23,81,7,301,18,6,9,341,1042,1416,827,568,507,13633,1455,16990,712,371
LGA15350,198,1215,917,5260,112,7702,0,0,0,0,0,0,694,41,47,56,7,845,107,12,8,39,3,169,269,73,29,54,3,428,3796,1089,813,4998,158,10854,153,0,11,0,0,164,240,40,19,73,8,380,515,79,57,430,13,1094,212,64,31,144,13,464,124,30,6,14,3,177,271,15,13,3,4,306,797,272,213,2365,49,3696,445,134,45,272,4,900,101,0,6,5,4,116,71,10,17,37,0,135,26,3,3,3,0,35,48,8,7,17,0,80,27,0,4,3,3,37,324,71,59,24,3,481,182,23,27,31,3,266,116,14,15,25,0,170,877,254,206,1729,36,3102,51,0,4,3,0,58,3,0,0,0,0,3,295,26,18,3,10,352,95,15,8,4,3,125,40,6,3,3,0,52,48,0,0,3,0,51,118,25,9,67,5,224,2032,245,205,215,44,2741,90,24,22,139,1823,2098,12365,3788,2822,16019,2311,37305,10079,2266
LGA15500,17,125,119,2691,55,3007,0,0,3,83,0,86,16,0,0,11,0,27,9,0,0,0,0,9,54,11,7,30,0,102,249,153,118,2322,58,2900,7,0,3,3,0,13,9,3,0,15,0,27,29,19,3,224,3,278,6,4,0,5,0,15,3,0,0,3,3,9,0,0,0,4,0,4,34,20,12,747,19,832,32,15,3,125,3,178,0,0,0,0,0,0,0,0,0,0,0,0,0,0,0,0,0,0,3,4,0,0,0,7,15,0,3,5,0,23,11,3,0,3,0,17,12,4,6,10,0,32,7,0,0,5,0,12,87,39,29,597,4,756,0,0,0,0,0,0,4,0,0,0,0,4,8,0,0,0,0,8,0,3,0,10,0,13,0,0,0,0,0,0,3,0,0,0,0,3,12,0,8,24,0,44,48,13,18,44,3,126,7,3,11,143,287,451,682,419,343,7104,435,8983,581,268
LGA15550,3,47,28,994,30,1102,0,0,0,17,4,21,3,0,0,5,0,8,0,0,0,0,0,0,7,3,3,8,0,21,53,43,27,690,23,836,17,0,0,0,0,17,3,0,0,11,0,14,8,6,5,82,3,104,0,4,0,3,0,7,0,0,0,0,0,0,7,0,0,0,0,7,11,3,6,263,9,292,14,8,0,55,0,77,4,0,0,0,0,4,3,0,0,0,0,3,0,0,0,0,0,0,3,0,0,0,0,3,3,0,0,0,4,7,7,0,0,6,0,13,3,0,0,4,0,7,0,0,0,0,0,0,16,8,6,202,3,235,0,0,0,0,0,0,0,0,0,0,0,0,3,0,0,0,0,3,3,0,0,6,0,9,0,0,0,0,0,0,0,0,0,0,0,0,0,0,0,5,0,5,19,3,12,11,0,45,5,3,3,68,122,201,195,128,90,2430,198,3041,155,87
LGA15650,29,356,285,6606,141,7417,0,0,0,51,3,54,57,9,3,18,0,87,5,3,0,0,0,8,68,29,22,55,0,174,476,343,212,5035,180,6246,51,0,19,3,0,73,13,3,0,21,0,37,63,31,18,474,5,591,16,5,0,22,0,43,12,6,0,4,0,22,25,0,0,3,0,28,134,74,32,1383,35,1658,39,23,11,111,9,193,3,0,0,0,0,3,9,8,0,10,0,27,3,0,3,0,0,6,22,6,9,22,0,59,38,4,6,20,0,68,58,19,22,9,3,111,19,9,3,27,0,58,3,0,3,9,0,15,120,79,57,1079,21,1356,7,5,0,4,0,16,0,0,0,0,0,0,35,0,0,0,0,35,9,3,0,17,0,29,4,0,0,0,0,4,0,0,0,0,0,0,17,8,6,38,0,69,257,48,56,87,16,464,33,9,13,381,1141,1577,1625,1080,780,15489,1554,20528,1316,670
LGA15700,52,526,402,7054,187,8221,3,3,15,306,16,343,34,3,15,34,3,89,14,5,0,4,0,23,120,35,22,50,3,230,1141,530,384,5792,194,8041,25,0,15,0,0,40,30,12,4,51,0,97,137,46,35,513,6,737,21,14,0,28,0,63,18,7,7,7,0,39,20,5,11,13,3,52,158,97,59,1770,58,2142,73,38,8,147,0,266,0,0,0,0,0,0,9,10,0,10,0,29,7,0,0,0,0,7,22,14,3,24,0,63,22,14,8,25,0,69,43,25,22,5,0,95,37,14,0,19,3,73,6,6,3,6,0,21,228,131,117,1426,45,1947,3,0,0,0,0,3,0,0,0,0,0,0,11,6,3,8,4,32,16,0,3,17,0,36,3,0,0,0,0,3,0,0,3,0,0,3,31,4,5,48,0,88,297,77,55,168,13,610,37,20,19,428,693,1197,2618,1642,1218,17953,1228,24659,2178,1008
LGA15750,23,206,190,6166,169,6754,0,0,6,64,3,73,31,3,5,30,0,69,0,0,0,0,0,0,36,16,9,36,3,100,191,189,172,4138,157,4847,36,5,3,0,0,44,3,3,0,20,0,26,45,28,12,395,9,489,4,6,0,16,0,26,0,3,0,3,0,6,10,3,0,4,0,17,45,35,29,1158,32,1299,16,4,0,40,3,63,3,0,0,0,0,3,5,0,0,8,0,13,3,0,0,0,0,3,3,3,0,17,0,23,9,3,3,3,0,18,19,13,8,0,0,40,5,3,3,9,0,20,0,0,0,6,3,9,68,46,25,932,22,1093,3,5,0,0,0,8,0,0,0,0,0,0,17,0,3,3,0,23,7,0,3,16,0,26,3,0,0,0,0,3,0,4,0,0,0,4,8,7,3,19,4,41,119,32,13,74,8,246,16,9,3,349,678,1055,728,626,490,13506,1091,16441,616,381
LGA15800,8,119,58,2586,87,2858,0,0,0,44,7,51,15,0,3,22,3,43,3,0,0,8,0,11,23,6,0,13,4,46,115,99,58,1886,63,2221,14,0,3,0,0,17,3,0,0,9,0,12,24,17,7,233,8,289,10,3,0,11,0,24,4,0,0,0,0,4,8,3,0,0,0,11,19,20,11,665,23,738,33,17,3,109,6,168,4,0,0,0,0,4,0,3,0,0,0,3,0,0,0,0,0,0,0,3,0,3,0,6,5,8,0,0,0,13,4,3,0,0,0,7,11,0,0,3,0,14,3,0,0,3,3,9,33,29,16,456,12,546,0,0,0,4,0,4,0,0,0,0,0,0,0,0,0,0,0,0,5,0,0,6,0,11,3,0,0,0,0,3,0,0,0,0,0,0,0,0,0,12,0,12,59,27,11,32,3,132,12,3,3,145,338,501,418,360,173,6250,557,7758,359,222
LGA15850,6,134,77,3097,46,3360,0,0,0,92,3,95,18,0,0,12,0,30,0,0,0,3,0,3,22,4,3,4,0,33,118,120,83,2209,71,2601,0,0,0,0,0,0,0,0,0,18,0,18,26,7,12,179,4,228,0,0,0,7,0,7,0,0,0,0,0,0,5,4,0,3,0,12,26,14,8,644,12,704,10,4,0,42,0,56,0,0,0,0,0,0,0,0,3,8,0,11,0,0,0,0,0,0,6,0,0,10,0,16,6,9,6,8,0,29,9,11,0,4,0,24,5,3,0,3,0,11,3,0,3,0,0,6,36,18,13,473,21,561,0,0,0,0,0,0,0,0,0,0,0,0,0,0,0,0,0,0,0,3,0,3,0,6,0,0,0,0,0,0,0,0,0,0,0,0,6,3,3,16,0,28,51,13,9,41,11,125,10,5,0,181,291,487,363,352,220,7057,459,8451,313,220
LGA15900,516,4797,3424,50304,1337,60378,0,25,15,439,18,497,1723,101,107,285,32,2248,386,73,19,92,17,587,579,303,199,585,33,1699,5464,4406,2958,43933,1267,58028,656,16,204,11,12,899,168,68,37,320,17,610,1005,480,292,3942,104,5823,813,197,71,524,35,1640,145,56,16,50,3,270,844,38,28,38,13,961,1201,943,610,14675,308,17737,1476,463,154,1536,85,3714,415,13,13,25,12,478,88,30,15,103,3,239,1206,161,40,257,43,1707,94,60,29,120,4,307,261,86,65,48,16,476,368,231,218,103,30,950,780,162,118,418,34,1512,198,38,42,89,8,375,1711,1264,882,11794,255,15906,255,23,16,37,4,335,52,3,3,0,0,58,230,58,34,11,6,339,238,36,22,110,4,410,50,6,0,3,0,59,219,16,11,3,11,260,273,182,100,878,22,1455,5274,1019,642,1472,186,8593,430,155,118,2354,6865,9922,27118,15509,10502,134559,10784,198472,23385,9489
LGA15950,405,2299,1796,10105,240,14845,4,3,0,18,0,25,4121,149,197,158,75,4700,193,31,12,44,3,283,450,154,65,139,14,822,7101,2056,1525,10074,296,21052,523,15,37,12,8,595,519,68,56,139,8,790,985,211,146,955,16,2313,343,104,48,175,6,676,261,48,31,46,8,394,1265,44,22,13,19,1363,1732,581,405,5006,100,7824,785,263,102,480,16,1646,539,11,10,11,10,581,141,29,14,61,4,249,85,4,0,3,0,92,92,42,23,38,0,195,121,9,8,10,0,148,665,86,85,28,10,874,436,59,37,93,13,638,387,38,39,44,3,511,1640,532,424,3541,76,6213,110,12,4,9,0,135,15,3,0,0,0,18,524,33,23,0,10,590,307,15,23,36,7,388,67,12,3,0,3,85,188,6,9,0,3,206,223,54,31,183,3,494,6594,531,521,527,83,8256,228,42,30,235,5119,5654,31049,7544,5726,32183,6153,82655,26322,4485
LGA16100,11,137,112,1993,41,2294,0,0,0,20,4,24,9,0,3,4,0,16,7,0,0,0,0,7,27,20,6,23,0,76,226,126,99,1458,42,1951,12,0,0,0,0,12,0,0,0,6,0,6,32,8,5,79,4,128,8,3,3,6,0,20,4,0,3,4,0,11,3,0,0,3,0,6,30,37,14,660,19,760,32,8,5,50,3,98,3,0,0,0,0,3,3,0,3,3,0,9,0,0,0,0,0,0,7,0,0,9,0,16,58,3,7,3,3,74,15,9,6,3,0,33,16,3,0,3,0,22,10,0,3,0,0,13,54,32,11,346,11,454,7,3,0,7,0,17,0,0,0,0,0,0,12,3,4,0,0,19,5,0,0,3,0,8,0,0,0,0,0,0,3,0,3,0,0,6,5,3,7,8,0,23,102,27,12,40,3,184,16,3,3,109,278,409,717,425,309,4840,408,6699,590,256
LGA16150,94,989,677,14737,414,16911,0,3,3,161,12,179,191,16,11,99,5,322,59,31,3,22,0,115,198,69,40,167,6,480,1074,917,644,12120,383,15138,132,3,20,8,0,163,31,13,4,106,0,154,213,99,62,1014,32,1420,90,25,10,41,0,166,43,8,8,16,0,75,154,9,3,9,0,175,252,181,108,4262,122,4925,239,87,31,436,27,820,36,10,0,0,0,46,30,17,3,36,0,86,15,7,3,3,0,28,22,12,3,37,3,77,76,37,5,18,12,148,87,46,53,30,15,231,112,19,18,66,0,215,97,13,6,37,0,153,297,225,163,2702,74,3461,23,3,0,6,0,32,3,0,0,0,0,3,73,5,5,7,3,93,41,3,9,25,0,78,27,0,0,0,3,30,12,0,0,3,4,19,44,10,11,119,3,187,1014,172,82,306,40,1614,106,43,16,798,1866,2829,4885,3072,2001,37391,3024,50373,4138,1887
LGA16180,58,622,446,4991,114,6231,0,0,0,24,0,24,32,3,15,35,0,85,48,8,3,16,8,83,141,36,50,79,4,310,1097,499,402,3493,108,5599,24,0,3,0,0,27,26,19,6,39,0,90,181,59,42,406,3,691,25,15,3,17,3,63,46,9,3,4,0,62,6,7,3,0,0,16,193,120,76,1578,35,2002,133,63,16,139,12,363,13,0,0,0,0,13,5,0,3,4,0,12,14,7,0,5,3,29,42,5,7,20,3,77,12,5,3,3,3,26,53,37,26,12,0,128,43,14,7,33,0,97,8,3,8,6,0,25,285,153,108,1075,18,1639,23,3,3,0,0,29,0,0,0,0,0,0,42,4,4,0,0,50,27,5,4,14,0,50,0,0,0,0,0,0,8,3,0,0,0,11,37,17,7,64,0,125,384,115,86,158,18,761,35,18,8,147,774,982,3041,1849,1342,12362,1106,19700,2451,1084
LGA16200,31,281,231,6197,176,6916,0,6,0,88,20,114,39,4,0,25,0,68,9,3,0,3,0,15,61,18,8,48,3,138,291,271,195,5026,164,5947,51,0,8,3,0,62,5,3,0,36,0,44,43,27,12,441,12,535,0,3,0,12,3,18,7,0,0,3,0,10,16,0,0,3,0,19,76,48,30,1553,41,1748,23,19,12,82,7,143,3,0,3,0,0,6,14,3,0,18,0,35,0,0,0,0,0,0,5,6,3,17,0,31,4,0,0,3,4,11,28,10,11,6,4,59,25,5,3,19,0,52,9,0,0,4,0,13,77,69,49,999,24,1218,0,0,0,0,0,0,0,0,0,0,0,0,15,3,0,0,0,18,5,3,0,18,0,26,0,4,0,0,0,4,0,0,0,0,0,0,11,7,5,34,0,57,165,30,20,95,19,329,16,16,13,369,844,1258,1029,839,603,15102,1321,18894,884,524
LGA16250,2174,3673,2592,20844,927,30210,0,19,5,160,10,194,20638,179,290,242,416,21765,744,80,33,86,22,965,506,154,100,195,13,968,7075,2695,1859,15645,713,27987,3061,44,213,26,82,3426,276,45,31,157,10,519,910,243,171,1288,43,2655,1257,188,91,399,56,1991,293,58,19,46,9,425,14727,87,83,35,235,15167,1372,721,479,6279,177,9028,2079,594,250,1204,98,4225,4457,7,40,12,70,4586,11346,1826,692,1408,544,15816,131,7,12,14,6,170,732,161,87,270,33,1283,707,73,48,24,23,875,573,154,104,52,22,905,777,77,50,107,16,1027,533,43,19,84,11,690,1439,687,470,4121,110,6827,473,21,22,30,11,557,339,0,0,0,0,339,348,29,38,7,0,422,778,48,49,74,13,962,1354,109,48,65,35,1611,1406,18,38,9,32,1503,142,66,37,190,6,441,23364,1142,796,856,785,26943,2315,202,116,744,9530,12907,106326,13450,8882,54673,14058,197389,98789,8839
LGA16350,1513,7093,4698,52557,1542,67403,0,45,40,508,32,625,1765,102,103,258,46,2274,1333,193,68,279,41,1914,1343,441,305,837,57,2983,11544,5871,4053,35542,1473,58483,3822,112,260,52,102,4348,281,87,41,325,10,744,1726,543,346,2814,96,5525,1138,252,108,575,71,2144,568,74,30,93,25,790,3067,118,64,59,73,3381,2613,1231,807,10727,305,15683,2557,926,339,2368,127,6317,172,7,16,3,0,198,1160,235,102,199,64,1760,205,38,8,43,8,302,3269,863,452,2200,102,6886,1012,173,98,94,61,1438,692,307,212,120,26,1357,1023,193,122,374,18,1730,266,59,41,110,7,483,2819,1218,937,7079,234,12287,452,69,29,50,19,619,152,0,3,0,3,158,521,93,61,35,12,722,784,84,56,138,20,1082,549,57,31,44,21,702,282,21,20,5,8,336,354,119,50,367,11,901,12408,1500,848,1304,465,16525,1308,246,159,2058,7538,11309,60698,22370,14507,121217,12617,231409,53039,13813
LGA16370,391,2822,2192,14956,394,20755,0,0,3,20,0,23,404,38,57,106,8,613,345,61,30,110,15,561,741,203,125,239,11,1319,7410,2545,1929,12601,447,24932,137,9,38,7,11,202,239,56,34,155,8,492,981,191,130,986,47,2335,176,54,20,121,9,380,131,48,15,28,0,222,208,14,8,5,7,242,1169,569,393,4552,93,6776,813,267,113,642,35,1870,54,0,8,4,4,70,77,16,11,44,3,151,12,8,0,3,3,26,87,39,19,44,0,189,101,35,11,3,0,150,457,114,116,50,7,744,195,40,35,53,3,326,132,24,23,41,4,224,1366,574,459,3596,78,6073,311,34,15,41,9,410,9,0,0,0,0,9,386,60,23,11,7,487,177,15,20,35,0,247,27,10,0,0,0,37,60,3,5,3,4,75,228,63,39,170,6,506,2462,597,491,573,85,4208,221,68,71,541,2117,3018,19507,8577,6433,39740,3415,77672,16058,5153
LGA16380,234,2292,1724,26594,806,31650,0,7,0,230,12,249,179,21,31,117,8,356,79,23,5,19,3,129,529,150,92,262,20,1053,4853,2242,1643,22745,762,32245,158,8,58,3,14,241,103,39,20,228,9,399,526,194,109,1846,64,2739,80,28,7,119,3,237,93,26,9,43,5,176,138,6,12,17,7,180,778,512,328,7373,192,9183,276,150,45,565,20,1056,15,0,4,3,0,22,27,23,4,61,0,115,16,3,5,10,3,37,149,49,32,92,4,326,74,29,29,30,5,167,259,118,92,46,7,522,131,33,15,78,3,260,63,14,12,45,0,134,1111,486,425,5307,126,7455,20,3,3,7,0,33,3,0,0,0,0,3,154,21,20,8,3,206,61,23,13,88,9,194,13,7,0,3,0,23,45,0,0,0,5,50,146,57,22,169,9,403,1087,347,203,582,66,2285,128,66,55,1250,2807,4306,11528,6977,5017,67940,4972,96434,9651,4305
LGA16400,199,2193,1661,23869,577,28499,0,3,3,256,11,273,180,33,14,89,3,319,158,39,3,55,3,258,458,130,93,237,11,929,3980,2059,1483,19598,679,27799,194,11,67,14,3,289,113,17,14,177,12,333,490,207,135,1770,37,2639,128,38,4,119,0,289,79,14,6,30,0,129,80,11,5,11,0,107,593,378,210,5516,126,6823,313,154,45,504,20,1036,33,0,0,0,0,33,17,19,8,27,0,71,36,5,3,5,3,52,139,44,26,98,6,313,133,46,12,14,0,205,202,109,94,44,8,457,211,40,33,96,4,384,76,18,10,42,0,146,921,508,363,4501,101,6394,29,7,0,0,0,36,9,0,0,0,0,9,132,12,22,5,0,171,64,17,8,48,6,143,19,3,3,4,0,29,28,3,0,0,0,31,213,69,28,200,7,517,1170,353,223,577,48,2371,140,60,43,1112,3095,4450,10537,6600,4619,59018,4760,85534,8788,4038
LGA16470,218,1376,996,11716,249,14555,3,6,4,119,0,132,387,21,21,87,6,522,336,65,17,83,17,518,236,85,58,168,5,552,1942,1116,825,8491,259,12633,315,8,48,4,5,380,48,15,9,85,0,157,415,151,86,906,28,1586,279,38,17,123,11,468,100,26,6,40,11,183,485,21,8,6,16,536,372,270,204,3323,63,4232,859,223,77,608,41,1808,27,4,3,3,0,37,33,13,3,37,0,86,895,113,42,130,13,1193,142,38,23,81,5,289,157,38,24,13,0,232,151,60,39,11,7,268,258,36,32,72,10,408,77,18,5,16,3,119,541,278,221,2127,42,3209,262,34,8,28,6,338,20,0,3,0,0,23,54,11,9,3,0,77,93,10,5,41,8,157,26,0,0,0,4,30,83,3,3,0,3,92,73,18,20,102,0,213,1969,258,205,326,39,2797,217,25,21,462,1696,2421,11073,4378,3042,29211,2547,50251,9588,2691
LGA16550,1051,4076,3196,19731,648,28702,3,27,3,328,3,364,14378,251,321,305,265,15520,454,62,28,85,19,648,572,192,115,198,17,1094,9484,3031,2142,15085,717,30459,1062,26,149,6,38,1281,1111,97,70,217,28,1523,1527,326,213,1458,65,3589,4233,678,315,1652,160,7038,772,91,65,108,5,1041,1579,55,41,31,34,1740,4089,1051,726,8868,311,15045,2600,572,243,1297,83,4795,660,8,27,3,9,707,727,140,98,327,31,1323,68,20,3,14,0,105,677,145,75,240,13,1150,544,92,43,23,13,715,817,180,146,47,21,1211,1087,131,92,171,19,1500,1421,83,61,100,25,1690,2210,755,561,4463,132,8121,305,19,24,16,10,374,41,0,0,0,0,41,1151,112,59,14,16,1352,946,59,52,77,29,1163,286,27,8,7,3,331,619,14,33,5,15,686,346,69,53,224,21,713,14440,1367,949,1023,353,18132,875,125,81,682,9856,11619,70135,13881,9992,56805,12959,163772,61657,8470
LGA16610,31,496,306,9103,315,10251,0,13,0,217,12,242,26,3,3,24,3,59,8,3,0,0,0,11,103,36,17,65,5,226,662,505,333,7281,263,9044,74,0,24,3,6,107,19,3,0,46,0,68,96,59,14,717,20,906,20,13,0,43,3,79,17,5,0,10,0,32,8,9,3,12,0,32,131,107,104,2352,58,2752,84,52,14,380,13,543,3,0,0,0,0,3,5,15,0,25,0,45,3,0,0,3,0,6,21,11,4,15,0,51,17,14,9,27,0,67,41,19,17,11,4,92,15,3,4,13,0,35,8,3,3,4,0,18,158,100,73,1556,29,1916,3,3,0,0,0,6,0,0,0,0,0,0,16,3,0,0,0,19,16,0,0,24,3,43,0,0,0,4,0,4,0,0,0,0,0,0,18,10,11,46,0,85,177,89,51,154,10,481,21,23,16,560,954,1574,1801,1597,1006,22695,1698,28797,1484,985
LGA16650,1455,1892,1295,9193,450,14285,0,13,6,81,3,103,10871,115,164,148,187,11485,663,59,13,86,11,832,239,73,57,67,7,443,3848,1263,945,7505,394,13955,1687,22,126,16,67,1918,194,34,24,87,0,339,544,133,84,574,30,1365,7059,819,368,2127,241,10614,250,28,9,25,9,321,1971,40,27,18,28,2084,913,397,206,3303,111,4930,2667,521,196,942,103,4429,312,0,8,10,6,336,5373,692,220,449,312,7046,4483,306,137,340,114,5380,615,109,81,178,28,1011,796,78,42,12,37,965,385,97,58,16,5,561,351,45,26,37,7,466,503,14,23,24,12,576,793,345,221,1811,78,3248,716,54,17,42,16,845,39,0,0,0,3,42,190,20,16,4,3,233,920,42,33,57,43,1095,423,31,14,20,16,504,809,13,15,9,23,869,85,40,19,102,3,249,14177,798,470,572,370,16387,1363,122,83,504,5442,7514,64694,8215,5003,28359,8159,114430,59806,5556
LGA16700,869,2992,2130,15250,400,21641,0,4,5,38,0,47,18837,252,394,297,266,20046,589,56,33,107,12,797,401,163,52,163,14,793,5075,2294,1565,12161,399,21494,1701,25,104,16,54,1900,239,45,34,140,9,467,755,211,136,977,35,2114,1155,166,76,582,36,2015,277,48,19,34,6,384,3235,64,53,45,52,3449,1255,624,410,5566,141,7996,3693,881,327,1869,152,6922,4078,6,30,7,86,4207,1212,181,101,318,29,1841,178,19,12,25,8,242,286,74,60,114,14,548,193,25,17,9,4,248,464,157,95,63,8,787,521,64,52,74,12,723,362,32,27,41,6,468,1181,595,399,3647,73,5895,338,24,9,20,8,399,160,0,3,3,0,166,326,54,27,10,5,422,452,20,35,43,6,556,207,14,7,12,3,243,559,16,16,3,14,608,181,54,40,159,3,437,11188,811,611,658,223,13491,735,74,80,501,4277,5667,60702,10045,6959,42952,6355,127013,55871,6193
LGA16900,364,2585,1841,19654,629,25073,0,6,9,233,8,256,220,15,28,84,3,350,425,80,28,105,9,647,524,167,108,333,16,1148,5152,2344,1873,14009,565,23943,279,22,64,7,9,381,78,15,14,105,0,212,1049,289,196,1179,35,2748,329,66,55,224,12,686,218,39,18,60,4,339,108,12,8,13,3,144,712,349,271,4037,109,5478,1068,319,105,813,41,2346,25,0,4,3,3,35,83,26,9,25,3,146,1518,179,56,269,54,2076,569,170,67,298,30,1134,180,51,26,37,6,300,156,90,50,39,7,342,283,57,31,97,3,471,41,5,3,27,0,76,1201,557,415,2863,74,5110,319,26,12,38,6,401,3,0,3,0,0,6,80,10,17,3,7,117,776,125,60,187,31,1179,264,48,30,15,18,375,92,10,4,3,8,117,345,92,71,180,8,696,2243,446,290,522,88,3589,361,123,82,960,1790,3316,19065,8323,5848,46422,3579,83237,16655,5174
LGA16950,357,3350,2453,32835,1007,40002,3,17,8,550,21,599,293,27,39,142,12,513,216,35,6,54,8,319,703,188,115,327,16,1349,6661,3288,2330,26146,1049,39474,241,12,73,5,12,343,151,47,32,204,3,437,957,228,125,2105,61,3476,274,51,21,185,18,549,164,33,12,49,3,261,141,23,5,17,3,189,997,572,393,8328,236,10526,665,252,78,894,48,1937,27,5,5,7,4,48,33,19,9,49,3,113,40,3,8,6,0,57,378,84,23,175,11,671,120,50,43,32,3,248,278,141,123,48,13,603,268,58,20,90,10,446,107,22,10,44,4,187,1430,805,557,6029,160,8981,81,10,4,18,0,113,0,0,0,0,0,0,107,31,14,21,3,176,120,15,17,75,9,236,21,10,4,4,4,43,45,7,3,8,0,63,280,69,62,226,3,640,1642,517,307,819,79,3364,231,105,86,1483,4935,6840,17031,10074,6985,80975,7738,122803,14410,6164
LGA17000,43,585,540,9626,222,11016,0,3,0,52,3,58,63,3,13,23,3,105,12,0,0,3,0,15,118,56,31,96,4,305,952,500,469,7301,208,9430,84,3,14,6,7,114,28,12,14,62,4,120,114,58,46,836,10,1064,17,6,0,18,0,41,10,4,3,18,0,35,45,0,0,9,0,54,206,84,80,1918,48,2336,42,34,12,164,9,261,8,0,3,0,0,11,5,0,3,9,0,17,0,3,0,0,0,3,49,18,7,50,0,124,83,24,10,10,3,130,120,45,28,10,0,203,42,10,15,27,0,94,17,3,3,6,0,29,249,154,132,1591,52,2178,9,0,0,0,0,9,7,0,0,0,0,7,76,4,10,0,3,93,17,3,3,14,0,37,4,0,0,0,0,4,19,3,0,0,0,22,34,11,7,64,3,119,287,84,50,152,11,584,35,17,10,416,824,1302,2795,1727,1503,22481,1414,29920,2281,1045
LGA17050,37,283,236,2267,63,2886,0,0,0,0,0,0,21,4,0,15,3,43,13,8,0,3,0,24,54,19,15,32,3,123,448,211,206,1868,64,2797,11,0,3,0,0,14,15,6,3,12,0,36,112,23,17,169,9,330,8,5,0,17,3,33,20,4,3,6,0,33,8,3,0,0,0,11,74,61,33,716,18,902,41,29,8,51,4,133,5,0,0,0,0,5,5,3,0,4,0,12,8,3,0,0,0,11,6,3,3,11,0,23,13,7,0,7,0,27,23,19,19,0,5,66,21,3,10,12,0,46,15,3,4,13,3,38,116,68,52,524,13,773,8,0,0,4,0,12,0,0,0,0,0,0,5,0,0,0,0,5,12,3,3,0,3,21,8,0,0,0,0,8,3,0,0,0,0,3,16,3,7,21,3,50,262,47,39,76,3,427,22,11,3,110,915,1061,1410,829,664,5938,1112,9953,1182,492
LGA17100,374,454,361,2412,73,3674,0,4,0,12,3,19,6507,73,106,91,135,6912,197,24,9,45,3,278,57,17,11,18,0,103,880,294,215,1674,69,3132,364,3,19,0,10,396,51,4,6,18,0,79,161,35,31,166,7,400,558,83,48,188,17,894,86,13,7,8,3,117,3229,20,20,11,49,3329,301,131,99,941,21,1493,1150,215,114,473,42,1994,3071,10,24,3,78,3186,1406,264,138,303,52,2163,28,0,4,0,0,32,82,20,4,34,3,143,72,3,0,3,0,78,64,20,11,3,0,98,155,14,7,15,3,194,226,12,18,19,7,282,140,76,64,499,17,796,100,19,3,5,0,127,103,0,0,0,3,106,40,4,3,0,3,50,183,6,9,21,4,223,158,12,3,5,3,181,599,3,11,0,6,619,16,12,5,29,0,62,5204,208,151,144,112,5819,397,17,18,98,2303,2833,25959,2070,1519,7238,3026,39812,24509,1408
LGA17150,1118,8559,6148,64102,1352,81279,0,14,3,182,5,204,4537,172,284,430,100,5523,946,138,68,260,21,1433,1343,442,249,633,38,2705,13582,7406,5132,51343,1413,78876,1000,36,210,35,18,1299,491,131,81,497,24,1224,1846,631,395,3594,95,6561,3562,785,399,1834,151,6731,377,91,46,104,6,624,1558,107,59,47,26,1797,3043,1725,1123,18964,407,25262,3406,1177,464,3147,150,8344,207,5,25,18,3,258,1317,238,131,363,54,2103,1062,146,49,181,23,1461,998,339,163,649,23,2172,856,179,66,54,22,1177,1013,427,289,140,30,1899,805,124,90,240,15,1274,755,66,61,100,9,991,3154,1663,1201,12356,306,18680,337,56,18,41,12,464,25,0,3,0,0,28,726,110,89,51,11,987,691,64,69,124,13,961,216,29,16,13,10,284,426,6,36,10,16,494,502,189,113,598,25,1427,9033,1683,1376,1978,240,14310,790,237,188,2175,6615,10005,59722,26975,18644,164263,11233,280837,51266,16491
LGA17200,959,4470,3373,20700,569,30071,4,38,12,414,20,488,19486,316,376,372,319,20869,561,90,44,93,12,800,1009,339,218,310,13,1889,14189,3988,2879,19938,720,41714,1596,32,187,9,32,1856,1603,152,91,352,28,2226,2341,469,345,2346,91,5592,2126,352,149,693,72,3392,540,116,56,74,13,799,2681,80,64,35,38,2898,4805,1283,926,10932,298,18244,2517,703,277,1282,71,4850,3059,24,28,22,57,3190,800,131,47,230,22,1230,248,21,14,28,0,311,397,119,70,181,4,771,574,53,38,33,13,711,1494,193,157,67,18,1929,1123,180,103,244,19,1669,1498,78,79,120,35,1810,3467,1085,765,7001,186,12504,527,35,20,21,9,612,41,0,0,0,0,41,602,72,39,7,4,724,1074,55,40,98,22,1289,644,33,9,15,14,715,1892,18,30,13,57,2010,479,109,69,408,5,1070,21131,1347,1120,1357,442,25397,1034,87,54,575,21520,23270,94501,16068,11679,67970,24723,214941,82369,9588
LGA17310,82,1218,836,24881,626,27643,0,7,0,316,14,337,201,15,16,188,8,428,22,8,0,9,0,39,189,81,40,146,10,466,1366,1095,743,18997,594,22795,143,8,30,4,13,198,36,23,9,119,3,190,230,94,53,1969,39,2385,40,10,9,65,3,127,35,4,7,13,0,59,119,7,3,17,0,146,238,185,117,5556,137,6233,111,67,19,387,18,602,44,0,3,0,3,50,34,17,4,19,3,77,0,3,0,3,0,6,66,30,9,52,3,160,56,10,17,34,4,121,110,58,39,29,6,242,46,21,17,47,0,131,30,7,0,14,0,51,349,264,193,4461,101,5368,6,0,0,3,0,9,7,0,0,0,0,7,82,12,8,6,3,111,23,7,3,53,0,86,6,6,0,0,0,12,10,0,3,0,0,13,54,35,18,118,3,228,511,184,111,353,29,1188,61,37,30,1373,2630,4131,4307,3513,2337,59232,4250,73639,3614,2144
LGA17350,7,90,68,2361,54,2580,0,0,0,5,0,5,14,0,0,15,0,29,3,0,0,0,0,3,24,16,3,15,0,58,144,113,77,2042,55,2431,23,0,0,0,0,23,0,0,0,14,0,14,24,10,11,574,8,627,6,3,0,12,0,21,4,0,0,3,0,7,5,0,0,0,0,5,17,27,15,679,3,741,16,5,0,32,3,56,4,0,0,3,0,7,0,0,0,6,0,6,0,0,0,0,0,0,5,0,0,5,0,10,4,0,0,0,0,4,9,0,0,3,0,12,8,0,0,6,0,14,0,0,0,0,0,0,33,17,18,510,8,586,3,3,0,0,0,6,0,0,0,0,0,0,3,3,0,0,0,6,3,0,0,3,0,6,0,0,0,0,0,0,7,0,0,0,0,7,8,9,3,9,0,29,33,11,3,27,0,74,3,0,3,134,172,312,410,307,201,6458,303,7679,337,188
LGA17400,10,160,114,2454,74,2812,0,3,0,169,8,180,13,6,3,12,3,37,0,0,0,0,0,0,37,16,9,25,0,87,254,174,100,2111,65,2704,17,0,3,0,0,20,13,3,0,16,0,32,54,20,14,392,11,491,3,3,0,7,0,13,4,3,0,0,4,11,3,0,3,0,0,6,54,27,35,760,27,903,42,22,4,95,3,166,3,0,0,0,0,3,0,0,0,3,0,3,0,0,0,0,0,0,3,0,3,0,0,6,4,0,7,3,0,14,16,3,5,3,0,27,9,3,0,6,0,18,3,0,0,0,0,3,69,34,33,557,20,713,0,0,0,0,0,0,0,0,0,0,0,0,3,0,0,0,0,3,0,0,0,13,3,16,3,0,0,0,0,3,0,0,0,0,0,0,14,4,4,21,0,43,82,32,15,62,0,191,19,17,0,162,345,543,732,530,352,6871,563,9048,593,334
LGA17420,1344,5784,4054,35799,744,47725,0,4,0,71,0,75,16993,243,392,412,292,18332,984,180,78,255,37,1534,1199,351,175,468,24,2217,11006,4607,3107,27048,764,46532,2915,82,174,16,51,3238,370,63,64,252,10,759,1516,400,284,2139,56,4395,1362,292,136,780,43,2613,433,74,33,82,9,631,6602,117,107,58,120,7004,2368,1077,758,9726,190,14119,3696,1160,496,2699,127,8178,3642,17,42,20,82,3803,2177,456,241,793,75,3742,121,22,5,18,0,166,1327,375,205,854,37,2798,288,47,41,27,10,413,788,276,228,76,12,1380,1048,120,111,200,14,1493,544,60,43,133,6,786,2368,1072,753,7341,145,11679,367,59,28,47,17,518,674,4,0,0,6,684,1333,94,75,42,14,1558,843,112,56,85,18,1114,537,63,12,25,6,643,698,19,19,7,21,764,316,102,47,332,3,800,15604,1318,966,1236,327,19451,1033,151,137,1149,4001,6471,84496,18801,12867,92190,7261,215615,76051,11636
LGA17450,9,70,52,1286,38,1455,0,0,0,0,0,0,13,0,0,12,0,25,3,0,0,3,3,9,25,0,0,5,3,33,135,76,46,1012,32,1301,0,3,0,0,0,3,3,3,3,9,4,22,27,6,7,134,5,179,3,0,3,3,0,9,3,0,0,3,0,6,0,0,0,0,0,0,19,16,17,276,11,339,6,3,8,19,0,36,0,0,0,0,0,0,0,0,0,0,0,0,0,0,0,0,0,0,0,3,0,10,0,13,4,3,0,3,0,10,12,8,3,0,0,23,9,3,4,5,0,21,0,0,0,0,0,0,32,26,26,293,5,382,0,0,0,0,0,0,0,0,0,0,0,0,3,0,0,0,0,3,0,0,0,0,0,0,0,0,0,0,0,0,0,0,0,0,0,0,5,0,0,7,0,12,78,13,9,21,3,124,4,3,3,75,236,321,393,236,181,3176,340,4326,342,146
LGA17500,21,203,173,4400,146,4943,0,5,0,109,3,117,41,5,0,18,0,64,15,10,0,0,0,25,61,11,18,20,4,114,376,191,154,3754,89,4564,33,0,6,0,0,39,11,5,0,28,0,44,110,27,17,315,13,482,9,5,0,12,0,26,6,0,0,6,0,12,25,0,0,0,0,25,81,35,22,1199,23,1360,27,10,3,74,3,117,3,0,0,0,0,3,7,0,4,8,0,19,3,3,0,0,0,6,5,3,3,7,0,18,28,21,7,10,4,70,31,13,16,9,0,69,21,0,5,15,0,41,3,0,5,4,0,12,110,52,57,724,10,953,0,4,0,0,0,4,0,0,0,0,0,0,71,3,4,0,0,78,3,3,3,0,0,9,3,0,0,0,0,3,3,0,0,0,0,3,10,5,3,13,0,31,187,17,36,52,3,295,15,11,9,248,392,675,1319,642,545,11025,690,14221,1106,392
LGA17550,372,2893,2138,27873,854,34130,3,11,4,311,15,344,369,33,33,190,17,642,87,21,7,25,5,145,563,192,121,296,22,1194,7268,2937,2027,23106,901,36239,272,7,101,14,20,414,192,31,21,227,14,485,772,277,167,2331,59,3606,125,80,15,187,4,411,111,26,6,29,0,172,308,25,36,25,15,409,1251,675,420,8531,247,11124,515,253,100,904,41,1813,30,0,3,0,3,36,32,19,11,57,3,122,19,8,0,17,0,44,133,35,23,58,7,256,388,72,48,46,11,565,530,180,129,51,27,917,186,42,22,77,7,334,103,25,28,59,7,222,1670,664,468,6117,164,9083,27,3,0,0,0,30,0,0,0,0,0,0,156,35,21,12,0,224,110,17,13,94,5,239,15,7,0,3,0,25,23,6,7,3,0,39,259,70,41,242,10,622,1919,541,371,1081,106,4018,245,89,79,1462,3729,5604,18053,9274,6460,73428,6293,113508,14903,5742
LGA17620,12,280,235,5825,149,6501,0,0,0,24,0,24,57,3,0,24,0,84,3,0,0,0,0,3,51,23,17,27,0,118,441,271,219,4680,153,5764,39,0,0,0,3,42,10,4,0,25,0,39,47,24,24,379,9,483,3,4,3,11,0,21,7,3,0,0,0,10,7,3,0,0,4,14,117,54,37,1235,17,1460,25,16,5,96,0,142,5,0,0,0,0,5,14,3,3,7,0,27,0,0,0,0,0,0,14,4,8,23,0,49,24,3,3,3,8,41,58,13,22,13,0,106,4,5,0,9,0,18,6,3,0,0,0,9,121,84,58,1126,24,1413,0,0,0,0,0,0,0,0,0,0,0,0,19,4,3,0,0,26,3,3,0,11,0,17,0,3,0,0,0,3,0,0,0,0,0,0,16,11,3,41,0,71,164,31,34,63,7,299,27,12,5,353,609,1006,1294,864,679,13975,983,17795,1099,521
LGA17640,13,155,112,2724,65,3069,0,0,0,11,0,11,15,3,0,12,0,30,13,3,0,4,0,20,33,5,11,34,4,87,297,153,106,2485,68,3109,3,4,0,3,0,10,5,0,0,18,0,23,52,6,10,153,8,229,27,10,9,5,0,51,3,3,0,5,0,11,6,0,0,0,0,6,71,34,25,1172,15,1317,19,4,0,35,3,61,4,3,0,0,0,7,3,3,0,3,0,9,5,0,0,0,0,5,13,9,0,11,0,33,3,0,3,0,4,10,13,7,3,3,0,26,7,4,0,3,3,17,3,0,3,0,0,6,91,52,34,646,26,849,3,0,0,0,0,3,0,0,0,0,0,0,8,3,0,0,0,11,6,0,3,3,0,12,0,0,0,0,0,0,0,0,0,0,0,0,10,3,3,14,0,30,88,27,11,37,5,168,12,9,3,145,270,439,826,500,336,7526,471,9659,667,299
LGA17650,11,152,111,2556,58,2888,0,0,0,21,3,24,13,4,0,13,0,30,0,0,0,3,0,3,33,8,4,27,0,72,228,157,99,1986,47,2517,4,0,3,0,0,7,9,0,3,9,0,21,38,17,10,188,3,256,6,3,0,3,0,12,3,6,0,0,0,9,0,0,0,0,0,0,37,33,19,693,23,805,17,11,0,39,0,67,0,0,0,0,0,0,0,0,0,3,3,6,0,0,0,0,0,0,3,10,0,9,0,22,6,3,10,3,0,22,8,8,6,4,0,26,9,0,0,7,4,20,0,0,0,10,0,10,56,33,31,496,11,627,0,0,0,0,0,0,0,0,0,0,0,0,5,3,0,0,0,8,3,0,0,9,0,12,0,0,0,0,0,0,3,0,0,0,0,3,11,3,3,21,0,38,80,33,13,36,4,166,9,0,9,116,209,343,592,484,321,6252,365,8014,492,305
LGA17700,5,13,4,476,11,509,0,0,0,4,0,4,0,0,0,9,0,9,0,0,0,0,0,0,7,0,0,0,0,7,25,19,14,365,11,434,0,0,3,0,0,3,0,0,0,6,0,6,4,4,0,65,0,73,0,0,0,0,0,0,0,0,0,0,0,0,0,0,0,0,0,0,0,3,3,158,3,167,5,8,3,17,0,33,0,0,0,0,0,0,0,0,0,0,0,0,0,0,0,0,0,0,0,0,0,0,0,0,0,0,0,0,0,0,5,0,0,0,0,5,0,0,0,0,0,0,0,0,0,0,0,0,9,4,0,110,4,127,3,0,0,0,0,3,0,0,0,0,0,0,0,0,0,0,0,0,0,0,0,0,0,0,0,0,0,0,0,0,0,0,0,0,0,0,0,0,0,3,0,3,6,0,0,7,0,13,3,0,0,33,62,98,72,51,27,1253,91,1494,61,36
LGA17750,141,1309,1021,23902,637,27010,0,4,0,287,20,311,441,19,28,117,7,612,39,3,3,13,0,58,252,118,84,281,12,747,1547,1255,859,18790,606,23057,159,0,37,11,3,210,59,15,11,153,3,241,297,149,109,2606,38,3199,80,45,14,123,3,265,46,10,5,30,3,94,318,8,7,10,12,355,354,282,209,7165,172,8182,195,114,33,666,22,1030,48,0,3,8,0,59,13,12,7,37,0,69,4,7,0,4,0,15,49,18,13,83,3,166,49,21,7,27,11,115,122,73,55,41,10,301,87,18,15,65,3,188,31,4,3,13,0,51,430,304,258,4919,102,6013,33,3,0,0,0,36,24,0,3,0,0,27,112,16,20,8,0,156,45,3,3,66,3,120,10,0,3,0,0,13,49,0,0,0,0,49,44,24,15,151,0,234,1537,264,188,446,76,2511,130,51,46,1231,1842,3300,6745,4149,3059,61253,3588,78794,5776,2541
LGA17800,9,61,72,1527,49,1718,0,0,0,8,0,8,10,0,0,4,0,14,0,0,0,0,0,0,16,3,4,11,0,34,90,63,63,1296,47,1559,17,0,3,0,0,20,0,0,0,9,0,9,20,7,4,148,0,179,6,3,0,0,0,9,0,0,0,0,0,0,12,0,0,0,0,12,14,16,15,415,4,464,41,14,0,57,5,117,5,0,0,0,0,5,0,0,0,0,0,0,0,0,0,0,0,0,0,0,0,0,0,0,8,0,3,0,0,11,6,4,3,0,0,13,3,0,0,3,0,6,0,0,0,3,0,3,31,18,19,382,12,462,0,0,0,0,0,0,0,0,0,0,0,0,4,0,0,0,0,4,9,0,0,6,0,15,3,0,0,0,0,3,0,0,0,0,0,0,5,0,0,9,0,14,40,9,3,28,3,83,20,4,5,97,205,331,369,202,194,4003,325,5093,311,128
LGA17850,4,58,50,1336,33,1481,0,0,0,10,0,10,12,0,0,3,0,15,0,0,0,0,0,0,7,3,0,3,0,13,72,49,56,1134,25,1336,0,0,0,0,0,0,9,0,0,7,0,16,14,4,3,117,7,145,0,0,0,0,0,0,0,0,0,3,0,3,0,3,0,0,0,3,11,8,10,329,10,368,6,3,0,15,3,27,0,0,0,0,0,0,0,0,0,3,0,3,0,0,0,0,0,0,4,4,0,3,0,11,3,0,0,0,0,3,4,3,3,0,3,13,3,0,0,0,0,3,3,0,0,0,0,3,23,13,15,316,4,371,0,0,0,0,0,0,0,0,0,0,0,0,8,0,0,0,0,8,0,0,0,0,0,0,0,0,0,0,0,0,0,0,0,0,0,0,3,3,0,12,0,18,28,7,9,18,0,62,5,3,0,49,60,117,219,161,146,3358,145,4029,172,103
LGA17900,20,109,89,2388,113,2719,0,3,0,353,10,366,10,0,4,26,0,40,47,0,0,0,0,47,25,4,9,11,0,49,200,87,74,1627,76,2064,38,0,0,0,3,41,11,0,0,15,0,26,63,13,6,170,0,252,16,0,4,10,3,33,23,0,3,14,0,40,14,0,4,7,0,25,55,23,14,509,9,610,14,3,0,34,0,51,5,0,0,0,0,5,5,0,0,0,0,5,3,0,0,0,0,3,4,0,0,0,0,4,14,0,3,0,0,17,10,3,0,3,0,16,16,4,4,3,0,27,3,0,0,0,0,3,45,19,15,348,10,437,42,7,0,0,0,49,0,0,0,0,0,0,10,0,0,0,0,10,7,0,0,3,4,14,0,4,0,0,0,4,0,0,0,0,0,0,6,0,0,21,3,30,169,19,16,30,10,244,35,12,0,213,517,777,910,310,245,5785,758,8008,805,210
LGA17950,3,44,32,1258,29,1366,0,0,0,25,4,29,3,0,3,11,0,17,0,3,0,0,0,3,8,3,4,6,0,21,49,40,35,958,22,1104,0,0,0,0,0,0,0,0,0,9,0,9,12,3,0,43,0,58,0,0,0,0,0,0,0,0,0,0,0,0,0,0,0,0,0,0,16,13,15,364,7,415,4,0,0,10,0,14,0,0,0,0,0,0,0,0,0,11,0,11,0,0,0,0,0,0,3,4,0,3,0,10,3,0,0,0,3,6,4,3,0,0,0,7,0,0,0,0,0,0,5,0,0,0,0,5,23,18,11,220,3,275,0,0,0,0,0,0,0,0,0,0,0,0,7,0,0,0,0,7,3,0,0,0,0,3,0,0,0,0,3,3,3,0,0,0,0,3,0,3,0,4,0,7,20,0,6,15,0,41,3,0,7,86,84,180,169,134,113,3023,155,3594,136,76
LGA18000,1194,6651,5108,32605,902,46460,0,9,0,42,4,55,3962,175,242,295,92,4766,726,122,47,162,29,1086,1442,422,244,468,42,2618,16636,5725,3964,25884,961,53170,1216,18,135,11,36,1416,768,144,107,340,33,1392,2044,491,318,1983,72,4908,725,200,82,435,18,1460,365,86,34,75,8,568,1229,63,27,56,30,1405,3156,1263,901,9967,267,15554,4037,900,354,1910,171,7372,695,3,12,4,26,740,240,80,34,99,4,457,111,9,7,13,0,140,217,75,41,100,4,437,501,85,31,23,28,668,1202,377,288,122,33,2022,614,91,52,131,17,905,387,47,34,74,10,552,3421,1283,952,7168,175,12999,845,57,24,47,26,999,17,0,0,0,0,17,1147,135,85,27,16,1410,548,45,45,93,11,742,110,8,3,3,8,132,269,4,19,0,5,297,607,130,94,305,16,1152,10589,1455,1198,1133,260,14635,728,144,125,981,5169,7147,59748,20297,14607,84556,8473,187681,50390,12260
LGA18020,17,186,154,4090,111,4558,0,3,0,95,7,105,18,3,5,24,0,50,3,0,0,0,0,3,39,14,8,19,0,80,283,208,127,3288,113,4019,12,0,4,3,0,19,4,0,0,15,0,19,58,23,15,268,9,373,11,4,0,5,0,20,15,5,0,0,0,20,3,0,0,0,0,3,36,25,22,879,27,989,21,10,4,58,7,100,3,0,0,0,0,3,5,0,3,13,0,21,0,0,0,0,0,0,12,6,0,8,5,31,4,3,7,3,0,17,13,6,4,3,0,26,23,4,0,3,0,30,3,0,0,3,0,6,74,39,46,801,17,977,3,0,0,4,0,7,0,0,0,0,0,0,0,0,5,3,0,8,8,0,3,3,0,14,0,0,0,0,0,0,0,0,0,0,0,0,12,4,8,27,0,51,70,19,17,52,3,161,14,13,8,202,523,760,764,575,440,9869,822,12470,658,365
LGA18050,612,2512,1769,8212,254,13359,0,3,4,27,0,34,1326,103,109,127,34,1699,205,32,20,40,7,304,372,124,65,120,7,688,7043,1862,1247,6838,372,17362,356,3,46,8,12,425,727,71,40,129,9,976,1300,229,138,741,44,2452,844,152,62,399,34,1491,856,101,63,102,14,1136,359,31,37,13,3,443,2749,516,385,3970,136,7756,1361,301,136,554,47,2399,282,0,14,5,3,304,229,48,14,75,11,377,49,3,3,3,4,62,146,34,21,36,5,242,226,33,16,9,5,289,615,101,104,21,21,862,935,148,82,164,28,1357,1522,74,59,111,33,1799,1405,463,301,2291,68,4528,134,14,4,10,3,165,13,0,0,3,0,16,1761,146,89,16,46,2058,443,18,31,43,10,545,105,20,3,0,3,131,102,6,11,0,3,122,260,37,23,112,3,435,8490,1035,769,773,188,11255,486,62,56,282,6588,7474,35313,8282,5721,25234,7995,82545,29660,5066
LGA18100,3,78,68,1553,49,1751,0,0,0,3,0,3,4,3,0,3,0,10,0,0,0,0,0,0,17,3,9,3,0,32,110,82,62,1327,47,1628,6,0,4,0,0,10,0,0,0,7,0,7,16,3,5,103,3,130,3,0,0,3,0,6,3,0,0,0,0,3,3,0,0,3,0,6,14,20,16,413,12,475,10,3,4,16,0,33,0,0,0,0,0,0,0,0,0,0,0,0,0,0,0,0,0,0,3,0,0,3,0,6,0,0,0,0,0,0,3,3,4,0,0,10,3,0,0,4,0,7,0,0,0,0,0,0,27,22,14,323,12,398,0,0,0,0,0,0,0,0,0,0,0,0,0,0,0,0,0,0,3,0,0,3,0,6,0,0,0,0,0,0,0,0,0,0,0,0,5,3,0,3,0,11,29,7,11,23,0,70,5,6,0,77,135,223,267,233,197,3870,258,4825,240,146
LGA18150,12,153,147,3511,129,3952,0,3,0,128,7,138,19,0,3,67,0,89,0,3,0,0,0,3,36,5,10,28,3,82,179,139,104,2698,100,3220,17,0,0,0,0,17,0,0,0,19,0,19,36,17,7,220,10,290,7,0,0,11,0,18,13,3,0,0,0,16,4,0,0,3,0,7,21,35,23,824,22,925,16,8,0,63,4,91,0,0,3,0,0,3,0,0,0,5,0,5,0,0,0,0,0,0,9,6,3,12,0,30,8,3,3,0,0,14,21,5,12,9,0,47,9,3,3,0,0,15,4,3,0,3,0,10,44,41,22,533,3,643,0,0,0,0,0,0,0,0,0,0,0,0,17,4,0,0,0,21,10,0,0,3,0,13,0,3,0,0,0,3,6,0,0,0,0,6,10,3,3,14,0,30,68,15,16,46,3,148,20,5,4,200,856,1085,586,457,363,8397,1137,10940,482,282
LGA18200,17,109,74,2539,79,2818,4,3,8,187,7,209,3,0,0,14,0,17,15,0,0,8,0,23,25,8,16,9,0,58,183,101,105,2142,75,2606,4,0,0,0,0,4,3,8,0,12,0,23,21,14,10,346,9,400,7,3,0,11,0,21,11,3,0,3,0,17,3,0,0,0,0,3,24,20,17,554,17,632,135,29,10,160,3,337,0,0,0,0,0,0,0,0,0,0,0,0,4,0,0,0,0,4,3,3,0,14,0,20,7,0,0,9,0,16,13,4,3,6,0,26,6,3,3,3,0,15,0,0,0,0,0,0,35,25,25,512,16,613,0,4,0,0,0,4,0,0,0,0,0,0,0,0,0,0,0,0,0,0,0,3,0,3,3,0,0,0,0,3,0,0,0,0,0,0,11,0,3,13,3,30,59,23,7,45,4,138,17,4,4,143,314,482,613,364,285,6733,527,8522,531,230
LGA18250,551,2497,1952,10566,211,15777,0,3,3,15,0,21,11531,201,340,204,165,12441,491,53,36,62,5,647,393,128,88,96,12,717,5222,2022,1344,8748,276,17612,687,8,59,0,14,768,268,55,35,115,4,477,704,175,119,722,26,1746,476,108,40,220,13,857,304,43,21,55,0,423,1523,19,31,29,28,1630,1145,571,369,4144,103,6332,1161,264,146,615,27,2213,2429,7,34,10,45,2525,349,75,23,84,16,547,109,16,7,7,0,139,73,18,22,48,3,164,78,6,9,3,5,101,552,131,109,22,9,823,341,51,46,59,4,501,308,21,23,33,3,388,1094,452,347,2841,52,4786,137,11,8,14,0,170,30,3,3,0,0,36,396,56,25,3,3,483,272,22,25,23,5,347,65,5,0,3,3,76,198,10,16,0,6,230,185,44,30,120,5,384,7067,600,616,506,144,8933,419,37,34,303,2795,3588,38558,7712,5960,29670,3982,85882,34475,4610
LGA18350,192,1845,1358,14239,400,18034,0,0,7,72,4,83,225,11,20,41,8,305,95,16,15,26,0,152,404,123,80,179,15,801,3816,1843,1328,11864,406,19257,80,11,26,3,3,123,76,26,8,106,7,223,480,148,104,1002,40,1774,162,41,11,117,5,336,133,18,9,20,6,186,107,7,10,3,3,130,686,428,226,4386,129,5855,427,171,66,416,31,1111,23,0,0,3,0,26,41,18,9,40,9,117,55,14,0,3,3,75,109,28,28,70,8,243,62,19,13,11,0,105,174,65,61,28,3,331,192,43,27,66,3,331,58,15,8,31,4,116,937,451,323,3463,81,5255,41,0,0,0,3,44,0,0,0,0,0,0,118,25,8,14,4,169,79,8,8,41,0,136,21,3,3,0,0,27,17,0,4,0,0,21,123,42,26,137,5,333,1142,311,251,418,56,2178,104,61,53,597,1803,2618,10179,5791,4090,37396,3039,60495,8380,3506
LGA18400,240,1808,1245,15844,369,19506,0,3,0,85,7,95,143,16,19,64,5,247,196,33,15,72,3,319,318,106,50,161,6,641,3003,1615,1181,10643,328,16770,95,10,28,5,6,144,73,14,21,70,3,181,429,130,99,827,14,1499,158,51,25,104,14,352,96,25,0,49,4,174,52,14,10,9,3,88,619,320,241,3264,78,4522,636,246,94,687,27,1690,17,0,0,3,3,23,181,29,15,37,3,265,28,10,3,8,0,49,531,148,111,389,15,1194,70,19,20,8,0,117,156,85,57,32,5,335,156,32,21,67,7,283,79,10,13,32,0,134,670,344,242,2245,53,3554,85,13,13,37,3,151,0,0,0,0,0,0,83,22,15,12,4,136,61,11,3,37,3,115,19,7,0,7,0,33,26,13,0,3,4,46,117,46,24,92,0,279,1170,283,182,368,29,2032,156,57,44,669,1517,2443,9663,5520,3791,35930,2513,57417,8125,3369
LGA18450,1206,7514,5352,52370,1597,68039,0,30,24,473,25,552,3666,71,108,266,86,4197,1252,168,75,232,27,1754,1623,552,309,839,54,3377,13210,6694,5050,38670,1558,65182,937,41,180,27,53,1238,325,79,64,392,16,876,2260,687,454,3380,124,6905,1744,326,155,766,75,3066,454,90,24,102,9,679,1111,55,46,34,19,1265,2288,1342,967,13581,343,18521,5973,1374,621,3316,232,11516,232,5,12,17,0,266,1072,191,125,183,70,1641,4962,484,210,624,178,6458,898,279,123,509,42,1851,468,123,68,63,25,747,578,276,201,109,25,1189,938,182,109,290,32,1551,244,36,32,91,10,413,3771,1832,1393,10010,279,17285,1481,148,59,141,55,1884,56,0,0,0,0,56,287,59,46,17,3,412,1131,139,97,214,27,1608,949,79,43,25,39,1135,747,25,22,13,18,825,730,244,184,570,25,1753,10260,1550,1038,1671,305,14824,1261,284,182,2271,7081,11079,66114,24959,17373,131266,12432,252144,58372,15280
LGA18500,424,2276,1557,7855,243,12355,0,3,0,11,0,14,1468,87,115,104,33,1807,148,25,14,36,3,226,355,89,51,84,10,589,5517,1748,1246,7645,289,16445,185,4,20,0,4,213,471,48,53,142,11,725,907,188,115,670,15,1895,723,187,107,498,24,1539,773,115,74,97,17,1076,414,28,24,19,18,503,1415,465,350,3961,105,6296,816,234,100,517,35,1702,156,8,4,3,5,176,168,68,53,173,12,474,24,8,4,11,0,47,79,39,11,32,3,164,86,7,3,4,0,100,462,83,59,14,11,629,835,137,80,158,29,1239,655,74,51,84,18,882,1229,454,303,2750,80,4816,130,8,12,6,0,156,0,0,0,0,0,0,1264,109,65,10,18,1466,220,25,13,35,9,302,75,0,0,0,0,75,83,3,9,3,0,98,149,20,22,99,0,290,5240,682,552,759,118,7351,263,58,42,256,5207,5826,24734,7280,5109,26036,6317,69476,20378,4513
LGA18550,611,5804,4004,54467,1812,66698,0,28,10,472,23,533,671,68,81,312,28,1160,227,66,19,69,7,388,970,301,191,579,29,2070,9572,5275,3641,42310,1730,62528,597,32,166,19,6,820,208,40,47,351,18,664,950,371,253,2965,84,4623,379,104,51,288,26,848,203,56,17,55,3,334,417,60,42,43,10,572,1798,1147,640,12729,365,16679,1086,440,133,1601,85,3345,69,3,8,4,0,84,154,38,18,110,11,331,39,5,9,17,0,70,792,235,85,542,47,1701,689,175,119,105,34,1122,599,317,240,122,32,1310,291,63,46,176,11,587,171,28,29,86,3,317,2412,1226,870,9135,255,13898,134,19,3,29,7,192,6,0,0,0,0,6,212,46,24,31,4,317,349,30,32,159,16,586,63,20,3,6,0,92,55,9,13,4,0,81,328,127,68,365,10,898,3065,961,545,1258,146,5975,472,208,164,2711,6138,9693,27589,17302,11571,131120,10940,198522,23042,10669
LGA18710,59,518,401,5548,139,6665,0,0,3,16,0,19,36,3,8,23,3,73,60,6,6,38,0,110,124,52,39,74,3,292,841,437,373,4366,113,6130,29,3,3,0,3,38,21,12,6,30,3,72,138,58,51,386,4,637,24,15,0,23,3,65,20,6,5,5,0,36,30,3,4,8,0,45,149,123,72,1622,27,1993,58,42,13,141,14,268,8,0,0,3,0,11,14,0,5,9,7,35,7,0,0,0,0,7,26,10,0,33,0,69,10,4,3,3,0,20,49,19,19,5,0,92,50,18,10,17,0,95,16,0,0,19,0,35,227,120,132,1205,32,1716,13,3,0,6,0,22,4,0,0,0,0,4,23,3,4,0,0,30,4,5,3,4,3,19,3,0,0,0,0,3,28,3,9,0,0,40,35,13,14,49,3,114,291,74,68,139,12,584,23,5,22,208,764,1022,2420,1555,1273,13980,1133,20361,1964,914
LGA18750,34,262,182,4903,145,5526,0,0,0,36,4,40,32,0,0,18,6,56,6,3,0,4,0,13,65,16,7,36,3,127,293,247,171,4359,152,5222,37,3,0,0,0,40,6,3,3,24,3,39,36,32,28,354,10,460,8,3,0,16,0,27,6,3,0,3,3,15,18,3,0,0,0,21,43,66,28,1575,41,1753,29,26,3,67,0,125,5,0,0,0,0,5,58,14,5,20,3,100,13,0,0,0,0,13,20,7,0,7,0,34,20,3,5,0,0,28,23,20,9,15,9,76,9,0,0,4,0,13,3,0,0,0,0,3,82,75,50,840,19,1066,28,0,0,0,0,28,0,0,0,0,0,0,7,3,7,0,0,17,4,3,0,9,0,16,0,0,0,0,0,0,3,0,0,0,0,3,6,4,5,19,0,34,135,38,31,93,5,302,14,9,14,251,595,883,1043,843,548,12653,998,16085,883,526
LGA19399,4,30,31,456,14,535,0,0,0,6,0,6,6,0,0,0,0,6,3,3,0,0,0,6,5,0,0,0,3,8,52,18,24,356,8,458,0,0,0,0,0,0,3,0,0,3,0,6,8,4,3,62,3,80,0,0,0,3,0,3,0,0,0,0,0,0,0,0,0,0,0,0,14,10,3,112,8,147,8,7,0,10,0,25,4,0,0,0,0,4,0,0,0,0,0,0,0,0,0,0,0,0,4,0,0,0,0,4,3,0,0,0,0,3,7,0,3,0,0,10,0,0,0,4,0,4,6,0,0,3,0,9,14,7,8,98,3,130,0,0,0,0,0,0,0,0,0,0,0,0,3,0,0,0,0,3,0,0,0,0,0,0,0,0,0,0,0,0,0,0,0,0,0,0,3,0,3,4,0,10,24,4,3,19,0,50,3,3,0,20,26,52,174,86,78,1156,65,1559,144,54
LGA19499,81,372,239,3024,121,3837,0,7,3,115,15,140,344,7,3,21,11,386,26,4,0,3,0,33,105,18,15,23,0,161,887,303,235,2153,104,3682,61,0,6,3,3,73,45,9,4,23,3,84,125,36,23,238,9,431,48,11,6,15,3,83,15,9,3,6,0,33,106,3,0,3,5,117,254,86,48,799,30,1217,108,29,20,94,14,265,52,0,3,0,0,55,77,26,13,7,3,126,12,0,3,0,0,15,32,13,9,10,3,67,69,7,8,3,0,87,78,20,10,6,3,117,41,12,4,4,4,65,30,3,3,5,0,41,231,72,73,563,21,960,14,3,3,0,4,24,0,0,0,0,0,0,37,0,6,0,0,43,39,3,4,14,3,63,34,7,3,5,4,53,99,0,0,0,9,108,37,6,4,36,3,86,796,96,66,130,37,1125,80,7,9,147,2554,2797,3963,1169,826,7450,2966,16374,3366,682
