region_id,One_method_Train_M,One_method_Train_F,One_method_Train_P,One_method_Bus_M,One_method_Bus_F,One_method_Bus_P,One_method_Ferry_M,One_method_Ferry_F,One_method_Ferry_P,One_met_Tram_incl_lt_rail_M,One_met_Tram_incl_lt_rail_F,One_met_Tram_incl_lt_rail_P,One_method_Taxi_M,One_method_Taxi_F,One_method_Taxi_P,One_method_Car_as_driver_M,One_method_Car_as_driver_F,One_method_Car_as_driver_P,One_method_Car_as_passenger_M,One_method_Car_as_passenger_F,One_method_Car_as_passenger_P,One_method_Truck_M,One_method_Truck_F,One_method_Truck_P,One_method_Motorbike_scootr_M,One_method_Motorbike_scootr_F,One_method_Motorbike_scootr_P,One_method_Bicycle_M,One_method_Bicycle_F,One_method_Bicycle_P,One_method_Other_M,One_method_Other_F,One_method_Other_P,One_method_Walked_only_M,One_method_Walked_only_F,One_method_Walked_only_P,One_method_Tot_one_method_M,One_method_Tot_one_method_F,One_method_Tot_one_method_P,Two_methods_Train_Bus_M,Two_methods_Train_Bus_F,Two_methods_Train_Bus_P,Two_methods_Train_Ferry_M,Two_methods_Train_Ferry_F,Two_methods_Train_Ferry_P,Two_mt_trn_Trm_incl_lt_rl_M,Two_mt_trn_Trm_incl_lt_rl_F,Two_mt_trn_Trm_incl_lt_rl_P,Two_methods_Trn_Car_as_drvr_M,Two_methods_Trn_Car_as_drvr_F,Two_methods_Trn_Car_as_drvr_P,Two_methods_Trn_Car_as_pass_M,Two_methods_Trn_Car_as_pass_F,Two_methods_Trn_Car_as_pass_P,Two_methods_Train_Other_M,Two_methods_Train_Other_F,Two_methods_Train_Other_P,Two_methods_Train_Tot_M,Two_methods_Train_Tot_F,Two_methods_Train_Tot_P,Two_methods_Bus_Ferry_M,Two_methods_Bus_Ferry_F,Two_methods_Bus_Ferry_P,Two_mth_Bu_Trm_inc_lt_rl_M,Two_mth_Bu_Trm_inc_lt_rl_F,Two_mth_Bu_Trm_inc_lt_rl_P,Two_methods_Bus_Car_as_drvr_M,Two_methods_Bus_Car_as_drvr_F,Two_methods_Bus_Car_as_drvr_P,Two_methods_Bus_Car_as_pass_M,Two_methods_Bus_Car_as_pass_F,Two_methods_Bus_Car_as_pass_P,Two_methods_Bus_Other_M,Two_methods_Bus_Other_F,Two_methods_Bus_Other_P,Two_methods_Bus_Tot_M,Two_methods_Bus_Tot_F,Two_methods_Bus_Tot_P,Two_methds_Othr_two_methds_M,Two_methds_Othr_two_methds_F,Two_methds_Othr_two_methds_P,Two_methods_Tot_two_methods_M,Two_methods_Tot_two_methods_F,Two_methods_Tot_two_methods_P,Three_meth_Trn_two_othr_met_M,Three_meth_Trn_two_othr_met_F,Three_meth_Trn_two_othr_met_P,Three_met_Bs_2_ot_met_ex_tr_M,Three_met_Bs_2_ot_met_ex_tr_F,Three_met_Bs_2_ot_met_ex_tr_P,Three_meth_Othr_three_meth_M,Three_meth_Othr_three_meth_F,Three_meth_Othr_three_meth_P,Three_meth_Tot_three_meth_M,Three_meth_Tot_three_meth_F,Three_meth_Tot_three_meth_P,Worked_home_M,Worked_home_F,Worked_home_P,Did_not_go_to_work_M,Did_not_go_to_work_F,Did_not_go_to_work_P,Method_travel_to_work_ns_M,Method_travel_to_work_ns_F,Method_travel_to_work_ns_P,Tot_M,Tot_F,Tot_P
LGA10050,3,6,9,49,70,119,3,0,3,3,5,8,29,31,60,8461,7401,15862,610,700,1310,169,6,175,139,15,154,218,61,279,68,25,93,391,406,797,10143,8726,18869,3,3,6,0,0,0,0,0,0,4,0,4,0,0,0,3,0,3,10,3,13,0,0,0,0,0,0,0,0,0,11,11,22,0,3,3,11,14,25,61,35,96,82,52,134,3,3,6,3,3,6,3,3,6,9,9,18,252,417,669,902,1501,2403,172,169,341,11560,10874,22434
LGA10110,0,3,3,45,40,85,0,3,3,3,0,3,23,21,44,3305,3177,6482,318,441,759,137,5,142,64,12,76,92,21,113,50,17,67,343,297,640,4380,4037,8417,0,0,0,0,0,0,0,0,0,0,0,0,3,0,3,0,3,3,3,3,6,0,0,0,0,0,0,0,0,0,0,4,4,3,0,3,3,4,7,43,30,73,49,37,86,4,0,4,0,0,0,4,3,7,8,3,11,277,293,570,451,720,1171,61,63,124,5226,5153,10379
LGA10150,2545,2545,5090,398,597,995,0,0,0,6,7,13,50,20,70,4680,3436,8116,218,469,687,103,0,103,135,27,162,221,61,282,47,26,73,333,484,817,8736,7672,16408,386,468,854,9,4,13,12,7,19,85,67,152,40,44,84,37,31,68,569,621,1190,0,3,3,0,0,0,17,31,48,6,31,37,11,6,17,34,71,105,58,44,102,661,736,1397,63,54,117,3,3,6,0,0,0,66,57,123,320,370,690,664,1045,1709,166,126,292,10613,10006,20619
LGA10200,3080,2824,5904,119,138,257,16,19,35,3,9,12,75,15,90,9623,5023,14646,634,926,1560,229,7,236,67,6,73,109,11,120,119,35,154,428,418,846,14502,9431,23933,470,528,998,13,3,16,8,7,15,256,146,402,63,140,203,34,13,47,844,837,1681,6,5,11,0,3,3,4,6,10,3,12,15,3,0,3,16,26,42,82,45,127,942,908,1850,101,97,198,3,3,6,6,0,6,110,100,210,257,303,560,778,946,1724,398,236,634,16987,11924,28911
LGA10250,3,3,6,49,47,96,3,3,6,3,0,3,7,10,17,5582,5221,10803,384,465,849,259,4,263,97,6,103,175,73,248,69,41,110,310,363,673,6941,6236,13177,3,0,3,0,0,0,0,0,0,0,0,0,0,0,0,0,3,3,3,3,6,0,0,0,0,0,0,5,0,5,0,13,13,0,0,0,5,13,18,59,33,92,67,49,116,5,3,8,0,0,0,6,0,6,11,3,14,515,615,1130,714,1181,1895,136,120,256,8384,8204,16588
LGA10300,3,0,3,3,7,10,0,0,0,0,0,0,0,0,0,314,241,555,43,26,69,13,0,13,4,0,4,6,5,11,6,4,10,47,49,96,439,332,771,0,0,0,0,0,0,0,0,0,0,0,0,0,0,0,0,0,0,0,0,0,0,0,0,0,0,0,0,0,0,0,0,0,0,0,0,0,0,0,9,3,12,9,3,12,0,0,0,0,0,0,0,0,0,0,0,0,65,52,117,52,48,100,19,10,29,584,445,1029
LGA10350,3632,3699,7331,324,582,906,6,0,6,4,7,11,145,38,183,25752,16952,42704,1580,2105,3685,1075,19,1094,163,10,173,162,13,175,270,79,349,597,717,1314,33710,24221,57931,519,587,1106,9,3,12,10,17,27,549,468,1017,174,274,448,57,25,82,1318,1374,2692,0,0,0,0,0,0,15,28,43,23,50,73,4,4,8,42,82,124,171,92,263,1531,1548,3079,151,147,298,4,8,12,9,3,12,164,158,322,609,956,1565,2133,3293,5426,937,610,1547,39084,30786,69870
LGA10470,8,6,14,36,39,75,5,3,8,0,0,0,32,20,52,6316,5490,11806,541,578,1119,238,9,247,83,9,92,87,11,98,49,29,78,475,353,828,7870,6547,14417,3,0,3,0,0,0,0,0,0,0,3,3,0,0,0,0,0,0,3,3,6,0,0,0,0,0,0,9,0,9,0,3,3,0,0,0,9,3,12,70,31,101,82,37,119,0,0,0,4,0,4,4,3,7,8,3,11,343,427,770,769,1184,1953,140,121,261,9212,8319,17531
LGA10550,3,3,6,44,39,83,0,0,0,0,0,0,7,10,17,4225,3826,8051,374,348,722,240,8,248,76,8,84,49,6,55,83,30,113,382,355,737,5483,4633,10116,0,0,0,0,0,0,0,0,0,0,0,0,0,0,0,0,0,0,0,0,0,0,0,0,0,0,0,5,0,5,3,7,10,0,0,0,8,7,15,61,30,91,69,37,106,0,3,3,3,0,3,3,0,3,6,3,9,490,537,1027,601,982,1583,110,91,201,6759,6283,13042
LGA10600,3,0,3,13,6,19,0,3,3,0,0,0,3,0,3,1379,1417,2796,127,125,252,89,10,99,42,3,45,30,7,37,24,8,32,159,142,301,1869,1721,3590,0,0,0,0,0,0,0,0,0,0,0,0,0,0,0,0,0,0,0,0,0,0,0,0,0,0,0,0,4,4,3,0,3,0,0,0,3,4,7,25,8,33,28,12,40,0,0,0,0,0,0,0,0,0,0,0,0,270,272,542,209,334,543,32,30,62,2408,2369,4777
LGA10650,0,0,0,8,5,13,3,0,3,0,4,4,0,0,0,1124,935,2059,59,56,115,59,0,59,21,5,26,20,6,26,25,10,35,127,118,245,1446,1139,2585,0,0,0,0,3,3,0,0,0,0,0,0,0,0,0,0,0,0,0,3,3,0,0,0,0,0,0,0,0,0,3,0,3,0,0,0,3,0,3,19,3,22,22,6,28,0,0,0,0,0,0,3,0,3,3,0,3,208,156,364,140,231,371,33,29,62,1852,1561,3413
LGA10750,5707,5822,11529,1494,1810,3304,7,6,13,10,13,23,197,64,261,47766,33143,80909,3329,4527,7856,1680,30,1710,571,26,597,313,28,341,393,142,535,890,931,1821,62357,46542,108899,1571,1716,3287,4,4,8,28,14,42,1385,1013,2398,410,762,1172,118,32,150,3516,3541,7057,0,0,0,0,0,0,112,102,214,80,179,259,17,18,35,209,299,508,388,180,568,4113,4020,8133,502,561,1063,13,19,32,19,5,24,534,585,1119,1099,1686,2785,4020,6579,10599,1245,1009,2254,73368,60421,133789
LGA10800,0,0,0,48,9,57,0,0,0,0,0,0,4,0,4,733,610,1343,104,58,162,58,0,58,9,0,9,15,5,20,45,12,57,108,95,203,1124,789,1913,0,0,0,0,0,0,0,0,0,0,0,0,0,0,0,0,0,0,0,0,0,0,0,0,0,0,0,11,0,11,3,0,3,0,0,0,14,0,14,9,7,16,23,7,30,0,0,0,0,0,0,4,0,4,4,0,4,233,199,432,127,137,264,22,30,52,1533,1162,2695
LGA10850,0,0,0,7,5,12,0,0,0,0,0,0,3,0,3,1118,885,2003,70,56,126,71,8,79,13,0,13,0,0,0,19,0,19,57,51,108,1358,1005,2363,0,0,0,0,0,0,0,0,0,0,0,0,0,0,0,0,0,0,0,0,0,0,0,0,0,0,0,0,0,0,3,3,6,0,0,0,3,3,6,16,11,27,19,14,33,0,0,0,0,0,0,0,0,0,0,0,0,154,154,308,155,198,353,33,22,55,1719,1393,3112
LGA10900,1559,1115,2674,46,63,109,3,3,6,5,5,10,35,40,75,11082,9691,20773,615,847,1462,376,6,382,146,15,161,98,30,128,96,49,145,455,458,913,14516,12322,26838,136,100,236,3,0,3,7,5,12,335,253,588,85,100,185,81,23,104,647,481,1128,0,0,0,0,0,0,4,3,7,3,7,10,0,4,4,7,14,21,108,70,178,762,565,1327,90,67,157,0,0,0,13,0,13,103,67,170,1034,1196,2230,1746,2852,4598,219,227,446,18380,17229,35609
LGA10950,0,0,0,49,16,65,0,0,0,0,0,0,0,0,0,315,287,602,45,34,79,30,3,33,6,4,10,9,0,9,4,3,7,59,67,126,517,414,931,0,0,0,0,0,0,0,0,0,0,0,0,0,0,0,0,0,0,0,0,0,0,0,0,0,0,0,3,0,3,0,0,0,0,0,0,3,0,3,5,0,5,8,0,8,0,0,0,0,0,0,3,0,3,3,0,3,91,63,154,58,55,113,26,12,38,703,544,1247
LGA11000,0,3,3,4,0,4,0,0,0,0,0,0,0,0,0,357,280,637,35,16,51,33,3,36,8,0,8,9,0,9,16,12,28,40,34,74,502,348,850,0,0,0,0,0,0,0,0,0,0,0,0,0,0,0,0,0,0,0,0,0,0,0,0,0,0,0,0,0,0,0,0,0,0,0,0,0,0,0,0,3,3,0,3,3,0,0,0,0,0,0,0,0,0,0,0,0,65,60,125,45,53,98,11,6,17,623,470,1093
LGA11050,0,0,0,0,3,3,0,0,0,0,0,0,0,3,3,273,222,495,41,23,64,42,3,45,10,0,10,6,0,6,8,8,16,45,31,76,425,293,718,0,0,0,0,0,0,0,0,0,0,0,0,0,0,0,0,0,0,0,0,0,0,0,0,0,0,0,3,4,7,0,0,0,0,0,0,3,4,7,6,3,9,9,7,16,0,0,0,0,0,0,0,0,0,0,0,0,93,72,165,49,75,124,15,13,28,591,460,1051
LGA11100,376,320,696,1088,1386,2474,0,4,4,0,0,0,45,14,59,5548,3920,9468,342,643,985,139,4,143,154,16,170,211,42,253,77,24,101,525,474,999,8505,6847,15352,225,208,433,0,0,0,3,3,6,25,27,52,10,15,25,5,3,8,268,256,524,0,0,0,6,3,9,44,65,109,22,61,83,14,7,21,86,136,222,44,15,59,398,407,805,37,35,72,5,9,14,3,0,3,45,44,89,168,229,397,536,924,1460,159,135,294,9811,8586,18397
LGA11150,0,0,0,0,4,4,0,0,0,0,0,0,0,3,3,309,289,598,45,38,83,19,0,19,7,3,10,9,7,16,11,0,11,98,110,208,498,454,952,0,0,0,0,0,0,0,0,0,0,0,0,0,0,0,0,0,0,0,0,0,0,0,0,0,0,0,3,0,3,0,0,0,0,0,0,3,0,3,9,0,9,12,0,12,0,0,0,0,0,0,0,0,0,0,0,0,65,51,116,36,53,89,13,18,31,624,576,1200
LGA11200,0,0,0,4,4,8,0,0,0,0,0,0,0,0,0,125,124,249,22,22,44,15,0,15,0,0,0,6,0,6,5,3,8,76,84,160,253,237,490,0,0,0,0,0,0,0,0,0,0,0,0,0,0,0,0,0,0,0,0,0,0,0,0,0,0,0,0,0,0,0,0,0,0,0,0,0,0,0,0,0,0,0,0,0,0,0,0,0,0,0,0,0,0,0,0,0,40,25,65,20,18,38,16,10,26,329,290,619
LGA11250,0,0,0,28,9,37,0,0,0,0,0,0,12,12,24,2382,2237,4619,271,265,536,69,0,69,49,8,57,54,8,62,34,23,57,211,176,387,3110,2738,5848,0,0,0,0,0,0,0,0,0,0,0,0,0,0,0,0,0,0,0,0,0,0,0,0,0,0,0,0,0,0,0,0,0,0,0,0,0,0,0,26,15,41,26,15,41,0,0,0,0,0,0,3,0,3,3,0,3,67,95,162,366,434,800,85,66,151,3657,3348,7005
LGA11300,1961,1813,3774,193,298,491,0,4,4,3,3,6,16,8,24,3696,2421,6117,171,374,545,126,0,126,52,12,64,68,13,81,40,19,59,315,393,708,6641,5358,11999,394,359,753,9,0,9,7,3,10,78,69,147,36,62,98,17,9,26,541,502,1043,0,0,0,0,0,0,9,6,15,4,9,13,3,0,3,16,15,31,27,22,49,584,539,1123,45,43,88,0,3,3,3,3,6,48,49,97,199,249,448,439,711,1150,151,128,279,8062,7034,15096
LGA11350,5,3,8,40,41,81,0,5,5,0,0,0,12,9,21,3712,3589,7301,249,284,533,157,0,157,72,14,86,227,139,366,72,47,119,305,279,584,4851,4410,9261,0,0,0,0,0,0,0,0,0,5,3,8,0,0,0,0,0,0,5,3,8,0,0,0,0,0,0,0,4,4,0,6,6,0,0,0,0,10,10,35,43,78,40,56,96,5,3,8,0,4,4,4,3,7,9,10,19,733,828,1561,605,843,1448,129,105,234,6367,6252,12619
LGA11400,0,0,0,15,14,29,0,0,0,0,0,0,4,0,4,2023,1751,3774,150,133,283,118,3,121,45,0,45,12,0,12,38,13,51,175,100,275,2580,2014,4594,0,0,0,0,0,0,0,0,0,0,0,0,0,0,0,0,0,0,0,0,0,0,0,0,0,0,0,0,0,0,0,0,0,0,0,0,0,0,0,41,13,54,41,13,54,0,0,0,0,0,0,0,0,0,0,0,0,391,323,714,229,334,563,57,44,101,3298,2728,6026
LGA11450,291,302,593,48,104,152,0,0,0,3,0,3,14,3,17,11001,8839,19840,651,673,1324,588,3,591,101,7,108,47,7,54,58,31,89,173,182,355,12975,10151,23126,111,89,200,0,0,0,4,0,4,396,342,738,33,72,105,8,3,11,552,506,1058,0,0,0,0,0,0,4,4,8,10,21,31,0,0,0,14,25,39,87,36,123,653,567,1220,60,52,112,4,0,4,9,0,9,73,52,125,392,676,1068,1017,1815,2832,200,190,390,15310,13451,28761
LGA11500,3379,3243,6622,230,392,622,0,3,3,8,6,14,72,30,102,22469,16619,39088,1770,1961,3731,913,21,934,258,18,276,95,13,108,156,77,233,425,489,914,29775,22872,52647,652,625,1277,3,0,3,9,12,21,659,605,1264,249,304,553,81,27,108,1653,1573,3226,0,0,0,0,0,0,3,13,16,25,48,73,4,7,11,32,68,100,180,84,264,1865,1725,3590,238,272,510,3,7,10,7,5,12,248,284,532,471,746,1217,2373,3585,5958,617,494,1111,35349,29706,65055
LGA11520,1764,1699,3463,1326,1777,3103,367,323,690,3,15,18,61,43,104,11541,8850,20391,515,977,1492,281,4,285,243,31,274,314,57,371,126,51,177,466,567,1033,17007,14394,31401,371,414,785,20,18,38,5,0,5,126,107,233,35,65,100,23,14,37,580,618,1198,47,55,102,0,0,0,65,91,156,26,51,77,24,17,41,162,214,376,136,84,220,878,916,1794,87,87,174,21,9,30,11,4,15,119,100,219,681,902,1583,1142,2061,3203,239,240,479,20066,18613,38679
LGA11550,4230,3999,8229,527,960,1487,4,3,7,10,11,21,189,41,230,18474,10825,29299,1100,1714,2814,597,10,607,197,33,230,181,47,228,209,69,278,658,667,1325,26376,18379,44755,806,882,1688,15,7,22,22,11,33,373,313,686,82,194,276,62,17,79,1360,1424,2784,0,0,0,0,0,0,33,32,65,23,68,91,10,0,10,66,100,166,116,84,200,1542,1608,3150,155,167,322,3,3,6,0,0,0,158,170,328,519,710,1229,1700,2328,4028,699,475,1174,30994,23670,54664
LGA11600,0,0,0,3,5,8,0,0,0,0,0,0,3,0,3,398,276,674,35,24,59,20,0,20,8,0,8,7,0,7,28,6,34,71,55,126,573,366,939,0,0,0,0,0,0,0,0,0,0,0,0,0,0,0,0,0,0,0,0,0,0,0,0,0,0,0,0,0,0,0,0,0,0,0,0,0,0,0,6,0,6,6,0,6,0,0,0,0,0,0,0,0,0,0,0,0,117,78,195,62,73,135,13,15,28,771,532,1303
LGA11700,0,0,0,3,3,6,0,0,0,0,0,0,0,0,0,166,132,298,21,28,49,9,0,9,14,0,14,7,3,10,14,7,21,94,79,173,328,252,580,0,0,0,0,0,0,0,0,0,0,0,0,0,0,0,0,0,0,0,0,0,0,0,0,0,0,0,0,0,0,0,0,0,0,0,0,0,0,0,5,0,5,5,0,5,0,0,0,0,0,0,3,0,3,3,0,3,81,54,135,25,25,50,12,5,17,454,336,790
LGA11720,11,14,25,40,43,83,5,0,5,0,0,0,15,19,34,7977,6261,14238,792,557,1349,341,7,348,95,12,107,38,5,43,35,30,65,240,232,472,9589,7180,16769,10,3,13,0,0,0,0,0,0,12,13,25,3,6,9,3,0,3,28,22,50,0,0,0,0,0,0,3,3,6,7,5,12,0,0,0,10,8,18,138,40,178,176,70,246,6,3,9,3,0,3,5,3,8,14,6,20,255,451,706,1159,1574,2733,251,161,412,11444,9442,20886
LGA11730,3,8,11,44,35,79,4,0,4,0,0,0,14,14,28,5838,5204,11042,525,538,1063,342,6,348,110,13,123,188,74,262,86,34,120,479,441,920,7633,6367,14000,0,0,0,0,0,0,0,0,0,0,0,0,0,0,0,5,3,8,5,3,8,0,0,0,0,0,0,5,3,8,0,7,7,0,0,0,5,10,15,82,41,123,92,54,146,4,0,4,0,4,4,4,0,4,8,4,12,540,638,1178,845,1244,2089,193,145,338,9311,8452,17763
LGA11750,0,0,0,38,12,50,0,0,0,0,0,0,0,10,10,754,539,1293,96,50,146,18,3,21,9,3,12,14,3,17,16,5,21,95,86,181,1040,711,1751,0,0,0,0,0,0,0,0,0,0,0,0,0,0,0,0,0,0,0,0,0,0,0,0,0,0,0,0,0,0,0,0,0,0,0,0,0,0,0,13,6,19,13,6,19,0,0,0,3,0,3,0,0,0,3,0,3,72,66,138,161,116,277,17,18,35,1306,917,2223
LGA11800,11,7,18,71,77,148,9,0,9,0,3,3,24,24,48,9589,8800,18389,862,1077,1939,441,14,455,214,15,229,244,44,288,109,53,162,492,506,998,12066,10620,22686,0,0,0,0,0,0,0,0,0,0,3,3,0,3,3,0,0,0,0,6,6,0,0,0,0,0,0,4,0,4,3,14,17,0,5,5,7,19,26,109,54,163,116,79,195,4,3,7,3,3,6,4,0,4,11,6,17,598,826,1424,1236,1997,3233,218,221,439,14245,13749,27994
LGA11860,0,0,0,0,0,0,0,0,0,0,0,0,0,0,0,205,165,370,4,10,14,10,0,10,15,4,19,0,0,0,20,0,20,34,17,51,288,196,484,0,0,0,0,0,0,0,0,0,0,0,0,0,0,0,0,0,0,0,0,0,0,0,0,0,0,0,0,0,0,0,0,0,0,0,0,0,0,0,8,0,8,8,0,8,0,0,0,0,0,0,3,0,3,3,0,3,162,102,264,25,40,65,4,6,10,490,344,834
LGA12000,0,0,0,4,3,7,0,0,0,0,0,0,0,0,0,552,444,996,54,42,96,31,0,31,9,3,12,3,3,6,16,4,20,54,49,103,723,548,1271,0,0,0,0,0,0,0,0,0,0,0,0,0,0,0,0,0,0,0,0,0,0,0,0,0,0,0,0,0,0,0,0,0,0,0,0,0,0,0,10,3,13,10,3,13,3,0,3,0,0,0,0,0,0,3,0,3,117,96,213,73,104,177,12,15,27,938,766,1704
LGA12050,0,0,0,8,7,15,0,0,0,0,0,0,5,4,9,1513,1288,2801,154,168,322,67,4,71,21,3,24,19,0,19,26,17,43,145,155,300,1958,1646,3604,0,0,0,0,0,0,0,0,0,0,0,0,0,0,0,0,0,0,0,0,0,0,0,0,0,0,0,0,0,0,0,4,4,0,0,0,0,4,4,22,7,29,22,11,33,0,0,0,0,0,0,5,0,5,5,0,5,144,149,293,206,279,485,29,37,66,2364,2122,4486
LGA12150,3,0,3,0,3,3,0,0,0,0,0,0,0,0,0,459,399,858,65,54,119,32,3,35,9,5,14,3,0,3,26,11,37,67,54,121,664,529,1193,0,0,0,0,0,0,0,0,0,0,0,0,0,0,0,0,0,0,0,0,0,0,0,0,0,0,0,0,0,0,0,0,0,0,0,0,0,0,0,12,3,15,12,3,15,0,0,0,0,0,0,3,0,3,3,0,3,137,94,231,54,75,129,30,10,40,900,711,1611
LGA12200,0,0,0,4,5,9,0,0,0,0,0,0,0,0,0,934,852,1786,77,65,142,63,0,63,14,0,14,28,7,35,13,3,16,111,87,198,1244,1019,2263,0,0,0,0,0,0,0,0,0,0,0,0,0,0,0,0,0,0,0,0,0,0,0,0,0,0,0,0,0,0,0,0,0,0,0,0,0,0,0,9,0,9,9,0,9,0,0,0,0,0,0,0,0,0,0,0,0,96,95,191,117,165,282,19,21,40,1485,1300,2785
LGA12300,0,4,4,12,6,18,0,0,0,0,0,0,4,0,4,1770,1336,3106,141,109,250,54,0,54,9,0,9,33,10,43,24,15,39,94,85,179,2141,1565,3706,0,0,0,0,0,0,0,0,0,0,0,0,0,0,0,0,0,0,0,0,0,0,0,0,0,0,0,0,0,0,0,0,0,0,0,0,0,0,0,21,10,31,21,10,31,0,0,0,3,0,3,3,0,3,6,0,6,179,149,328,176,303,479,49,33,82,2572,2060,4632
LGA12350,0,0,0,5,8,13,0,0,0,0,0,0,5,3,8,1611,1308,2919,168,137,305,95,6,101,33,0,33,14,0,14,32,8,40,140,93,233,2103,1563,3666,0,0,0,0,3,3,0,0,0,0,0,0,0,0,0,0,0,0,0,3,3,0,0,0,0,0,0,0,0,0,0,0,0,0,0,0,0,0,0,20,10,30,20,13,33,0,0,0,0,0,0,0,0,0,0,0,0,226,212,438,180,311,491,57,52,109,2586,2151,4737
LGA12500,0,0,0,7,3,10,0,0,0,3,0,3,0,5,5,1099,942,2041,78,98,176,37,3,40,9,0,9,23,13,36,20,12,32,97,97,194,1373,1173,2546,0,0,0,0,0,0,0,0,0,0,0,0,0,0,0,0,0,0,0,0,0,0,0,0,0,0,0,0,0,0,0,0,0,0,0,0,0,0,0,5,13,18,5,13,18,0,3,3,0,0,0,0,0,0,0,3,3,46,63,109,107,171,278,42,28,70,1573,1451,3024
LGA12600,4,3,7,55,39,94,6,3,9,0,0,0,27,27,54,6558,6245,12803,687,731,1418,293,13,306,104,10,114,100,18,118,39,22,61,349,282,631,8222,7393,15615,0,0,0,0,0,0,0,0,0,0,3,3,0,0,0,0,0,0,0,3,3,0,0,0,0,0,0,0,0,0,3,3,6,0,0,0,3,3,6,60,35,95,63,41,104,3,5,8,0,0,0,6,0,6,9,5,14,300,370,670,664,1112,1776,111,108,219,9369,9029,18398
LGA12700,4,10,14,6,3,9,0,0,0,0,0,0,0,0,0,1338,1046,2384,69,64,133,81,0,81,23,0,23,8,4,12,19,11,30,78,64,142,1626,1202,2828,0,4,4,0,0,0,0,0,0,8,6,14,0,3,3,0,0,0,8,13,21,0,0,0,0,0,0,0,0,0,0,5,5,0,0,0,0,5,5,16,7,23,24,25,49,0,0,0,0,0,0,0,0,0,0,0,0,197,180,377,152,259,411,32,26,58,2031,1692,3723
LGA12750,4,3,7,43,27,70,3,0,3,0,3,3,8,3,11,4189,3787,7976,333,400,733,240,4,244,66,6,72,81,17,98,50,31,81,263,258,521,5280,4539,9819,0,0,0,0,3,3,0,0,0,0,0,0,0,0,0,0,0,0,0,3,3,0,0,0,0,0,0,0,3,3,3,7,10,0,0,0,3,10,13,41,21,62,44,34,78,0,0,0,4,0,4,0,0,0,4,0,4,360,469,829,612,933,1545,129,127,256,6429,6102,12531
LGA12850,2261,2491,4752,433,723,1156,7,4,11,5,6,11,68,34,102,26753,16472,43225,2011,3087,5098,1229,16,1245,147,13,160,154,19,173,190,75,265,475,713,1188,33733,23653,57386,583,670,1253,6,0,6,4,7,11,640,463,1103,143,313,456,30,13,43,1406,1466,2872,0,0,0,0,4,4,28,46,74,24,85,109,9,12,21,61,147,208,186,106,292,1653,1719,3372,200,206,406,0,9,9,8,0,8,208,215,423,544,800,1344,1748,2533,4281,1048,756,1804,38934,29676,68610
LGA12900,0,0,0,16,14,30,0,0,0,0,0,0,3,6,9,1271,1102,2373,107,120,227,86,4,90,24,0,24,13,0,13,23,8,31,128,84,212,1671,1338,3009,0,0,0,0,0,0,0,0,0,0,0,0,0,0,0,0,0,0,0,0,0,0,0,0,0,0,0,0,0,0,3,0,3,0,3,3,3,3,6,11,5,16,14,8,22,0,0,0,0,0,0,0,3,3,0,3,3,200,173,373,150,245,395,48,36,84,2083,1803,3886
LGA12950,0,0,0,9,6,15,0,0,0,0,0,0,0,0,0,485,493,978,46,43,89,58,3,61,10,4,14,7,0,7,16,5,21,72,46,118,703,600,1303,0,0,0,0,0,0,0,0,0,0,0,0,0,0,0,0,0,0,0,0,0,0,0,0,0,0,0,0,0,0,0,0,0,0,0,0,0,0,0,10,0,10,10,0,10,0,0,0,0,0,0,0,0,0,0,0,0,179,135,314,63,113,176,16,12,28,971,860,1831
LGA13010,0,0,0,4,0,4,0,0,0,0,0,0,4,5,9,1010,936,1946,110,93,203,92,4,96,19,0,19,21,4,25,19,11,30,154,131,285,1433,1184,2617,0,0,0,0,0,0,0,0,0,0,0,0,0,0,0,0,0,0,0,0,0,0,0,0,0,0,0,0,0,0,0,0,0,0,0,0,0,0,0,12,7,19,12,7,19,0,0,0,0,0,0,6,0,6,6,0,6,207,177,384,133,197,330,26,34,60,1817,1599,3416
LGA13050,0,0,0,4,7,11,0,0,0,0,0,0,3,0,3,638,530,1168,56,41,97,30,0,30,9,3,12,3,3,6,12,5,17,80,63,143,835,652,1487,3,0,3,0,0,0,0,0,0,0,0,0,0,0,0,0,0,0,3,0,3,0,0,0,0,0,0,0,0,0,0,0,0,0,0,0,0,0,0,13,3,16,16,3,19,0,0,0,0,0,0,0,0,0,0,0,0,127,91,218,88,115,203,16,18,34,1082,879,1961
LGA13100,2225,1569,3794,340,463,803,20,5,25,4,6,10,33,44,77,22579,19440,42019,1649,1889,3538,777,11,788,276,22,298,177,56,233,226,99,325,735,746,1481,29041,24350,53391,559,382,941,10,6,16,12,3,15,1018,587,1605,169,210,379,124,21,145,1892,1209,3101,5,0,5,0,0,0,11,6,17,31,55,86,11,9,20,58,70,128,315,133,448,2265,1412,3677,305,193,498,14,9,23,20,9,29,339,211,550,1601,2176,3777,3252,5277,8529,596,531,1127,37094,33957,71051
LGA13310,7,4,11,32,12,44,0,0,0,0,3,3,15,27,42,4389,3756,8145,450,470,920,193,7,200,53,6,59,43,7,50,32,13,45,246,238,484,5460,4543,10003,0,0,0,0,0,0,0,0,0,3,0,3,0,3,3,0,0,0,3,3,6,0,0,0,0,0,0,3,0,3,3,3,6,3,0,3,9,3,12,45,19,64,57,25,82,0,0,0,0,0,0,5,0,5,5,0,5,228,265,493,593,768,1361,95,78,173,6438,5679,12117
LGA13320,7,0,7,23,22,45,7,0,7,0,0,0,11,5,16,3653,3146,6799,322,362,684,211,8,219,35,7,42,81,29,110,51,18,69,288,317,605,4689,3914,8603,0,4,4,0,0,0,0,0,0,0,0,0,0,0,0,0,0,0,0,4,4,4,0,4,0,0,0,0,0,0,0,6,6,0,0,0,4,6,10,45,26,71,49,36,85,3,6,9,0,0,0,6,0,6,9,6,15,342,373,715,543,866,1409,112,128,240,5744,5323,11067
LGA13340,0,0,0,10,6,16,0,0,0,0,0,0,0,0,0,1457,1235,2692,106,68,174,96,3,99,24,4,28,22,8,30,34,12,46,144,95,239,1893,1431,3324,0,0,0,0,0,0,0,0,0,0,0,0,0,0,0,0,0,0,0,0,0,0,0,0,0,0,0,0,0,0,3,0,3,0,0,0,3,0,3,21,14,35,24,14,38,0,0,0,0,0,0,4,0,4,4,0,4,378,293,671,176,266,442,39,41,80,2514,2045,4559
LGA13380,3,5,8,37,34,71,0,0,0,0,0,0,12,13,25,5641,5121,10762,481,551,1032,293,7,300,95,14,109,54,11,65,62,30,92,319,290,609,6997,6076,13073,0,0,0,0,0,0,0,0,0,0,0,0,3,3,6,3,0,3,6,3,9,0,0,0,0,0,0,3,0,3,3,3,6,3,0,3,9,3,12,57,17,74,72,23,95,3,0,3,0,0,0,6,0,6,9,0,9,481,500,981,797,1119,1916,171,151,322,8527,7869,16396
LGA13450,0,0,0,19,8,27,0,0,0,0,0,0,10,16,26,4210,3492,7702,439,382,821,127,4,131,57,3,60,50,13,63,85,21,106,275,196,471,5272,4135,9407,0,0,0,0,0,0,0,0,0,0,0,0,0,0,0,0,0,0,0,0,0,0,0,0,0,0,0,0,0,0,3,0,3,0,0,0,3,0,3,28,17,45,31,17,48,0,3,3,0,0,0,7,0,7,7,3,10,283,240,523,378,612,990,131,110,241,6102,5117,11219
LGA13500,0,0,0,7,0,7,0,0,0,0,0,0,0,0,0,555,416,971,53,41,94,53,0,53,10,3,13,0,0,0,19,7,26,62,53,115,759,520,1279,0,0,0,0,0,0,0,0,0,0,0,0,0,0,0,0,0,0,0,0,0,0,0,0,0,0,0,0,0,0,0,0,0,0,0,0,0,0,0,7,0,7,7,0,7,0,0,0,0,0,0,0,0,0,0,0,0,106,93,199,64,92,156,19,22,41,955,727,1682
LGA13550,0,0,0,10,7,17,0,0,0,0,0,0,10,4,14,1800,1447,3247,215,146,361,125,4,129,32,0,32,13,0,13,30,16,46,158,115,273,2393,1739,4132,0,0,0,0,0,0,0,0,0,0,0,0,0,0,0,0,0,0,0,0,0,0,0,0,0,0,0,0,0,0,0,0,0,0,0,0,0,0,0,26,8,34,26,8,34,0,0,0,3,0,3,0,0,0,3,0,3,239,234,473,188,296,484,58,42,100,2907,2319,5226
LGA13650,0,0,0,3,6,9,0,0,0,0,0,0,0,0,0,544,461,1005,61,52,113,40,3,43,18,3,21,3,3,6,14,3,17,72,35,107,755,566,1321,0,0,0,0,0,0,0,0,0,0,0,0,0,0,0,0,0,0,0,0,0,0,0,0,0,0,0,0,0,0,0,0,0,0,3,3,0,3,3,8,8,16,8,11,19,0,0,0,0,0,0,5,0,5,5,0,5,154,128,282,63,97,160,26,8,34,1011,810,1821
LGA13660,0,0,0,9,3,12,0,0,0,0,0,0,0,0,0,527,478,1005,49,27,76,70,3,73,10,6,16,8,0,8,41,19,60,103,74,177,817,610,1427,0,0,0,0,0,0,0,0,0,0,0,0,0,0,0,0,0,0,0,0,0,0,0,0,0,0,0,0,0,0,0,0,0,0,0,0,0,0,0,9,4,13,9,4,13,0,0,0,0,0,0,4,0,4,4,0,4,216,160,376,58,110,168,24,17,41,1128,901,2029
LGA13700,0,0,0,0,3,3,0,0,0,0,0,0,5,0,5,449,385,834,50,35,85,45,4,49,0,3,3,3,0,3,12,3,15,58,52,110,622,485,1107,0,0,0,0,0,0,0,0,0,0,0,0,0,0,0,0,0,0,0,0,0,0,0,0,0,0,0,0,0,0,0,0,0,0,0,0,0,0,0,5,3,8,5,3,8,0,0,0,0,0,0,3,0,3,3,0,3,104,86,190,43,56,99,22,9,31,799,639,1438
LGA13800,305,325,630,51,62,113,0,0,0,3,3,6,5,8,13,11493,9455,20948,715,628,1343,906,10,916,144,11,155,147,23,170,82,43,125,527,303,830,14378,10871,25249,43,63,106,0,0,0,3,0,3,179,191,370,34,50,84,18,4,22,277,308,585,0,0,0,0,0,0,17,14,31,8,9,17,3,0,3,28,23,51,154,44,198,459,375,834,59,32,91,0,0,0,11,0,11,70,32,102,587,1006,1593,1102,1847,2949,244,204,448,16840,14335,31175
LGA13850,0,0,0,3,0,3,3,0,3,3,0,3,0,0,0,403,324,727,45,24,69,27,5,32,11,0,11,9,8,17,12,3,15,60,73,133,576,437,1013,0,0,0,0,0,0,0,0,0,0,0,0,0,0,0,0,0,0,0,0,0,0,0,0,0,0,0,0,0,0,0,0,0,0,0,0,0,0,0,8,4,12,8,4,12,0,0,0,0,0,0,0,3,3,0,3,3,47,51,98,54,88,142,25,10,35,710,593,1303
LGA13950,2705,2384,5089,365,695,1060,7,0,7,4,4,8,63,21,84,14877,9450,24327,1014,1322,2336,591,9,600,129,9,138,124,14,138,140,58,198,447,476,923,20466,14442,34908,570,593,1163,3,0,3,8,9,17,330,250,580,84,165,249,25,9,34,1020,1026,2046,0,0,0,0,0,0,23,25,48,18,51,69,5,12,17,46,88,134,86,55,141,1152,1169,2321,135,147,282,4,6,10,3,3,6,142,156,298,318,537,855,1255,1925,3180,423,314,737,23756,18543,42299
LGA14000,6380,4905,11285,1273,1068,2341,5,3,8,7,12,19,73,34,107,22163,18238,40401,999,1780,2779,564,4,568,347,22,369,240,51,291,240,85,325,1054,1152,2206,33345,27354,60699,771,684,1455,6,13,19,27,8,35,1116,744,1860,257,403,660,142,36,178,2319,1888,4207,0,0,0,5,0,5,75,77,152,23,61,84,4,7,11,107,145,252,239,134,373,2665,2167,4832,254,256,510,10,8,18,26,4,30,290,268,558,1930,2273,4203,2749,4711,7460,425,374,799,41404,37147,78551
LGA14100,7,3,10,300,321,621,109,62,171,3,0,3,18,6,24,1873,1387,3260,70,136,206,26,3,29,41,5,46,46,5,51,26,14,40,59,100,159,2578,2042,4620,27,23,50,8,0,8,3,0,3,3,0,3,3,3,6,0,0,0,44,26,70,19,25,44,0,0,0,17,25,42,6,4,10,3,3,6,45,57,102,44,17,61,133,100,233,10,11,21,8,3,11,0,0,0,18,14,32,179,237,416,177,338,515,31,38,69,3116,2769,5885
LGA14150,3733,3857,7590,142,275,417,4,0,4,3,7,10,37,30,67,11047,7549,18596,503,956,1459,362,3,365,103,10,113,88,10,98,94,47,141,388,543,931,16504,13287,29791,375,450,825,3,3,6,18,12,30,311,251,562,75,164,239,38,17,55,820,897,1717,0,0,0,0,0,0,10,6,16,5,32,37,0,0,0,15,38,53,88,38,126,923,973,1896,79,93,172,3,5,8,3,0,3,85,98,183,433,590,1023,1166,1829,2995,283,264,547,19394,17041,36435
LGA14200,0,3,3,15,5,20,0,0,0,0,0,0,12,9,21,2121,1845,3966,206,219,425,140,3,143,50,0,50,19,4,23,48,17,65,155,130,285,2766,2235,5001,0,0,0,0,0,0,0,0,0,0,0,0,0,0,0,0,0,0,0,0,0,0,0,0,0,0,0,0,0,0,3,0,3,0,0,0,3,0,3,16,8,24,19,8,27,0,0,0,0,0,0,3,0,3,3,0,3,312,299,611,215,363,578,59,56,115,3374,2961,6335
LGA14250,0,0,0,0,3,3,0,0,0,0,0,0,0,0,0,186,158,344,15,7,22,15,0,15,3,0,3,3,0,3,8,0,8,40,23,63,270,191,461,0,0,0,0,0,0,0,0,0,0,0,0,0,0,0,0,0,0,0,0,0,0,0,0,0,0,0,0,0,0,0,0,0,0,0,0,0,0,0,9,0,9,9,0,9,0,0,0,0,0,0,0,0,0,0,0,0,90,64,154,32,40,72,9,3,12,410,298,708
LGA14300,3,0,3,3,3,6,0,0,0,0,0,0,0,0,0,727,597,1324,81,58,139,31,0,31,10,0,10,5,0,5,13,8,21,82,29,111,955,695,1650,0,0,0,0,0,0,0,0,0,0,0,0,0,0,0,0,0,0,0,0,0,0,0,0,0,0,0,0,0,0,0,0,0,0,0,0,0,0,0,10,4,14,10,4,14,0,0,0,0,0,0,0,0,0,0,0,0,140,90,230,85,141,226,18,17,35,1208,947,2155
LGA14350,0,0,0,20,32,52,0,3,3,0,0,0,5,4,9,3020,2838,5858,271,301,572,198,4,202,54,8,62,57,7,64,44,17,61,204,209,413,3873,3423,7296,0,0,0,0,0,0,0,0,0,0,0,0,0,0,0,0,0,0,0,0,0,0,0,0,0,0,0,0,0,0,0,3,3,0,0,0,0,3,3,42,18,60,42,21,63,0,0,0,0,0,0,3,0,3,3,0,3,312,334,646,456,701,1157,102,89,191,4788,4568,9356
LGA14400,58,45,103,20,13,33,0,0,0,0,0,0,3,3,6,3311,2705,6016,217,251,468,96,0,96,26,6,32,21,5,26,30,10,40,146,146,292,3928,3184,7112,8,12,20,0,3,3,0,0,0,22,8,30,6,6,12,5,3,8,41,32,73,0,0,0,0,0,0,0,5,5,5,0,5,0,0,0,5,5,10,33,20,53,79,57,136,0,3,3,0,0,0,0,0,0,0,3,3,243,313,556,521,732,1253,78,50,128,4849,4339,9188
LGA14450,2676,2705,5381,109,171,280,3,3,6,4,4,8,35,15,50,8123,5475,13598,364,759,1123,200,0,200,95,7,102,61,5,66,73,42,115,383,569,952,12126,9755,21881,388,411,799,5,0,5,3,9,12,201,171,372,52,126,178,22,17,39,671,734,1405,0,0,0,0,0,0,5,9,14,5,18,23,3,0,3,13,27,40,65,36,101,749,797,1546,59,84,143,3,0,3,7,0,7,69,84,153,358,492,850,846,1371,2217,211,213,424,14359,12712,27071
LGA14500,4238,3108,7346,448,316,764,3,3,6,14,3,17,90,23,113,13910,11421,25331,524,1125,1649,156,4,160,203,18,221,273,27,300,159,69,228,562,587,1149,20580,16704,37284,462,403,865,0,4,4,0,0,0,924,595,1519,193,277,470,93,17,110,1672,1296,2968,0,0,0,0,4,4,42,30,72,15,19,34,3,0,3,60,53,113,159,69,228,1891,1418,3309,164,118,282,3,0,3,23,7,30,190,125,315,1809,2183,3992,1768,3149,4917,251,237,488,26489,23816,50305
LGA14550,0,0,0,8,5,13,0,0,0,0,0,0,0,0,0,1029,917,1946,87,84,171,69,3,72,25,0,25,8,4,12,20,11,31,119,113,232,1365,1137,2502,0,0,0,0,0,0,0,0,0,0,0,0,0,0,0,0,0,0,0,0,0,0,0,0,0,0,0,0,0,0,0,0,0,0,0,0,0,0,0,17,7,24,17,7,24,0,0,0,0,0,0,0,0,0,0,0,0,281,214,495,126,212,338,37,28,65,1826,1598,3424
LGA14600,0,0,0,31,12,43,0,0,0,0,0,0,0,0,0,785,733,1518,107,70,177,51,3,54,8,3,11,10,4,14,49,10,59,119,122,241,1160,957,2117,0,0,0,0,0,0,0,0,0,0,0,0,0,0,0,0,0,0,0,0,0,0,0,0,0,0,0,3,3,6,3,0,3,0,0,0,6,3,9,14,3,17,20,6,26,0,0,0,3,0,3,3,0,3,6,0,6,246,173,419,78,127,205,42,38,80,1552,1301,2853
LGA14650,280,251,531,412,503,915,8,4,12,5,0,5,51,25,76,32060,26633,58693,2289,2244,4533,1022,34,1056,479,47,526,332,42,374,197,89,286,698,650,1348,37833,30522,68355,58,36,94,3,0,3,0,0,0,104,94,198,34,38,72,22,5,27,221,173,394,0,6,6,0,0,0,19,28,47,35,60,95,10,13,23,64,107,171,312,144,456,597,424,1021,33,25,58,10,5,15,12,5,17,55,35,90,1089,1701,2790,3833,6263,10096,656,585,1241,44063,39530,83593
LGA14700,461,376,837,1390,1455,2845,113,42,155,7,0,7,40,18,58,4110,3390,7500,188,390,578,48,3,51,139,16,155,210,28,238,40,25,65,395,411,806,7141,6154,13295,167,181,348,13,3,16,0,0,0,74,61,135,12,19,31,7,3,10,273,267,540,10,5,15,0,0,0,43,40,83,14,43,57,10,12,22,77,100,177,75,43,118,425,410,835,36,25,61,10,7,17,9,7,16,55,39,94,448,548,996,504,965,1469,71,75,146,8644,8191,16835
LGA14750,0,0,0,13,0,13,3,0,3,0,0,0,4,3,7,1711,1392,3103,174,140,314,51,0,51,11,3,14,33,6,39,24,12,36,140,101,241,2164,1657,3821,0,0,0,0,0,0,0,0,0,0,0,0,0,0,0,0,0,0,0,0,0,0,0,0,0,0,0,0,0,0,0,0,0,0,0,0,0,0,0,19,8,27,19,8,27,0,0,0,0,0,0,0,0,0,0,0,0,143,109,252,170,281,451,53,51,104,2549,2106,4655
LGA14800,168,134,302,2445,3198,5643,371,275,646,200,183,383,132,107,239,6249,5879,12128,338,667,1005,103,4,107,358,80,438,636,192,828,100,53,153,735,882,1617,11835,11654,23489,348,413,761,19,32,51,15,8,23,20,23,43,8,15,23,16,5,21,426,496,922,55,74,129,11,14,25,50,59,109,19,48,67,54,57,111,189,252,441,154,133,287,769,881,1650,61,66,127,52,33,85,14,10,24,127,109,236,778,1024,1802,851,1728,2579,129,117,246,14489,15513,30002
LGA14850,4,4,8,59,52,111,3,3,6,3,0,3,21,17,38,6259,5923,12182,506,665,1171,299,13,312,137,17,154,101,17,118,84,33,117,385,325,710,7861,7069,14930,0,0,0,0,0,0,0,0,0,0,3,3,0,0,0,0,0,0,0,3,3,0,0,0,0,0,0,3,0,3,3,7,10,4,3,7,10,10,20,75,61,136,85,74,159,7,0,7,3,3,6,7,0,7,17,3,20,542,555,1097,758,1276,2034,145,111,256,9408,9088,18496
LGA14870,27,21,48,15,21,36,0,0,0,0,0,0,21,25,46,3083,2349,5432,227,211,438,121,4,125,18,4,22,17,5,22,23,11,34,190,157,347,3742,2808,6550,3,5,8,0,0,0,0,0,0,11,5,16,0,4,4,3,0,3,17,14,31,0,0,0,0,0,0,0,0,0,0,0,0,0,3,3,0,3,3,17,11,28,34,28,62,0,6,6,0,0,0,0,0,0,0,6,6,140,185,325,408,577,985,71,61,132,4395,3665,8060
LGA14900,2046,2208,4254,454,774,1228,6,0,6,3,3,6,83,25,108,28502,19233,47735,1832,2484,4316,1326,24,1350,221,20,241,229,21,250,293,105,398,843,819,1662,35838,25716,61554,520,588,1108,5,0,5,10,7,17,803,704,1507,128,362,490,26,17,43,1492,1678,3170,0,0,0,0,0,0,25,46,71,21,76,97,11,6,17,57,128,185,221,91,312,1770,1897,3667,206,193,399,4,12,16,5,4,9,215,209,424,665,1188,1853,2104,3341,5445,912,713,1625,41504,33064,74568
LGA14920,3,0,3,6,7,13,0,0,0,0,0,0,3,0,3,938,804,1742,84,42,126,85,0,85,15,0,15,0,3,3,25,16,41,155,91,246,1314,963,2277,0,0,0,0,0,0,0,0,0,0,0,0,0,0,0,0,0,0,0,0,0,0,0,0,0,0,0,0,0,0,0,0,0,3,0,3,3,0,3,11,5,16,14,5,19,0,0,0,0,0,0,0,0,0,0,0,0,223,177,400,144,163,307,48,29,77,1743,1337,3080
LGA14950,0,0,0,0,4,4,0,0,0,3,0,3,0,0,0,370,305,675,20,24,44,38,0,38,3,0,3,0,0,0,28,6,34,60,51,111,522,390,912,0,0,0,0,0,0,0,0,0,0,0,0,0,0,0,0,0,0,0,0,0,0,0,0,0,0,0,0,3,3,0,0,0,0,0,0,0,3,3,5,3,8,5,6,11,0,0,0,3,0,3,0,0,0,3,0,3,149,90,239,50,84,134,19,13,32,748,583,1331
LGA15050,203,215,418,57,84,141,5,0,5,0,0,0,11,20,31,12290,9581,21871,996,832,1828,352,8,360,149,15,164,89,11,100,72,27,99,267,277,544,14491,11070,25561,19,17,36,0,0,0,0,0,0,53,45,98,19,14,33,20,3,23,111,79,190,0,0,0,0,0,0,3,0,3,6,7,13,3,0,3,12,7,19,182,62,244,305,148,453,21,12,33,0,3,3,4,0,4,25,15,40,329,611,940,1537,2258,3795,248,151,399,16935,14253,31188
LGA15150,17,18,35,1304,1266,2570,1157,761,1918,3,3,6,41,27,68,4743,3748,8491,259,411,670,80,5,85,204,26,230,238,88,326,92,34,126,431,558,989,8569,6945,15514,81,71,152,238,225,463,0,0,0,5,3,8,0,5,5,0,3,3,324,307,631,154,170,324,0,0,0,47,54,101,20,31,51,21,8,29,242,263,505,202,77,279,768,647,1415,124,98,222,19,23,42,22,3,25,165,124,289,617,782,1399,659,1188,1847,104,95,199,10882,9781,20663
LGA15200,4312,4281,8593,1492,2201,3693,7,0,7,16,14,30,99,82,181,8308,6694,15002,496,846,1342,173,3,176,379,113,492,965,434,1399,100,73,173,1062,1251,2313,17409,15992,33401,639,696,1335,12,3,15,11,17,28,151,190,341,52,100,152,97,55,152,962,1061,2023,0,3,3,6,3,9,22,58,80,18,46,64,40,49,89,86,159,245,120,72,192,1168,1292,2460,122,109,231,11,13,24,13,5,18,146,127,273,748,852,1600,1354,2329,3683,279,181,460,21104,20773,41877
LGA15270,4,0,4,19,15,34,0,0,0,0,0,0,8,12,20,3209,2534,5743,378,266,644,186,13,199,47,11,58,38,5,43,46,28,74,206,255,461,4141,3139,7280,0,0,0,0,0,0,0,0,0,5,0,5,0,0,0,0,0,0,5,0,5,0,0,0,0,0,0,0,0,0,4,0,4,0,0,0,4,0,4,51,19,70,60,19,79,0,0,0,0,0,0,7,3,10,7,3,10,375,353,728,505,598,1103,91,70,161,5179,4182,9361
LGA15300,3,0,3,11,10,21,0,0,0,0,0,0,5,4,9,2028,1600,3628,202,164,366,137,6,143,38,6,44,26,4,30,53,20,73,213,164,377,2716,1978,4694,0,0,0,0,0,0,0,0,0,0,0,0,0,0,0,0,0,0,0,0,0,0,0,0,0,0,0,0,0,0,0,0,0,0,0,0,0,0,0,30,16,46,30,16,46,0,0,0,0,0,0,4,0,4,4,0,4,235,262,497,200,260,460,65,50,115,3250,2566,5816
LGA15350,31,21,52,1217,1241,2458,364,192,556,3,4,7,56,22,78,3133,2425,5558,146,290,436,28,0,28,128,17,145,114,22,136,56,30,86,320,346,666,5596,4610,10206,100,99,199,48,36,84,0,0,0,8,9,17,3,8,11,3,0,3,162,152,314,131,106,237,0,0,0,22,30,52,17,32,49,14,15,29,184,183,367,72,43,115,418,378,796,64,72,136,23,23,46,10,3,13,97,98,195,473,586,1059,404,694,1098,64,68,132,7052,6434,13486
LGA15500,0,3,3,4,3,7,4,0,4,0,0,0,0,3,3,1036,892,1928,80,54,134,30,0,30,16,0,16,27,0,27,13,8,21,70,67,137,1280,1030,2310,0,0,0,0,0,0,0,0,0,0,0,0,0,0,0,0,0,0,0,0,0,0,0,0,0,0,0,0,0,0,0,3,3,0,0,0,0,3,3,14,3,17,14,6,20,0,0,0,0,0,0,0,0,0,0,0,0,174,137,311,138,208,346,35,35,70,1641,1416,3057
LGA15550,0,0,0,0,0,0,0,0,0,0,0,0,0,0,0,336,269,605,52,25,77,10,0,10,0,0,0,0,0,0,13,0,13,74,27,101,485,321,806,0,0,0,0,0,0,0,0,0,0,0,0,0,0,0,0,0,0,0,0,0,0,0,0,0,0,0,0,0,0,0,0,0,0,0,0,0,0,0,10,0,10,10,0,10,0,0,0,0,0,0,0,0,0,0,0,0,66,57,123,43,61,104,9,11,20,613,450,1063
LGA15650,5,0,5,10,6,16,3,3,6,0,0,0,0,12,12,2966,2025,4991,292,209,501,69,0,69,59,15,74,11,5,16,30,13,43,152,155,307,3597,2443,6040,0,0,0,3,0,3,0,0,0,0,0,0,0,0,0,0,0,0,3,0,3,0,0,0,0,0,0,3,0,3,0,0,0,0,0,0,3,0,3,31,14,45,37,14,51,0,0,0,0,0,0,4,0,4,4,0,4,125,160,285,429,455,884,78,60,138,4270,3132,7402
LGA15700,0,3,3,24,17,41,3,0,3,4,0,4,3,5,8,1903,1853,3756,169,171,340,159,4,163,37,5,42,19,4,23,30,18,48,129,148,277,2480,2228,4708,0,0,0,0,0,0,0,0,0,0,0,0,0,0,0,0,0,0,0,0,0,0,0,0,0,0,0,3,3,6,3,3,6,0,3,3,6,9,15,25,8,33,31,17,48,0,0,0,0,0,0,0,0,0,0,0,0,258,234,492,271,412,683,54,40,94,3094,2931,6025
LGA15750,0,0,0,27,11,38,0,0,0,0,0,0,5,3,8,2035,1625,3660,228,122,350,151,3,154,19,7,26,23,3,26,33,22,55,162,154,316,2683,1950,4633,0,0,0,0,0,0,0,0,0,0,0,0,0,3,3,0,0,0,0,3,3,0,0,0,0,0,0,3,0,3,0,0,0,3,0,3,6,0,6,21,13,34,27,16,43,0,0,0,0,0,0,3,0,3,3,0,3,267,284,551,175,305,480,75,52,127,3230,2607,5837
LGA15800,0,3,3,8,3,11,0,0,0,0,0,0,0,0,0,777,659,1436,86,61,147,48,7,55,6,0,6,17,3,20,23,6,29,79,85,164,1044,827,1871,0,0,0,0,0,0,0,0,0,0,0,0,0,0,0,0,0,0,0,0,0,0,0,0,0,0,0,0,0,0,0,0,0,0,0,0,0,0,0,8,3,11,8,3,11,0,0,0,0,0,0,0,0,0,0,0,0,158,100,258,89,159,248,33,21,54,1332,1110,2442
LGA15850,0,0,0,9,0,9,0,0,0,0,0,0,0,4,4,908,764,1672,77,52,129,88,3,91,19,4,23,9,3,12,23,8,31,98,88,186,1231,926,2157,0,0,0,0,0,0,0,0,0,0,0,0,0,0,0,0,0,0,0,0,0,0,0,0,0,0,0,0,0,0,3,0,3,0,0,0,3,0,3,4,6,10,7,6,13,0,0,0,0,3,3,0,0,0,0,3,3,187,146,333,121,152,273,31,15,46,1577,1248,2825
LGA15900,316,207,523,650,892,1542,46,32,78,0,0,0,74,85,159,25009,20927,45936,1828,2072,3900,497,10,507,547,76,623,1014,265,1279,195,73,268,1327,1388,2715,31503,26027,57530,41,34,75,9,0,9,0,0,0,43,35,78,25,25,50,33,15,48,151,109,260,10,22,32,0,0,0,24,81,105,50,58,108,14,24,38,98,185,283,267,157,424,516,451,967,33,34,67,17,25,42,19,12,31,69,71,140,806,1192,1998,3344,5323,8667,505,447,952,36743,33511,70254
LGA15950,2543,2379,4922,2767,3266,6033,455,329,784,5,8,13,149,105,254,6428,5530,11958,369,722,1091,56,5,61,226,58,284,389,90,479,167,81,248,2237,2266,4503,15791,14839,30630,418,463,881,114,96,210,4,0,4,39,30,69,34,44,78,39,32,71,648,665,1313,75,133,208,0,0,0,49,43,92,31,37,68,50,42,92,205,255,460,130,83,213,983,1003,1986,120,114,234,15,18,33,9,11,20,144,143,287,992,1048,2040,942,1663,2605,123,121,244,18975,18817,37792
LGA16100,4,0,4,9,3,12,0,0,0,0,0,0,0,0,0,837,609,1446,70,56,126,56,0,56,9,0,9,14,0,14,19,10,29,51,53,104,1069,731,1800,0,0,0,0,0,0,0,0,0,0,0,0,0,0,0,0,0,0,0,0,0,0,0,0,0,0,0,0,0,0,0,0,0,0,0,0,0,0,0,5,5,10,5,5,10,0,0,0,0,0,0,3,0,3,3,0,3,114,101,215,108,140,248,19,22,41,1318,999,2317
LGA16150,0,7,7,111,50,161,0,3,3,0,0,0,30,30,60,6221,5429,11650,711,649,1360,225,10,235,65,9,74,88,12,100,53,34,87,415,294,709,7919,6527,14446,3,0,3,0,0,0,0,0,0,3,0,3,0,0,0,0,0,0,6,0,6,0,0,0,0,0,0,21,3,24,6,9,15,3,3,6,30,15,45,50,42,92,86,57,143,0,0,0,0,0,0,6,3,9,6,3,9,200,336,536,754,1106,1860,140,114,254,9105,8143,17248
LGA16180,3,3,6,11,9,20,3,0,3,0,0,0,3,0,3,2733,2268,5001,165,267,432,153,9,162,54,4,58,18,6,24,30,12,42,136,130,266,3309,2708,6017,3,0,3,0,0,0,0,0,0,3,0,3,0,0,0,0,0,0,6,0,6,0,0,0,0,0,0,0,6,6,4,4,8,0,3,3,4,13,17,36,45,81,46,58,104,3,0,3,0,0,0,3,3,6,6,3,9,252,301,553,309,509,818,61,63,124,3983,3642,7625
LGA16200,5,0,5,42,12,54,0,0,0,0,0,0,9,15,24,1954,1651,3605,220,183,403,110,3,113,24,3,27,31,0,31,41,14,55,198,177,375,2634,2058,4692,0,0,0,0,0,0,0,0,0,0,0,0,0,0,0,0,0,0,0,0,0,0,0,0,0,0,0,8,3,11,0,0,0,0,0,0,8,3,11,29,10,39,37,13,50,0,0,0,3,0,3,3,0,3,6,0,6,269,228,497,269,414,683,57,46,103,3272,2759,6031
LGA16250,5528,4451,9979,1291,1679,2970,28,14,42,15,5,20,109,52,161,23658,15310,38968,1386,2170,3556,750,12,762,328,31,359,261,39,300,230,85,315,1396,1585,2981,34980,25433,60413,1220,1280,2500,4,8,12,25,13,38,503,355,858,162,269,431,87,35,122,2001,1960,3961,3,0,3,0,0,0,88,76,164,34,98,132,13,20,33,138,194,332,206,93,299,2345,2247,4592,261,274,535,15,11,26,15,6,21,291,291,582,809,1011,1820,2230,3333,5563,704,477,1181,41359,32792,74151
LGA16350,2314,2400,4714,252,444,696,8,0,8,8,8,16,54,44,98,31681,24754,56435,2285,2482,4767,1737,33,1770,378,38,416,233,31,264,208,103,311,688,706,1394,39846,31043,70889,536,541,1077,0,0,0,6,4,10,806,777,1583,195,297,492,76,20,96,1619,1639,3258,0,0,0,0,0,0,5,21,26,24,57,81,4,3,7,33,81,114,284,105,389,1936,1825,3761,243,226,469,5,7,12,13,3,16,261,236,497,858,1574,2432,3092,5102,8194,805,649,1454,46798,40429,87227
LGA16370,25,13,38,876,784,1660,16,5,21,8,3,11,29,15,44,9569,7898,17467,436,632,1068,354,3,357,185,15,200,132,25,157,124,53,177,447,454,901,12201,9900,22101,35,13,48,0,0,0,0,0,0,56,30,86,5,6,11,4,0,4,100,49,149,6,8,14,0,0,0,111,91,202,29,39,68,13,6,19,159,144,303,177,95,272,436,288,724,25,18,43,17,19,36,24,10,34,66,47,113,1122,1470,2592,1022,1704,2726,215,216,431,15062,13625,28687
LGA16380,17,6,23,46,71,117,0,5,5,0,3,3,20,28,48,9593,8804,18397,712,982,1694,401,7,408,222,24,246,110,29,139,93,44,137,512,488,1000,11726,10491,22217,0,4,4,0,0,0,0,0,0,0,0,0,0,0,0,0,0,0,0,4,4,0,0,0,0,0,0,0,6,6,8,10,18,0,0,0,8,16,24,125,70,195,133,90,223,0,0,0,0,3,3,10,4,14,10,7,17,720,843,1563,1181,1990,3171,231,200,431,14001,13621,27622
LGA16400,17,11,28,109,110,219,3,7,10,0,3,3,6,9,15,10329,7950,18279,710,731,1441,335,21,356,160,15,175,107,20,127,88,40,128,403,364,767,12267,9281,21548,7,0,7,0,0,0,0,0,0,9,10,19,5,0,5,3,0,3,24,10,34,5,0,5,0,0,0,5,10,15,4,19,23,3,0,3,17,29,46,122,90,212,163,129,292,8,3,11,5,11,16,4,0,4,17,14,31,430,701,1131,1259,1958,3217,215,173,388,14351,12256,26607
LGA16470,7,4,11,122,164,286,4,0,4,0,0,0,25,28,53,8224,6928,15152,622,872,1494,237,6,243,178,17,195,134,14,148,75,31,106,234,257,491,9862,8321,18183,0,0,0,0,0,0,0,0,0,0,0,0,5,0,5,0,0,0,5,0,5,0,0,0,0,0,0,11,17,28,15,22,37,3,6,9,29,45,74,88,53,141,122,98,220,0,0,0,3,3,6,9,8,17,12,11,23,159,291,450,771,1183,1954,136,121,257,11062,10025,21087
LGA16550,164,156,320,5703,7259,12962,4,5,9,0,5,5,157,99,256,15799,12096,27895,938,1678,2616,384,12,396,630,125,755,963,248,1211,189,132,321,1721,2154,3875,26652,23969,50621,1012,966,1978,0,0,0,3,3,6,57,48,105,12,41,53,12,3,15,1096,1061,2157,18,9,27,14,19,33,175,206,381,59,160,219,104,78,182,370,472,842,152,110,262,1618,1643,3261,106,97,203,43,28,71,16,3,19,165,128,293,1066,1428,2494,2074,3530,5604,372,375,747,31947,31073,63020
LGA16610,0,0,0,19,16,35,4,0,4,5,0,5,3,6,9,2901,2396,5297,247,236,483,165,6,171,48,9,57,82,18,100,27,9,36,197,161,358,3698,2857,6555,0,0,0,0,0,0,0,0,0,0,0,0,0,0,0,0,0,0,0,0,0,0,0,0,0,0,0,0,0,0,3,3,6,0,0,0,3,3,6,29,14,43,32,17,49,0,0,0,0,0,0,3,3,6,3,3,6,250,254,504,326,515,841,79,61,140,4388,3707,8095
LGA16650,4178,4012,8190,368,634,1002,3,4,7,4,10,14,82,38,120,13870,8913,22783,688,1365,2053,435,11,446,188,17,205,126,19,145,151,70,221,578,730,1308,20671,15823,36494,814,932,1746,11,5,16,9,17,26,278,291,569,59,158,217,44,29,73,1215,1432,2647,0,0,0,0,0,0,18,27,45,12,39,51,3,3,6,33,69,102,105,44,149,1353,1545,2898,136,138,274,4,3,7,8,0,8,148,141,289,494,598,1092,1357,2065,3422,429,327,756,24452,20499,44951
LGA16700,2358,2172,4530,2260,2636,4896,83,57,140,8,7,15,53,29,82,14888,11350,26238,682,1435,2117,341,0,341,317,34,351,274,31,305,131,60,191,1037,874,1911,22432,18685,41117,523,508,1031,5,4,9,5,9,14,189,146,335,67,104,171,37,17,54,826,788,1614,7,7,14,3,0,3,101,111,212,30,91,121,23,21,44,164,230,394,140,94,234,1130,1112,2242,96,105,201,16,19,35,13,3,16,125,127,252,827,992,1819,1554,2772,4326,283,263,546,26351,23951,50302
LGA16900,149,100,249,118,117,235,3,0,3,0,0,0,5,14,19,10893,8587,19480,798,772,1570,337,7,344,145,16,161,86,10,96,66,28,94,183,251,434,12783,9902,22685,8,13,21,0,0,0,0,0,0,87,37,124,27,13,40,5,3,8,127,66,193,0,0,0,0,0,0,10,5,15,6,14,20,3,0,3,19,19,38,80,49,129,226,134,360,19,16,35,0,3,3,8,3,11,27,22,49,226,373,599,1333,1939,3272,231,214,445,14826,12584,27410
LGA16950,55,25,80,55,53,108,8,0,8,3,0,3,17,25,42,11982,10247,22229,923,1062,1985,593,15,608,193,21,214,201,33,234,140,57,197,678,573,1251,14848,12111,26959,3,7,10,0,0,0,0,0,0,23,13,36,9,0,9,0,5,5,35,25,60,4,0,4,0,0,0,7,0,7,5,0,5,0,0,0,16,0,16,127,68,195,178,93,271,11,5,16,3,0,3,7,5,12,21,10,31,758,1054,1812,1618,2601,4219,289,265,554,17712,16134,33846
LGA17000,5,4,9,24,7,31,0,3,3,0,0,0,6,4,10,4502,3178,7680,441,270,711,138,7,145,76,10,86,30,3,33,60,15,75,243,155,398,5525,3656,9181,0,0,0,0,0,0,0,0,0,3,6,9,0,0,0,0,0,0,3,6,9,0,0,0,0,0,0,3,3,6,0,3,3,3,0,3,6,6,12,69,11,80,78,23,101,3,0,3,0,0,0,5,0,5,8,0,8,209,279,488,735,669,1404,125,89,214,6680,4716,11396
LGA17050,5,6,11,13,8,21,0,0,0,0,0,0,0,0,0,1107,950,2057,135,104,239,31,3,34,6,0,6,5,5,10,45,26,71,225,198,423,1572,1300,2872,0,0,0,0,0,0,0,0,0,28,9,37,7,6,13,3,0,3,38,15,53,0,0,0,0,0,0,0,0,0,0,0,0,0,3,3,0,3,3,24,5,29,62,23,85,12,0,12,0,0,0,3,3,6,15,3,18,195,178,373,229,235,464,33,26,59,2106,1765,3871
LGA17100,1869,1619,3488,148,156,304,0,3,3,0,0,0,20,10,30,4897,2995,7892,273,437,710,116,0,116,49,8,57,42,9,51,52,26,78,240,241,481,7706,5504,13210,395,383,778,6,0,6,5,6,11,107,59,166,48,88,136,12,8,20,573,544,1117,0,0,0,0,0,0,5,6,11,6,15,21,3,3,6,14,24,38,37,18,55,624,586,1210,68,60,128,0,3,3,3,0,3,71,63,134,225,306,531,436,719,1155,143,108,251,9205,7286,16491
LGA17150,5213,5452,10665,200,272,472,14,7,21,7,10,17,66,38,104,37286,29875,67161,1946,2444,4390,1171,10,1181,438,35,473,384,64,448,298,115,413,991,1323,2314,48014,39645,87659,548,510,1058,12,7,19,7,8,15,1354,1192,2546,256,441,697,112,29,141,2289,2187,4476,3,0,3,0,3,3,3,20,23,7,37,44,4,5,9,17,65,82,314,120,434,2620,2372,4992,220,198,418,0,4,4,23,7,30,243,209,452,1745,2623,4368,4196,7353,11549,769,675,1444,57587,52877,110464
LGA17200,6685,5298,11983,6046,6762,12808,38,21,59,199,142,341,698,539,1237,13338,8690,22028,897,1535,2432,170,9,179,935,218,1153,2106,808,2914,497,236,733,13294,11199,24493,44903,35457,80360,1352,1235,2587,12,10,22,47,32,79,91,56,147,60,65,125,179,106,285,1741,1504,3245,18,23,41,23,31,54,62,54,116,44,59,103,147,158,305,294,325,619,266,138,404,2301,1967,4268,236,176,412,38,33,71,36,20,56,310,229,539,2116,1741,3857,3020,3890,6910,460,403,863,53110,43687,96797
LGA17310,6,0,6,54,48,102,4,3,7,0,0,0,32,25,57,8676,7955,16631,807,827,1634,513,14,527,167,20,187,93,18,111,106,40,146,537,365,902,10995,9315,20310,3,0,3,0,0,0,0,0,0,4,0,4,0,0,0,0,3,3,7,3,10,0,0,0,0,0,0,0,0,0,3,7,10,0,0,0,3,7,10,86,35,121,96,45,141,4,0,4,0,0,0,5,3,8,9,3,12,744,804,1548,950,1541,2491,205,189,394,12999,11897,24896
LGA17350,0,3,3,10,3,13,0,0,0,0,0,0,0,4,4,740,623,1363,84,44,128,35,3,38,16,0,16,11,3,14,32,8,40,85,93,178,1013,784,1797,0,0,0,0,0,0,0,0,0,0,0,0,0,0,0,0,0,0,0,0,0,0,0,0,0,0,0,0,0,0,0,0,0,0,0,0,0,0,0,16,0,16,16,0,16,0,0,0,0,0,0,4,0,4,4,0,4,149,134,283,88,144,232,22,20,42,1292,1082,2374
LGA17400,3,0,3,10,11,21,3,0,3,0,0,0,3,0,3,740,657,1397,93,72,165,84,6,90,20,3,23,7,4,11,16,8,24,98,93,191,1077,854,1931,0,0,0,0,0,0,0,0,0,0,0,0,0,0,0,0,0,0,0,0,0,0,0,0,0,0,0,0,0,0,0,0,0,0,0,0,0,0,0,9,5,14,9,5,14,0,0,0,0,3,3,0,0,0,0,3,3,181,152,333,102,154,256,27,21,48,1396,1189,2585
LGA17420,591,474,1065,3381,3065,6446,3,6,9,3,5,8,80,35,115,31125,24583,55708,1340,2264,3604,848,17,865,346,29,375,199,19,218,239,97,336,602,569,1171,38757,31163,69920,478,382,860,0,3,3,3,0,3,633,359,992,80,130,210,15,3,18,1209,877,2086,3,3,6,0,3,3,388,321,709,116,205,321,26,7,33,533,539,1072,243,122,365,1985,1538,3523,195,156,351,16,20,36,15,8,23,226,184,410,2003,2790,4793,2696,4977,7673,525,511,1036,46192,41163,87355
LGA17450,0,0,0,4,3,7,3,0,3,0,0,0,0,0,0,467,341,808,43,22,65,30,5,35,5,0,5,3,3,6,15,3,18,53,58,111,623,435,1058,0,0,0,0,0,0,0,0,0,0,0,0,0,0,0,0,0,0,0,0,0,0,0,0,0,0,0,0,0,0,0,0,0,0,0,0,0,0,0,4,3,7,4,3,7,0,0,0,0,0,0,4,0,4,4,0,4,128,78,206,64,79,143,15,12,27,838,607,1445
LGA17500,3,0,3,4,4,8,3,0,3,3,0,3,3,4,7,1786,1334,3120,213,152,365,108,3,111,18,5,23,12,0,12,20,9,29,151,139,290,2324,1650,3974,0,0,0,0,0,0,0,0,0,0,0,0,0,0,0,0,0,0,0,0,0,0,0,0,0,0,0,5,0,5,0,0,0,0,0,0,5,0,5,19,8,27,24,8,32,0,0,0,0,0,0,3,0,3,3,0,3,156,138,294,195,273,468,41,46,87,2743,2115,4858
LGA17550,26,13,39,159,160,319,11,3,14,6,4,10,12,12,24,11331,10277,21608,795,932,1727,534,19,553,180,16,196,213,70,283,158,69,227,509,545,1054,13934,12120,26054,3,4,7,0,0,0,0,0,0,38,17,55,4,0,4,6,0,6,51,21,72,0,0,0,0,0,0,3,7,10,9,19,28,7,5,12,19,31,50,136,62,198,206,114,320,10,11,21,5,4,9,10,3,13,25,18,43,799,1079,1878,1463,2305,3768,319,284,603,16746,15920,32666
LGA17620,0,0,0,9,10,19,0,0,0,0,0,0,3,6,9,2258,1768,4026,237,155,392,122,6,128,31,9,40,13,5,18,50,20,70,228,204,432,2951,2183,5134,0,0,0,0,0,0,0,4,4,0,0,0,0,0,0,0,0,0,0,4,4,0,0,0,0,0,0,4,6,10,0,0,0,0,0,0,4,6,10,35,12,47,39,22,61,0,0,0,0,0,0,0,0,0,0,0,0,261,289,550,298,356,654,74,53,127,3623,2903,6526
LGA17640,4,4,8,3,4,7,0,0,0,0,0,0,0,0,0,1046,859,1905,90,88,178,124,9,133,26,4,30,3,3,6,25,8,33,85,80,165,1406,1059,2465,0,0,0,0,0,0,0,0,0,0,0,0,0,0,0,0,0,0,0,0,0,0,0,0,0,0,0,0,4,4,0,0,0,0,0,0,0,4,4,16,9,25,16,13,29,0,0,0,0,0,0,0,0,0,0,0,0,332,240,572,120,212,332,39,36,75,1913,1560,3473
LGA17650,0,0,0,8,7,15,0,0,0,0,0,0,0,3,3,878,803,1681,59,80,139,65,4,69,27,0,27,11,0,11,10,11,21,77,60,137,1135,968,2103,0,0,0,0,0,0,0,0,0,0,0,0,0,0,0,0,0,0,0,0,0,0,0,0,0,0,0,3,0,3,3,0,3,0,0,0,6,0,6,14,3,17,20,3,23,0,0,0,0,0,0,0,0,0,0,0,0,154,147,301,104,160,264,19,24,43,1432,1302,2734
LGA17700,0,0,0,3,0,3,0,0,0,0,0,0,0,0,0,131,103,234,9,13,22,16,3,19,0,0,0,3,3,6,7,0,7,29,15,44,198,137,335,0,0,0,0,0,0,0,0,0,0,0,0,0,0,0,0,0,0,0,0,0,0,0,0,0,0,0,0,0,0,0,0,0,0,0,0,0,0,0,3,0,3,3,0,3,0,0,0,0,0,0,3,0,3,3,0,3,70,35,105,17,29,46,3,0,3,294,201,495
LGA17750,7,4,11,80,89,169,5,3,8,3,0,3,45,35,80,10617,9158,19775,960,975,1935,303,11,314,182,22,204,216,39,255,226,64,290,939,521,1460,13583,10921,24504,3,0,3,0,0,0,0,0,0,0,0,0,0,0,0,0,0,0,3,0,3,0,0,0,0,0,0,0,4,4,0,9,9,0,3,3,0,16,16,75,44,119,78,60,138,0,3,3,0,0,0,9,0,9,9,3,12,483,640,1123,1044,1831,2875,224,194,418,15421,13649,29070
LGA17800,0,0,0,13,3,16,0,0,0,0,0,0,0,0,0,580,419,999,36,36,72,13,0,13,11,3,14,4,0,4,11,7,18,67,52,119,735,520,1255,0,0,0,0,0,0,0,0,0,0,0,0,0,0,0,0,0,0,0,0,0,0,0,0,3,0,3,0,0,0,0,0,0,0,0,0,3,0,3,10,5,15,13,5,18,0,0,0,0,0,0,0,0,0,0,0,0,158,102,260,62,119,181,33,15,48,1001,761,1762
LGA17850,0,0,0,0,0,0,0,0,0,0,0,0,0,0,0,393,325,718,37,25,62,36,3,39,7,4,11,3,0,3,14,3,17,70,46,116,560,406,966,0,0,0,0,0,0,0,0,0,0,0,0,0,0,0,0,0,0,0,0,0,0,0,0,0,0,0,0,0,0,0,0,0,0,0,0,0,0,0,6,4,10,6,4,10,0,0,0,0,0,0,0,0,0,0,0,0,192,153,345,41,65,106,12,12,24,811,640,1451
LGA17900,0,0,0,7,4,11,3,0,3,0,0,0,3,0,3,620,547,1167,58,71,129,56,5,61,15,4,19,15,0,15,20,9,29,179,142,321,976,782,1758,0,0,0,0,0,0,0,0,0,0,0,0,0,0,0,0,0,0,0,0,0,0,0,0,0,0,0,0,0,0,0,0,0,0,0,0,0,0,0,14,0,14,14,0,14,0,0,0,0,0,0,3,3,6,3,3,6,168,136,304,67,107,174,38,23,61,1266,1051,2317
LGA17950,0,0,0,3,0,3,0,0,0,0,0,0,0,0,0,425,317,742,36,26,62,42,3,45,5,0,5,0,5,5,6,6,12,49,44,93,566,401,967,0,0,0,0,0,0,0,0,0,0,0,0,0,0,0,0,0,0,0,0,0,0,0,0,0,0,0,0,0,0,0,0,0,0,0,0,0,0,0,5,0,5,5,0,5,0,0,0,0,0,0,0,0,0,0,0,0,120,86,206,36,57,93,14,19,33,741,563,1304
LGA18000,75,48,123,4113,4131,8244,154,84,238,8,3,11,134,74,208,22547,18506,41053,1304,1875,3179,696,7,703,716,102,818,589,99,688,228,99,327,1142,1145,2287,31706,26173,57879,420,330,750,15,8,23,0,0,0,119,70,189,8,35,43,9,6,15,571,449,1020,133,103,236,0,4,4,255,244,499,89,154,243,60,39,99,537,544,1081,394,160,554,1502,1153,2655,184,129,313,55,54,109,29,9,38,268,192,460,1662,2261,3923,2329,4141,6470,467,429,896,37934,34349,72283
LGA18020,0,0,0,8,3,11,0,0,0,0,0,0,0,0,0,900,925,1825,100,89,189,117,3,120,39,12,51,3,4,7,35,17,52,196,161,357,1398,1214,2612,0,3,3,0,0,0,0,0,0,0,0,0,0,0,0,0,0,0,0,3,3,0,0,0,0,0,0,0,3,3,0,0,0,0,0,0,0,3,3,17,7,24,17,13,30,0,0,0,0,0,0,0,0,0,0,0,0,328,219,547,139,202,341,48,37,85,1930,1685,3615
LGA18050,1290,1228,2518,1249,1710,2959,152,77,229,0,8,8,128,86,214,7620,5831,13451,497,753,1250,140,9,149,588,132,720,585,154,739,101,62,163,842,1059,1901,13192,11109,24301,1795,1885,3680,9,7,16,0,0,0,130,87,217,46,67,113,33,35,68,2013,2081,4094,14,8,22,0,0,0,25,36,61,26,34,60,33,23,56,98,101,199,168,107,275,2279,2289,4568,190,164,354,11,10,21,9,6,15,210,180,390,865,1063,1928,879,1526,2405,229,211,440,17654,16378,34032
LGA18100,0,0,0,6,5,11,0,3,3,0,0,0,3,0,3,369,357,726,37,25,62,43,0,43,5,0,5,4,0,4,19,3,22,61,46,107,547,439,986,0,0,0,0,0,0,0,0,0,0,0,0,0,0,0,0,0,0,0,0,0,0,0,0,0,0,0,0,0,0,0,0,0,0,0,0,0,0,0,9,3,12,9,3,12,0,0,0,0,0,0,0,0,0,0,0,0,173,132,305,53,65,118,19,8,27,801,647,1448
LGA18150,0,0,0,7,8,15,0,0,0,0,0,0,0,0,0,873,869,1742,108,96,204,84,6,90,17,3,20,3,3,6,20,9,29,116,86,202,1228,1080,2308,0,0,0,0,0,0,0,0,0,0,0,0,0,0,0,0,0,0,0,0,0,0,0,0,0,0,0,0,0,0,0,0,0,0,0,0,0,0,0,17,4,21,17,4,21,0,0,0,0,0,0,7,0,7,7,0,7,213,124,337,111,172,283,42,39,81,1618,1419,3037
LGA18200,0,0,0,23,8,31,0,0,0,0,0,0,0,0,0,1012,819,1831,89,67,156,27,0,27,19,0,19,3,3,6,22,3,25,112,78,190,1307,978,2285,0,0,0,0,0,0,0,0,0,0,0,0,0,0,0,0,0,0,0,0,0,0,0,0,0,0,0,0,3,3,0,0,0,0,0,0,0,3,3,6,4,10,6,7,13,0,0,0,0,0,0,0,0,0,0,0,0,186,118,304,108,142,250,30,13,43,1637,1258,2895
LGA18250,2809,2540,5349,1891,1659,3550,3,3,6,6,4,10,78,31,109,7793,5674,13467,380,868,1248,91,5,96,192,23,215,319,43,362,106,50,156,1206,1284,2490,14874,12184,27058,339,366,705,0,0,0,3,3,6,96,85,181,34,66,100,34,24,58,506,544,1050,0,0,0,0,0,0,77,57,134,31,47,78,34,23,57,142,127,269,89,63,152,737,734,1471,52,59,111,11,3,14,12,4,16,75,66,141,909,1115,2024,863,1765,2628,160,175,335,17618,16039,33657
LGA18350,115,69,184,66,52,118,3,3,6,0,0,0,14,11,25,6679,5616,12295,445,479,924,361,17,378,57,7,64,64,16,80,77,59,136,371,335,706,8252,6664,14916,10,20,30,0,0,0,0,0,0,66,29,95,11,14,25,6,6,12,93,69,162,3,0,3,0,0,0,0,3,3,4,9,13,0,0,0,7,12,19,55,22,77,155,103,258,18,12,30,0,3,3,0,0,0,18,15,33,720,867,1587,841,1266,2107,189,170,359,10175,9085,19260
LGA18400,175,163,338,40,34,74,0,0,0,3,0,3,7,10,17,8093,6489,14582,470,435,905,631,8,639,80,6,86,23,3,26,67,30,97,175,158,333,9764,7336,17100,10,16,26,0,0,0,0,0,0,174,139,313,29,30,59,3,0,3,216,185,401,0,0,0,0,0,0,3,0,3,9,13,22,0,0,0,12,13,25,96,29,125,324,227,551,28,13,41,3,0,3,6,0,6,37,13,50,404,688,1092,752,1361,2113,207,179,386,11488,9804,21292
LGA18450,1546,1018,2564,600,795,1395,10,3,13,7,3,10,79,57,136,29813,23661,53474,2103,2531,4634,727,15,742,436,49,485,521,122,643,242,91,333,1286,1326,2612,37370,29671,67041,122,134,256,0,0,0,11,4,15,480,321,801,79,94,173,57,15,72,749,568,1317,0,0,0,0,0,0,40,50,90,30,63,93,22,9,31,92,122,214,323,144,467,1164,834,1998,97,60,157,10,11,21,17,11,28,124,82,206,938,1453,2391,3977,5969,9946,680,590,1270,44253,38599,82852
LGA18500,1354,1228,2582,1041,1250,2291,369,225,594,4,6,10,177,139,316,5859,4580,10439,379,675,1054,55,0,55,260,48,308,262,68,330,108,64,172,1024,1274,2298,10892,9557,20449,374,439,813,32,29,61,0,0,0,66,48,114,26,22,48,28,14,42,526,552,1078,25,20,45,0,3,3,24,23,47,14,24,38,20,13,33,83,83,166,118,62,180,727,697,1424,94,70,164,12,8,20,16,6,22,122,84,206,964,1162,2126,722,1294,2016,146,177,323,13573,12971,26544
LGA18550,685,429,1114,270,380,650,6,0,6,5,0,5,21,16,37,21531,18415,39946,1909,1558,3467,965,24,989,259,18,277,127,15,142,168,74,242,478,508,986,26424,21437,47861,155,98,253,0,0,0,4,0,4,360,248,608,65,74,139,29,5,34,613,425,1038,0,0,0,0,0,0,10,8,18,25,53,78,3,4,7,38,65,103,280,95,375,931,585,1516,123,87,210,13,8,21,8,3,11,144,98,242,825,1318,2143,2718,4439,7157,562,476,1038,31604,28353,59957
LGA18710,0,0,0,40,47,87,0,0,0,0,0,0,5,3,8,2667,2172,4839,186,354,540,191,11,202,29,3,32,6,4,10,34,17,51,163,137,300,3321,2748,6069,0,0,0,0,0,0,0,0,0,0,0,0,0,0,0,3,0,3,3,0,3,0,0,0,0,0,0,18,5,23,6,9,15,0,0,0,24,14,38,44,27,71,71,41,112,3,0,3,0,0,0,5,3,8,8,3,11,305,317,622,334,501,835,60,55,115,4099,3665,7764
LGA18750,0,3,3,12,6,18,0,0,0,0,0,0,4,3,7,1735,1489,3224,167,120,287,110,6,116,17,3,20,13,0,13,29,9,38,144,116,260,2231,1755,3986,0,0,0,0,0,0,0,0,0,0,0,0,0,0,0,0,0,0,0,0,0,0,0,0,0,0,0,0,0,0,3,0,3,0,0,0,3,0,3,23,4,27,26,4,30,0,0,0,0,0,0,3,3,6,3,3,6,220,168,388,191,331,522,43,34,77,2714,2295,5009
LGA19399,0,0,0,4,0,4,0,0,0,0,0,0,0,0,0,114,47,161,8,17,25,4,0,4,17,4,21,19,18,37,28,9,37,57,66,123,251,161,412,0,0,0,0,0,0,0,0,0,0,0,0,0,0,0,0,0,0,0,0,0,0,0,0,0,0,0,0,0,0,0,0,0,0,0,0,0,0,0,8,0,8,8,0,8,0,3,3,0,0,0,3,0,3,3,3,6,101,85,186,25,34,59,11,5,16,399,288,687
LGA19499,133,106,239,86,103,189,9,12,21,0,3,3,12,5,17,952,512,1464,169,100,269,45,3,48,19,3,22,29,13,42,48,19,67,237,149,386,1739,1028,2767,46,37,83,0,4,4,0,0,0,12,8,20,7,4,11,4,4,8,69,57,126,3,0,3,0,0,0,0,3,3,3,5,8,0,0,0,6,8,14,18,4,22,93,69,162,12,5,17,3,3,6,5,0,5,20,8,28,48,48,96,252,259,511,55,31,86,2207,1443,3650
