region_id,Buddhism_M,Buddhism_F,Buddhism_P,Christianity_Anglican_M,Christianity_Anglican_F,Christianity_Anglican_P,Christianity_Asyrin_Apstlic_M,Christianity_Asyrin_Apstlic_F,Christianity_Asyrin_Apstlic_P,Christianity_Baptist_M,Christianity_Baptist_F,Christianity_Baptist_P,Christianity_Brethren_M,Christianity_Brethren_F,Christianity_Brethren_P,Christianity_Catholic_M,Christianity_Catholic_F,Christianity_Catholic_P,Christianity_Churche_Christ_M,Christianity_Churche_Christ_F,Christianity_Churche_Christ_P,Christianity_Eastrn_Orthdox_M,Christianity_Eastrn_Orthdox_F,Christianity_Eastrn_Orthdox_P,Christinty_Jehvahs_Witnses_M,Christinty_Jehvahs_Witnses_F,Christinty_Jehvahs_Witnses_P,Christianity_Lattr_day_Snts_M,Christianity_Lattr_day_Snts_F,Christianity_Lattr_day_Snts_P,Christianity_Lutheran_M,Christianity_Lutheran_F,Christianity_Lutheran_P,Christianity_Orintal_Orthdx_M,Christianity_Orintal_Orthdx_F,Christianity_Orintal_Orthdx_P,Christianity_Othr_Protestnt_M,Christianity_Othr_Protestnt_F,Christianity_Othr_Protestnt_P,Christianity_Pentecostal_M,Christianity_Pentecostal_F,Christianity_Pentecostal_P,Christinty_Prsbytrin_Refrmd_M,Christinty_Prsbytrin_Refrmd_F,Christinty_Prsbytrin_Refrmd_P,Christianity_Salvation_Army_M,Christianity_Salvation_Army_F,Christianity_Salvation_Army_P,Christnty_Sevnth_dy_Advntst_M,Christnty_Sevnth_dy_Advntst_F,Christnty_Sevnth_dy_Advntst_P,Christianity_Uniting_Church_M,Christianity_Uniting_Church_F,Christianity_Uniting_Church_P,Christianity_Christian_nfd_M,Christianity_Christian_nfd_F,Christianity_Christian_nfd_P,Christianity_Othr_Christian_M,Christianity_Othr_Christian_F,Christianity_Othr_Christian_P,Christianity_Tot_M,Christianity_Tot_F,Christianity_Tot_P,Hinduism_M,Hinduism_F,Hinduism_P,Islam_M,Islam_F,Islam_P,Judaism_M,Judaism_F,Judaism_P,Othr_Rel_Aust_Abor_Trad_Rel_M,Othr_Rel_Aust_Abor_Trad_Rel_F,Othr_Rel_Aust_Abor_Trad_Rel_P,Othr_Reln_Other_reln_groups_M,Othr_Reln_Other_reln_groups_F,Othr_Reln_Other_reln_groups_P,Other_Religions_Tot_M,Other_Religions_Tot_F,Other_Religions_Tot_P,No_Religion_M,No_Religion_F,No_Religion_P,Other_religious_affiliation_M,Other_religious_affiliation_F,Other_religious_affiliation_P,Religious_affiliation_ns_M,Religious_affiliation_ns_F,Religious_affiliation_ns_P,Tot_M,Tot_F,Tot_P
LGA10050,214,224,438,4471,5296,9767,0,0,0,265,299,564,51,59,110,6436,7144,13580,33,32,65,177,183,360,55,98,153,23,18,41,693,817,1510,10,6,16,43,45,88,227,308,535,965,1129,2094,65,91,156,103,115,218,1108,1505,2613,417,528,945,22,26,48,15164,17699,32863,240,208,448,134,103,237,6,20,26,0,3,3,103,103,206,103,106,209,5010,4499,9509,267,132,399,1933,1748,3681,23071,24739,47810
LGA10110,129,163,292,2936,3541,6477,0,0,0,95,127,222,95,99,194,2525,2861,5386,21,13,34,32,28,60,39,54,93,17,21,38,54,43,97,5,4,9,12,10,22,81,101,182,551,685,1236,47,74,121,57,93,150,408,518,926,190,230,420,18,15,33,7183,8517,15700,47,53,100,206,145,351,10,8,18,3,3,6,57,74,131,60,77,137,2675,2451,5126,168,84,252,1037,1092,2129,11515,12590,24105
LGA10150,942,1228,2170,1521,1710,3231,0,0,0,198,239,437,5,6,11,5879,6749,12628,4,10,14,735,772,1507,53,57,110,18,24,42,61,67,128,34,27,61,60,61,121,91,146,237,381,516,897,15,25,40,25,33,58,313,459,772,226,283,509,20,31,51,9639,11215,20854,1388,1034,2422,399,294,693,51,68,119,0,4,4,136,141,277,136,145,281,5378,5254,10632,216,125,341,1884,1819,3703,20033,21182,41215
LGA10200,3138,3594,6732,1471,1612,3083,5,3,8,484,548,1032,13,15,28,6526,6954,13480,11,16,27,742,718,1460,85,88,173,47,48,95,45,53,98,119,110,229,93,93,186,301,303,604,813,883,1696,33,51,84,67,71,138,727,798,1525,559,646,1205,38,38,76,12179,13048,25227,2092,1679,3771,9947,8851,18798,20,14,34,0,3,3,472,329,801,472,332,804,5684,5036,10720,181,125,306,4513,2834,7347,38226,35513,73739
LGA10250,214,303,517,4379,5131,9510,0,0,0,250,280,530,15,18,33,4643,5201,9844,20,15,35,51,45,96,105,124,229,25,43,68,71,96,167,0,0,0,18,28,46,216,260,476,944,1109,2053,67,86,153,116,146,262,965,1217,2182,459,529,988,25,35,60,12369,14363,26732,29,19,48,21,18,39,28,21,49,10,11,21,71,102,173,81,113,194,4414,3992,8406,255,195,450,1431,1408,2839,18842,20432,39274
LGA10300,6,12,18,196,182,378,0,0,0,3,3,6,0,0,0,454,444,898,0,4,4,8,7,15,0,4,4,0,0,0,8,6,14,0,0,0,0,0,0,6,14,20,88,107,195,0,0,0,0,0,0,52,52,104,30,32,62,0,0,0,845,855,1700,3,0,3,5,0,5,0,0,0,0,0,0,0,0,0,0,0,0,172,138,310,0,3,3,144,101,245,1175,1109,2284
LGA10350,6205,7123,13328,8707,9846,18553,27,19,46,1429,1635,3064,28,32,60,24734,26408,51142,63,88,151,7739,7677,15416,172,257,429,205,240,445,262,267,529,735,692,1427,292,341,633,756,901,1657,1433,1532,2965,118,183,301,133,174,307,1484,1792,3276,996,1117,2113,144,164,308,49457,53365,102822,859,810,1669,17602,17195,34797,35,31,66,5,0,5,543,544,1087,548,544,1092,8165,6948,15113,335,205,540,6721,6204,12925,89927,92425,182352
LGA10470,127,143,270,4222,4708,8930,0,0,0,267,301,568,93,85,178,6325,6797,13122,8,23,31,84,81,165,71,87,158,30,31,61,64,68,132,5,4,9,29,30,59,102,97,199,834,929,1763,56,83,139,21,40,61,854,947,1801,296,298,594,7,5,12,13368,14614,27982,35,44,79,55,50,105,8,4,12,6,6,12,56,74,130,62,80,142,3355,2811,6166,201,87,288,2116,1358,3474,19327,19191,38518
LGA10550,141,233,374,4098,4630,8728,0,0,0,192,200,392,0,3,3,3127,3279,6406,11,17,28,59,46,105,74,134,208,34,22,56,97,118,215,0,0,0,15,18,33,29,46,75,518,548,1066,50,64,114,54,71,125,634,834,1468,289,352,641,9,19,28,9290,10401,19691,21,18,39,18,10,28,10,15,25,5,3,8,51,97,148,56,100,156,4538,4002,8540,179,134,313,1432,1352,2784,15685,16265,31950
LGA10600,116,153,269,1413,1520,2933,0,0,0,36,40,76,0,3,3,949,1061,2010,8,5,13,3,8,11,18,14,32,0,5,5,19,28,47,0,0,0,5,7,12,53,67,120,198,193,391,8,13,21,22,22,44,385,460,845,140,206,346,18,24,42,3275,3676,6951,8,7,15,5,3,8,20,13,33,6,4,10,49,90,139,55,94,149,1992,1951,3943,123,100,223,480,446,926,6074,6443,12517
LGA10650,9,6,15,848,974,1822,0,0,0,14,17,31,0,0,0,1108,1142,2250,3,0,3,9,9,18,10,9,19,30,35,65,25,20,45,0,0,0,0,4,4,15,22,37,371,355,726,10,7,17,5,6,11,362,426,788,26,44,70,3,3,6,2839,3073,5912,0,3,3,6,5,11,0,0,0,3,0,3,10,13,23,13,13,26,779,616,1395,34,36,70,322,313,635,4002,4065,8067
LGA10750,2417,2731,5148,21456,23465,44921,85,87,172,2269,2396,4665,98,109,207,49181,52659,101840,463,471,934,3403,3424,6827,533,652,1185,1080,1167,2247,435,427,862,1697,1611,3308,939,1042,1981,3147,3478,6625,3201,3493,6694,291,347,638,837,977,1814,3849,4390,8239,3527,3753,7280,390,416,806,96881,104364,201245,8863,8535,17398,8832,8669,17501,68,77,145,9,13,22,4281,3695,7976,4290,3708,7998,17665,14635,32300,919,611,1530,9611,8223,17834,149546,151553,301099
LGA10800,6,8,14,827,881,1708,0,0,0,21,24,45,0,0,0,826,870,1696,3,6,9,4,9,13,14,19,33,3,3,6,58,62,120,0,0,0,9,19,28,14,11,25,240,243,483,22,22,44,3,3,6,232,252,484,93,109,202,3,3,6,2372,2536,4908,3,0,3,0,0,0,0,0,0,0,0,0,3,4,7,3,4,7,352,264,616,24,15,39,158,119,277,2918,2946,5864
LGA10850,8,19,27,939,1010,1949,0,0,0,50,69,119,0,0,0,1059,1101,2160,3,0,3,5,4,9,3,4,7,3,4,7,11,11,22,0,0,0,18,10,28,34,44,78,163,143,306,8,12,20,20,15,35,259,270,529,53,72,125,0,4,4,2628,2773,5401,6,0,6,3,3,6,0,6,6,0,0,0,7,11,18,7,11,18,557,449,1006,30,22,52,247,215,462,3486,3498,6984
LGA10900,468,705,1173,7408,8492,15900,0,0,0,1005,1180,2185,112,133,245,7649,8668,16317,60,69,129,293,287,580,158,192,350,90,104,194,217,202,419,13,7,20,66,90,156,378,399,777,1220,1429,2649,129,132,261,69,98,167,1255,1627,2882,1079,1287,2366,61,102,163,21262,24498,45760,83,79,162,91,91,182,76,84,160,20,10,30,259,374,633,279,384,663,10543,9778,20321,624,428,1052,3285,3183,6468,36711,39230,75941
LGA10950,11,5,16,444,418,862,0,0,0,12,19,31,0,0,0,527,530,1057,0,0,0,3,0,3,0,0,0,0,0,0,15,7,22,0,0,0,0,5,5,5,4,9,55,41,96,0,3,3,3,0,3,119,157,276,13,14,27,0,0,0,1196,1198,2394,0,0,0,14,7,21,0,0,0,0,3,3,0,0,0,0,3,3,119,99,218,8,8,16,129,103,232,1477,1423,2900
LGA11000,3,5,8,418,448,866,0,0,0,0,7,7,0,0,0,299,314,613,0,0,0,16,12,28,0,0,0,0,0,0,10,0,10,0,0,0,0,0,0,11,7,18,91,86,177,4,8,12,0,3,3,27,32,59,17,9,26,0,3,3,893,929,1822,3,3,6,0,0,0,0,0,0,0,0,0,3,10,13,3,10,13,218,179,397,7,5,12,91,60,151,1218,1191,2409
LGA11050,3,3,6,332,344,676,0,0,0,3,11,14,3,0,3,464,459,923,0,0,0,4,3,7,0,0,0,3,0,3,3,3,6,0,0,0,0,0,0,0,3,3,29,37,66,4,4,8,8,0,8,87,88,175,24,19,43,3,3,6,967,974,1941,0,0,0,0,0,0,0,0,0,0,0,0,5,0,5,5,0,5,143,138,281,9,6,15,78,74,152,1205,1195,2400
LGA11100,608,768,1376,1998,2249,4247,131,135,266,160,169,329,0,12,12,6178,6760,12938,14,12,26,1817,1933,3750,31,50,81,87,84,171,57,60,117,132,142,274,48,39,87,193,228,421,366,407,773,10,8,18,28,18,46,352,384,736,283,308,591,13,11,24,11898,13009,24907,414,374,788,1710,1467,3177,299,309,608,3,3,6,98,83,181,101,86,187,2806,2326,5132,124,81,205,1534,1441,2975,19494,19861,39355
LGA11150,3,6,9,301,304,605,0,0,0,23,19,42,0,0,0,585,606,1191,3,0,3,0,0,0,5,9,14,0,0,0,3,3,6,3,0,3,0,3,3,20,32,52,61,64,125,3,3,6,0,0,0,26,26,52,31,26,57,0,0,0,1064,1095,2159,0,3,3,3,0,3,0,0,0,0,0,0,3,0,3,3,0,3,139,108,247,6,3,9,241,195,436,1459,1410,2869
LGA11200,3,0,3,257,255,512,0,0,0,7,3,10,22,30,52,255,267,522,0,0,0,3,0,3,3,5,8,0,0,0,6,4,10,3,3,6,0,0,0,7,0,7,10,13,23,0,0,0,0,6,6,17,12,29,9,19,28,0,0,0,599,617,1216,0,0,0,0,3,3,0,0,0,4,0,4,0,0,0,4,0,4,187,180,367,4,7,11,87,75,162,884,882,1766
LGA11250,47,42,89,1189,1281,2470,0,3,3,112,112,224,0,0,0,2208,2451,4659,22,25,47,39,47,86,17,22,39,33,31,64,96,113,209,0,0,0,13,12,25,38,56,94,98,121,219,109,129,238,14,24,38,978,1336,2314,117,138,255,0,6,6,5083,5907,10990,19,12,31,12,14,26,0,3,3,3,3,6,16,26,42,19,29,48,2647,2298,4945,91,36,127,1099,1160,2259,9017,9501,18518
LGA11300,1025,1326,2351,993,1128,2121,4,8,12,188,201,389,6,9,15,4662,5123,9785,14,13,27,842,926,1768,47,58,105,9,15,24,45,46,91,99,82,181,38,41,79,107,131,238,407,580,987,18,48,66,18,21,39,353,425,778,192,271,463,18,15,33,8060,9141,17201,1450,887,2337,369,278,647,13,15,28,3,0,3,111,94,205,114,94,208,3452,3526,6978,106,65,171,1321,1181,2502,15910,16513,32423
LGA11350,467,597,1064,1959,2117,4076,0,0,0,68,80,148,0,0,0,2196,2453,4649,3,12,15,55,75,130,64,77,141,3,11,14,39,55,94,3,0,3,15,25,40,93,112,205,414,426,840,8,5,13,35,68,103,524,611,1135,229,298,527,17,18,35,5725,6443,12168,67,54,121,36,21,57,157,133,290,12,3,15,205,255,460,217,258,475,5511,5458,10969,515,463,978,1590,1497,3087,14285,14924,29209
LGA11400,26,33,59,1894,1962,3856,0,0,0,128,115,243,49,41,90,1905,1985,3890,0,3,3,0,5,5,0,5,5,6,4,10,17,25,42,0,0,0,13,10,23,38,44,82,225,232,457,18,18,36,11,11,22,601,624,1225,130,138,268,3,0,3,5038,5222,10260,0,0,0,6,3,9,0,0,0,0,3,3,13,17,30,13,20,33,914,762,1676,37,17,54,370,360,730,6404,6417,12821
LGA11450,215,292,507,7608,8445,16053,28,11,39,418,448,866,73,65,138,9780,10297,20077,23,30,53,527,481,1008,99,114,213,79,75,154,106,121,227,34,32,66,83,92,175,381,413,794,640,705,1345,52,60,112,49,52,101,903,1060,1963,503,558,1061,37,51,88,21423,23110,44533,147,142,289,306,295,601,20,27,47,0,0,0,98,93,191,98,93,191,3936,3385,7321,162,86,248,1574,1409,2983,27881,28839,56720
LGA11500,1557,1871,3428,14537,16093,30630,11,13,24,1266,1367,2633,134,128,262,21053,23118,44171,74,91,165,1446,1461,2907,341,464,805,730,807,1537,263,267,530,380,372,752,334,358,692,1134,1304,2438,1608,1729,3337,167,199,366,357,452,809,1713,1955,3668,1497,1618,3115,143,161,304,47188,51957,99145,2203,2225,4428,4263,4029,8292,32,37,69,6,7,13,557,593,1150,563,600,1163,9864,8405,18269,494,308,802,5175,5196,10371,71339,74628,145967
LGA11520,1023,1377,2400,3859,4626,8485,12,24,36,311,349,660,6,8,14,14089,15639,29728,11,25,36,1828,2025,3853,92,104,196,23,28,51,118,126,244,170,167,337,61,84,145,198,277,475,1062,1295,2357,33,27,60,39,40,79,817,1002,1819,378,471,849,17,38,55,23124,26355,49479,832,716,1548,557,509,1066,108,108,216,0,0,0,201,168,369,201,168,369,7398,6698,14096,267,148,415,3294,2880,6174,36804,38959,75763
LGA11550,3778,4600,8378,3361,3806,7167,8,10,18,617,715,1332,9,12,21,17052,18124,35176,40,57,97,9331,9394,18725,208,282,490,88,136,224,116,131,247,475,477,952,196,218,414,555,656,1211,1115,1214,2329,115,156,271,145,169,314,1112,1350,2462,801,904,1705,77,77,154,35421,37888,73309,1809,1486,3295,12197,10645,22842,49,55,104,10,11,21,512,413,925,522,424,946,8959,8289,17248,333,230,563,5642,5127,10769,68710,68744,137454
LGA11600,9,3,12,329,310,639,0,0,0,22,18,40,0,0,0,406,408,814,0,0,0,0,3,3,0,0,0,0,8,8,19,7,26,0,0,0,0,3,3,0,3,3,91,51,142,0,3,3,4,0,4,151,148,299,14,23,37,3,0,3,1039,985,2024,5,5,10,0,0,0,0,3,3,0,0,0,13,3,16,13,3,16,205,142,347,10,10,20,81,74,155,1362,1225,2587
LGA11700,0,6,6,196,178,374,0,0,0,6,8,14,0,0,0,366,388,754,0,0,0,0,4,4,0,0,0,0,0,0,12,7,19,0,0,0,4,0,4,9,6,15,44,28,72,6,9,15,0,0,0,67,59,126,5,16,21,0,3,3,715,706,1421,3,0,3,3,0,3,0,0,0,3,0,3,3,6,9,6,6,12,177,157,334,6,13,19,136,56,192,1046,944,1990
LGA11720,94,144,238,7521,8282,15803,0,0,0,309,294,603,4,6,10,5456,5685,11141,21,20,41,54,36,90,81,135,216,75,93,168,70,86,156,6,7,13,86,97,183,152,165,317,1012,1137,2149,151,177,328,104,117,221,1711,2041,3752,381,437,818,27,15,42,17221,18830,36051,33,25,58,41,33,74,7,13,20,5,0,5,49,101,150,54,101,155,5027,4356,9383,209,137,346,2570,1944,4514,25256,25583,50839
LGA11730,153,194,347,7231,7979,15210,0,0,0,387,381,768,0,0,0,5267,5716,10983,15,9,24,39,30,69,163,182,345,37,34,71,69,105,174,7,4,11,13,23,36,143,187,330,1593,1720,3313,119,159,278,52,92,144,1070,1268,2338,454,499,953,5,18,23,16664,18406,35070,19,16,35,23,20,43,8,16,24,7,6,13,70,120,190,77,126,203,5074,4378,9452,255,155,410,2242,1840,4082,24515,25151,49666
LGA11750,7,12,19,514,502,1016,0,0,0,51,44,95,0,0,0,894,865,1759,0,0,0,3,8,11,0,4,4,3,5,8,16,15,31,0,0,0,8,0,8,7,14,21,64,56,120,3,3,6,5,5,10,172,180,352,18,34,52,7,3,10,1765,1738,3503,6,8,14,3,3,6,0,0,0,0,0,0,3,6,9,3,6,9,384,267,651,12,8,20,282,208,490,2462,2250,4712
LGA11800,293,420,713,7793,8935,16728,0,0,0,538,590,1128,3,0,3,7201,7970,15171,43,52,95,80,101,181,168,241,409,60,65,125,175,190,365,8,6,14,51,83,134,586,717,1303,1391,1563,2954,111,133,244,100,123,223,1302,1701,3003,839,1015,1854,38,48,86,20487,23533,44020,77,75,152,107,91,198,20,15,35,16,17,33,605,637,1242,621,654,1275,8357,7425,15782,465,323,788,2777,2676,5453,33204,35212,68416
LGA11860,0,3,3,160,165,325,0,0,0,14,9,23,0,0,0,190,151,341,0,3,3,0,0,0,5,4,9,0,0,0,4,8,12,0,0,0,3,3,6,4,7,11,72,53,125,3,3,6,0,0,0,124,124,248,17,17,34,0,0,0,596,547,1143,0,0,0,0,0,0,0,0,0,0,0,0,3,0,3,3,0,3,170,132,302,0,3,3,46,39,85,815,724,1539
LGA12000,5,3,8,450,533,983,0,0,0,23,22,45,0,0,0,706,740,1446,0,0,0,0,3,3,0,0,0,3,8,11,9,20,29,0,0,0,0,0,0,12,14,26,94,79,173,4,4,8,3,3,6,217,224,441,35,40,75,0,0,0,1556,1690,3246,0,3,3,6,8,14,0,6,6,3,0,3,5,10,15,8,10,18,266,212,478,8,11,19,157,151,308,2006,2094,4100
LGA12050,32,47,79,1114,1319,2433,4,0,4,110,112,222,0,0,0,1463,1461,2924,4,10,14,34,42,76,26,52,78,4,7,11,73,85,158,3,3,6,0,3,3,54,42,96,107,116,223,8,21,29,3,0,3,143,157,300,105,115,220,5,5,10,3260,3550,6810,11,10,21,10,10,20,3,3,6,0,0,0,14,27,41,14,27,41,1036,848,1884,48,33,81,487,342,829,4901,4870,9771
LGA12150,0,7,7,739,841,1580,0,0,0,5,8,13,0,0,0,665,610,1275,0,0,0,3,5,8,12,6,18,0,0,0,8,5,13,0,0,0,3,3,6,3,3,6,128,101,229,3,4,7,0,3,3,80,79,159,10,16,26,0,0,0,1659,1684,3343,0,0,0,3,7,10,0,0,0,3,0,3,0,4,4,3,4,7,183,154,337,5,0,5,177,144,321,2030,2000,4030
LGA12200,9,14,23,1139,1280,2419,0,0,0,30,42,72,0,0,0,1167,1281,2448,0,0,0,7,8,15,8,14,22,5,8,13,16,13,29,0,0,0,3,4,7,12,16,28,120,118,238,14,23,37,6,4,10,225,259,484,52,53,105,0,3,3,2804,3126,5930,3,3,6,10,8,18,3,0,3,0,3,3,3,8,11,3,11,14,426,388,814,19,10,29,276,221,497,3553,3781,7334
LGA12300,19,33,52,1247,1322,2569,0,0,0,91,86,177,0,0,0,1575,1681,3256,4,6,10,8,10,18,12,18,30,4,4,8,82,61,143,0,0,0,3,0,3,19,27,46,466,453,919,9,10,19,3,10,13,310,366,676,45,64,109,0,4,4,3878,4122,8000,0,5,5,7,6,13,7,0,7,3,0,3,4,6,10,7,6,13,1068,903,1971,38,27,65,461,413,874,5485,5515,11000
LGA12350,20,20,40,1743,1870,3613,0,0,0,85,91,176,74,93,167,1839,1913,3752,3,0,3,30,22,52,49,68,117,18,13,31,29,28,57,0,0,0,4,7,11,50,45,95,329,340,669,20,33,53,4,8,12,286,289,575,88,111,199,0,4,4,4651,4935,9586,7,7,14,4,0,4,4,3,7,5,4,9,12,14,26,17,18,35,765,611,1376,41,18,59,545,481,1026,6054,6093,12147
LGA12500,6,13,19,701,841,1542,0,0,0,55,67,122,0,0,0,954,1023,1977,0,0,0,17,5,22,10,17,27,0,0,0,17,18,35,0,0,0,0,0,0,13,10,23,176,183,359,18,29,47,0,0,0,350,447,797,37,57,94,0,3,3,2348,2700,5048,7,0,7,8,3,11,0,3,3,0,3,3,5,5,10,5,8,13,715,597,1312,18,8,26,346,335,681,3453,3667,7120
LGA12600,66,94,160,5198,5831,11029,0,0,0,285,343,628,8,17,25,5993,6654,12647,27,32,59,76,90,166,37,46,83,12,21,33,92,130,222,5,3,8,27,20,47,209,247,456,833,937,1770,83,102,185,60,84,144,1181,1449,2630,378,409,787,3,0,3,14507,16415,30922,63,73,136,80,46,126,3,9,12,13,14,27,42,44,86,55,58,113,2411,2109,4520,137,71,208,1408,1200,2608,18730,20075,38805
LGA12700,17,17,34,1440,1472,2912,0,0,0,106,107,213,0,0,0,815,852,1667,7,8,15,6,6,12,3,0,3,0,3,3,6,16,22,0,0,0,13,11,24,23,22,45,276,270,546,9,10,19,13,8,21,268,280,548,64,79,143,4,0,4,3053,3144,6197,3,4,7,0,0,0,4,0,4,0,0,0,9,8,17,9,8,17,746,649,1395,22,15,37,336,292,628,4190,4129,8319
LGA12750,128,181,309,4709,5249,9958,0,0,0,173,199,372,3,3,6,3967,4267,8234,12,8,20,119,81,200,107,121,228,16,15,31,109,153,262,3,0,3,21,21,42,95,127,222,634,738,1372,73,71,144,41,54,95,683,861,1544,295,335,630,16,26,42,11076,12329,23405,19,15,34,18,19,37,7,13,20,9,10,19,62,93,155,71,103,174,4342,3752,8094,164,127,291,1753,1624,3377,17578,18163,35741
LGA12850,20524,22703,43227,4731,5260,9991,3019,3264,6283,1321,1414,2735,3,9,12,31269,32445,63714,30,46,76,5554,5605,11159,340,474,814,410,417,827,230,189,419,556,549,1105,285,305,590,712,787,1499,615,664,1279,80,110,190,284,350,634,837,910,1747,1433,1549,2982,117,113,230,51826,54460,106286,662,679,1341,5061,4861,9922,14,8,22,4,0,4,698,700,1398,702,700,1402,7935,6461,14396,407,304,711,5390,5068,10458,92521,95244,187765
LGA12900,8,13,21,1319,1352,2671,0,0,0,57,69,126,0,0,0,1699,1723,3422,3,3,6,11,17,28,10,16,26,0,0,0,36,37,73,0,0,0,3,0,3,7,14,21,202,206,408,24,26,50,3,3,6,268,294,562,45,70,115,0,0,0,3687,3830,7517,0,5,5,7,5,12,0,0,0,0,0,0,11,8,19,11,8,19,502,438,940,32,12,44,300,311,611,4547,4622,9169
LGA12950,6,5,11,627,664,1291,0,0,0,8,11,19,0,0,0,506,571,1077,3,4,7,3,3,6,18,25,43,3,3,6,33,29,62,0,0,0,20,21,41,53,73,126,254,252,506,3,6,9,7,8,15,104,144,248,31,34,65,6,3,9,1679,1851,3530,0,5,5,3,0,3,3,0,3,0,0,0,3,3,6,3,3,6,231,218,449,12,5,17,169,173,342,2106,2260,4366
LGA13010,22,29,51,1475,1599,3074,0,0,0,56,64,120,0,0,0,894,995,1889,0,0,0,0,9,9,13,18,31,3,3,6,18,19,37,0,0,0,3,3,6,31,37,68,217,204,421,32,32,64,10,14,24,293,324,617,70,83,153,3,3,6,3118,3407,6525,7,5,12,5,3,8,4,7,11,7,3,10,20,32,52,27,35,62,628,578,1206,34,17,51,441,290,731,4286,4371,8657
LGA13050,11,14,25,879,892,1771,0,0,0,92,88,180,0,3,3,359,396,755,0,3,3,4,0,4,12,18,30,0,3,3,8,9,17,0,0,0,3,0,3,9,5,14,191,187,378,3,9,12,3,9,12,166,190,356,67,80,147,3,3,6,1799,1895,3694,0,4,4,3,4,7,3,0,3,0,0,0,8,8,16,8,8,16,423,382,805,13,12,25,171,128,299,2431,2447,4878
LGA13100,672,1043,1715,20061,23272,43333,0,0,0,1507,1694,3201,84,91,175,19454,22078,41532,170,198,368,572,569,1141,291,375,666,185,215,400,361,411,772,40,29,69,444,535,979,768,906,1674,2386,2790,5176,211,287,498,412,487,899,3191,4017,7208,1925,2190,4115,123,138,261,52185,60282,112467,230,186,416,287,258,545,108,160,268,9,8,17,242,342,584,251,350,601,17238,14885,32123,772,511,1283,6584,6438,13022,78327,84113,162440
LGA13310,77,103,180,4040,4471,8511,0,0,0,184,204,388,70,67,137,4162,4405,8567,4,5,9,103,58,161,45,53,98,11,15,26,41,50,91,9,12,21,13,12,25,75,74,149,362,385,747,44,55,99,41,53,94,701,713,1414,191,188,379,19,8,27,10115,10828,20943,22,21,43,39,28,67,7,4,11,0,0,0,33,43,76,33,43,76,1956,1642,3598,119,69,188,1512,863,2375,13880,13601,27481
LGA13320,99,148,247,5608,6097,11705,0,0,0,269,275,544,3,3,6,3687,3990,7677,28,33,61,63,56,119,100,127,227,36,46,82,76,73,149,8,0,8,27,38,65,63,93,156,635,705,1340,70,76,146,20,30,50,896,1180,2076,255,327,582,18,23,41,11862,13172,25034,11,18,29,28,25,53,8,11,19,14,13,27,41,61,102,55,74,129,3148,2620,5768,138,71,209,1511,1430,2941,16860,17569,34429
LGA13340,9,12,21,1024,1122,2146,0,0,0,65,67,132,0,0,0,1084,1108,2192,0,0,0,9,5,14,3,9,12,6,7,13,603,555,1158,3,0,3,4,6,10,120,106,226,295,292,587,12,13,25,20,20,40,387,391,778,92,134,226,0,4,4,3727,3839,7566,0,4,4,4,9,13,0,4,4,0,0,0,7,9,16,7,9,16,766,614,1380,39,19,58,407,347,754,4959,4857,9816
LGA13380,126,198,324,7188,7852,15040,0,0,0,469,520,989,4,3,7,4198,4725,8923,62,71,133,54,50,104,144,201,345,67,92,159,54,60,114,3,10,13,29,45,74,163,186,349,986,1058,2044,204,233,437,110,141,251,1409,1764,3173,568,631,1199,14,22,36,15726,17664,33390,31,26,57,32,25,57,14,13,27,11,18,29,55,65,120,66,83,149,4586,3967,8553,174,129,303,1902,1778,3680,22657,23883,46540
LGA13450,32,52,84,1881,2101,3982,0,3,3,64,61,125,38,39,77,5420,5436,10856,0,3,3,19,20,39,43,49,92,53,47,100,54,64,118,6,4,10,45,41,86,136,160,296,403,420,823,23,33,56,120,109,229,720,881,1601,154,166,320,13,24,37,9192,9661,18853,151,142,293,213,144,357,3,3,6,3,4,7,410,351,761,413,355,768,1127,903,2030,74,45,119,1031,823,1854,12236,12128,24364
LGA13500,4,7,11,759,766,1525,0,0,0,20,25,45,0,0,0,656,603,1259,0,0,0,5,7,12,0,0,0,0,0,0,3,10,13,0,0,0,0,0,0,5,6,11,61,61,122,4,0,4,0,0,0,41,50,91,25,16,41,0,0,0,1579,1544,3123,4,3,7,0,0,0,0,0,0,0,0,0,0,0,0,0,0,0,176,160,336,10,5,15,98,73,171,1871,1792,3663
LGA13550,13,20,33,2040,2149,4189,0,0,0,75,66,141,0,0,0,1599,1651,3250,0,0,0,15,8,23,13,15,28,3,3,6,34,39,73,0,0,0,3,12,15,25,33,58,332,317,649,22,39,61,20,25,45,287,316,603,93,106,199,4,3,7,4565,4782,9347,0,0,0,4,3,7,3,3,6,3,3,6,9,8,17,12,11,23,849,695,1544,31,21,52,556,498,1054,6033,6033,12066
LGA13650,7,14,21,777,767,1544,0,0,0,14,14,28,0,0,0,498,510,1008,3,0,3,0,7,7,3,4,7,0,3,3,3,5,8,0,0,0,9,4,13,20,30,50,167,146,313,44,48,92,12,21,33,75,107,182,35,52,87,7,3,10,1667,1721,3388,3,3,6,0,0,0,0,0,0,0,0,0,0,4,4,0,4,4,336,261,597,10,12,22,181,177,358,2204,2192,4396
LGA13660,4,4,8,1086,1096,2182,0,0,0,24,15,39,0,0,0,517,539,1056,0,0,0,4,4,8,3,7,10,0,0,0,26,19,45,0,0,0,0,3,3,4,4,8,198,169,367,13,26,39,3,13,16,105,129,234,30,32,62,3,0,3,2016,2056,4072,0,3,3,4,0,4,0,0,0,0,0,0,3,4,7,3,4,7,334,258,592,6,0,6,145,127,272,2512,2452,4964
LGA13700,7,7,14,572,588,1160,0,0,0,9,15,24,3,0,3,654,674,1328,0,0,0,7,14,21,0,4,4,0,0,0,3,5,8,0,0,0,0,0,0,3,0,3,48,55,103,0,7,7,3,0,3,107,112,219,20,19,39,0,0,0,1429,1493,2922,0,0,0,12,8,20,4,0,4,0,0,0,3,3,6,3,3,6,189,178,367,9,6,15,124,112,236,1777,1807,3584
LGA13800,175,215,390,8775,9543,18318,0,0,0,522,578,1100,80,94,174,8838,8748,17586,47,43,90,371,335,706,128,167,295,98,96,194,134,149,283,9,5,14,31,35,66,432,437,869,817,931,1748,78,109,187,72,71,143,1220,1501,2721,626,646,1272,34,34,68,22312,23522,45834,45,52,97,97,96,193,27,22,49,5,12,17,100,159,259,105,171,276,5563,4822,10385,303,179,482,2429,2219,4648,31056,31298,62354
LGA13850,5,11,16,439,481,920,0,0,0,10,10,20,0,0,0,514,546,1060,0,0,0,10,3,13,0,0,0,0,0,0,7,4,11,0,0,0,0,3,3,4,0,4,122,111,233,0,0,0,0,0,0,59,67,126,15,14,29,0,0,0,1180,1239,2419,14,7,21,0,0,0,0,0,0,0,0,0,3,8,11,3,8,11,184,140,324,7,0,7,86,72,158,1479,1477,2956
LGA13950,1209,1481,2690,4414,5092,9506,47,73,120,521,626,1147,28,21,49,16741,18085,34826,34,69,103,2125,2151,4276,101,139,240,137,144,281,105,102,207,310,313,623,127,132,259,515,614,1129,737,804,1541,62,71,133,151,178,329,920,1130,2050,601,724,1325,99,111,210,27775,30579,58354,5194,4738,9932,5273,5088,10361,22,23,45,0,3,3,1090,887,1977,1090,890,1980,4597,3771,8368,261,170,431,3682,3319,7001,49103,50059,99162
LGA14000,2369,2915,5284,13870,15957,29827,0,3,3,2183,2604,4787,131,172,303,17518,19566,37084,151,176,327,922,987,1909,140,201,341,139,177,316,377,417,794,189,182,371,255,302,557,1009,1120,2129,2669,3087,5756,112,135,247,442,559,1001,3633,4428,8061,1715,1907,3622,132,140,272,45587,52120,97707,2797,2724,5521,1247,1207,2454,250,273,523,3,3,6,717,731,1448,720,734,1454,18519,15899,34418,635,369,1004,4333,4148,8481,76457,80389,156846
LGA14100,113,158,271,1095,1271,2366,3,3,6,29,29,58,0,0,0,2573,2389,4962,6,5,11,269,247,516,7,19,26,3,0,3,29,30,59,24,20,44,11,16,27,26,37,63,149,178,327,3,3,6,8,12,20,158,201,359,55,75,130,6,10,16,4454,4545,8999,42,45,87,49,68,117,101,233,334,0,0,0,35,43,78,35,43,78,1272,1139,2411,76,44,120,396,402,798,6538,6677,13215
LGA14150,1913,2501,4414,4544,5350,9894,0,0,0,851,1051,1902,25,22,47,9002,10103,19105,25,22,47,3910,3918,7828,91,146,237,93,98,191,86,98,184,511,465,976,96,134,230,285,354,639,793,954,1747,91,126,217,37,58,95,956,1223,2179,624,697,1321,111,116,227,22131,24935,47066,1027,851,1878,1551,1472,3023,49,40,89,0,3,3,180,160,340,180,163,343,8688,8104,16792,224,149,373,2463,2413,4876,38226,40628,78854
LGA14200,19,23,42,2554,2729,5283,0,0,0,47,50,97,0,0,0,1758,1907,3665,11,19,30,8,6,14,30,53,83,3,4,7,31,34,65,3,0,3,13,18,31,91,129,220,584,620,1204,133,145,278,39,37,76,418,508,926,164,179,343,12,6,18,5899,6444,12343,3,3,6,3,6,9,3,5,8,0,3,3,10,11,21,10,14,24,1210,988,2198,37,26,63,715,668,1383,7899,8177,16076
LGA14250,0,0,0,158,161,319,0,0,0,5,5,10,0,0,0,253,244,497,0,0,0,3,0,3,3,0,3,0,5,5,4,0,4,0,0,0,0,0,0,3,8,11,78,58,136,4,5,9,3,0,3,101,80,181,3,0,3,0,0,0,618,566,1184,7,3,10,0,0,0,0,0,0,3,0,3,0,0,0,3,0,3,100,81,181,6,0,6,66,44,110,800,694,1494
LGA14300,4,10,14,745,786,1531,0,0,0,53,54,107,0,0,0,881,857,1738,0,3,3,0,0,0,3,0,3,4,0,4,18,25,43,10,6,16,0,4,4,8,5,13,136,141,277,5,6,11,6,8,14,127,142,269,27,38,65,0,3,3,2023,2078,4101,0,4,4,4,5,9,0,0,0,0,0,0,0,3,3,0,3,3,349,287,636,17,3,20,941,153,1094,3338,2543,5881
LGA14350,78,113,191,3597,3888,7485,0,0,0,142,132,274,0,0,0,3433,3621,7054,0,5,5,29,32,61,93,141,234,7,9,16,34,52,86,0,0,0,26,14,40,84,95,179,447,449,896,90,78,168,256,285,541,968,1181,2149,228,240,468,9,8,17,9443,10230,19673,12,9,21,15,13,28,0,5,5,16,9,25,44,60,104,60,69,129,2713,2297,5010,134,99,233,1656,1187,2843,14111,14022,28133
LGA14400,82,106,188,2543,2824,5367,0,0,0,127,145,272,0,0,0,2530,2824,5354,3,7,10,88,103,191,44,68,112,4,5,9,53,48,101,0,3,3,12,8,20,55,69,124,400,404,804,20,17,37,7,3,10,695,774,1469,171,166,337,8,11,19,6760,7479,14239,13,14,27,5,4,9,7,5,12,0,0,0,31,41,72,31,41,72,2173,1914,4087,91,51,142,630,580,1210,9792,10194,19986
LGA14450,1073,1495,2568,3075,3609,6684,5,5,10,350,418,768,15,23,38,6475,7267,13742,18,23,41,4110,4150,8260,55,69,124,38,36,74,62,66,128,273,277,550,62,63,125,179,219,398,511,566,1077,38,36,74,26,34,60,551,724,1275,395,461,856,37,33,70,16275,18079,34354,847,638,1485,1114,975,2089,68,80,148,3,3,6,129,130,259,132,133,265,5818,5341,11159,142,97,239,1778,1720,3498,27247,28558,55805
LGA14500,1122,1530,2652,11972,14202,26174,0,3,3,590,689,1279,16,18,34,10675,12439,23114,41,51,92,628,661,1289,36,61,97,31,33,64,283,341,624,154,153,307,181,229,410,400,506,906,1879,2085,3964,43,55,98,205,316,521,2974,3923,6897,904,1054,1958,75,81,156,31087,36900,67987,752,774,1526,367,372,739,1914,1931,3845,0,0,0,469,476,945,469,476,945,12614,11166,23780,413,249,662,3523,3639,7162,52261,57037,109298
LGA14550,70,80,150,956,1022,1978,0,0,0,30,31,61,0,0,0,895,918,1813,0,4,4,11,11,22,26,27,53,0,0,0,19,30,49,0,0,0,9,5,14,106,111,217,283,276,559,14,5,19,28,29,57,353,385,738,101,109,210,20,15,35,2851,2978,5829,8,13,21,8,3,11,5,0,5,3,3,6,37,45,82,40,48,88,1164,997,2161,61,60,121,434,407,841,4641,4586,9227
LGA14600,8,13,21,913,953,1866,0,0,0,21,15,36,94,88,182,896,998,1894,0,0,0,13,10,23,7,11,18,0,0,0,9,16,25,3,0,3,5,6,11,29,37,66,283,246,529,0,0,0,14,8,22,270,250,520,66,73,139,0,4,4,2623,2715,5338,4,0,4,3,5,8,0,0,0,3,3,6,3,0,3,6,3,9,348,261,609,13,10,23,243,219,462,3248,3226,6474
LGA14650,595,734,1329,23274,26150,49424,0,0,0,2276,2455,4731,101,119,220,20533,22627,43160,52,104,156,800,815,1615,340,467,807,177,217,394,332,405,737,11,9,20,152,184,336,1171,1377,2548,3301,3561,6862,543,677,1220,1652,1892,3544,6528,8095,14623,1991,2319,4310,237,249,486,63471,71722,135193,214,201,415,234,195,429,43,37,80,6,7,13,220,317,537,226,324,550,20245,17060,37305,792,452,1244,6491,5969,12460,92311,96694,189005
LGA14700,334,489,823,2506,3024,5530,0,0,0,116,138,254,3,3,6,4538,4786,9324,19,26,45,313,392,705,7,24,31,4,12,16,96,92,188,66,84,150,22,38,60,93,125,218,346,430,776,9,12,21,14,16,30,414,556,970,182,242,424,19,19,38,8767,10019,18786,388,312,700,191,174,365,201,216,417,0,4,4,113,112,225,113,116,229,4049,3760,7809,183,77,260,1032,1090,2122,15258,16253,31511
LGA14750,14,16,30,1227,1321,2548,0,0,0,23,29,52,60,74,134,2034,2120,4154,0,0,0,16,10,26,19,17,36,3,4,7,41,48,89,0,0,0,4,4,8,47,53,100,391,425,816,18,29,47,15,13,28,264,307,571,60,58,118,4,3,7,4226,4515,8741,9,8,17,18,9,27,0,0,0,0,0,0,42,38,80,42,38,80,703,581,1284,28,18,46,397,415,812,5437,5600,11037
LGA14800,438,658,1096,3295,3930,7225,10,3,13,120,122,242,3,0,3,6330,7602,13932,6,15,21,656,759,1415,32,64,96,10,21,31,132,166,298,33,36,69,51,49,100,87,103,190,434,598,1032,31,25,56,24,32,56,452,618,1070,225,283,508,21,27,48,11952,14453,26405,142,137,279,212,204,416,163,185,348,5,5,10,123,159,282,128,164,292,9101,9184,18285,412,301,713,2181,2184,4365,24729,27470,52199
LGA14850,303,451,754,3776,4218,7994,0,0,0,167,210,377,3,7,10,4949,5519,10468,39,46,85,52,53,105,97,134,231,43,45,88,59,73,132,0,0,0,46,41,87,204,241,445,1152,1239,2391,60,73,133,163,193,356,1244,1420,2664,444,507,951,95,103,198,12593,14122,26715,45,39,84,43,31,74,17,18,35,21,20,41,189,246,435,210,266,476,5563,5040,10603,504,373,877,1626,1522,3148,20904,21862,42766
LGA14870,73,89,162,2494,2621,5115,0,0,0,167,162,329,84,71,155,2628,2742,5370,4,3,7,34,25,59,35,62,97,9,11,20,29,29,58,6,3,9,9,13,22,53,58,111,497,526,1023,43,63,106,37,35,72,696,811,1507,165,176,341,5,3,8,6995,7414,14409,18,10,28,17,24,41,7,3,10,4,3,7,30,49,79,34,52,86,1832,1491,3323,98,50,148,1216,740,1956,10290,9873,20163
LGA14900,5015,5496,10511,9297,9968,19265,564,639,1203,1287,1367,2654,17,22,39,28467,29814,58281,80,88,168,6661,6788,13449,456,488,944,451,514,965,218,230,448,828,822,1650,261,293,554,1196,1393,2589,1034,1176,2210,122,120,242,231,281,512,1114,1252,2366,1435,1506,2941,190,206,396,53909,56967,110876,4360,4402,8762,9695,9505,19200,28,13,41,3,3,6,1885,1939,3824,1888,1942,3830,7484,5973,13457,435,261,696,6509,6261,12770,89323,90820,180143
LGA14920,6,9,15,1552,1631,3183,0,0,0,26,17,43,0,0,0,897,888,1785,0,3,3,3,5,8,18,27,45,11,10,21,6,10,16,0,3,3,10,0,10,38,31,69,146,120,266,9,12,21,5,11,16,215,214,429,47,58,105,7,11,18,2990,3051,6041,3,0,3,9,3,12,3,0,3,0,0,0,0,4,4,0,4,4,482,407,889,11,14,25,268,221,489,3772,3709,7481
LGA14950,6,0,6,301,316,617,0,0,0,10,9,19,0,0,0,456,456,912,0,0,0,0,3,3,0,0,0,0,3,3,90,91,181,0,0,0,3,0,3,25,30,55,151,123,274,0,6,6,3,4,7,180,184,364,15,11,26,0,0,0,1234,1236,2470,0,0,0,3,4,7,0,0,0,0,0,0,9,7,16,9,7,16,152,131,283,6,3,9,117,91,208,1527,1472,2999
LGA15050,120,171,291,9258,10251,19509,0,0,0,708,714,1422,76,68,144,9392,10117,19509,48,55,103,98,101,199,96,116,212,82,71,153,99,104,203,8,8,16,75,94,169,287,342,629,1134,1334,2468,208,255,463,108,110,218,1999,2341,4340,618,724,1342,26,26,52,24320,26831,51151,87,94,181,92,69,161,16,6,22,6,0,6,128,150,278,134,150,284,5689,4948,10637,247,128,375,2299,2077,4376,33004,34474,67478
LGA15150,248,385,633,4183,4794,8977,0,0,0,136,129,265,0,0,0,4724,5204,9928,4,6,10,315,371,686,62,63,125,24,23,47,119,145,264,24,27,51,36,42,78,79,121,200,539,632,1171,13,15,28,12,16,28,451,664,1115,227,308,535,13,15,28,10961,12575,23536,73,49,122,70,64,134,63,73,136,0,0,0,61,82,143,61,82,143,5839,5217,11056,241,132,373,1851,1762,3613,19407,20339,39746
LGA15200,1824,2078,3902,2889,3413,6302,10,9,19,272,287,559,4,3,7,8500,9474,17974,15,23,38,2772,2950,5722,68,91,159,48,41,89,136,136,272,104,91,195,86,94,180,162,203,365,457,492,949,27,44,71,48,79,127,518,622,1140,383,480,863,51,42,93,16550,18574,35124,697,449,1146,1121,941,2062,138,168,306,7,18,25,267,294,561,274,312,586,12699,12310,25009,706,435,1141,3827,3397,7224,37836,38664,76500
LGA15270,44,58,102,3562,3754,7316,0,0,0,129,137,266,0,0,0,3018,3082,6100,0,3,3,41,41,82,45,56,101,5,13,18,42,42,84,3,0,3,17,13,30,84,88,172,496,500,996,26,41,67,10,19,29,427,518,945,172,188,360,5,10,15,8082,8505,16587,13,9,22,16,12,28,4,4,8,0,0,0,34,45,79,34,45,79,1915,1593,3508,79,40,119,1098,771,1869,11285,11037,22322
LGA15300,16,10,26,2188,2151,4339,0,0,0,76,78,154,0,3,3,1940,2028,3968,0,0,0,21,18,39,26,25,51,10,9,19,50,58,108,0,0,0,11,20,31,40,47,87,325,313,638,52,67,119,24,30,54,246,248,494,81,91,172,4,7,11,5094,5193,10287,23,21,44,5,7,12,0,4,4,6,5,11,14,7,21,20,12,32,882,691,1573,44,25,69,745,637,1382,6829,6600,13429
LGA15350,148,252,400,3085,3681,6766,0,0,0,65,78,143,0,0,0,3125,3908,7033,4,0,4,233,276,509,13,12,25,10,5,15,80,132,212,18,8,26,28,32,60,53,66,119,391,503,894,4,4,8,0,12,12,307,416,723,122,184,306,9,17,26,7547,9334,16881,144,108,252,77,57,134,125,129,254,0,0,0,56,62,118,56,62,118,3235,3223,6458,108,79,187,1379,1389,2768,12819,14633,27452
LGA15500,10,20,30,742,805,1547,0,0,0,33,38,71,0,0,0,944,948,1892,15,18,33,4,16,20,8,18,26,0,0,0,19,19,38,0,0,0,0,5,5,14,19,33,173,173,346,9,15,24,0,0,0,380,436,816,47,42,89,0,3,3,2388,2555,4943,0,0,0,4,0,4,0,3,3,3,3,6,8,9,17,11,12,23,716,586,1302,20,3,23,344,285,629,3493,3464,6957
LGA15550,7,6,13,333,343,676,0,0,0,15,7,22,0,0,0,343,298,641,0,0,0,0,3,3,0,0,0,5,4,9,9,8,17,0,0,0,6,0,6,5,8,13,57,47,104,3,3,6,4,10,14,96,90,186,12,7,19,0,3,3,888,831,1719,3,0,3,0,0,0,0,0,0,0,0,0,4,4,8,4,4,8,175,132,307,13,4,17,104,89,193,1194,1066,2260
LGA15650,39,44,83,2756,2875,5631,0,0,0,136,110,246,0,0,0,2080,2043,4123,0,3,3,11,18,29,21,32,53,7,7,14,26,15,41,0,4,4,11,4,15,20,26,46,248,240,488,7,22,29,18,29,47,298,323,621,130,112,242,7,10,17,5776,5873,11649,15,11,26,20,15,35,3,0,3,0,0,0,14,24,38,14,24,38,1193,995,2188,52,18,70,1052,647,1699,8164,7627,15791
LGA15700,86,120,206,2259,2533,4792,0,0,0,78,92,170,0,0,0,1944,2122,4066,5,10,15,18,19,37,91,123,214,11,13,24,42,37,79,3,0,3,7,27,34,90,113,203,487,542,1029,97,125,222,78,124,202,457,536,993,210,197,407,18,12,30,5895,6625,12520,5,18,23,7,15,22,5,8,13,17,12,29,47,35,82,64,47,111,2118,1843,3961,98,81,179,814,793,1607,9092,9550,18642
LGA15750,5,13,18,2466,2442,4908,0,0,0,27,29,56,0,3,3,1652,1750,3402,0,3,3,13,6,19,10,17,27,12,11,23,17,29,46,0,0,0,10,19,29,82,91,173,371,363,734,32,35,67,6,10,16,226,315,541,83,98,181,3,7,10,5010,5228,10238,5,3,8,5,7,12,3,0,3,0,0,0,8,12,20,8,12,20,902,704,1606,37,20,57,506,458,964,6481,6445,12926
LGA15800,7,4,11,823,896,1719,0,0,0,17,15,32,0,0,0,765,859,1624,0,3,3,4,6,10,14,20,34,0,3,3,19,15,34,0,0,0,6,7,13,45,52,97,124,116,240,6,11,17,7,3,10,296,302,598,53,44,97,3,0,3,2182,2352,4534,0,4,4,3,5,8,0,0,0,0,0,0,12,5,17,12,5,17,430,363,793,20,7,27,264,243,507,2918,2983,5901
LGA15850,11,11,22,975,1107,2082,0,0,0,43,38,81,0,0,0,941,953,1894,3,0,3,3,4,7,0,5,5,3,3,6,13,6,19,3,5,8,3,3,6,23,19,42,166,147,313,7,7,14,45,49,94,332,374,706,42,47,89,0,0,0,2602,2767,5369,3,3,6,3,0,3,0,0,0,0,3,3,11,8,19,11,11,22,401,285,686,23,8,31,238,209,447,3292,3294,6586
LGA15900,759,972,1731,15514,17555,33069,3,0,3,1400,1589,2989,43,37,80,17834,19786,37620,56,83,139,1654,1616,3270,128,168,296,144,164,308,225,221,446,28,15,43,223,241,464,698,787,1485,2258,2468,4726,332,400,732,199,255,454,3809,4985,8794,1343,1571,2914,86,108,194,45977,52049,98026,390,352,742,770,629,1399,42,62,104,11,6,17,285,321,606,296,327,623,18127,15445,33572,1004,487,1491,5787,5060,10847,73152,75383,148535
LGA15950,800,1159,1959,4932,5904,10836,4,3,7,224,261,485,0,0,0,6306,8034,14340,22,37,59,413,495,908,56,64,120,14,22,36,166,197,363,58,60,118,66,82,148,116,202,318,635,803,1438,15,13,28,25,37,62,628,929,1557,379,509,888,35,41,76,14094,17693,31787,695,526,1221,222,209,431,318,362,680,0,3,3,163,174,337,163,177,340,9276,8697,17973,427,216,643,3672,3583,7255,29667,32622,62289
LGA16100,12,7,19,572,555,1127,0,0,0,20,23,43,0,0,0,921,859,1780,0,0,0,16,19,35,3,4,7,4,6,10,19,17,36,0,0,0,8,12,20,21,20,41,79,91,170,0,4,4,23,20,43,154,167,321,26,34,60,6,3,9,1872,1834,3706,3,3,6,12,7,19,0,0,0,0,0,0,9,15,24,9,15,24,454,344,798,14,3,17,283,170,453,2659,2383,5042
LGA16150,100,120,220,4333,4945,9278,0,0,0,228,231,459,108,132,240,5869,6393,12262,34,38,72,115,90,205,36,49,85,27,24,51,63,77,140,8,8,16,89,95,184,211,246,457,509,553,1062,41,56,97,42,43,85,1346,1691,3037,480,533,1013,20,17,37,13559,15221,28780,59,58,117,82,64,146,14,3,17,7,0,7,52,73,125,59,73,132,3001,2519,5520,134,72,206,1572,1346,2918,18580,19476,38056
LGA16180,58,54,112,1590,1741,3331,0,0,0,71,67,138,0,0,0,1819,1914,3733,4,3,7,60,56,116,20,7,27,8,6,14,69,73,142,3,0,3,9,4,13,19,32,51,186,193,379,17,18,35,8,3,11,266,281,547,122,141,263,11,8,19,4282,4547,8829,4,7,11,3,3,6,7,10,17,0,0,0,29,52,81,29,52,81,2021,1780,3801,71,45,116,718,661,1379,7193,7159,14352
LGA16200,25,31,56,2107,2201,4308,0,0,0,192,217,409,33,41,74,2117,2183,4300,3,4,7,11,6,17,6,9,15,8,8,16,67,74,141,6,10,16,8,8,16,75,90,165,340,384,724,25,45,70,6,17,23,575,651,1226,128,140,268,6,5,11,5713,6093,11806,6,13,19,13,9,22,0,0,0,3,3,6,14,15,29,17,18,35,712,641,1353,27,20,47,680,573,1253,7193,7398,14591
LGA16250,2866,3612,6478,8013,9221,17234,14,13,27,1302,1509,2811,150,168,318,21347,22645,43992,113,138,251,2259,2235,4494,148,191,339,216,230,446,215,230,445,462,466,928,290,331,621,868,1058,1926,2129,2406,4535,133,144,277,160,194,354,2164,2641,4805,1256,1507,2763,125,119,244,41364,45446,86810,8007,6632,14639,8310,7852,16162,88,74,162,4,9,13,1758,1477,3235,1762,1486,3248,13501,11611,25112,493,340,833,7170,6244,13414,83561,83297,166858
LGA16350,693,887,1580,19993,22209,42202,46,45,91,957,1050,2007,203,177,380,30522,32310,62832,133,175,308,1719,1688,3407,291,366,657,366,416,782,403,422,825,417,397,814,202,207,409,1154,1288,2442,2351,2748,5099,233,327,560,206,228,434,2180,2577,4757,1602,1828,3430,116,122,238,63094,68580,131674,1090,1075,2165,1710,1603,3313,22,31,53,12,13,25,711,726,1437,723,739,1462,13621,11286,24907,690,406,1096,6445,5771,12216,88088,90378,178466
LGA16370,298,437,735,7063,7867,14930,0,0,0,248,279,527,4,5,9,6319,7325,13644,7,11,18,366,365,731,86,109,195,6,12,18,193,210,403,17,20,37,43,55,98,387,425,812,760,838,1598,21,31,52,28,23,51,1050,1329,2379,476,518,994,16,21,37,17090,19443,36533,54,55,109,68,47,115,96,97,193,0,3,3,135,123,258,135,126,261,7723,6751,14474,315,207,522,2132,2081,4213,27911,29244,57155
LGA16380,208,289,497,9931,11411,21342,4,0,4,402,504,906,0,3,3,8361,9610,17971,41,66,107,96,104,200,160,207,367,43,56,99,152,178,330,9,10,19,80,85,165,356,413,769,1588,1677,3265,160,234,394,222,296,518,1946,2415,4361,792,965,1757,24,21,45,24367,28255,52622,46,54,100,48,47,95,25,35,60,11,5,16,95,118,213,106,123,229,7054,6141,13195,337,231,568,2744,2587,5331,34935,37762,72697
LGA16400,154,203,357,9103,9975,19078,4,0,4,719,828,1547,21,24,45,7247,7832,15079,40,51,91,163,161,324,119,142,261,48,51,99,141,149,290,3,0,3,43,60,103,329,387,716,1208,1291,2499,102,131,233,64,67,131,1920,2216,4136,734,869,1603,30,23,53,22038,24257,46295,40,42,82,39,33,72,20,15,35,16,8,24,77,128,205,93,136,229,6539,5605,12144,273,159,432,2711,2449,5160,31907,32899,64806
LGA16470,160,218,378,3510,3978,7488,0,0,0,174,196,370,79,72,151,5899,6045,11944,13,16,29,946,906,1852,43,52,95,42,46,88,138,178,316,5,5,10,55,43,98,133,188,321,528,559,1087,49,53,102,33,34,67,579,704,1283,267,307,574,22,18,40,12515,13400,25915,190,179,369,240,211,451,21,14,35,5,7,12,179,161,340,184,168,352,3971,3365,7336,194,122,316,1562,1277,2839,19037,18954,37991
LGA16550,2007,2439,4446,7300,8738,16038,44,63,107,419,518,937,17,14,31,17918,20032,37950,27,30,57,3952,4451,8403,79,102,181,49,66,115,265,290,555,151,156,307,135,148,283,434,519,953,1187,1383,2570,27,44,71,35,42,77,810,957,1767,658,790,1448,33,44,77,33540,38387,71927,577,492,1069,1215,1051,2266,2517,2858,5375,12,6,18,225,251,476,237,257,494,14975,13780,28755,653,374,1027,7646,5984,13630,63367,65622,128989
LGA16610,54,60,114,2829,2972,5801,0,0,0,141,169,310,0,5,5,2922,3128,6050,4,7,11,22,15,37,48,65,113,3,3,6,31,25,56,0,0,0,10,15,25,134,207,341,708,736,1444,51,63,114,26,36,62,587,675,1262,209,241,450,63,50,113,7788,8412,16200,3,3,6,4,3,7,0,0,0,3,0,3,32,37,69,35,37,72,1981,1715,3696,102,73,175,937,829,1766,10904,11132,22036
LGA16650,1681,2169,3850,3806,4528,8334,13,17,30,403,412,815,12,12,24,10685,11959,22644,46,57,103,8731,9107,17838,101,141,242,88,89,177,128,126,254,747,725,1472,111,112,223,336,396,732,684,756,1440,108,192,300,50,55,105,722,910,1632,518,624,1142,84,87,171,27373,30305,57678,1992,1441,3433,5420,4903,10323,108,120,228,0,0,0,259,209,468,259,209,468,7043,6338,13381,272,154,426,3960,3593,7553,48108,49232,97340
LGA16700,1934,2606,4540,5824,6582,12406,12,9,21,1043,1210,2253,43,71,114,14272,15984,30256,32,46,78,1565,1661,3226,87,118,205,34,54,88,190,193,383,773,844,1617,170,189,359,418,488,906,1846,2042,3888,46,60,106,75,90,165,1444,1784,3228,953,1121,2074,81,73,154,28908,32619,61527,1587,1301,2888,1182,1063,2245,202,209,411,3,0,3,410,386,796,413,386,799,11898,11164,23062,374,208,582,3562,3420,6982,50060,52976,103036
LGA16900,199,252,451,7559,8662,16221,0,0,0,256,312,568,6,0,6,9258,9994,19252,31,44,75,1545,1513,3058,190,230,420,38,59,97,282,329,611,10,11,21,38,58,96,319,338,657,840,1006,1846,99,145,244,29,40,69,1225,1497,2722,474,512,986,22,22,44,22221,24772,46993,48,41,89,294,300,594,6,3,9,4,6,10,81,115,196,85,121,206,6097,4998,11095,231,135,366,1978,1824,3802,31159,32446,63605
LGA16950,346,428,774,12897,14233,27130,0,4,4,781,909,1690,6,5,11,9833,10719,20552,76,93,169,323,281,604,248,291,539,75,105,180,225,241,466,11,7,18,51,83,134,504,579,1083,1886,2082,3968,145,169,314,55,61,116,2039,2487,4526,926,1061,1987,43,32,75,30124,33442,63566,38,33,71,67,65,132,32,44,76,17,10,27,144,230,374,161,240,401,9869,8610,18479,447,257,704,4627,3981,8608,45711,47100,92811
LGA17000,43,61,104,3899,3960,7859,0,0,0,144,174,318,71,53,124,2983,2962,5945,3,3,6,24,20,44,28,24,52,12,15,27,47,36,83,7,0,7,28,36,64,58,71,129,346,294,640,22,20,42,25,27,52,691,727,1418,184,222,406,29,29,58,8601,8673,17274,14,18,32,28,24,52,13,6,19,0,0,0,30,28,58,30,28,58,1978,1546,3524,93,37,130,848,653,1501,11648,11046,22694
LGA17050,32,39,71,877,762,1639,0,0,0,33,32,65,0,0,0,858,832,1690,0,0,0,11,25,36,10,9,19,3,6,9,46,40,86,3,4,7,3,3,6,27,19,46,85,94,179,4,4,8,4,10,14,138,157,295,64,61,125,0,4,4,2166,2062,4228,3,5,8,8,7,15,3,3,6,0,0,0,13,14,27,13,14,27,1007,828,1835,78,32,110,703,505,1208,4013,3495,7508
LGA17100,1051,1339,2390,897,959,1856,5,4,9,180,196,376,21,32,53,4742,4949,9691,10,5,15,739,772,1511,23,35,58,9,18,27,42,38,80,125,143,268,34,45,79,118,157,275,709,778,1487,17,8,25,57,65,122,468,537,1005,216,272,488,33,40,73,8445,9053,17498,2557,2098,4655,871,753,1624,23,21,44,0,0,0,237,183,420,237,183,420,2760,2533,5293,109,56,165,1607,1493,3100,17660,17529,35189
LGA17150,944,1345,2289,25796,28635,54431,3,3,6,2106,2335,4441,94,101,195,31140,34305,65445,186,203,389,4534,4556,9090,173,232,405,122,147,269,421,468,889,344,347,691,259,355,614,873,1020,1893,2760,3204,5964,306,360,666,70,72,142,3951,4825,8776,1627,1738,3365,123,161,284,74888,83067,157955,487,489,976,825,824,1649,151,154,305,3,5,8,267,288,555,270,293,563,18617,15356,33973,766,419,1185,6219,5749,11968,103167,107696,210863
LGA17200,4940,6141,11081,7809,7487,15296,4,15,19,564,560,1124,10,3,13,16103,16179,32282,15,26,41,2156,2268,4424,79,118,197,66,68,134,423,385,808,78,66,144,185,206,391,632,802,1434,1450,1277,2727,53,59,112,81,73,154,1322,1310,2632,1011,1114,2125,103,89,192,32144,32105,64249,1288,839,2127,1902,1119,3021,1035,1078,2113,27,21,48,552,472,1024,579,493,1072,31566,25404,56970,1518,735,2253,14593,12026,26619,89565,79940,169505
LGA17310,93,106,199,9744,10614,20358,0,0,0,288,339,627,68,81,149,6953,7654,14607,11,18,29,49,45,94,118,138,256,33,50,83,79,93,172,3,0,3,25,32,57,173,189,362,1357,1455,2812,112,146,258,68,71,139,1411,1683,3094,492,591,1083,12,14,26,20996,23213,44209,49,39,88,48,32,80,6,3,9,13,9,22,65,88,153,78,97,175,3866,3205,7071,212,121,333,2175,1953,4128,27523,28769,56292
LGA17350,6,9,15,832,877,1709,0,0,0,59,64,123,0,0,0,820,869,1689,0,0,0,9,7,16,6,9,15,3,0,3,195,199,394,0,0,0,0,0,0,22,24,46,180,181,361,12,13,25,10,12,22,210,218,428,14,22,36,0,0,0,2372,2495,4867,0,0,0,0,0,0,0,0,0,0,0,0,3,3,6,3,3,6,334,240,574,11,7,18,148,149,297,2874,2903,5777
LGA17400,11,21,32,903,977,1880,0,0,0,20,21,41,0,0,0,785,834,1619,3,0,3,0,0,0,31,43,74,4,10,14,21,26,47,0,0,0,3,3,6,31,47,78,174,188,362,26,29,55,25,16,41,186,210,396,80,77,157,6,8,14,2298,2489,4787,3,3,6,10,3,13,0,0,0,0,0,0,8,21,29,8,21,29,670,550,1220,31,33,64,359,300,659,3390,3420,6810
LGA17420,2285,2705,4990,15128,16350,31478,15,20,35,1824,2029,3853,240,258,498,25904,27411,53315,112,143,255,1868,1910,3778,173,197,370,346,351,697,360,410,770,449,453,902,330,321,651,1810,2097,3907,2579,2716,5295,140,147,287,349,450,799,3318,3866,7184,1596,1799,3395,116,123,239,56657,61051,117708,2670,2677,5347,1964,1896,3860,113,113,226,0,0,0,1015,1001,2016,1015,1001,2016,14481,12107,26588,509,335,844,4292,4002,8294,83986,85887,169873
LGA17450,0,6,6,497,478,975,0,0,0,18,14,32,0,0,0,381,394,775,0,0,0,4,0,4,11,14,25,0,0,0,11,14,25,6,4,10,0,0,0,13,18,31,122,113,235,5,9,14,9,6,15,99,116,215,16,22,38,0,0,0,1192,1202,2394,10,0,10,0,0,0,0,0,0,0,0,0,3,4,7,3,4,7,299,236,535,17,17,34,264,107,371,1785,1572,3357
LGA17500,19,18,37,1926,1967,3893,0,0,0,61,64,125,0,0,0,1634,1696,3330,3,3,6,6,10,16,20,15,35,3,4,7,30,45,75,3,0,3,3,10,13,27,32,59,225,194,419,3,3,6,23,21,44,204,242,446,97,96,193,0,3,3,4268,4405,8673,13,11,24,13,3,16,4,0,4,0,0,0,7,10,17,7,10,17,774,601,1375,43,16,59,385,344,729,5526,5408,10934
LGA17550,467,646,1113,9546,11006,20552,0,0,0,417,479,896,12,17,29,9950,11083,21033,79,116,195,148,136,284,340,415,755,67,73,140,198,242,440,5,7,12,40,54,94,300,408,708,1996,2195,4191,85,139,224,330,348,678,1680,2172,3852,964,1154,2118,26,45,71,26183,30089,56272,240,241,481,63,39,102,42,47,89,9,5,14,244,324,568,253,329,582,9608,8751,18359,509,453,962,3648,3498,7146,41013,44093,85106
LGA17620,35,33,68,2656,2754,5410,0,0,0,41,55,96,0,0,0,1833,1859,3692,0,3,3,12,5,17,17,25,42,5,4,9,10,21,31,0,3,3,0,3,3,8,10,18,234,218,452,16,20,36,8,12,20,369,407,776,74,67,141,4,7,11,5287,5473,10760,8,9,17,12,16,28,0,7,7,0,0,0,11,10,21,11,10,21,996,854,1850,32,16,48,482,472,954,6863,6890,13753
LGA17640,12,21,33,1149,1149,2298,0,0,0,14,27,41,0,0,0,1185,1221,2406,3,3,6,27,12,39,3,3,6,7,8,15,14,16,30,0,0,0,0,3,3,8,9,17,109,106,215,9,12,21,9,6,15,234,269,503,44,43,87,9,12,21,2824,2899,5723,4,3,7,0,3,3,5,3,8,6,3,9,9,7,16,15,10,25,493,416,909,22,14,36,229,221,450,3604,3590,7194
LGA17650,20,26,46,960,1001,1961,0,0,0,35,32,67,0,0,0,631,704,1335,4,10,14,3,5,8,35,40,75,3,3,6,13,12,25,0,0,0,8,6,14,19,14,33,141,146,287,35,28,63,9,15,24,136,174,310,64,62,126,4,3,7,2100,2255,4355,3,4,7,5,5,10,3,0,3,3,0,3,3,15,18,6,15,21,583,512,1095,20,31,51,240,204,444,2980,3052,6032
LGA17700,0,0,0,114,113,227,0,0,0,0,0,0,0,0,0,194,188,382,0,0,0,0,0,0,0,0,0,0,4,4,9,7,16,0,0,0,0,0,0,0,0,0,43,33,76,3,3,6,0,0,0,75,66,141,8,7,15,0,0,0,446,421,867,0,0,0,0,3,3,0,0,0,0,0,0,0,0,0,0,0,0,93,76,169,4,0,4,62,53,115,605,553,1158
LGA17750,157,175,332,6764,7443,14207,0,0,0,365,348,713,106,97,203,9420,10344,19764,49,52,101,89,88,177,59,81,140,30,39,69,438,505,943,72,76,148,79,88,167,252,292,544,1675,1982,3657,74,96,170,80,100,180,1477,1793,3270,531,601,1132,13,11,24,21573,24036,45609,111,99,210,202,139,341,3,8,11,4,3,7,81,99,180,85,102,187,4797,4141,8938,292,134,426,1759,1646,3405,28979,30480,59459
LGA17800,14,6,20,487,494,981,0,0,0,47,52,99,0,0,0,435,438,873,6,9,15,6,6,12,0,3,3,0,0,0,11,15,26,0,0,0,0,3,3,9,12,21,95,89,184,6,6,12,3,3,6,187,232,419,34,29,63,0,0,0,1326,1391,2717,3,0,3,0,3,3,0,0,0,0,0,0,6,9,15,6,9,15,431,337,768,10,4,14,237,184,421,2027,1934,3961
LGA17850,0,4,4,610,672,1282,0,0,0,8,10,18,0,0,0,313,319,632,0,0,0,0,0,0,24,28,52,0,0,0,6,5,11,0,0,0,0,0,0,0,6,6,187,174,361,5,3,8,6,4,10,29,31,60,20,13,33,0,3,3,1208,1268,2476,0,0,0,0,0,0,0,3,3,0,0,0,0,5,5,0,5,5,219,167,386,4,3,7,71,69,140,1502,1519,3021
LGA17900,13,7,20,1120,995,2115,0,0,0,19,18,37,0,0,0,871,794,1665,0,4,4,55,30,85,20,27,47,7,4,11,35,21,56,0,0,0,14,10,24,3,3,6,151,130,281,12,10,22,8,16,24,73,60,133,37,38,75,3,0,3,2428,2160,4588,9,3,12,11,7,18,0,4,4,4,4,8,5,4,9,9,8,17,574,470,1044,18,15,33,426,291,717,3488,2965,6453
LGA17950,3,4,7,481,506,987,0,0,0,4,3,7,0,0,0,503,515,1018,0,0,0,0,5,5,3,0,3,3,0,3,0,4,4,0,0,0,0,0,0,3,6,9,124,116,240,0,0,0,0,0,0,39,35,74,12,11,23,0,0,0,1172,1201,2373,0,0,0,0,3,3,0,0,0,3,5,8,3,0,3,6,5,11,118,86,204,6,3,9,83,69,152,1388,1371,2759
LGA18000,996,1404,2400,14850,17033,31883,0,8,8,701,756,1457,11,18,29,18976,20532,39508,48,54,102,1264,1328,2592,160,224,384,151,137,288,407,487,894,471,477,948,162,178,340,813,924,1737,1868,2192,4060,85,128,213,57,77,134,2435,3078,5513,1227,1381,2608,69,79,148,43755,49091,92846,483,375,858,462,418,880,257,270,527,0,3,3,453,409,862,453,412,865,17087,14696,31783,775,415,1190,4843,4549,9392,69111,71630,140741
LGA18020,16,17,33,1724,1762,3486,0,0,0,26,24,50,0,3,3,1101,1173,2274,0,4,4,15,6,21,18,24,42,5,6,11,15,18,33,0,0,0,0,6,6,19,28,47,288,292,580,8,9,17,14,24,38,185,197,382,76,94,170,5,8,13,3499,3678,7177,3,5,8,5,5,10,3,0,3,6,0,6,8,17,25,14,17,31,741,640,1381,31,19,50,495,402,897,4807,4783,9590
LGA18050,457,666,1123,3234,3724,6958,5,0,5,73,90,163,0,3,3,6667,7330,13997,9,8,17,820,963,1783,34,32,66,12,9,21,139,169,308,6,12,18,45,56,101,89,115,204,482,489,971,7,9,16,10,15,25,328,392,720,201,275,476,17,21,38,12178,13712,25890,105,112,217,188,149,337,5263,5613,10876,6,0,6,111,120,231,117,120,237,8000,7402,15402,452,291,743,4501,4160,8661,31261,32225,63486
LGA18100,10,4,14,565,557,1122,0,0,0,11,6,17,3,0,3,484,485,969,0,0,0,0,0,0,3,0,3,0,3,3,7,11,18,0,0,0,3,3,6,23,28,51,164,142,306,23,25,48,3,5,8,165,159,324,13,17,30,0,0,0,1467,1441,2908,3,0,3,3,3,6,0,0,0,0,0,0,4,4,8,4,4,8,228,245,473,12,6,18,133,100,233,1860,1803,3663
LGA18150,7,14,21,1318,1366,2684,0,0,0,129,122,251,0,0,0,1066,1138,2204,0,3,3,7,6,13,6,7,13,5,3,8,18,14,32,0,0,0,3,0,3,30,22,52,145,148,293,27,34,61,6,8,14,276,288,564,67,72,139,4,8,12,3107,3239,6346,3,4,7,4,3,7,4,3,7,3,3,6,14,10,24,17,13,30,512,445,957,15,13,28,759,335,1094,4428,4069,8497
LGA18200,6,10,16,647,646,1293,0,0,0,28,32,60,0,0,0,896,835,1731,11,7,18,12,11,23,6,11,17,0,5,5,54,64,118,3,0,3,0,0,0,21,27,48,87,113,200,12,13,25,40,26,66,270,326,596,57,64,121,3,0,3,2147,2180,4327,8,0,8,4,5,9,3,3,6,5,0,5,9,11,20,14,11,25,920,680,1600,6,5,11,325,282,607,3433,3176,6609
LGA18250,1273,1796,3069,4960,5574,10534,4,0,4,328,429,757,13,12,25,7855,9006,16861,30,42,72,623,642,1265,37,38,75,19,10,29,148,175,323,378,407,785,92,127,219,185,264,449,984,1130,2114,17,23,40,17,20,37,860,1153,2013,501,597,1098,24,46,70,17075,19695,36770,750,625,1375,388,379,767,445,430,875,0,0,0,203,212,415,203,212,415,9531,9084,18615,286,156,442,2512,2515,5027,32463,34892,67355
LGA18350,155,219,374,6229,7177,13406,0,3,3,297,316,613,74,73,147,5088,5693,10781,44,48,92,184,193,377,102,115,217,31,40,71,93,124,217,4,5,9,23,20,43,136,179,315,692,933,1625,38,35,73,50,57,107,908,1151,2059,516,556,1072,51,53,104,14560,16771,31331,45,50,95,32,28,60,52,60,112,0,5,5,79,132,211,79,137,216,4433,4084,8517,230,147,377,1685,1628,3313,21271,23124,44395
LGA18400,91,113,204,6794,7268,14062,6,0,6,240,286,526,66,65,131,6648,6713,13361,16,18,34,282,274,556,69,90,159,28,24,52,127,200,327,11,8,19,27,35,62,124,148,272,513,545,1058,48,48,96,19,25,44,779,849,1628,350,365,715,43,37,80,16190,16998,33188,16,14,30,81,66,147,16,15,31,6,7,13,47,57,104,53,64,117,3670,2974,6644,119,93,212,1374,1314,2688,21610,21651,43261
LGA18450,1197,1440,2637,18833,21455,40288,5,0,5,904,951,1855,139,134,273,26236,28044,54280,190,213,403,5681,5541,11222,308,436,744,143,173,316,573,677,1250,90,63,153,162,228,390,842,1028,1870,2661,3129,5790,386,457,843,116,143,259,3964,4830,8794,1478,1709,3187,81,109,190,62792,69320,132112,446,402,848,2107,1902,4009,55,66,121,24,16,40,311,407,718,335,423,758,20581,17084,37665,991,555,1546,6745,5976,12721,95249,97168,192417
LGA18500,282,425,707,4122,5228,9350,0,4,4,62,79,141,0,3,3,4590,5928,10518,12,9,21,792,905,1697,21,35,56,8,10,18,105,139,244,10,8,18,26,39,65,71,87,158,505,553,1058,5,9,14,8,17,25,328,404,732,158,207,365,14,22,36,10837,13686,24523,137,123,260,122,108,230,3503,3877,7380,0,0,0,72,86,158,72,86,158,5793,5537,11330,259,160,419,3558,3594,7152,24563,27596,52159
LGA18550,451,573,1024,21227,24360,45587,3,3,6,1245,1414,2659,16,7,23,19525,21613,41138,46,59,105,514,459,973,329,446,775,213,246,459,216,252,468,21,25,46,254,304,558,603,735,1338,2199,2540,4739,237,284,521,295,319,614,2569,3311,5880,1367,1608,2975,84,82,166,50963,58067,109030,153,153,306,225,205,430,48,48,96,16,3,19,194,275,469,210,278,488,14267,12362,26629,610,398,1008,5451,5283,10734,72378,77367,149745
LGA18710,36,45,81,1729,1908,3637,0,0,0,81,77,158,0,0,0,2162,2125,4287,0,3,3,35,23,58,14,12,26,3,3,6,52,69,121,0,0,0,0,7,7,39,33,72,185,214,399,22,19,41,18,18,36,386,470,856,131,159,290,7,9,16,4864,5149,10013,7,8,15,23,22,45,3,8,11,0,0,0,28,38,66,28,38,66,1768,1646,3414,62,41,103,659,613,1272,7450,7570,15020
LGA18750,19,17,36,1737,1763,3500,0,0,0,54,62,116,57,57,114,2077,2368,4445,0,0,0,28,23,51,29,25,54,0,0,0,22,29,51,0,0,0,3,7,10,21,20,41,230,243,473,23,33,56,16,22,38,261,318,579,95,102,197,0,3,3,4653,5075,9728,6,12,18,79,69,148,3,0,3,0,0,0,13,8,21,13,8,21,723,628,1351,23,20,43,450,437,887,5969,6266,12235
LGA19399,3,0,3,171,148,319,0,0,0,7,3,10,0,0,0,117,129,246,0,0,0,0,3,3,0,0,0,3,0,3,3,16,19,0,0,0,3,0,3,0,0,0,17,10,27,4,0,4,19,32,51,55,54,109,4,5,9,0,0,0,403,400,803,4,0,4,0,0,0,0,0,0,0,0,0,0,3,3,0,3,3,162,114,276,3,3,6,45,29,74,620,549,1169
LGA19499,117,126,243,1096,886,1982,3,3,6,85,77,162,0,0,0,1161,977,2138,5,0,5,76,50,126,19,24,43,37,23,60,26,32,58,5,7,12,18,18,36,70,75,145,179,144,323,23,26,49,35,31,66,209,156,365,139,114,253,15,11,26,3201,2654,5855,64,32,96,153,105,258,20,15,35,8,4,12,50,55,105,58,59,117,1703,1255,2958,124,115,239,2153,965,3118,7593,5326,12919
