region_id,Bosnia_Herzegovina_Befre_1941,Bosnia_Herzegovina_1941_1950,Bosnia_Herzegovina_1951_1960,Bosnia_Herzegovina_1961_1970,Bosnia_Herzegovina_1971_1980,Bosnia_Herzegovina_1981_1990,Bosnia_Herzegovina_1991_2000,Bosnia_Herzegovina_2001_2005,Bosnia_Herzegovina_2006,Bosnia_Herzegovina_2007,Bosnia_Herzegovina_2008,Bosnia_Herzegovina_2009,Bosnia_Herzegovina_2010,Bosnia_Herzegovina_2011,Bosnia_Herzegovina_arrival_ns,Bosnia_Herzegovina_Tot,Cambodia_Before_1941,Cambodia_1941_1950,Cambodia_1951_1960,Cambodia_1961_1970,Cambodia_1971_1980,Cambodia_1981_1990,Cambodia_1991_2000,Cambodia_2001_2005,Cambodia_2006,Cambodia_2007,Cambodia_2008,Cambodia_2009,Cambodia_2010,Cambodia_2011,Cambodia_Yr_arrival_ns,Cambodia_Tot,Canada_Before_1941,Canada_1941_1950,Canada_1951_1960,Canada_1961_1970,Canada_1971_1980,Canada_1981_1990,Canada_1991_2000,Canada_2001_2005,Canada_2006,Canada_2007,Canada_2008,Canada_2009,Canada_2010,Canada_2011,Canada_Yr_arrival_NS,Canada_Tot,China_exc_SARs_Taiw_Bef_1941,China_exc_SARs_Taiwan_41_50,China_exc_SARs_Taiwan_51_60,China_exc_SARs_Taiwan_61_70,China_exc_SARs_Taiwan_71_80,China_exc_SARs_Taiwan_81_90,China_exc_SARs_Taiwan_91_00,China_exc_SARs_Taiwan_01_05,China_exc_SARs_Taiwan_2006,China_exc_SARs_Taiwan_2007,China_exc_SARs_Taiwan_2008,China_exc_SARs_Taiwan_2009,China_exc_SARs_Taiwan_2010,China_exc_SARs_Taiwan_2011,China_exc_SARs_Tawan_arr_ns,China_exc_SARs_Taiwan_Tot,Croatia_Before_1941,Croatia_1941_1950,Croatia_1951_1960,Croatia_1961_1970,Croatia_1971_1980,Croatia_1981_1990,Croatia_1991_2000,Croatia_2001_2005,Croatia_2006,Croatia_2007,Croatia_2008,Croatia_2009,Croatia_2010,Croatia_2011,Croatia_Yr_arrival_NS,Croatia_Tot,Egypt_Before_1941,Egypt_1941_1950,Egypt_1951_1960,Egypt_1961_1970,Egypt_1971_1980,Egypt_1981_1990,Egypt_1991_2000,Egypt_2001_2005,Egypt_2006,Egypt_2007,Egypt_2008,Egypt_2009,Egypt_2010,Egypt_2011,Egypt_Yr_arrival_NS,Egypt_Tot,Fiji_Before_1941,Fiji_1941_1950,Fiji_1951_1960,Fiji_1961_1970,Fiji_1971_1980,Fiji_1981_1990,Fiji_1991_2000,Fiji_2001_2005,Fiji_2006,Fiji_2007,Fiji_2008,Fiji_2009,Fiji_2010,Fiji_2011,Fiji_Yr_arrival_NS,Fiji_Tot,Frmr_Y_R_M_FYROM_Bef_1941,Frmr_Y_R_M_FYROM_1941_1950,Frmr_Y_R_M_FYROM_1951_1960,Frmr_Y_R_M_FYROM_1961_1970,Frmr_Y_R_M_FYROM_1971_1980,Frmr_Y_R_M_FYROM_1981_1990,Frmr_Y_R_M_FYROM_1991_2000,Frmr_Y_R_M_FYROM_2001_2005,Frmr_Yug_Rep_Mac_FYROM_2006,Frmr_Yug_Rep_Mac_FYROM_2007,Frmr_Yug_Rep_Mac_FYROM_2008,Frmr_Yug_Rep_Mac_FYROM_2009,Frmr_Yug_Rep_Mac_FYROM_2010,Frmr_Yug_Rep_Mac_FYROM_2011,Frmr_Y_R_M_FYROM_arrival_ns,Frmr_Yug_Rep_Mac_FYROM_Tot,Germany_Before_1941,Germany_1941_1950,Germany_1951_1960,Germany_1961_1970,Germany_1971_1980,Germany_1981_1990,Germany_1991_2000,Germany_2001_2005,Germany_2006,Germany_2007,Germany_2008,Germany_2009,Germany_2010,Germany_2011,Germany_Yr_arrival_NS,Germany_Tot,Greece_Before_1941,Greece_1941_1950,Greece_1951_1960,Greece_1961_1970,Greece_1971_1980,Greece_1981_1990,Greece_1991_2000,Greece_2001_2005,Greece_2006,Greece_2007,Greece_2008,Greece_2009,Greece_2010,Greece_2011,Greece_Yr_arrival_NS,Greece_Tot,Hng_Kng_SAR_China_Bfre_1941,Hng_Kng_SAR_China_1941_1950,Hng_Kng_SAR_China_1951_1960,Hng_Kng_SAR_China_1961_1970,Hng_Kng_SAR_China_1971_1980,Hng_Kng_SAR_China_1981_1990,Hng_Kng_SAR_China_1991_2000,Hng_Kng_SAR_China_2001_2005,Hong_Kong_SAR_China_2006,Hong_Kong_SAR_China_2007,Hong_Kong_SAR_China_2008,Hong_Kong_SAR_China_2009,Hong_Kong_SAR_China_2010,Hong_Kong_SAR_China_2011,Hng_Kng_SAR_Chna_arrival_ns,Hong_Kong_SAR_China_Tot,India_Before_1941,India_1941_1950,India_1951_1960,India_1961_1970,India_1971_1980,India_1981_1990,India_1991_2000,India_2001_2005,India_2006,India_2007,India_2008,India_2009,India_2010,India_2011,India_Yr_arrival_NS,India_Tot,Indonesia_Before_1941,Indonesia_1941_1950,Indonesia_1951_1960,Indonesia_1961_1970,Indonesia_1971_1980,Indonesia_1981_1990,Indonesia_1991_2000,Indonesia_2001_2005
LGA10050,0,3,3,6,3,0,0,0,0,0,0,0,0,0,0,15,0,0,0,0,0,0,3,0,0,0,0,0,0,0,0,3,0,0,3,7,3,3,10,6,3,3,3,0,3,6,3,53,0,3,0,0,6,0,12,14,11,7,4,6,0,3,3,69,0,0,4,28,10,0,0,0,0,0,0,0,0,0,0,42,0,0,3,5,4,0,0,0,8,0,0,0,0,4,0,24,0,0,0,3,3,13,3,4,0,3,3,3,3,0,3,41,0,0,0,0,0,0,0,0,0,0,0,0,0,0,0,0,0,46,136,47,6,14,8,7,0,5,0,0,0,0,17,286,0,7,19,12,4,3,0,4,0,0,0,0,4,0,5,58,0,0,0,0,6,9,3,0,0,0,0,0,0,0,3,21,0,4,0,9,5,8,14,34,60,73,44,55,21,10,17,354,0,0,4,0,0,0,4,8
LGA10110,0,0,0,3,0,0,0,0,0,0,0,0,0,0,0,3,0,0,0,0,0,0,0,3,0,0,0,0,0,0,0,3,0,0,3,3,11,4,12,3,3,0,3,3,3,3,0,51,0,0,0,3,3,3,17,27,4,9,19,21,60,46,36,248,0,0,0,0,0,0,0,0,0,0,0,0,0,0,0,0,0,0,3,0,3,0,0,0,0,3,0,0,3,0,0,12,4,0,0,0,3,8,4,9,0,0,0,4,3,5,0,40,0,0,0,0,0,0,0,0,0,0,0,0,0,0,0,0,0,8,21,6,9,20,22,9,3,3,0,5,4,3,3,116,0,0,3,0,0,0,0,0,0,0,0,0,0,0,0,3,0,0,0,3,0,5,6,6,0,0,3,3,5,0,3,34,0,4,0,5,0,5,18,9,4,0,7,0,11,3,0,66,0,0,3,0,0,0,9,8
LGA10150,0,0,0,3,3,3,8,0,0,0,0,0,0,0,0,17,0,0,0,0,9,17,0,0,3,0,0,0,0,0,0,29,0,0,4,3,18,12,13,10,0,5,3,3,5,7,4,87,0,5,22,30,101,651,981,788,206,270,290,259,236,86,221,4146,0,0,23,53,23,11,5,0,0,0,0,0,0,0,0,115,0,8,11,24,27,14,9,0,0,0,0,3,0,0,0,96,0,3,0,5,29,55,24,6,0,4,0,10,4,0,4,144,0,0,0,4,4,0,4,0,0,0,0,0,0,0,0,12,4,18,24,20,13,17,4,5,0,3,3,0,3,3,7,124,0,3,154,204,13,5,3,0,0,0,3,0,0,0,16,401,0,4,3,13,65,139,92,37,13,9,11,8,15,3,8,420,0,0,3,23,18,53,134,248,146,183,198,145,140,73,41,1405,0,0,0,8,13,29,66,37
LGA10200,0,0,0,19,7,7,112,38,0,0,0,0,0,3,0,186,0,0,0,0,26,88,41,4,3,0,0,4,3,0,9,178,0,0,0,8,5,0,12,8,4,6,7,4,7,0,3,64,0,7,53,105,144,1311,1963,1777,405,639,546,516,341,164,370,8341,0,4,24,226,79,13,15,3,0,0,0,3,0,0,15,382,0,4,0,28,21,39,29,40,9,10,3,12,3,3,19,220,0,0,0,7,34,138,120,46,16,11,21,15,3,15,30,456,0,0,0,29,10,11,6,3,0,0,0,0,0,0,10,69,0,19,18,13,4,9,25,24,3,3,4,3,4,3,7,139,0,3,43,124,11,6,5,3,0,0,0,0,0,0,17,212,0,0,0,4,69,268,277,79,11,25,12,13,20,9,28,815,0,4,0,18,48,140,291,445,169,363,503,350,138,89,95,2653,0,0,3,3,28,63,167,114
LGA10250,0,0,0,0,0,0,3,0,0,0,0,0,0,0,0,3,0,0,0,0,0,0,0,0,0,0,0,0,0,3,0,3,3,3,0,3,13,8,21,15,3,3,3,3,0,6,3,87,0,3,6,0,4,4,6,3,3,3,9,0,7,0,3,51,0,0,6,5,0,0,0,0,0,0,0,0,0,0,0,11,0,0,3,0,0,3,0,0,0,0,0,0,0,0,0,6,3,4,9,7,0,6,0,0,0,0,0,0,0,0,0,29,0,0,0,0,0,0,0,0,0,0,0,0,0,0,0,0,0,24,50,17,7,20,8,9,0,0,0,6,4,0,3,148,3,0,3,3,3,0,0,0,0,0,0,0,0,0,0,12,0,0,3,0,6,4,5,0,0,0,0,4,0,0,3,25,3,6,3,8,4,4,5,9,0,4,3,0,4,3,3,59,0,3,3,3,0,0,3,4
LGA10300,0,0,0,0,0,0,0,0,0,0,0,0,0,0,0,0,0,0,0,0,0,0,0,0,0,0,0,0,0,0,0,0,0,0,0,0,0,0,0,0,0,0,0,0,0,0,0,0,0,0,0,0,0,0,0,3,0,0,0,0,0,0,0,3,0,0,0,0,0,0,0,0,0,0,0,0,0,0,0,0,0,0,0,0,0,0,0,0,0,0,3,0,0,0,3,6,0,0,0,0,3,3,3,0,0,0,0,0,0,0,0,9,0,0,0,0,0,0,0,0,0,0,0,0,0,0,0,0,0,3,0,0,0,0,0,0,0,0,0,0,0,0,0,3,0,0,0,0,3,0,0,0,0,0,0,0,0,0,0,3,0,0,0,0,0,0,0,0,0,0,0,0,3,0,0,3,0,0,0,0,0,0,0,0,0,3,0,0,0,0,0,3,0,0,0,0,0,0,0,0
LGA10350,0,0,0,29,17,9,123,31,3,0,6,5,0,3,7,233,0,0,0,5,75,149,44,3,0,8,3,0,7,0,14,308,0,0,3,8,14,14,18,16,4,3,5,3,3,3,3,97,0,20,56,60,137,1159,1644,823,169,223,214,192,180,68,273,5218,3,4,61,210,80,21,42,9,0,0,0,0,0,3,13,446,0,31,73,212,190,274,283,123,32,59,58,25,40,26,41,1467,0,0,5,20,106,405,298,105,19,28,29,39,13,5,62,1134,0,8,21,536,580,234,224,61,16,7,6,8,15,3,45,1764,3,166,177,87,32,41,28,28,6,3,5,0,4,0,33,613,3,16,466,1084,283,107,50,19,4,3,3,7,3,7,87,2142,0,0,0,10,104,322,325,57,10,16,15,9,3,3,16,890,0,10,3,65,90,178,379,342,129,138,136,73,42,26,60,1671,0,0,9,7,84,219,321,151
LGA10470,0,0,0,3,0,0,3,0,0,0,0,0,0,0,0,6,0,0,0,0,0,7,0,0,0,0,3,0,0,0,3,13,0,0,3,0,10,3,8,11,0,3,3,4,3,3,3,54,0,3,3,0,5,8,19,11,12,6,3,8,4,10,22,114,0,3,3,8,0,0,4,0,0,0,0,0,0,0,0,18,0,0,3,0,0,3,4,0,0,0,0,0,0,0,3,13,3,0,3,3,5,5,5,5,0,3,0,0,0,3,13,48,0,0,0,0,0,0,0,0,0,0,0,0,0,0,3,3,0,21,35,18,5,15,7,6,0,3,0,0,0,0,9,119,0,3,3,4,0,0,0,0,0,0,0,0,0,0,5,15,0,0,0,4,6,0,3,0,0,0,0,3,3,0,7,26,0,3,0,5,6,0,14,9,5,5,5,7,0,0,6,65,0,0,0,4,0,0,0,4
LGA10550,0,0,0,0,0,0,0,0,0,0,0,0,0,0,0,0,0,0,0,0,0,0,0,3,0,0,0,0,0,0,0,3,0,0,0,9,9,8,16,8,0,0,3,0,3,0,0,56,0,5,6,0,0,3,0,3,6,3,0,0,0,0,0,26,0,0,3,17,4,0,0,0,0,0,0,0,0,0,0,24,0,0,4,3,0,0,0,0,0,0,0,0,0,0,0,7,0,0,0,3,4,0,0,0,0,0,0,4,5,0,0,16,0,0,0,3,0,0,0,0,0,0,0,0,0,0,0,3,0,26,88,38,25,29,13,3,0,3,8,3,3,0,13,252,0,0,3,7,3,0,0,0,0,0,0,0,0,0,0,13,0,0,3,0,0,5,0,0,0,0,0,0,0,0,0,8,0,4,0,3,3,0,0,3,0,3,4,3,3,0,0,26,0,0,3,0,0,0,0,5
LGA10600,0,0,0,0,0,0,0,0,0,0,0,0,0,0,0,0,0,0,0,0,0,0,0,0,0,0,0,0,0,0,0,0,0,0,0,6,7,5,4,0,0,0,0,3,0,0,0,25,0,0,0,0,0,3,3,3,0,0,3,0,0,0,0,12,0,0,0,3,0,0,0,0,0,0,0,0,0,0,0,3,0,0,0,0,0,0,0,0,0,0,0,0,0,0,0,0,0,0,3,0,7,0,0,0,0,0,0,0,0,0,0,10,0,0,0,0,0,0,0,0,0,0,0,0,0,0,0,0,0,9,20,15,6,35,11,10,0,0,0,0,0,0,0,106,0,0,0,0,0,0,0,0,0,0,0,0,0,0,0,0,0,0,0,5,0,0,0,3,0,0,0,0,3,0,0,11,0,0,4,4,0,0,0,0,0,0,0,3,0,0,0,11,0,0,0,3,0,3,3,0
LGA10650,0,0,0,0,0,0,0,0,0,0,0,0,0,0,0,0,0,0,0,0,0,0,0,0,0,3,0,0,0,0,0,3,0,0,0,0,0,0,3,0,3,0,0,0,0,0,0,6,0,0,0,0,0,6,4,0,0,0,0,0,0,0,0,10,0,0,0,0,0,0,0,0,0,0,0,0,0,0,0,0,0,0,0,0,0,0,0,0,0,0,0,0,0,0,0,0,0,0,0,0,0,0,3,0,0,0,0,0,0,0,0,3,0,0,0,0,0,0,0,0,0,0,0,0,0,0,0,0,0,8,20,9,0,0,3,0,0,0,0,0,0,0,0,40,0,0,4,0,0,0,0,0,0,0,0,0,0,0,0,4,0,0,0,0,0,0,0,0,0,0,0,0,0,0,0,0,0,5,0,3,3,0,0,0,3,0,0,3,5,0,0,22,0,0,0,0,0,0,0,0
LGA10750,0,5,0,54,38,30,453,34,4,0,5,3,4,0,11,641,0,0,0,0,15,51,26,11,0,3,0,0,4,0,6,116,0,3,8,19,44,38,54,41,8,8,4,11,15,9,18,280,3,11,36,44,100,661,948,548,116,132,143,103,89,26,110,3070,0,11,81,494,164,67,214,38,0,3,0,3,0,0,31,1106,0,22,54,225,221,361,353,214,37,54,64,34,43,22,52,1756,0,4,3,32,214,1669,2214,1245,216,200,152,164,99,66,208,6486,0,0,3,56,85,36,22,12,3,0,3,3,0,0,3,226,0,278,290,159,86,74,66,48,5,4,5,8,9,7,48,1087,3,10,122,381,112,58,24,11,0,5,3,6,0,3,34,772,3,0,7,19,83,300,267,53,12,8,8,5,7,3,23,798,3,6,13,153,273,865,3644,3871,1253,1434,1441,999,436,247,414,15052,0,4,25,11,122,263,448,270
LGA10800,0,0,0,0,0,0,0,0,0,0,0,0,0,0,0,0,0,0,0,0,0,0,0,0,0,0,0,0,0,0,0,0,0,0,0,0,0,0,0,0,0,0,0,3,0,0,0,3,0,0,0,0,3,0,5,0,3,0,0,0,0,0,0,11,0,0,0,0,0,3,0,0,0,0,0,0,0,0,0,3,0,0,0,0,0,0,0,0,0,0,0,0,0,0,0,0,0,0,0,0,0,3,0,0,0,0,0,0,0,0,0,3,0,0,0,0,0,0,0,0,0,0,0,0,0,0,0,0,0,0,0,0,0,3,0,0,0,0,0,0,0,0,0,3,0,0,0,0,0,0,0,0,0,0,0,0,0,0,0,0,0,0,0,0,0,3,0,0,0,0,0,0,0,0,0,3,0,0,0,0,0,0,0,0,0,0,0,0,0,0,0,0,0,0,0,0,0,0,0,0
LGA10850,0,0,0,0,0,0,0,0,0,0,0,0,0,0,0,0,0,0,0,0,0,0,0,0,0,0,0,0,0,0,0,0,0,0,0,0,3,0,0,0,0,0,0,0,0,0,0,3,0,0,0,0,0,3,0,0,3,3,0,0,0,0,3,12,0,0,0,0,0,0,0,0,0,0,0,0,0,0,0,0,0,0,0,0,0,0,0,0,0,0,0,0,0,0,0,0,0,0,0,0,0,0,0,0,0,0,0,0,0,0,0,0,0,0,0,0,0,0,0,0,0,0,0,0,0,0,0,0,0,3,9,0,4,0,0,0,0,0,0,0,0,0,3,19,0,0,0,0,0,0,0,0,0,0,0,0,0,0,0,0,0,0,0,3,0,0,0,0,0,0,3,0,0,0,0,6,0,0,3,0,3,0,0,0,0,0,0,0,0,0,0,6,0,0,3,0,0,0,0,0
LGA10900,0,0,0,6,5,0,8,0,0,0,0,0,0,0,0,19,0,0,0,0,3,3,9,13,3,3,0,0,0,0,0,34,0,0,5,24,39,33,35,23,0,0,0,6,3,6,4,178,0,5,29,13,4,16,28,17,4,6,5,11,15,5,7,165,0,3,10,43,3,8,6,0,0,0,0,0,0,0,3,76,0,6,19,15,7,3,0,0,0,0,0,0,0,0,4,54,3,3,3,9,15,15,11,4,0,0,0,0,0,0,4,67,0,0,0,3,0,0,0,0,0,0,0,0,0,0,0,3,3,80,166,94,56,73,43,25,6,4,4,0,3,3,11,571,3,3,23,31,3,3,0,3,0,3,0,0,0,0,0,72,3,3,3,12,17,12,11,11,3,3,3,0,3,0,0,84,3,10,5,43,32,25,28,11,3,3,3,12,3,4,4,189,0,8,24,13,3,6,4,5
LGA10950,0,0,0,0,0,0,0,0,0,0,0,0,0,0,0,0,0,0,0,0,0,0,0,0,0,0,0,0,0,0,0,0,0,0,0,0,0,0,0,0,0,0,0,0,0,0,0,0,0,0,0,0,0,0,0,0,0,0,0,0,0,0,0,0,0,0,0,0,0,0,0,0,0,0,0,0,0,0,0,0,0,0,0,0,0,0,0,0,0,0,0,0,0,0,0,0,0,0,0,0,0,0,0,0,0,0,0,0,0,0,0,0,0,0,0,0,0,0,0,0,0,0,0,0,0,0,0,0,0,0,3,0,0,0,0,0,0,0,0,0,3,0,0,6,0,3,0,0,0,0,0,0,0,0,0,0,0,0,0,3,0,0,0,0,3,0,0,0,0,0,0,0,0,0,0,3,0,0,0,0,0,0,3,0,0,0,0,0,0,0,3,6,0,0,0,0,0,0,0,0
LGA11000,0,0,0,0,0,0,0,0,0,0,0,0,0,0,0,0,0,0,0,0,0,0,0,0,0,0,0,0,0,0,0,0,0,0,0,0,3,0,0,0,0,0,0,0,0,0,0,3,0,0,0,0,0,0,0,0,0,3,0,0,0,0,0,3,0,0,0,0,3,0,0,0,0,0,0,0,0,0,0,3,0,0,0,0,0,0,0,0,0,0,0,0,0,0,0,0,0,0,0,0,0,3,0,0,0,0,0,0,0,0,0,3,0,0,0,0,0,0,0,0,0,0,0,0,0,0,0,0,0,3,7,3,3,0,0,0,0,0,0,0,0,0,0,16,0,0,0,0,0,0,0,0,0,0,0,0,0,0,0,0,0,0,0,0,3,0,0,0,0,0,0,0,0,0,3,6,0,0,3,0,3,0,0,0,0,0,0,0,0,0,0,6,0,0,0,0,0,0,0,0
LGA11050,0,0,0,0,0,0,0,0,0,0,0,0,0,0,0,0,0,0,0,0,0,0,0,0,0,0,0,0,0,0,0,0,0,0,0,0,0,0,0,0,3,0,0,0,0,0,0,3,0,3,0,0,0,3,3,0,0,0,0,0,0,0,0,9,0,0,0,0,0,0,0,0,0,0,0,0,0,0,0,0,0,0,0,0,0,0,0,0,0,0,0,0,0,0,0,0,0,0,0,0,0,0,0,0,0,0,0,0,0,0,0,0,0,0,0,0,0,0,0,0,0,0,0,0,0,0,0,0,0,0,3,0,0,0,0,0,0,0,0,0,0,0,0,3,0,0,0,0,0,0,0,0,0,0,0,0,0,0,0,0,0,0,0,0,0,0,0,0,0,0,0,0,0,0,0,0,0,0,0,0,0,0,0,0,0,0,0,0,0,0,0,0,0,0,0,0,0,0,0,0
LGA11100,0,0,0,13,8,12,31,5,0,0,0,0,0,0,3,72,0,0,0,0,7,16,5,7,4,0,0,0,0,0,0,39,0,0,0,0,8,8,5,12,0,0,0,0,0,0,0,33,0,8,11,17,45,206,254,252,69,67,101,102,79,46,47,1304,0,0,27,110,27,12,20,0,0,0,0,3,0,0,6,205,0,22,71,167,65,37,26,6,3,7,0,8,0,0,16,428,0,0,0,4,37,106,56,27,3,3,8,0,11,0,19,274,0,0,6,39,16,5,7,7,0,0,3,0,0,0,0,83,0,10,18,23,15,5,9,7,0,3,3,3,4,0,5,105,5,18,185,456,82,30,13,5,0,0,4,5,8,5,39,855,0,3,5,11,44,73,68,47,5,5,4,7,12,5,6,295,0,0,0,9,23,55,98,88,46,41,56,42,58,25,18,559,0,0,0,4,70,177,384,220
LGA11150,0,0,0,0,0,0,0,0,0,0,0,0,0,0,0,0,0,0,0,0,0,0,0,0,0,0,0,0,0,0,0,0,0,0,0,0,0,0,0,0,0,0,0,0,5,0,0,5,0,0,0,0,0,0,0,0,0,0,0,0,0,0,0,0,0,0,0,0,0,0,0,0,0,0,0,0,0,0,0,0,0,0,0,0,0,0,0,3,0,0,0,0,0,0,0,3,0,0,0,0,0,0,0,0,0,0,0,0,0,0,0,0,0,0,0,0,0,0,0,0,0,0,0,0,0,0,0,0,0,0,3,4,0,0,0,0,0,0,0,0,0,0,0,7,0,0,0,0,0,0,0,0,0,0,0,0,0,0,0,0,0,0,0,0,0,0,0,0,0,0,0,0,0,0,0,0,0,0,0,0,0,0,0,0,0,0,3,0,0,0,0,3,0,0,0,0,0,0,0,0
LGA11200,0,0,0,0,0,0,0,0,0,0,0,0,0,0,0,0,0,0,0,0,0,0,0,0,0,0,0,0,0,0,0,0,0,0,0,0,0,0,0,0,0,0,0,0,0,0,0,0,0,0,0,0,0,0,0,0,0,0,0,0,0,0,0,0,0,0,0,0,0,0,0,0,0,0,0,0,0,0,0,0,0,0,0,0,0,0,0,0,0,0,0,5,0,0,0,5,0,0,0,0,0,0,0,0,0,0,0,0,0,0,0,0,0,0,0,0,0,0,0,0,0,0,0,0,0,0,0,0,0,0,3,0,0,0,0,3,0,0,0,0,0,0,3,9,0,0,0,0,0,0,0,0,0,0,0,0,0,0,0,0,0,0,0,0,0,0,0,0,0,0,0,0,0,0,0,0,0,0,0,0,0,0,0,0,0,0,0,0,3,0,0,3,0,0,0,0,0,0,0,0
LGA11250,0,0,0,3,0,0,3,0,0,0,0,0,0,0,0,6,0,0,0,0,0,0,0,0,0,0,0,0,0,0,0,0,0,0,0,3,3,0,0,0,0,3,0,0,0,0,3,12,0,0,0,0,0,5,0,0,0,0,3,3,0,4,0,15,0,0,5,4,3,0,0,0,0,0,0,0,0,0,0,12,0,0,0,0,0,0,0,0,0,0,0,0,0,0,0,0,0,0,0,0,3,3,3,0,0,0,0,0,0,0,0,9,0,0,0,0,0,0,0,0,0,0,0,0,0,0,0,0,0,11,16,7,3,3,0,0,0,3,0,0,0,0,3,46,0,4,3,7,0,0,0,0,0,0,0,0,0,0,7,21,0,0,0,0,0,0,0,0,0,0,0,0,0,0,3,3,0,0,0,0,3,5,3,6,4,3,3,6,4,4,4,45,0,0,0,0,0,0,4,0
LGA11300,0,0,4,10,5,0,12,0,0,0,0,0,0,0,0,31,0,0,0,0,10,20,7,0,0,0,0,4,0,0,4,45,0,0,0,0,0,3,6,9,0,0,5,3,7,4,0,37,4,10,62,55,127,692,1002,952,289,334,368,349,282,107,211,4844,3,5,33,95,30,0,3,0,0,0,0,0,0,3,9,181,0,0,10,22,27,27,6,3,4,3,3,3,0,3,4,115,0,3,0,12,15,38,31,11,3,0,0,3,0,4,4,124,0,0,6,7,7,0,3,3,0,0,0,0,0,0,0,26,0,24,19,13,3,8,4,0,0,4,4,4,7,0,4,94,0,14,113,187,31,9,5,0,0,0,0,3,0,0,22,384,0,4,4,16,97,174,168,63,12,20,10,26,16,11,17,638,0,4,0,16,36,71,139,292,131,155,221,140,143,110,52,1510,0,0,4,3,20,42,42,39
LGA11350,0,0,0,0,0,0,0,0,0,0,0,0,0,0,0,0,0,0,0,0,0,0,0,0,0,0,0,0,3,3,0,6,0,0,3,9,23,18,23,17,4,5,3,11,5,3,4,128,0,3,3,3,3,3,0,4,0,0,0,0,3,0,0,22,0,0,9,3,0,0,0,0,0,0,0,0,0,0,0,12,3,0,3,10,3,0,3,0,0,0,0,0,0,0,0,22,0,0,3,3,4,4,0,0,0,0,0,0,0,0,3,17,0,0,3,0,0,0,0,0,0,0,0,0,0,0,0,3,0,16,46,20,19,90,72,46,7,5,3,3,4,0,17,348,0,3,9,3,3,0,4,0,0,0,0,0,0,0,0,22,3,0,0,3,0,3,3,0,0,4,0,0,0,0,0,16,3,0,3,9,12,10,8,8,0,0,0,3,0,0,8,64,0,0,3,3,4,6,8,3
LGA11400,0,0,0,0,0,0,0,0,0,0,0,0,0,0,0,0,0,0,0,0,0,0,0,3,0,0,0,0,0,0,0,3,0,0,0,3,0,0,3,3,0,0,0,0,0,0,0,9,0,0,0,0,0,0,5,0,0,0,0,0,0,0,0,5,0,0,0,3,0,0,0,0,0,0,0,0,0,0,0,3,0,0,0,0,0,0,0,0,0,0,0,0,0,0,0,0,0,0,0,0,0,0,3,0,0,0,0,0,0,0,0,3,0,0,0,0,0,0,0,0,0,0,0,0,0,0,0,0,0,14,8,8,0,6,5,0,0,4,0,0,0,0,5,50,0,0,0,0,0,0,0,0,0,0,0,0,0,0,0,0,0,0,0,3,0,0,0,0,0,0,0,0,0,0,0,3,0,3,0,0,3,0,3,3,0,0,0,0,3,0,3,18,0,0,0,0,0,0,0,0
LGA11450,0,0,0,3,3,0,23,3,0,0,0,0,0,0,0,32,0,0,0,0,5,13,5,0,0,0,0,0,0,3,4,30,0,0,0,5,10,8,21,9,4,0,7,9,0,0,0,73,0,0,0,7,16,54,96,23,14,5,11,13,0,3,21,263,0,0,18,68,20,7,24,0,0,0,0,0,0,0,4,141,0,7,15,19,6,14,7,0,0,0,5,0,0,0,4,77,0,0,3,0,6,74,55,35,3,0,10,0,4,0,8,198,0,0,0,9,21,7,5,3,0,0,0,0,0,0,3,48,0,46,74,33,23,22,14,6,0,4,8,0,0,0,3,233,0,0,9,26,6,6,3,0,0,0,0,0,0,0,4,54,0,0,0,4,3,5,20,5,0,0,5,3,0,0,0,45,3,3,4,18,16,41,60,28,5,11,8,3,4,0,9,213,0,0,7,3,8,10,19,4
LGA11500,0,0,3,14,9,6,142,15,0,0,3,0,0,0,3,195,0,0,0,0,15,177,75,28,3,4,7,10,7,3,16,345,0,0,3,12,15,20,23,14,3,0,0,5,4,3,0,102,0,4,25,22,23,246,299,141,62,44,27,45,35,4,47,1024,0,0,32,209,62,27,35,11,0,0,0,0,0,0,15,391,0,10,30,55,37,177,184,46,28,15,17,33,12,9,16,669,0,0,0,11,110,687,746,327,70,74,66,51,51,25,80,2298,0,0,0,48,51,36,35,16,4,3,0,0,0,0,14,207,0,86,183,95,51,39,30,18,3,7,0,4,6,3,24,549,0,0,49,165,54,20,8,6,0,0,0,0,0,0,5,307,0,0,5,4,24,93,71,7,3,0,3,3,5,3,3,224,0,4,5,75,109,267,772,643,195,267,272,152,62,51,71,2945,0,5,3,5,39,93,147,73
LGA11520,0,0,0,3,3,3,23,0,0,0,3,0,0,0,4,39,0,0,0,0,12,23,0,7,0,0,0,0,0,0,3,45,4,3,0,5,25,16,28,31,3,9,9,3,11,7,3,157,3,10,60,49,69,557,879,1073,279,267,350,305,217,80,142,4340,0,0,34,92,18,4,12,0,3,0,0,0,0,0,6,169,0,14,48,81,47,43,22,10,4,4,0,4,6,0,16,299,3,3,13,13,34,40,34,18,4,0,3,3,3,4,11,186,0,0,4,6,14,6,0,0,0,0,0,0,0,0,3,33,3,42,51,31,14,31,29,32,11,15,10,5,12,3,4,293,0,15,202,371,54,13,3,3,0,4,7,4,0,0,28,704,0,5,11,33,116,297,245,82,26,18,33,22,10,4,18,920,0,3,3,44,76,103,204,232,73,94,110,69,88,58,30,1187,0,0,8,9,26,44,106,51
LGA11550,0,0,4,17,8,14,69,13,0,0,0,4,0,0,0,129,0,0,0,0,25,67,38,7,3,4,0,6,0,0,3,153,3,3,3,8,15,21,12,13,3,0,0,0,3,0,4,88,3,30,63,68,260,2123,2966,1693,369,449,475,457,331,164,354,9805,0,3,49,133,44,22,28,4,0,0,0,3,3,0,5,294,0,19,83,242,166,159,137,99,43,75,47,19,37,10,52,1188,3,3,5,14,132,451,341,105,19,12,25,17,19,17,51,1214,0,0,14,99,67,74,33,18,3,3,3,3,4,0,11,332,3,32,56,44,26,27,24,22,10,3,10,3,3,3,18,284,8,42,1093,2923,673,164,86,24,13,6,8,0,6,5,287,5338,0,4,11,29,199,400,311,71,21,13,11,11,10,3,34,1128,0,3,4,41,87,112,377,416,261,331,374,227,140,58,79,2510,0,0,0,9,141,424,571,285
LGA11600,0,0,0,0,0,0,0,0,0,0,0,0,0,0,0,0,0,0,0,0,0,0,0,0,0,0,0,0,0,0,0,0,0,0,0,0,0,0,0,0,0,0,0,0,0,0,0,0,0,0,0,0,0,0,0,0,0,0,0,0,0,0,0,0,0,0,0,0,0,0,0,0,0,0,0,0,0,0,0,0,0,0,0,0,0,0,0,0,0,0,0,0,0,0,0,0,0,0,0,0,0,0,0,4,0,0,0,0,0,0,0,4,0,0,0,0,0,0,0,0,0,0,0,0,0,0,0,0,0,0,0,3,0,0,0,0,0,0,0,0,0,0,0,3,0,0,0,0,0,0,0,0,0,0,0,0,0,0,0,0,0,0,0,0,0,0,0,0,0,0,0,0,0,0,0,0,0,0,0,0,0,3,0,0,0,3,6,3,0,0,3,18,0,0,0,0,0,0,0,0
LGA11700,0,0,0,0,0,0,0,0,0,0,0,0,0,0,0,0,0,0,0,0,0,0,0,0,0,0,0,0,0,0,0,0,0,0,0,0,0,0,0,0,0,0,0,0,0,0,0,0,0,0,0,0,3,0,0,0,0,0,0,0,0,0,0,3,0,0,0,0,0,0,0,0,0,0,0,0,0,0,0,0,0,0,0,0,0,0,0,0,0,0,0,0,0,0,0,0,0,0,0,0,0,0,0,0,0,0,0,0,0,0,0,0,0,0,0,0,0,0,0,0,0,0,0,0,0,0,0,0,0,0,0,3,0,3,0,0,0,0,0,0,0,0,0,6,0,0,0,0,0,0,0,0,0,0,0,0,0,0,0,0,0,0,0,0,0,0,0,0,0,0,0,0,0,0,0,0,0,0,0,0,0,0,0,0,0,0,0,0,0,0,0,0,0,0,0,0,0,0,0,0
LGA11720,0,0,0,0,0,0,0,0,0,0,0,0,0,0,0,0,0,0,0,0,0,0,0,0,0,0,0,0,0,0,3,3,0,0,0,3,5,3,0,3,3,3,3,3,0,0,3,29,0,0,0,0,0,11,4,6,0,8,5,0,7,0,4,45,0,0,0,7,3,0,0,0,0,0,0,0,0,0,0,10,0,0,3,0,0,0,0,3,0,0,0,0,0,0,3,9,0,0,0,4,4,12,6,3,0,0,0,0,3,0,0,32,0,0,0,3,0,0,3,0,0,0,0,0,0,0,3,9,0,53,77,24,15,9,4,7,0,0,0,0,0,5,4,198,0,0,4,4,0,0,3,0,0,0,0,0,0,0,0,11,0,0,0,5,0,4,4,0,0,0,0,0,0,3,3,19,0,8,0,6,12,4,3,5,6,0,0,3,5,9,0,61,0,3,0,3,0,3,3,0
LGA11730,0,0,0,0,0,0,0,0,0,0,0,0,0,0,0,0,0,0,0,0,0,0,0,0,0,0,0,0,0,0,0,0,3,3,3,6,4,6,5,3,3,0,0,3,3,0,3,45,0,0,3,0,3,6,3,10,0,6,7,3,3,0,0,44,0,0,0,0,0,0,0,0,0,0,0,0,0,0,0,0,0,0,3,5,3,0,0,0,0,0,5,0,0,0,0,16,3,3,3,3,4,0,0,4,0,0,5,0,0,0,3,28,0,0,0,0,0,0,0,0,0,0,0,0,0,0,0,0,0,21,70,17,8,11,9,8,0,0,0,3,0,3,5,155,0,0,3,3,0,0,0,0,0,0,0,0,0,0,3,9,0,0,0,6,5,5,5,0,0,0,6,0,0,0,0,27,0,0,3,8,11,4,0,8,0,7,0,5,0,8,3,57,0,0,3,0,4,0,5,3
LGA11750,0,0,0,0,0,0,0,0,0,0,0,0,0,0,0,0,0,0,0,0,0,0,0,0,0,0,0,0,0,0,0,0,0,0,0,0,0,0,0,0,0,0,0,0,0,0,0,0,0,0,0,0,0,0,0,3,3,0,0,0,0,0,0,6,0,0,0,0,0,0,0,0,0,0,0,0,0,0,0,0,0,0,0,0,0,0,0,0,0,0,0,0,0,0,0,0,0,0,0,0,0,0,0,3,0,7,0,0,0,0,6,16,0,0,0,0,0,0,0,0,0,0,0,0,0,0,0,0,0,0,3,0,3,0,0,0,0,0,0,0,0,0,3,9,0,0,0,0,0,0,0,0,0,0,0,0,0,0,0,0,0,0,0,0,0,3,0,0,0,0,0,0,0,0,0,3,0,0,0,0,0,0,0,0,3,0,3,3,0,0,0,9,0,0,0,0,0,0,0,0
LGA11800,0,0,3,0,0,0,6,0,0,0,3,0,0,0,0,12,0,0,0,0,0,0,0,0,0,0,0,0,0,0,0,0,0,0,8,15,21,22,22,15,4,4,3,4,5,3,4,130,0,0,3,13,9,19,14,9,5,9,11,24,32,13,4,165,0,0,8,15,0,0,0,0,0,0,0,0,0,0,0,23,0,8,9,10,4,0,0,0,5,0,0,0,0,0,5,41,0,3,3,3,8,14,13,23,0,4,3,3,3,0,3,83,0,0,0,0,0,0,0,0,0,0,0,0,0,0,0,0,0,49,107,52,33,51,53,27,4,3,5,5,0,0,15,404,0,0,3,7,3,0,0,0,0,0,0,0,0,0,3,16,0,3,0,11,3,6,5,0,0,0,0,0,3,0,3,34,3,15,23,61,49,117,68,47,24,46,75,94,13,4,42,681,0,3,3,0,5,4,5,5
LGA11860,0,0,0,0,0,0,0,0,0,0,0,0,0,0,0,0,0,0,0,0,0,0,0,0,0,0,0,0,0,0,0,0,0,0,0,0,0,0,0,0,0,0,0,0,0,0,0,0,0,0,0,0,0,3,0,0,0,0,0,0,0,0,0,3,0,0,0,0,0,0,0,0,0,0,0,0,0,0,0,0,0,0,0,0,0,0,0,0,0,0,0,0,0,0,0,0,0,0,0,0,0,0,0,0,0,0,0,0,0,0,0,0,0,0,0,0,0,0,0,0,0,0,0,0,0,0,0,0,0,0,3,0,0,3,0,0,0,0,0,0,0,0,0,6,0,0,0,0,0,0,0,0,0,0,0,0,0,0,0,0,0,0,0,0,0,0,0,0,0,0,0,0,0,0,0,0,0,0,0,0,0,0,0,0,0,0,0,0,0,0,0,0,0,0,0,0,0,0,0,0
LGA12000,0,0,0,0,0,0,0,0,0,0,0,0,0,0,0,0,0,0,0,0,0,0,0,0,0,0,0,0,0,0,0,0,0,0,0,0,0,0,7,0,0,0,0,0,0,0,0,7,0,0,0,0,0,0,0,0,0,0,0,0,0,0,0,0,0,0,0,0,0,0,0,0,0,0,0,0,0,0,0,0,0,0,0,0,0,0,0,0,0,0,0,0,0,0,0,0,0,0,0,0,0,0,0,0,0,0,0,0,0,0,0,0,0,0,0,0,0,0,0,0,0,0,0,0,0,0,0,0,0,3,0,0,0,0,0,0,3,0,0,0,0,0,0,6,0,0,0,0,0,0,0,0,0,0,0,0,0,0,0,0,0,0,0,0,0,0,0,0,0,0,0,0,0,0,0,0,0,0,0,0,0,0,0,0,3,0,0,0,0,0,0,3,0,0,0,0,0,0,0,0
LGA12050,0,3,0,0,0,0,0,0,0,0,0,0,0,0,0,3,0,0,0,0,0,0,0,0,0,0,0,0,0,0,0,0,0,0,0,0,4,3,0,0,0,0,0,0,0,0,0,7,0,3,0,4,0,0,0,8,0,4,0,0,0,0,5,24,0,3,3,4,0,0,0,0,0,0,0,0,0,0,0,10,0,3,0,0,0,0,0,0,0,0,0,0,0,0,3,6,0,0,3,3,0,0,0,0,0,0,0,3,0,0,0,9,0,0,0,0,0,0,0,0,0,0,0,0,0,0,0,0,0,7,61,33,7,20,7,4,0,0,3,0,0,0,7,149,0,0,3,3,4,0,0,0,0,0,0,0,0,0,3,13,0,0,0,0,0,0,0,0,0,0,0,0,0,0,0,0,0,0,3,6,3,0,3,0,0,0,0,7,0,3,0,25,0,0,4,0,0,0,0,5
LGA12150,0,0,0,0,0,0,0,0,0,0,0,0,0,0,0,0,0,0,0,0,0,0,0,0,0,0,0,0,0,0,0,0,0,0,0,0,0,0,0,0,0,0,0,0,0,0,0,0,0,0,0,0,0,0,3,0,0,0,0,0,0,0,0,3,0,0,0,0,0,0,0,0,0,0,0,0,0,0,0,0,0,0,0,0,0,0,0,0,0,0,0,0,0,0,0,0,0,0,0,0,0,0,0,0,0,0,0,0,0,0,0,0,0,0,0,0,0,0,0,0,0,0,0,0,0,0,0,0,0,0,6,0,3,0,0,0,0,0,0,0,0,0,0,9,0,0,3,3,0,0,0,0,0,0,0,0,0,0,0,6,0,0,0,0,0,0,0,0,0,0,0,0,0,0,0,0,0,0,0,0,0,0,0,0,0,0,0,0,0,0,0,0,0,0,0,0,0,0,0,0
LGA12200,0,0,0,0,4,0,0,0,0,0,0,0,0,0,0,4,0,0,0,0,0,0,0,0,0,0,0,0,0,0,0,0,0,0,0,0,0,0,0,3,0,0,0,0,0,0,0,3,0,0,0,0,0,3,6,0,0,0,0,0,0,0,0,9,0,0,0,0,0,0,0,0,0,0,0,0,0,0,0,0,0,3,0,0,0,0,0,0,0,0,0,0,0,0,0,3,0,0,0,0,0,0,0,0,0,0,0,0,0,0,0,0,0,0,0,0,0,0,0,0,0,0,0,0,0,0,0,0,0,3,6,3,0,0,0,0,0,0,0,0,0,0,0,12,0,0,0,0,0,0,0,0,0,0,0,0,0,0,0,0,0,0,0,0,3,0,0,0,0,0,0,0,0,0,0,3,0,0,0,0,0,0,0,3,0,0,0,0,0,0,0,3,0,0,0,0,5,0,0,0
LGA12300,0,0,0,0,0,0,0,0,0,0,0,0,0,0,0,0,0,0,0,0,0,0,0,0,0,0,0,0,0,0,0,0,0,0,0,0,0,0,0,0,0,0,0,0,0,0,0,0,0,0,0,0,0,0,4,3,0,0,3,0,0,0,0,10,0,0,4,0,0,0,0,0,0,0,0,0,0,0,0,4,0,0,0,0,0,0,0,0,0,0,0,0,0,0,0,0,0,0,0,0,3,0,0,0,3,0,0,0,0,0,0,6,0,0,0,0,0,0,0,0,0,0,0,0,0,0,0,0,0,17,16,8,3,0,4,0,0,0,0,0,0,3,0,51,0,0,0,4,0,0,0,0,0,0,0,0,0,0,0,4,0,0,0,3,0,0,0,0,0,0,0,0,0,0,0,3,0,4,0,0,0,0,0,0,0,0,0,0,0,0,0,4,0,0,0,3,0,0,0,0
LGA12350,0,0,0,0,0,0,0,0,0,0,0,0,0,0,0,0,0,0,0,0,0,4,0,0,0,0,0,0,0,0,0,4,3,0,0,0,0,0,0,0,0,0,0,0,0,0,0,3,0,0,0,0,0,0,0,3,3,0,0,0,6,0,0,12,0,0,0,10,0,0,0,0,0,0,0,0,0,0,4,14,0,0,0,0,0,0,0,0,0,0,0,0,0,0,0,0,0,0,0,0,0,4,0,0,0,0,3,0,0,0,0,7,0,0,0,0,0,0,0,0,0,0,0,0,0,0,0,0,0,14,16,4,0,0,0,0,0,0,0,0,0,0,0,34,0,0,3,0,0,0,0,0,0,0,0,0,0,0,0,3,0,0,0,0,0,0,3,0,0,0,0,0,0,0,0,3,0,0,0,0,3,0,0,0,0,7,0,0,0,0,0,10,0,3,0,0,0,0,0,0
LGA12500,0,0,0,0,0,0,0,0,0,0,0,0,0,0,0,0,0,0,0,0,0,0,0,0,0,0,0,0,0,0,0,0,0,0,0,3,0,0,0,0,0,0,0,0,0,0,3,6,0,3,0,0,0,4,3,0,0,0,0,0,0,3,0,13,0,0,0,0,0,0,0,0,0,0,0,0,0,0,0,0,0,0,0,0,0,0,0,0,0,0,0,0,0,0,0,0,0,0,0,0,0,0,0,0,0,0,0,0,0,0,0,0,0,0,0,0,0,3,0,0,0,0,0,0,0,0,0,3,0,3,3,3,0,3,0,0,0,0,0,0,0,0,0,12,0,0,0,3,3,0,0,0,0,0,0,0,0,0,0,6,0,0,0,0,0,0,0,0,0,0,0,0,0,0,0,0,0,0,0,0,0,0,5,0,0,4,3,0,4,0,3,19,0,0,0,0,0,0,0,0
LGA12600,0,0,0,0,0,0,0,0,0,0,0,0,0,0,0,0,0,0,0,0,0,0,0,0,0,0,0,0,0,0,0,0,0,0,3,3,3,3,3,3,0,0,0,0,0,0,3,21,0,0,0,5,3,17,11,19,9,15,0,3,0,5,3,90,0,0,0,0,0,0,0,0,0,0,0,0,0,0,0,0,0,0,0,4,0,0,5,0,0,0,0,0,0,0,0,9,0,0,0,0,3,4,3,0,3,7,3,3,0,0,0,26,0,0,0,4,0,3,0,0,0,0,0,0,0,0,0,7,0,7,21,8,3,4,0,0,0,0,0,0,5,0,0,48,0,3,10,7,3,0,3,0,0,0,0,0,0,0,3,29,0,0,0,3,3,5,3,3,0,0,0,0,0,0,3,20,0,0,0,3,3,3,18,27,9,20,4,17,7,8,5,124,0,0,5,0,0,0,4,0
LGA12700,0,0,0,0,0,0,0,0,0,0,0,0,0,0,0,0,0,0,0,0,0,0,0,0,0,0,0,0,0,0,0,0,0,0,0,5,0,0,0,0,0,0,0,0,0,0,0,5,0,0,0,0,0,0,0,0,0,3,0,0,0,0,0,3,0,0,0,0,0,0,0,0,0,0,0,0,0,0,0,0,0,0,0,0,0,0,0,0,0,0,0,0,0,0,0,0,0,0,0,0,0,0,0,0,0,0,0,0,0,0,0,0,0,0,0,0,0,0,0,0,0,0,0,0,0,0,0,0,0,8,4,7,0,11,0,0,0,0,0,0,0,0,0,30,0,0,0,0,0,0,0,0,0,0,0,0,0,0,0,0,0,0,0,0,0,0,0,0,0,0,0,0,0,0,0,0,0,0,0,0,0,0,0,0,0,0,0,0,0,0,0,0,0,0,0,0,0,0,0,0
LGA12750,0,0,0,4,4,0,3,0,0,0,0,0,0,0,0,11,0,0,0,0,0,0,0,0,0,0,0,0,0,0,0,0,0,0,3,9,8,6,12,0,0,4,3,4,0,3,3,55,0,5,3,4,0,6,3,5,3,0,3,0,4,3,3,42,0,0,41,78,7,0,3,0,0,0,0,0,0,0,3,132,0,0,4,5,0,0,0,0,0,0,4,0,0,0,0,13,0,3,3,0,3,3,0,0,0,0,0,3,0,0,0,15,0,0,3,6,0,0,0,0,0,0,0,0,0,0,0,9,0,56,159,57,27,17,9,5,0,0,0,0,4,0,3,337,0,0,20,33,4,0,0,0,0,0,0,0,0,0,0,57,0,0,3,0,5,0,3,0,0,0,0,0,0,0,0,11,0,4,6,5,6,0,0,0,0,3,0,0,0,0,9,33,0,0,5,3,3,3,3,0
LGA12850,0,3,5,111,78,85,666,120,5,4,4,4,6,3,23,1117,0,0,0,7,520,2967,1870,548,143,138,155,206,123,46,306,7029,0,0,0,3,10,17,11,21,3,6,3,3,5,0,5,87,0,13,57,128,233,1324,964,421,116,123,104,123,93,31,229,3959,3,17,153,1068,385,109,523,112,0,0,0,0,0,0,74,2444,0,15,37,91,66,79,76,27,14,7,8,6,6,3,10,445,3,0,0,9,109,507,421,161,26,23,30,34,30,4,60,1417,0,0,10,244,339,134,81,23,7,3,3,3,4,0,32,883,0,159,170,97,57,25,36,20,6,0,3,3,0,0,20,596,0,6,71,209,79,18,52,24,0,4,3,5,0,5,42,518,0,0,5,3,51,179,130,20,0,4,3,6,5,3,18,427,0,3,4,24,50,83,96,55,54,69,74,55,18,8,30,623,0,0,4,6,90,112,148,33
LGA12900,0,0,0,0,0,0,0,0,0,0,0,0,0,0,0,0,0,0,0,0,0,0,0,0,0,0,0,3,0,0,0,3,0,0,0,0,0,3,0,0,5,3,0,0,0,0,0,11,0,0,0,0,0,4,4,0,0,0,0,0,0,3,3,14,0,0,0,0,0,0,0,0,0,0,0,0,0,0,0,0,0,0,4,0,0,0,0,0,0,0,0,0,0,0,0,4,0,0,0,0,0,0,0,0,0,0,0,0,0,0,0,0,0,0,0,0,0,0,0,0,0,0,0,0,0,0,0,0,0,3,3,3,3,0,0,3,0,0,0,0,0,0,0,15,0,0,0,3,0,0,0,0,0,0,0,0,0,0,0,3,0,0,0,0,0,0,0,0,0,0,0,0,0,0,0,0,0,0,0,0,0,0,3,0,0,0,3,0,0,0,0,6,0,0,0,3,0,0,0,0
LGA12950,0,0,0,0,0,0,0,0,0,0,0,0,0,0,0,0,0,0,0,0,0,0,0,0,0,0,0,0,0,0,0,0,0,3,0,0,0,0,0,0,0,0,0,0,0,0,0,3,0,0,0,0,0,0,0,0,0,0,0,0,0,0,0,0,0,0,0,0,0,0,0,0,0,0,0,0,0,0,0,0,0,0,0,0,0,0,0,0,0,0,0,0,0,0,0,0,0,0,0,0,0,5,0,0,0,0,0,0,0,0,0,5,0,0,0,0,0,0,0,0,0,0,0,0,0,0,0,0,0,0,3,3,0,0,0,0,0,0,0,0,0,0,0,6,0,0,0,3,0,0,0,0,0,0,0,0,0,0,0,3,0,0,0,0,0,0,0,0,0,0,0,0,0,0,0,0,0,0,0,0,0,0,0,0,0,0,3,3,0,0,0,6,0,0,0,0,0,0,0,0
LGA13010,0,0,0,0,0,0,0,0,0,0,0,0,0,0,0,0,0,0,0,0,3,0,0,0,0,0,0,0,0,0,0,3,0,3,0,3,0,0,0,0,0,0,0,0,0,0,0,6,0,0,0,3,0,0,3,3,0,3,0,0,0,0,3,15,0,0,0,3,0,0,0,0,0,0,0,0,0,0,0,3,0,0,0,0,0,0,0,0,0,0,0,0,0,0,0,0,0,0,0,0,0,0,0,3,0,0,0,0,0,3,0,6,0,0,0,0,0,0,0,0,0,0,0,0,0,0,0,0,0,0,13,3,8,0,0,0,0,0,0,0,0,0,0,24,0,0,0,3,3,0,0,0,0,0,0,0,0,0,0,6,0,0,0,0,0,0,0,0,0,0,0,0,0,0,0,0,3,0,0,0,0,0,0,0,0,0,3,3,0,0,0,9,0,0,3,0,0,0,0,0
LGA13050,0,0,0,0,0,0,0,0,0,0,0,0,0,0,0,0,0,0,0,0,0,0,0,0,0,0,0,0,0,0,0,0,0,0,0,0,3,0,4,0,0,0,0,0,0,0,0,7,0,0,0,0,5,0,4,0,0,0,0,0,0,0,0,9,0,0,0,0,0,0,0,0,0,0,0,0,0,0,0,0,0,0,0,0,0,0,0,0,0,0,0,0,0,0,0,0,0,0,0,3,0,0,0,0,0,0,0,0,0,0,0,3,0,0,0,0,0,0,0,0,0,0,0,0,0,0,0,0,0,3,5,3,3,0,0,0,0,0,0,0,0,0,0,14,3,0,0,0,0,0,0,0,0,0,0,0,0,0,0,3,0,0,0,0,0,0,0,0,0,0,0,0,0,0,0,0,0,0,0,0,0,0,0,0,0,0,0,0,0,0,0,0,0,0,0,0,0,0,0,0
LGA13100,0,0,3,6,4,0,20,3,0,0,0,0,0,0,0,36,0,0,0,3,6,5,3,0,3,3,0,3,0,0,4,30,5,3,4,38,50,38,83,58,9,8,9,9,6,0,13,333,4,22,37,27,19,82,101,117,24,45,38,30,20,9,18,593,0,3,29,62,19,10,11,4,0,0,0,0,0,0,4,142,0,16,46,58,22,13,16,7,0,0,0,0,3,0,10,191,0,3,5,23,26,71,54,14,0,3,3,0,3,5,6,216,0,0,0,3,5,0,0,0,0,0,0,0,0,0,3,11,3,89,223,80,52,78,45,34,11,10,25,7,8,3,22,690,0,6,60,70,11,5,5,7,0,0,0,0,0,0,13,177,3,0,6,10,28,43,22,25,3,8,0,4,3,0,8,163,5,17,16,54,51,44,73,47,23,48,23,17,11,3,19,451,4,10,24,10,20,29,29,16
LGA13310,0,0,0,0,0,0,0,0,0,0,0,0,0,0,0,0,0,0,0,0,0,6,0,0,0,0,0,0,0,0,0,6,0,0,0,4,3,3,3,3,0,0,0,3,0,0,4,23,0,3,0,0,3,3,3,16,0,3,3,7,0,3,3,47,0,0,4,14,0,0,0,0,0,0,0,0,0,0,0,18,0,3,3,3,0,0,6,0,0,0,3,0,0,0,3,21,0,0,0,0,0,3,8,4,0,0,0,0,0,0,5,20,0,0,0,0,0,0,0,0,0,0,0,0,0,0,4,4,0,8,21,29,13,5,9,0,0,0,0,0,0,0,7,92,3,3,9,12,3,0,0,0,0,0,0,0,0,0,9,39,0,0,0,0,3,3,0,3,0,0,0,0,0,0,3,12,3,0,0,3,3,3,4,4,3,5,9,6,5,5,0,53,0,0,0,0,0,0,4,0
LGA13320,0,0,0,0,0,0,0,0,0,0,0,0,0,0,0,0,0,0,0,0,0,3,3,0,0,0,0,0,0,0,0,6,3,3,0,4,6,3,8,8,3,3,0,0,0,0,0,41,0,3,3,4,4,5,8,3,3,3,3,0,0,0,3,42,0,0,8,16,3,4,0,3,0,0,0,0,0,0,0,34,0,4,15,3,4,0,0,0,3,0,0,0,0,0,0,29,3,0,0,3,0,0,3,0,0,0,0,0,0,0,3,12,0,0,0,0,0,0,0,3,0,0,0,0,0,0,0,3,0,44,71,36,15,9,6,6,3,0,0,0,0,3,7,200,0,0,9,6,0,0,0,0,0,0,0,0,0,0,0,15,0,0,0,4,0,0,0,0,0,0,0,4,3,0,0,11,0,6,0,5,8,0,6,9,3,3,0,0,0,6,0,46,0,4,0,6,4,4,6,0
LGA13340,0,0,0,3,0,0,0,0,0,0,0,0,0,0,0,3,0,0,0,0,0,0,0,0,0,0,0,0,0,0,0,0,0,0,0,0,0,0,0,0,0,0,0,0,0,0,0,0,0,0,0,0,0,0,0,0,0,0,0,0,0,0,0,0,0,0,0,0,0,0,4,0,0,0,0,0,0,0,0,4,0,0,0,0,0,0,0,0,0,0,0,0,0,0,0,0,0,0,0,0,0,0,0,0,0,0,0,6,3,0,0,9,0,0,0,0,0,0,0,0,0,0,0,0,0,0,0,0,0,3,28,3,0,0,3,0,0,6,0,0,3,3,3,52,0,0,0,0,0,0,0,0,0,0,0,0,0,0,0,0,0,0,0,0,0,0,3,0,0,0,0,0,0,0,0,3,0,0,0,0,0,0,0,4,0,0,0,3,0,0,0,7,0,0,0,0,0,0,0,0
LGA13380,0,0,0,3,0,0,0,0,0,0,0,0,0,0,0,3,0,0,0,0,0,7,3,0,0,0,0,0,0,0,0,10,0,0,0,3,12,8,3,5,0,3,0,0,0,0,3,37,0,3,0,0,5,6,6,4,0,4,7,0,5,3,3,46,0,3,4,9,7,0,3,0,0,0,0,0,0,0,0,26,3,8,4,4,0,3,0,5,0,0,3,0,0,0,3,33,0,0,3,4,0,3,5,0,0,0,0,3,0,0,0,18,0,0,0,0,0,0,0,0,0,0,0,0,0,0,0,0,3,27,67,24,11,23,5,3,0,0,0,3,4,0,6,176,0,0,7,4,5,0,0,0,0,0,0,0,0,0,3,19,0,0,0,0,3,6,3,5,0,0,0,5,0,0,0,22,0,3,0,14,0,3,4,5,8,3,3,3,10,4,6,66,3,3,5,3,0,3,3,0
LGA13450,0,0,0,0,0,0,0,0,0,0,0,0,0,0,0,0,0,0,0,0,0,0,0,0,0,0,0,0,0,0,0,0,0,0,0,3,0,0,3,0,0,0,0,3,0,0,0,9,0,0,0,3,0,11,13,12,3,3,3,0,0,3,7,58,0,0,0,0,3,0,0,0,0,0,0,0,0,0,0,3,0,0,3,0,0,0,0,5,0,0,0,3,0,0,0,11,0,0,0,0,6,33,29,21,3,3,3,14,16,3,10,141,0,0,0,0,5,0,0,0,0,0,0,0,0,0,0,5,0,0,11,0,3,3,0,7,0,3,0,0,3,3,3,36,0,0,0,0,0,0,0,0,0,0,0,3,0,0,0,3,0,0,0,0,0,3,3,3,0,0,0,0,0,0,0,9,0,0,3,3,16,39,161,120,41,66,174,121,42,15,25,826,0,0,0,0,0,0,0,0
LGA13500,0,0,0,0,0,0,0,0,0,0,0,0,0,0,0,0,0,0,0,0,0,0,0,0,0,0,0,0,0,0,0,0,0,0,0,5,0,0,0,0,0,0,0,0,0,0,0,5,0,0,0,0,0,0,0,0,0,0,0,0,0,0,0,0,0,0,0,0,0,0,0,0,0,0,0,0,0,0,0,0,0,0,0,0,0,0,0,0,0,0,0,0,0,0,0,0,0,0,0,0,0,0,0,0,0,0,0,0,0,0,0,0,0,0,0,0,0,0,0,0,0,0,0,0,0,0,0,0,0,0,3,3,0,3,3,0,0,0,0,0,0,0,0,12,0,0,0,0,0,0,0,0,0,0,0,0,0,0,0,0,0,0,0,0,0,0,3,0,0,0,0,0,0,0,0,3,0,0,0,0,0,0,4,0,0,0,0,0,0,0,0,4,0,0,0,0,0,0,0,0
LGA13550,0,0,0,0,0,0,0,0,0,0,0,0,0,0,0,0,0,0,0,0,0,0,0,0,0,0,0,0,0,0,0,0,0,0,0,0,0,0,0,0,0,0,0,0,0,0,0,0,0,0,0,0,0,3,9,0,0,0,5,5,0,0,0,22,0,0,0,0,0,0,0,0,0,0,0,0,0,0,0,0,0,0,0,0,0,0,0,0,0,0,0,0,0,0,0,0,0,0,0,0,0,0,0,0,0,0,0,0,0,0,0,0,0,0,0,0,0,0,0,0,0,0,0,0,0,0,0,0,0,0,11,4,0,0,3,0,0,0,0,0,0,0,0,18,0,0,0,0,0,0,0,0,0,0,0,0,0,0,0,0,0,0,0,0,0,0,0,0,0,0,0,0,0,0,0,0,0,0,0,0,0,0,0,4,0,0,3,0,0,0,0,7,0,0,0,0,0,0,0,0
LGA13650,0,0,0,0,0,0,0,0,0,0,0,0,0,0,0,0,0,0,0,0,0,0,0,0,0,0,0,0,0,0,0,0,0,0,0,0,0,0,0,0,0,0,0,0,0,0,0,0,0,0,0,0,0,0,0,0,0,0,0,0,0,0,0,0,0,0,0,0,0,0,0,0,0,0,0,0,0,0,0,0,0,0,0,0,0,0,0,0,0,0,0,0,0,0,0,0,0,0,0,0,0,0,0,0,0,0,0,0,0,0,0,0,0,0,0,0,0,0,0,0,0,0,0,0,0,0,0,0,0,0,5,0,0,0,0,4,0,0,0,3,0,0,0,12,0,0,0,0,0,0,0,0,0,0,0,0,0,0,0,0,0,0,0,0,0,0,0,0,0,0,0,0,0,0,0,0,0,0,0,0,3,3,0,0,0,0,0,0,0,0,0,6,0,0,0,0,0,0,0,0
LGA13660,0,0,0,0,0,0,0,0,0,0,0,0,0,0,0,0,0,0,0,0,0,0,0,0,0,0,0,0,0,0,0,0,0,0,0,0,0,0,0,0,0,0,0,0,0,0,0,0,0,0,0,0,0,0,0,3,0,0,0,0,0,0,0,3,0,0,0,0,0,0,0,0,0,0,0,0,0,0,0,0,0,0,0,0,0,0,0,0,0,0,0,0,0,0,0,0,0,0,0,0,0,0,0,0,0,0,0,0,0,0,3,3,0,0,0,0,0,0,0,0,0,0,0,0,3,0,0,3,0,3,0,0,3,0,3,3,0,0,0,0,0,3,0,15,0,0,0,0,0,0,0,0,0,0,0,0,0,0,0,0,0,0,0,0,3,0,0,0,0,0,0,0,0,0,0,3,0,0,0,3,0,3,0,0,0,0,0,0,0,0,0,6,0,0,0,0,0,0,0,0
LGA13700,0,0,0,0,0,0,0,0,0,0,0,0,0,0,0,0,0,0,0,0,0,0,0,0,0,0,0,0,0,0,0,0,0,0,0,0,0,3,0,0,0,0,0,0,0,0,0,3,0,0,0,0,5,0,0,0,0,3,0,0,0,0,0,8,0,0,3,0,0,0,0,0,0,0,0,0,0,0,0,3,0,0,0,0,0,0,0,0,0,0,0,0,0,0,0,0,0,0,0,0,0,0,0,0,0,0,0,0,0,0,0,0,0,0,0,0,0,0,0,0,0,0,0,0,0,0,0,0,0,3,3,3,0,0,0,0,0,0,0,3,0,0,0,12,0,0,0,0,6,0,0,0,0,0,0,0,0,0,0,6,0,0,0,0,0,0,0,0,0,0,0,0,0,0,0,0,0,0,0,0,0,0,0,0,0,0,0,0,0,0,0,0,0,0,0,0,0,0,0,0
LGA13800,0,0,0,4,3,0,5,0,0,0,0,0,0,0,0,12,0,0,0,0,0,5,3,0,0,0,0,0,0,3,0,11,0,3,3,7,11,3,13,11,4,4,3,0,3,0,3,68,0,5,3,6,10,19,47,24,0,0,14,9,3,3,14,157,0,5,3,45,9,0,5,0,0,0,0,0,0,0,3,70,0,3,12,6,4,5,0,0,0,0,0,0,0,0,3,33,0,0,7,4,10,15,19,3,4,0,0,0,4,3,0,69,0,3,4,35,18,5,3,7,0,0,0,3,0,0,0,78,0,56,107,46,20,20,9,11,4,0,4,3,5,3,13,301,0,8,29,36,12,0,0,0,0,0,0,0,0,0,5,90,3,0,5,7,4,7,7,0,0,0,0,0,3,0,0,36,0,3,7,32,17,22,8,12,3,8,3,4,3,0,10,132,0,3,8,3,3,0,4,3
LGA13850,0,0,0,0,0,0,0,0,0,0,0,0,0,0,0,0,0,0,0,0,0,0,0,0,0,0,0,0,0,0,0,0,0,0,0,0,0,0,0,0,0,0,0,0,0,0,0,0,0,0,0,0,0,3,0,0,0,0,0,0,0,3,0,6,0,0,0,0,0,0,0,0,0,0,0,0,0,0,0,0,0,0,0,0,0,0,0,0,0,0,0,0,0,0,0,0,0,0,0,0,0,0,0,0,0,3,0,0,0,0,0,3,0,0,0,0,0,0,0,0,0,0,0,0,0,0,0,0,0,0,3,0,0,0,0,0,0,0,0,0,3,0,0,6,0,0,3,0,0,0,0,0,0,0,0,0,0,0,0,3,0,0,0,0,0,0,0,0,0,0,0,0,0,0,0,0,0,0,0,0,0,0,0,0,0,3,7,4,3,3,0,20,0,0,0,0,0,0,0,0
LGA13950,0,3,0,20,20,15,214,16,8,3,0,0,0,0,3,302,0,0,0,0,16,53,9,10,5,0,0,0,0,0,4,97,0,0,0,4,8,5,9,10,0,0,3,3,0,0,4,46,0,6,32,44,71,546,859,545,89,147,132,120,90,41,97,2819,3,4,44,263,68,34,58,10,5,0,4,0,0,0,16,509,0,7,24,72,44,81,52,49,7,25,13,10,7,5,20,416,0,0,3,9,42,383,357,175,43,40,38,42,19,22,43,1216,0,0,0,10,8,14,9,0,0,0,0,0,0,0,4,45,3,68,72,42,11,22,31,3,0,3,3,3,0,3,7,271,5,11,105,243,66,17,11,0,0,0,0,0,0,0,32,490,0,0,3,10,43,165,145,30,9,4,13,4,4,0,14,444,0,3,0,71,93,220,1010,1900,789,920,960,678,383,202,201,7430,0,0,4,4,25,70,120,55
LGA14000,0,0,0,8,4,0,44,0,0,0,0,0,0,0,0,56,0,0,0,0,8,22,8,4,3,0,4,0,0,0,0,49,4,3,10,42,80,66,80,47,3,16,11,6,12,4,19,403,8,27,80,56,135,1414,2102,1451,276,332,393,357,340,117,277,7365,0,0,33,63,25,29,13,11,0,0,0,0,0,0,4,178,0,10,19,81,26,46,21,15,3,0,3,9,5,0,11,249,3,3,8,21,44,127,113,43,13,6,3,10,5,8,4,411,0,0,3,4,3,7,0,0,0,0,0,0,0,0,3,20,3,89,159,93,59,77,98,58,12,15,13,11,27,7,23,744,0,11,42,77,11,8,8,0,0,0,0,0,0,0,13,170,9,4,18,50,230,1041,1594,304,59,47,53,43,39,11,67,3569,3,21,22,99,173,583,1460,1012,266,318,323,192,207,146,127,4952,0,3,22,12,62,161,223,126
LGA14100,0,0,0,0,0,0,3,0,0,0,0,0,0,0,0,3,0,0,0,0,0,3,0,3,0,0,0,0,0,0,0,6,0,0,0,4,15,3,7,4,3,0,0,0,0,0,0,36,5,5,8,4,17,76,109,28,9,4,7,4,12,6,20,314,0,0,3,7,6,3,3,0,0,0,0,0,0,0,0,22,0,5,10,12,4,3,0,0,0,0,0,0,0,0,4,38,0,0,0,7,12,8,5,0,0,0,0,0,0,0,0,32,0,0,4,4,0,0,0,0,0,0,0,0,0,0,0,8,5,13,10,11,7,3,15,8,0,0,0,0,0,0,3,75,0,0,36,36,8,3,0,0,0,0,0,0,0,3,5,91,3,0,0,8,11,42,35,13,0,0,0,8,3,0,5,128,0,0,3,14,22,15,16,14,4,0,7,0,0,0,3,98,0,0,0,4,6,16,6,0
LGA14150,0,3,0,23,3,15,158,11,0,0,0,0,0,0,0,213,0,0,0,0,11,33,11,3,0,0,0,0,0,0,0,58,4,3,3,3,7,12,20,14,3,3,3,3,0,0,3,81,3,21,68,90,237,1904,2936,2455,525,639,712,582,467,163,451,11253,0,3,58,202,58,34,40,4,0,3,0,0,0,0,9,411,0,21,50,133,123,136,165,47,3,15,19,44,25,4,33,818,0,0,0,6,50,169,125,58,23,17,17,3,19,3,16,506,0,3,17,404,343,158,99,23,0,3,3,4,8,0,19,1084,0,23,44,32,15,10,16,11,3,3,3,7,0,0,3,170,4,15,252,572,135,33,22,5,3,0,0,6,0,4,45,1096,0,3,14,35,225,673,847,179,26,29,37,29,28,11,65,2201,0,7,5,37,36,95,213,203,73,69,95,86,36,34,24,1013,0,3,0,7,46,145,348,177
LGA14200,0,0,0,0,0,0,0,0,0,0,0,0,0,0,0,0,0,0,0,0,0,0,0,0,0,0,0,0,0,0,0,0,0,0,0,0,4,3,0,3,0,0,0,3,0,0,3,16,0,0,0,0,0,3,0,5,0,7,0,0,0,0,0,15,0,0,0,0,0,0,0,0,0,0,0,0,0,0,0,0,0,0,0,0,0,0,0,0,0,0,5,0,0,3,0,8,0,0,0,0,0,0,3,0,0,0,4,0,0,0,0,7,0,0,0,0,0,0,0,0,0,0,0,0,0,0,0,0,0,7,11,3,5,3,3,0,0,0,0,0,4,0,0,36,0,0,0,3,0,0,0,0,0,0,0,0,0,0,0,3,0,0,0,4,0,0,0,0,0,0,0,0,0,0,0,4,0,3,0,0,0,0,0,0,0,0,0,0,0,0,0,3,0,0,0,3,0,0,0,0
LGA14250,0,0,0,0,0,0,0,0,0,0,0,0,0,0,0,0,0,0,0,0,0,0,0,0,0,0,0,0,0,0,0,0,0,0,0,0,0,3,0,0,0,0,0,0,0,0,0,3,0,0,0,0,0,0,0,0,0,0,0,0,0,0,0,0,0,0,0,0,0,0,0,0,0,0,0,0,0,0,0,0,0,0,0,0,0,0,0,0,0,0,0,0,0,0,0,0,0,0,0,0,0,0,0,0,0,0,0,0,0,0,0,0,0,0,0,0,0,0,0,0,0,0,0,0,0,0,0,0,0,0,3,0,0,0,0,0,0,0,0,0,0,0,0,3,0,0,0,0,0,0,0,0,0,0,0,0,0,0,0,0,0,0,0,0,0,0,0,0,0,0,0,0,0,0,0,0,0,0,0,0,0,0,0,0,0,3,3,4,3,0,0,13,0,0,0,0,0,0,0,0
LGA14300,0,0,0,0,0,0,0,0,0,0,0,0,0,0,0,0,0,0,0,0,0,0,0,0,0,0,0,0,0,0,3,3,0,0,0,0,0,0,0,0,0,0,0,0,0,0,3,3,0,0,0,0,0,0,0,4,0,0,0,0,0,0,5,9,0,0,0,0,0,0,0,0,0,0,0,0,0,0,3,3,0,0,0,0,0,0,0,3,0,0,0,0,0,0,3,6,0,0,0,0,0,0,0,0,0,0,0,0,0,0,3,3,0,0,0,0,0,0,0,0,0,0,0,0,0,0,0,0,0,3,4,0,0,0,0,0,0,0,0,0,0,0,3,10,0,0,3,0,0,0,0,0,0,0,0,0,0,0,0,3,0,0,0,0,0,0,0,0,0,0,0,0,0,0,4,4,0,0,0,0,0,0,0,0,0,0,0,0,0,0,14,14,0,0,0,0,0,0,0,0
LGA14350,0,0,0,0,0,0,0,0,0,0,0,0,0,0,0,0,0,0,0,0,0,0,4,0,0,0,0,0,0,0,0,4,0,0,0,7,0,3,4,3,3,0,0,0,0,0,3,23,0,0,0,0,4,3,4,0,4,4,0,0,0,7,0,26,0,0,3,0,0,0,0,0,0,0,0,0,0,0,0,3,0,0,3,0,0,0,0,3,0,0,0,0,3,0,0,9,0,3,3,0,3,3,3,3,3,0,0,3,0,0,3,27,0,0,0,0,0,0,0,0,0,0,0,0,0,0,0,0,0,18,34,21,9,13,12,0,0,0,0,0,0,0,3,110,0,0,5,6,0,0,0,0,0,0,0,0,0,0,0,11,0,0,0,6,0,0,3,0,0,0,0,0,0,0,0,9,0,3,0,10,0,0,5,3,4,0,0,0,0,4,0,29,0,0,3,0,0,0,3,0
LGA14400,0,0,3,3,0,0,0,0,0,0,0,0,0,0,0,6,0,0,0,0,0,0,0,0,0,0,0,0,0,0,0,0,0,3,0,5,4,0,5,12,0,4,0,0,0,0,0,33,0,0,7,6,0,10,8,0,0,5,0,0,0,4,0,40,0,0,3,11,0,0,0,0,0,0,0,0,0,0,3,17,0,5,7,3,0,0,0,0,0,0,0,0,3,0,0,18,0,0,5,0,0,0,0,0,0,0,0,0,0,0,0,5,0,0,0,5,13,0,0,0,0,0,0,0,0,0,0,18,0,12,31,25,8,9,3,8,0,0,0,0,0,0,3,99,0,0,14,8,4,0,0,0,0,0,0,0,0,0,4,30,0,0,3,4,3,0,0,5,0,0,0,0,0,0,0,15,0,6,0,4,8,0,0,0,0,0,3,0,0,0,3,24,0,0,0,0,0,0,3,0
LGA14450,0,0,3,18,5,9,100,8,0,0,0,0,3,0,3,149,0,0,0,0,5,3,3,3,0,0,3,0,0,3,0,20,0,0,5,5,12,7,12,12,0,5,4,5,3,0,4,74,5,9,37,32,95,1200,1763,1633,355,465,434,431,350,147,279,7235,0,4,53,249,34,29,44,7,5,0,0,0,0,0,7,432,0,18,55,135,84,91,84,14,4,7,22,8,3,0,9,534,0,0,3,14,34,93,61,28,5,8,3,8,5,3,11,276,0,0,21,231,213,99,61,41,7,7,0,4,3,0,17,704,3,21,31,25,8,14,15,7,0,3,0,3,0,0,3,133,0,17,339,630,125,30,34,8,0,3,0,5,3,0,47,1241,0,0,6,19,146,391,420,111,29,26,15,20,14,6,31,1234,0,4,4,18,35,78,117,122,61,89,68,48,42,20,28,734,0,3,0,3,16,71,163,86
LGA14500,0,0,0,3,3,0,9,0,0,0,0,0,0,0,0,15,0,0,0,0,5,8,7,3,0,0,0,0,4,0,0,27,4,7,4,49,61,57,87,63,3,17,10,8,20,5,16,411,21,51,90,82,114,790,968,544,140,152,185,177,180,73,146,3713,0,3,23,40,3,9,6,3,0,0,0,0,3,0,4,94,0,16,30,43,12,17,10,3,5,4,0,0,3,0,3,146,4,5,14,16,37,35,25,8,0,3,5,3,0,4,5,164,0,0,0,3,11,0,7,0,0,0,3,0,0,0,0,24,21,73,101,83,64,63,92,60,18,15,25,22,20,18,17,692,0,5,44,46,16,10,9,6,0,0,0,0,0,0,14,150,3,4,58,108,264,858,930,180,37,44,39,44,39,17,65,2690,3,23,32,99,165,280,390,155,47,72,52,23,64,25,43,1473,3,9,18,18,64,110,129,42
LGA14550,0,0,0,0,0,0,0,0,0,0,0,0,0,0,0,0,0,0,0,0,0,0,0,0,0,0,0,0,0,0,0,0,0,0,0,5,11,3,0,0,0,0,0,0,0,0,0,19,0,0,0,0,0,0,0,3,0,0,0,0,0,0,0,3,0,0,0,4,0,0,0,0,0,0,0,0,0,0,0,4,0,0,3,0,0,0,0,0,0,0,0,0,0,0,0,3,0,0,0,0,0,0,6,0,0,0,0,0,0,0,0,6,0,0,0,0,0,0,0,0,0,0,0,0,0,0,0,0,3,3,11,0,6,15,19,3,0,3,0,0,0,0,4,67,0,0,0,3,0,0,0,0,0,0,0,0,0,0,0,3,0,0,0,0,0,0,3,3,0,0,0,0,0,0,0,6,0,3,0,0,0,3,3,3,0,0,0,0,0,0,3,15,0,0,0,3,0,0,0,0
LGA14600,0,0,0,0,0,0,0,0,0,0,0,0,0,0,0,0,0,0,0,0,0,0,0,0,0,0,0,0,0,0,0,0,0,0,0,0,0,0,0,0,0,0,0,0,0,0,0,0,0,0,0,0,0,4,0,0,0,0,0,0,0,0,0,4,0,0,0,5,0,0,0,0,0,0,0,0,0,0,0,5,0,0,0,0,0,0,0,0,0,0,0,0,0,0,0,0,0,0,0,0,0,0,0,0,0,0,0,3,0,3,3,9,0,0,0,0,0,0,0,0,0,0,0,0,0,0,0,0,0,0,5,0,0,0,0,0,0,0,0,0,0,0,0,5,0,0,0,5,0,0,0,0,0,0,0,0,0,0,0,5,0,0,0,0,0,0,0,0,0,0,0,0,0,0,0,0,0,0,0,0,0,0,0,0,0,0,0,3,0,0,0,3,0,0,0,0,0,0,0,0
LGA14650,0,0,0,3,6,0,30,0,0,0,0,3,0,0,3,45,0,0,0,0,3,19,17,3,0,3,3,6,0,0,3,57,0,0,9,30,39,42,45,30,9,13,14,5,10,4,9,259,5,7,24,12,26,61,47,40,16,4,11,13,19,9,9,303,3,3,27,56,16,6,11,0,0,0,0,0,0,0,12,134,0,4,12,17,6,3,5,3,0,4,0,0,4,0,3,61,6,3,7,13,23,46,17,7,3,0,3,7,6,3,15,159,9,3,32,137,53,16,3,5,0,3,0,0,0,0,6,267,3,293,355,91,37,41,15,23,3,3,3,3,3,3,26,902,0,9,63,60,7,4,4,0,0,0,0,0,0,0,11,158,0,0,3,6,15,31,29,11,0,3,0,3,3,3,3,110,0,17,14,33,43,30,77,70,21,29,38,20,12,16,15,435,0,6,10,9,4,18,20,20
LGA14700,0,0,0,0,0,0,14,0,0,0,0,0,0,0,0,14,0,0,0,0,3,5,3,0,0,0,0,0,0,0,0,11,0,3,0,4,20,18,21,11,3,4,4,8,0,0,3,99,4,4,21,17,32,191,200,166,34,36,31,36,48,14,38,872,0,0,8,35,6,12,5,0,0,0,0,0,0,0,5,71,0,3,20,39,9,8,0,0,0,0,0,0,0,0,0,79,3,0,3,7,13,14,10,4,3,4,0,3,6,3,0,73,0,0,3,8,3,3,3,0,0,0,0,0,0,0,0,20,4,15,16,14,18,13,23,17,7,3,10,0,7,13,6,166,3,3,27,33,3,4,0,0,0,0,0,0,0,0,3,76,3,3,9,27,71,125,89,32,9,5,6,4,5,4,12,404,0,5,0,22,20,51,82,102,43,41,55,55,51,31,15,573,0,0,0,12,11,26,27,23
LGA14750,0,0,0,0,0,0,0,0,0,0,0,0,0,0,0,0,0,0,0,0,0,0,0,0,0,0,0,0,0,0,0,0,0,3,0,0,0,3,4,3,0,0,0,0,0,0,0,13,0,0,0,0,0,5,7,0,0,0,0,0,0,0,0,12,0,0,3,0,0,0,0,0,0,0,0,0,0,0,0,3,0,0,0,0,0,0,0,0,0,0,0,0,0,0,0,0,0,0,0,0,3,3,7,3,0,0,0,0,0,0,0,16,0,0,0,3,0,0,0,0,0,0,0,0,0,0,0,3,0,3,3,0,0,0,0,0,0,0,0,0,0,0,0,6,0,0,0,5,0,0,0,0,0,0,0,0,0,0,0,5,0,0,0,0,0,3,0,0,0,0,0,0,0,0,0,3,0,3,0,0,0,3,11,13,0,0,4,10,3,3,3,53,0,0,0,0,0,0,0,0
LGA14800,0,0,0,6,0,0,16,0,0,3,0,0,0,0,0,25,0,0,0,0,3,7,0,3,0,0,0,0,0,0,3,16,0,3,6,11,34,35,37,36,12,9,3,12,17,11,7,233,0,6,6,8,19,55,102,73,15,16,17,30,16,14,18,395,0,0,5,29,5,5,11,5,0,3,0,0,0,0,6,69,0,6,18,33,5,9,5,0,0,0,0,0,0,0,0,76,0,3,0,4,28,47,12,4,4,0,0,0,0,0,0,102,0,0,6,20,15,4,0,0,0,3,0,0,0,3,4,55,4,22,42,22,29,46,43,60,13,8,10,21,16,6,10,352,0,5,73,146,23,12,9,0,0,0,0,0,0,5,28,301,0,0,5,11,23,53,40,16,5,9,0,4,3,3,5,177,0,3,3,37,33,58,26,31,6,18,17,17,13,10,3,275,0,0,0,5,19,26,36,16
LGA14850,0,0,0,3,0,0,0,0,0,0,0,0,0,0,0,3,0,0,0,0,0,0,0,0,0,0,4,0,0,0,0,4,0,0,0,5,13,16,10,11,0,0,4,0,0,4,3,66,0,0,5,0,4,6,11,13,0,0,8,26,31,8,5,117,0,3,0,3,3,0,0,0,0,0,0,0,0,0,0,9,0,0,3,3,0,0,0,0,0,0,0,0,0,0,0,6,0,0,0,5,7,11,4,11,0,3,0,0,0,0,0,41,0,0,0,0,0,0,0,0,0,0,0,0,0,0,0,0,0,21,35,27,10,53,31,13,3,3,3,3,3,3,5,213,0,0,0,4,3,0,0,0,0,0,0,0,0,0,0,7,0,0,0,4,7,4,4,3,0,0,0,0,0,0,0,22,0,0,3,6,7,3,12,12,8,3,3,4,0,4,3,68,0,0,4,4,3,4,4,13
LGA14870,0,0,0,3,0,0,3,0,0,0,0,0,0,0,0,6,0,0,0,0,0,0,6,3,0,0,0,0,0,0,0,9,0,0,0,7,0,4,0,0,0,0,0,0,0,0,3,14,0,3,0,0,5,5,10,4,0,0,0,0,0,0,21,48,0,0,3,4,5,3,0,0,0,0,0,0,0,0,7,22,0,0,0,0,0,0,0,0,0,0,0,3,0,0,0,3,0,0,0,0,5,4,0,0,0,0,0,0,0,0,7,16,0,0,0,3,3,0,0,0,0,3,0,0,0,0,3,12,0,16,35,20,9,5,4,0,0,0,0,0,0,0,0,89,0,0,3,3,3,0,0,0,0,0,0,0,0,0,3,12,0,0,0,0,5,0,0,0,0,0,0,0,0,0,11,16,0,0,4,3,5,3,4,5,0,0,7,4,0,0,3,38,0,0,0,0,0,5,0,0
LGA14900,0,0,4,77,54,63,1093,175,4,8,8,7,5,6,29,1533,0,0,0,0,84,583,319,100,34,32,15,28,9,4,39,1247,0,0,0,3,12,23,48,17,3,7,4,3,3,3,3,129,0,4,20,26,92,544,559,243,61,49,50,50,36,18,86,1838,4,16,88,364,156,71,888,379,6,3,5,4,4,3,61,2052,0,18,43,119,106,209,304,122,42,30,28,15,13,0,26,1075,0,0,3,18,175,1859,2194,1068,172,181,181,139,117,89,216,6412,0,0,5,216,281,198,221,74,8,15,5,8,9,3,31,1074,5,114,163,65,47,31,77,25,3,7,11,6,7,3,14,578,0,7,141,445,130,55,48,14,0,0,7,0,0,0,56,903,0,3,0,16,48,106,98,25,3,5,0,0,3,0,16,323,0,3,3,51,76,306,1226,837,322,335,440,272,146,90,108,4215,0,3,6,3,50,147,219,121
LGA14920,0,0,0,0,0,0,0,0,0,0,0,0,0,0,0,0,0,0,0,0,0,0,0,0,0,0,0,0,0,0,0,0,0,0,0,0,0,0,0,0,0,0,0,0,0,0,0,0,0,0,3,0,0,3,3,0,0,0,0,0,0,0,0,9,0,0,0,0,0,0,0,0,0,0,0,0,0,0,0,0,0,0,0,3,0,0,0,0,0,0,0,0,0,0,0,3,0,0,0,0,0,0,0,0,0,0,0,0,0,0,0,0,0,0,0,0,0,0,0,0,0,0,0,0,0,0,0,0,0,3,6,3,0,0,0,3,0,0,0,0,0,0,0,15,0,0,0,3,0,0,0,0,0,0,0,0,0,0,0,3,0,0,0,0,0,0,0,0,0,0,0,0,0,0,0,0,0,0,0,0,3,0,0,0,0,3,0,0,0,0,0,6,0,0,0,0,0,0,0,0
LGA14950,0,0,0,0,0,0,0,0,0,0,0,0,0,0,0,0,0,0,0,0,0,0,0,0,0,0,0,0,0,0,0,0,0,0,0,0,0,0,0,0,0,0,0,0,0,0,0,0,0,0,0,0,0,0,0,0,4,0,0,0,0,0,0,4,0,0,0,0,0,0,0,0,0,0,0,0,0,0,0,0,0,0,0,0,0,0,0,0,0,0,0,0,0,0,0,0,0,0,0,0,0,0,0,0,0,0,0,0,0,0,0,0,0,0,0,0,0,0,0,0,0,0,0,0,0,0,0,0,0,0,3,0,3,3,0,0,0,0,0,0,0,0,0,9,0,0,0,0,0,0,0,0,0,0,0,0,0,0,0,0,0,0,0,0,0,0,0,0,0,0,0,0,0,0,0,0,0,0,0,0,0,0,0,0,0,0,0,0,0,0,0,0,0,0,0,0,0,0,0,0
LGA15050,0,0,0,0,0,0,6,0,0,0,0,0,0,0,0,6,0,0,0,0,0,0,0,0,0,0,0,0,0,0,0,0,3,3,0,3,7,11,11,13,3,0,3,0,0,0,0,57,0,3,0,10,7,27,27,25,14,12,10,3,3,12,4,157,0,0,5,16,4,0,0,0,0,0,0,0,0,0,0,25,0,0,6,0,6,0,0,0,0,0,0,4,6,0,0,22,0,0,0,0,5,6,9,0,0,0,6,0,0,0,0,26,0,0,0,5,0,0,0,0,0,0,0,0,0,0,0,5,0,103,105,25,13,7,8,5,0,0,0,3,5,0,10,284,0,0,15,4,0,0,0,0,0,0,0,0,0,0,0,19,0,0,0,6,10,15,11,0,0,0,0,0,0,0,0,42,0,3,3,5,17,15,28,47,15,14,34,14,11,3,8,217,0,0,0,0,0,5,9,4
LGA15150,0,0,0,0,0,6,15,0,0,0,0,0,0,0,0,21,0,0,0,0,0,0,0,0,0,0,0,0,0,0,0,0,0,3,4,19,31,25,55,48,12,19,13,20,18,8,3,278,0,9,18,5,8,44,59,24,8,9,23,18,18,8,14,265,0,3,5,17,6,10,7,0,0,0,0,3,3,0,5,59,0,12,14,15,11,7,0,0,0,3,0,0,0,0,3,65,0,0,4,8,11,9,10,0,3,0,0,0,5,0,3,53,0,0,0,3,0,0,9,3,0,0,0,0,0,0,0,15,4,18,30,22,14,36,35,47,26,20,29,19,31,8,13,352,0,8,46,33,9,3,3,0,0,0,0,0,0,0,6,108,0,0,3,6,22,35,35,18,4,10,11,6,4,4,6,164,0,0,5,12,17,19,20,24,8,4,3,11,0,10,3,136,0,0,3,3,5,18,17,9
LGA15200,0,0,3,11,17,10,27,0,0,0,0,0,0,0,0,68,0,0,0,0,20,18,17,3,3,0,3,3,0,0,0,67,0,0,6,13,28,44,42,33,8,10,11,24,14,15,9,257,0,3,16,20,78,310,326,139,34,51,55,41,30,19,42,1164,0,0,23,94,19,9,14,8,0,0,0,0,3,0,5,175,0,0,21,66,46,13,15,4,3,0,0,0,0,0,32,200,3,0,3,9,68,107,46,20,7,11,3,0,11,3,8,299,3,0,7,108,120,35,13,3,3,0,0,3,0,0,8,303,0,21,35,34,31,47,43,34,14,10,12,11,17,0,11,320,3,17,519,1360,217,41,14,4,5,0,3,4,5,0,116,2308,0,3,0,10,44,106,64,17,3,5,5,0,4,4,11,276,0,3,9,21,31,60,65,86,47,72,76,58,24,21,22,595,0,0,0,10,57,96,125,66
LGA15270,0,0,0,0,0,0,0,0,0,0,0,0,0,0,0,0,0,0,0,0,0,0,0,0,0,0,0,0,0,0,0,0,0,3,0,0,3,5,3,4,3,0,0,0,0,0,0,21,0,0,4,0,0,3,11,8,0,0,0,3,3,3,0,35,0,0,0,14,0,0,0,0,0,0,0,0,0,0,0,14,0,3,0,0,0,4,0,0,0,0,0,0,0,0,0,7,0,0,0,0,0,5,0,0,0,0,3,0,3,0,3,14,0,0,0,0,0,0,0,0,0,0,0,0,0,0,0,0,0,12,25,27,8,6,5,0,0,0,0,0,0,0,3,86,0,0,6,13,0,0,0,0,0,0,0,0,0,0,0,19,0,0,0,0,3,0,0,0,0,0,5,0,0,0,0,8,0,0,0,5,6,0,3,3,3,0,3,3,0,3,0,29,0,0,3,0,4,0,0,0
LGA15300,0,0,0,3,3,0,0,0,0,0,0,0,0,0,0,6,0,0,0,0,0,0,0,0,0,0,0,0,0,0,0,0,0,0,0,0,5,3,3,0,3,0,0,0,0,0,0,14,0,0,0,0,3,4,3,0,0,0,0,0,0,0,0,10,0,0,0,5,0,3,0,0,0,0,0,0,0,0,0,8,0,0,0,0,0,0,0,0,0,0,0,0,0,0,0,0,0,0,0,3,0,7,3,0,0,0,3,3,4,0,3,26,0,0,0,0,0,0,0,0,0,0,0,0,0,0,0,0,0,0,5,4,0,0,0,0,0,0,0,0,0,0,0,9,3,0,3,0,0,0,0,0,0,0,0,0,0,0,3,9,0,0,0,0,4,4,0,0,0,0,0,0,0,0,0,8,0,0,0,3,0,0,0,7,0,3,8,9,7,3,6,46,0,0,3,0,0,0,0,3
LGA15350,0,0,0,0,0,3,3,0,0,0,0,0,0,0,0,6,0,0,0,0,0,0,0,0,3,0,0,0,0,0,0,3,0,3,4,12,14,14,19,22,3,0,4,7,17,11,0,130,5,7,4,8,8,62,58,31,7,6,6,10,14,0,5,231,0,0,10,14,3,3,5,4,3,0,0,0,0,0,0,42,0,8,12,22,5,6,5,0,0,0,0,3,0,0,0,61,0,0,5,4,5,4,9,0,0,0,0,0,0,0,4,31,0,0,0,0,0,6,5,0,0,0,0,0,0,0,0,11,9,22,27,17,8,20,28,25,9,16,13,15,22,10,9,250,0,3,15,9,5,3,0,0,0,0,0,0,0,0,4,39,0,4,3,5,29,46,51,21,3,7,6,4,3,7,5,194,0,8,12,19,21,25,31,26,12,5,6,4,10,10,4,193,0,0,4,6,4,4,16,8
LGA15500,0,0,0,0,0,0,0,0,0,0,0,0,0,0,0,0,0,0,0,0,0,0,0,0,0,0,0,0,0,0,0,0,0,0,0,0,0,0,0,0,0,0,0,0,0,0,0,0,0,0,0,0,0,3,0,0,0,3,0,0,0,0,0,6,0,3,0,0,0,0,0,0,0,0,0,0,0,0,0,3,0,0,0,0,0,0,0,0,0,0,0,0,0,0,0,0,0,0,0,0,0,0,0,0,0,0,0,0,0,0,0,0,0,0,0,0,0,0,0,0,0,0,0,0,0,0,0,0,0,3,12,0,0,0,0,0,0,0,0,0,0,0,3,18,0,0,0,0,0,0,0,0,0,0,0,0,0,3,0,3,0,0,0,0,0,0,0,0,0,0,0,0,0,0,0,0,0,0,0,4,0,0,0,0,0,0,0,0,0,0,0,4,0,0,0,0,0,0,0,0
LGA15550,0,0,0,0,0,0,0,0,0,0,0,0,0,0,0,0,0,0,0,0,0,0,0,0,0,0,0,0,0,0,0,0,0,0,0,0,0,3,0,0,0,0,3,0,0,0,0,6,0,0,0,0,0,0,0,0,3,0,0,0,0,0,0,3,0,0,0,0,0,0,0,0,0,0,0,0,0,0,0,0,0,0,0,0,0,0,0,0,0,0,0,0,0,0,0,0,0,0,0,0,0,0,3,0,0,0,0,3,0,3,0,9,0,0,0,0,0,0,0,0,0,0,0,0,0,0,0,0,0,0,0,0,0,0,0,0,0,0,0,0,0,0,3,3,0,0,0,0,0,0,0,0,0,0,0,0,0,0,0,0,0,0,0,0,0,0,0,3,0,0,0,0,0,0,0,3,0,0,0,0,0,0,0,0,0,0,3,0,0,0,0,3,0,0,0,0,0,0,0,0
LGA15650,0,0,0,0,0,0,0,0,0,0,0,0,0,0,0,0,0,0,0,0,0,0,0,0,0,0,0,0,0,0,0,0,0,3,0,0,0,3,0,3,0,0,0,0,0,0,0,9,0,0,0,0,0,10,3,5,0,5,0,0,4,0,0,27,0,0,0,0,0,0,3,0,0,0,0,0,0,0,0,3,0,0,3,3,0,3,0,0,0,0,0,0,0,0,0,9,0,0,0,0,0,0,4,0,0,0,0,0,0,0,4,8,0,0,0,3,0,0,0,0,0,0,0,0,3,0,0,6,0,3,5,3,3,3,0,0,0,0,0,0,3,0,0,20,0,0,0,3,0,0,0,0,0,0,0,0,0,0,0,3,0,0,3,0,0,0,3,0,0,0,0,0,0,0,0,6,0,0,0,0,0,3,3,3,3,9,0,4,0,0,0,25,0,0,0,0,0,0,3,0
LGA15700,0,0,0,4,0,0,0,0,0,0,0,0,0,0,0,4,0,0,0,0,0,0,0,0,0,0,0,0,0,0,0,0,0,0,0,5,3,6,0,0,3,0,0,0,4,0,0,21,0,0,0,3,0,0,3,0,0,5,0,0,0,3,0,14,0,3,3,3,0,0,0,0,0,0,0,0,0,0,0,9,0,3,3,3,3,0,0,0,0,0,0,0,0,0,3,15,0,3,0,0,0,5,6,3,0,0,0,3,0,0,0,20,0,0,0,0,0,0,3,0,0,0,0,0,0,0,0,3,0,14,26,8,3,15,6,0,0,0,0,0,0,3,3,78,0,0,4,0,0,0,0,0,0,0,0,0,0,0,0,4,0,0,3,0,3,0,0,3,0,0,0,0,0,0,0,9,0,0,0,3,3,3,0,0,0,0,0,0,0,0,3,12,0,0,3,0,0,0,3,0
LGA15750,0,0,0,0,0,0,0,0,0,0,0,0,0,0,0,0,0,0,0,0,0,0,0,0,0,0,0,0,0,0,0,0,0,0,0,0,5,0,0,3,0,0,0,0,0,0,0,8,0,0,0,0,0,3,5,4,0,3,0,3,3,0,3,24,0,0,0,0,0,0,0,0,0,0,0,0,0,0,0,0,0,0,0,0,0,0,0,0,0,0,0,0,3,0,0,3,0,3,0,0,0,0,3,0,0,0,0,0,3,0,0,9,0,0,0,0,0,0,0,0,0,0,0,0,0,0,0,0,0,0,5,3,3,4,3,0,3,0,0,0,0,0,3,24,0,0,0,3,0,0,0,0,0,0,0,0,0,0,0,3,0,0,0,0,0,0,3,0,0,0,0,0,0,0,0,3,0,0,0,0,0,0,0,0,3,3,0,4,0,0,0,10,0,0,0,0,0,0,0,3
LGA15800,0,0,0,0,0,0,0,0,0,0,0,0,0,0,0,0,0,0,0,0,0,0,0,0,0,0,0,0,0,0,0,0,0,0,0,0,0,0,0,0,0,0,0,0,0,0,0,0,0,0,0,0,0,3,4,0,4,0,0,0,0,0,0,11,0,0,0,3,0,0,0,0,0,0,0,0,0,0,0,3,0,0,0,0,0,0,0,0,0,0,0,0,0,0,0,0,0,0,0,0,0,0,0,0,0,0,0,0,0,0,0,0,0,0,0,0,0,0,0,0,0,0,0,0,0,0,0,0,0,3,3,5,4,0,0,0,0,0,0,0,0,0,0,15,0,0,0,0,0,0,0,0,0,0,0,0,0,0,3,3,0,0,0,0,0,0,0,0,0,0,0,0,0,0,0,0,0,0,0,0,0,0,0,4,0,0,0,3,0,0,0,7,0,0,0,0,0,0,0,0
LGA15850,0,0,0,0,0,0,0,0,0,0,0,0,0,0,0,0,0,0,0,0,0,0,0,0,0,0,0,0,0,0,0,0,0,0,0,0,3,0,0,0,0,0,0,0,0,0,0,3,0,0,0,0,0,0,0,0,0,0,0,0,0,0,0,0,0,0,3,0,0,0,0,0,0,0,0,0,0,0,0,3,0,0,0,0,0,0,0,0,0,3,0,5,0,0,0,8,0,0,0,0,0,3,3,0,3,0,0,0,0,0,0,9,0,0,0,0,0,0,0,0,0,0,0,0,0,0,0,0,0,0,6,0,0,0,3,6,0,0,0,0,0,0,0,15,0,0,0,0,0,0,0,0,0,0,0,0,0,0,0,0,0,0,0,0,3,0,0,0,0,0,0,0,0,0,0,3,0,0,0,0,0,3,0,3,0,0,3,0,0,0,0,9,0,0,0,0,0,0,0,0
LGA15900,0,0,3,23,11,5,96,4,4,0,0,3,0,0,0,149,0,0,0,0,5,6,7,6,0,4,0,0,0,0,3,31,0,3,3,28,23,40,40,30,11,10,14,29,15,9,8,263,0,5,13,12,21,58,91,120,47,51,80,126,152,59,64,899,0,6,18,107,24,5,21,11,0,0,6,3,0,0,8,209,0,0,7,19,13,6,6,7,5,8,4,3,4,0,3,85,0,3,0,9,13,27,33,13,0,3,4,0,0,3,0,108,0,3,79,320,149,70,33,6,3,3,3,3,4,3,35,714,0,202,160,36,18,34,27,34,6,6,8,12,13,8,33,597,4,17,153,152,32,14,10,4,0,0,0,0,0,3,27,416,3,0,3,0,33,41,31,6,3,3,9,9,6,7,8,162,0,9,9,22,33,40,71,97,55,81,81,63,51,15,31,658,0,0,3,8,10,16,27,23
LGA15950,0,0,3,3,0,0,10,3,0,0,0,0,0,0,0,19,0,0,0,0,3,5,3,0,3,0,0,0,0,0,3,17,0,0,5,22,52,46,49,61,26,23,18,24,31,20,6,383,9,8,29,28,38,258,399,256,39,65,65,61,51,24,52,1382,0,0,17,21,8,4,9,0,0,0,0,3,0,3,3,68,0,6,22,40,12,9,5,4,0,0,3,0,3,0,0,104,3,3,3,13,26,48,39,9,3,8,0,3,3,3,3,167,0,0,4,5,5,12,8,5,0,3,0,0,0,0,3,45,13,34,48,33,27,39,27,66,28,26,27,23,27,15,10,443,5,5,16,35,11,3,3,0,0,0,0,0,0,0,4,82,3,3,4,21,110,323,252,74,4,23,16,18,13,5,18,887,0,9,5,33,39,94,117,141,75,74,59,57,120,75,26,924,0,9,3,3,17,39,60,38
LGA16100,0,0,0,0,0,3,6,3,0,0,0,0,0,0,0,12,0,0,0,0,0,0,0,3,0,0,0,0,0,0,0,3,0,0,0,0,0,3,0,0,0,0,0,0,0,0,0,3,3,0,0,0,0,0,0,0,0,0,0,0,0,0,3,6,0,0,0,0,0,0,0,0,0,0,0,0,0,0,0,0,0,0,0,0,0,0,0,0,0,0,0,0,0,0,0,0,0,0,0,0,0,0,3,0,0,0,0,0,0,0,4,7,0,0,0,0,0,0,0,0,0,0,0,0,0,0,0,0,0,5,13,3,0,0,3,0,0,0,0,0,0,0,0,24,0,0,4,0,0,0,0,0,0,0,0,0,0,0,0,4,0,0,0,0,0,0,0,0,0,0,0,0,0,0,0,0,0,0,0,0,0,3,0,3,0,0,0,0,0,0,0,6,0,0,0,0,0,0,0,0
LGA16150,0,0,0,0,0,0,3,0,0,0,0,0,0,0,0,3,0,0,0,0,0,0,0,0,0,0,0,0,0,0,0,0,0,0,0,0,3,8,4,7,0,0,0,3,0,0,0,25,0,4,8,7,20,8,17,17,5,0,8,5,0,4,0,103,0,4,4,16,4,0,0,0,0,0,0,0,0,0,0,28,0,3,3,0,0,3,8,12,0,0,0,3,0,0,0,32,0,0,0,0,3,9,10,3,0,0,4,0,0,4,3,36,0,0,0,6,0,0,0,0,0,0,0,0,0,0,0,6,0,29,46,4,3,10,8,0,0,0,0,3,0,0,8,111,3,0,3,15,10,0,0,0,0,0,0,0,0,0,0,31,0,3,3,3,3,10,3,0,0,0,0,0,0,0,3,28,0,0,3,0,8,8,22,19,17,9,12,12,11,15,0,136,0,3,0,0,0,3,3,6
LGA16180,0,0,0,4,3,0,3,0,0,0,0,0,0,0,0,10,0,0,0,0,0,0,0,0,0,0,0,0,3,0,0,3,0,0,3,6,4,3,3,3,3,0,0,0,0,0,0,25,0,0,0,0,0,0,4,5,0,0,0,4,3,0,0,16,0,0,0,11,6,3,0,0,0,0,0,0,0,0,0,20,0,0,0,0,0,0,0,0,0,0,0,0,0,0,0,0,0,0,0,3,0,0,0,0,0,0,0,0,3,0,0,6,0,0,0,0,6,3,0,0,0,0,0,0,0,0,0,9,0,9,22,21,10,16,4,4,0,0,0,0,0,0,0,86,0,0,0,4,0,0,0,0,0,0,0,0,0,0,0,4,0,0,0,4,3,0,0,0,0,0,0,0,0,0,0,7,0,0,3,3,0,3,3,3,0,0,0,0,0,0,0,15,0,0,7,0,0,5,0,0
LGA16200,0,0,0,0,0,0,0,0,0,0,0,0,0,0,0,0,0,0,0,0,0,0,3,0,0,0,0,0,0,0,0,3,0,0,0,0,0,0,0,0,3,0,0,0,0,0,0,3,0,0,0,3,0,4,0,3,3,0,0,3,5,0,0,21,0,0,0,4,0,0,0,0,0,0,0,0,0,0,0,4,0,0,0,3,0,0,0,0,0,0,0,0,0,0,0,3,0,0,0,0,3,0,3,3,0,0,0,3,0,0,3,15,0,0,0,0,0,0,0,0,0,0,0,0,0,0,0,0,0,7,5,3,3,3,0,3,0,0,0,3,0,0,0,27,0,0,0,0,0,0,0,0,0,0,0,0,0,0,0,0,0,0,0,3,0,0,0,0,0,0,0,0,0,0,0,3,0,0,0,0,0,3,3,3,3,3,0,0,0,3,3,21,0,0,0,3,0,0,3,3
LGA16250,0,0,3,20,12,6,188,24,0,3,0,0,3,0,5,264,0,0,0,4,18,75,20,15,3,3,0,12,0,3,9,162,0,0,3,17,23,36,42,26,10,4,16,13,11,0,6,207,5,14,74,73,127,1840,3114,2685,540,631,687,556,445,185,393,11369,0,0,36,167,43,28,68,13,4,3,0,0,3,0,14,379,0,11,26,88,49,73,84,54,10,15,10,17,20,13,30,500,0,0,3,15,132,424,343,180,30,30,46,44,41,20,74,1382,0,0,0,26,10,8,21,5,0,0,0,0,0,0,4,74,0,72,102,63,44,44,34,26,3,19,5,8,11,0,16,447,6,18,121,259,69,16,7,5,4,0,0,5,0,0,32,542,6,0,7,41,180,679,850,209,38,40,28,35,26,12,55,2206,0,21,8,72,125,335,1277,2674,1295,1809,2291,1527,1137,614,410,13595,0,4,9,18,67,145,264,126
LGA16350,0,0,3,36,27,20,116,6,0,3,0,0,0,0,3,214,0,0,0,0,3,29,21,15,0,3,3,4,3,0,19,100,0,0,4,26,22,16,34,19,3,3,7,3,0,9,5,151,0,8,20,24,44,131,144,101,28,42,28,24,40,15,58,707,0,4,35,329,142,30,66,4,0,0,3,0,0,0,22,635,0,20,26,80,66,183,105,45,16,3,17,0,8,15,31,615,0,0,3,9,83,361,333,158,17,16,15,11,13,19,43,1081,0,0,0,45,36,20,12,0,0,0,0,0,0,0,8,121,0,206,279,168,97,67,37,13,5,9,9,3,8,3,34,938,0,12,109,219,54,29,17,4,0,0,0,0,0,0,27,471,0,4,4,10,21,37,30,9,0,0,0,0,0,0,7,122,3,9,9,100,181,269,549,333,122,204,197,112,46,46,72,2252,0,4,3,14,27,62,59,35
LGA16370,0,0,6,7,0,0,7,0,0,0,0,0,0,0,0,20,0,0,0,0,0,0,5,0,0,3,0,0,0,0,0,8,0,3,5,33,30,45,53,23,13,5,7,7,4,0,6,234,3,4,12,8,4,35,51,34,0,9,7,11,4,0,9,191,8,3,35,116,25,7,25,0,0,0,0,0,0,0,12,231,0,7,12,15,6,4,0,0,0,0,0,0,0,0,4,48,3,3,0,10,11,21,10,0,0,0,0,0,3,0,3,64,0,0,0,0,4,0,0,0,0,0,0,0,0,0,0,4,0,34,77,65,43,84,48,46,12,10,20,11,28,14,28,520,3,3,12,6,3,0,3,0,0,0,0,0,0,0,0,30,3,6,4,8,10,7,26,7,0,3,0,5,3,0,3,85,0,7,7,19,15,15,23,23,4,18,5,18,14,0,12,180,0,5,16,3,6,11,12,4
LGA16380,0,3,0,3,0,0,0,0,0,0,0,0,0,0,0,6,0,0,0,0,0,0,0,0,0,0,0,0,0,0,0,0,0,3,3,13,16,8,25,18,3,0,0,3,0,4,0,96,0,5,8,9,8,18,13,10,8,7,3,3,0,0,3,95,0,3,14,16,3,0,5,3,0,0,0,0,0,0,3,47,0,0,8,11,5,0,0,7,0,0,3,0,0,0,0,34,0,3,5,4,8,12,5,3,0,0,0,10,3,0,0,53,0,0,0,5,0,0,0,0,0,0,0,0,0,0,3,8,3,55,101,60,29,25,17,7,3,0,4,3,0,0,10,317,0,0,3,3,4,3,0,0,0,0,0,0,0,0,3,16,4,0,0,9,6,8,4,0,0,0,0,0,0,0,3,34,0,7,3,20,23,4,6,17,9,11,14,3,7,0,9,133,0,3,9,3,3,4,4,0
LGA16400,0,0,0,6,0,0,7,0,0,0,0,0,0,0,0,13,0,0,0,0,0,0,0,0,0,0,0,0,5,0,0,5,3,0,5,16,11,10,27,11,4,3,5,0,4,3,0,102,0,3,3,5,3,14,5,10,3,0,3,3,7,3,8,70,0,4,15,35,10,3,5,0,0,0,0,0,0,0,0,72,0,0,15,4,0,0,0,4,0,0,0,0,0,0,0,23,3,0,5,5,7,4,11,3,0,0,0,3,0,0,5,46,0,0,0,7,17,0,0,0,0,0,0,0,0,0,0,24,3,70,96,31,17,39,16,3,4,3,4,4,5,0,10,305,0,0,16,21,10,0,3,0,0,0,0,0,0,0,0,50,0,3,0,0,5,3,8,0,0,0,0,0,3,0,4,26,0,7,3,16,9,3,6,12,5,0,6,4,3,3,7,84,0,3,3,3,0,3,3,3
LGA16470,0,3,3,8,0,8,16,3,0,0,0,0,0,0,3,44,0,0,0,0,0,0,9,0,0,0,0,0,0,0,0,9,0,0,0,8,7,17,22,11,0,4,0,3,7,3,0,82,0,3,0,5,6,15,23,37,8,22,19,15,17,5,8,183,3,4,28,99,32,15,9,0,0,0,0,0,0,0,3,193,0,3,0,0,3,5,3,6,0,0,0,0,10,9,0,39,0,0,3,0,15,17,32,14,13,13,0,8,8,7,3,133,0,3,13,100,127,139,86,23,6,3,9,8,3,4,28,552,0,61,71,35,14,14,6,0,3,5,4,0,0,0,9,222,0,9,46,83,16,4,0,0,0,0,0,0,0,0,7,165,0,0,3,3,3,9,9,4,0,3,0,0,0,0,3,37,0,0,5,6,12,15,26,73,40,38,94,96,38,17,18,478,0,3,3,3,0,7,8,9
LGA16550,0,0,3,22,10,12,38,5,0,0,0,3,0,0,0,93,0,0,0,0,14,27,11,0,0,0,4,6,5,3,5,75,0,3,5,23,56,34,76,77,21,22,22,39,29,25,11,443,4,19,81,75,120,583,721,682,237,356,554,780,902,417,297,5828,0,0,53,93,25,10,25,4,0,0,8,0,0,0,10,228,4,83,185,189,62,51,29,6,0,4,0,5,0,5,12,635,0,3,4,8,48,115,54,30,7,14,8,6,8,5,15,325,0,0,0,4,7,10,5,0,0,3,0,0,0,0,6,35,26,41,92,68,52,70,65,114,28,37,22,28,45,26,36,750,42,110,633,625,105,27,14,7,0,4,3,4,4,7,117,1702,5,3,17,50,187,350,490,191,64,69,83,127,85,45,55,1821,0,6,7,75,107,88,110,158,66,58,99,87,100,56,36,1053,0,3,14,21,118,381,682,445
LGA16610,0,0,0,0,0,0,0,0,0,0,0,0,0,0,0,0,0,0,0,0,0,0,0,0,0,0,0,0,0,0,0,0,0,0,0,3,10,3,0,3,0,0,3,0,0,0,4,26,0,3,0,0,0,3,3,0,0,0,3,0,6,0,3,21,0,0,0,4,0,0,0,0,0,0,0,0,0,0,0,4,0,0,0,4,0,0,0,0,0,0,0,0,0,0,0,4,0,0,3,0,0,0,0,0,0,0,0,0,0,0,3,6,0,0,0,3,0,0,0,0,0,0,0,0,0,0,0,3,0,3,24,9,4,3,6,0,0,0,0,0,0,0,3,52,0,0,6,3,3,0,0,0,0,0,0,0,0,0,0,12,0,0,0,0,0,0,0,0,0,0,0,0,0,0,3,3,0,3,0,0,3,0,0,0,0,0,0,0,4,0,0,10,0,0,3,0,0,3,0,0
LGA16650,0,0,3,24,16,24,159,12,3,0,3,0,0,3,6,253,0,0,0,0,8,25,5,4,0,0,0,3,0,3,0,48,0,0,3,5,14,16,26,12,0,0,5,4,9,4,0,98,4,14,64,58,155,1279,1622,1284,276,303,311,243,213,88,248,6162,0,6,61,151,45,22,51,8,6,0,0,3,0,0,6,359,0,40,153,309,231,201,177,55,15,23,32,39,41,5,61,1382,0,0,3,14,78,219,156,51,12,5,12,15,10,7,23,605,6,3,61,1120,816,322,276,105,25,33,19,26,16,4,125,2957,0,24,42,34,29,35,22,33,4,5,8,8,8,3,15,270,13,41,812,1577,310,64,38,26,0,5,10,6,17,5,179,3103,0,0,11,26,161,311,293,77,17,14,10,19,7,3,18,967,0,4,3,36,46,108,166,282,114,144,156,99,100,70,38,1366,0,0,3,4,73,143,270,188
LGA16700,0,3,0,8,3,7,88,9,0,0,0,0,0,0,0,118,0,0,0,6,12,19,10,7,0,0,0,0,0,5,0,59,0,0,3,13,26,36,37,30,3,4,8,10,12,0,8,190,3,29,65,55,169,1379,2028,1881,426,521,766,929,836,264,442,9793,0,0,34,135,51,19,34,9,5,0,0,0,0,0,12,299,0,11,36,103,58,51,45,17,7,7,3,3,4,0,4,349,0,3,8,20,72,97,54,35,3,11,5,10,6,6,11,341,0,0,10,34,31,5,13,0,0,0,0,3,0,0,3,99,0,40,77,52,23,44,49,24,7,6,7,7,12,13,17,378,3,11,123,190,40,8,9,11,0,4,0,0,0,0,13,412,3,5,13,63,224,836,945,199,38,65,60,94,43,17,60,2665,0,6,10,83,103,240,467,489,213,242,241,191,184,107,86,2662,0,6,6,21,69,151,280,153
LGA16900,0,0,0,5,13,4,31,8,0,0,0,0,0,0,4,65,0,0,0,0,8,0,4,3,0,0,0,0,0,4,0,19,0,0,4,3,9,6,13,9,5,0,0,4,5,7,0,65,0,0,0,3,3,11,17,13,4,7,3,3,0,0,7,71,0,3,64,113,21,3,12,0,0,0,0,0,3,0,7,226,0,4,11,3,13,5,8,6,0,0,0,3,5,0,0,58,0,0,0,4,4,10,11,8,0,0,3,0,0,0,3,43,0,0,18,308,344,69,30,15,3,3,3,3,0,0,43,839,0,60,316,132,33,26,8,9,3,3,0,3,0,0,19,612,0,3,37,71,20,5,3,0,0,0,0,0,0,0,8,147,0,0,0,3,5,5,7,0,0,5,0,0,0,0,3,28,0,0,0,10,14,0,13,14,3,5,0,12,0,4,0,75,0,0,3,4,0,4,6,5
LGA16950,0,0,0,7,0,0,0,0,0,0,0,0,0,0,0,7,0,0,0,0,0,0,3,3,0,0,0,0,0,0,3,9,0,3,0,31,18,17,16,10,3,0,0,5,0,0,6,109,0,8,7,5,6,27,17,22,8,10,8,12,5,3,27,165,0,5,20,76,21,0,7,0,0,0,0,0,0,0,4,133,3,4,22,13,7,3,3,4,0,0,3,0,0,3,0,65,3,0,4,9,10,8,10,5,0,0,0,0,0,0,8,57,0,0,0,22,5,0,3,0,0,0,0,0,0,0,0,30,0,90,276,103,30,35,21,6,3,3,3,3,0,0,16,589,0,0,40,78,14,3,0,3,0,0,0,0,0,0,0,138,3,3,5,3,4,6,3,3,3,0,0,0,3,0,3,39,0,19,6,12,20,6,7,18,8,7,6,8,8,0,7,132,0,4,5,3,6,8,9,4
LGA17000,0,0,0,0,0,0,0,0,0,0,0,0,0,0,0,0,0,0,0,0,0,0,0,0,0,0,0,0,0,0,0,0,0,0,0,0,3,3,0,4,3,0,3,3,0,0,0,19,0,0,0,0,5,8,6,7,0,0,4,3,0,0,0,33,0,0,0,3,0,0,0,0,0,0,0,0,0,0,0,3,0,0,3,3,0,0,0,0,0,0,0,0,0,0,0,6,0,0,3,0,3,0,3,0,0,0,0,0,0,0,0,9,0,0,0,0,0,0,0,0,0,3,0,0,0,0,0,3,0,7,18,10,0,0,3,3,0,0,0,3,0,3,4,51,0,0,4,0,0,0,3,0,0,0,0,0,0,0,0,7,0,0,0,3,5,4,3,3,0,0,0,0,0,0,0,18,0,0,0,0,0,0,0,11,7,3,0,9,6,0,0,36,0,0,0,0,0,0,5,10
LGA17050,0,0,0,0,0,0,0,0,0,0,0,0,0,0,0,0,0,0,0,0,0,0,0,0,0,0,0,0,0,0,0,0,0,0,0,4,3,7,3,4,0,0,0,0,0,0,0,21,0,0,3,0,0,3,3,0,0,0,0,0,0,0,0,9,0,0,3,3,0,3,0,0,0,0,0,0,0,0,0,9,0,0,0,0,3,0,0,0,0,0,0,0,0,0,0,3,0,0,0,0,3,0,0,0,0,0,0,0,0,0,0,3,0,0,0,0,3,0,0,0,0,0,0,0,0,0,0,3,0,9,27,17,5,4,4,0,0,0,0,0,0,0,0,66,0,0,3,0,0,0,0,0,0,0,0,0,0,0,0,3,0,0,0,0,0,0,3,0,0,0,0,0,0,0,3,6,0,0,0,0,3,0,0,4,0,0,0,3,0,0,4,14,0,0,0,0,0,0,0,0
LGA17100,0,0,0,5,5,4,10,0,0,0,0,0,0,0,0,24,0,0,0,0,18,18,5,0,0,0,0,0,0,0,3,44,0,3,0,3,3,9,3,3,0,0,3,0,3,0,3,33,5,21,63,66,103,576,729,729,165,177,198,154,116,38,127,3267,0,0,21,53,17,0,0,5,0,0,0,0,0,0,6,102,0,4,15,48,31,42,36,6,5,8,0,0,4,4,7,210,0,0,0,0,17,58,33,25,3,6,0,3,0,0,10,155,0,0,3,3,4,3,3,3,0,0,0,0,0,0,3,22,0,18,18,6,8,11,0,4,3,0,0,0,0,0,9,77,0,3,72,96,20,8,0,0,0,0,0,0,0,0,13,212,0,3,11,19,142,210,183,57,9,13,13,12,5,3,13,693,0,0,0,27,119,179,363,589,224,327,317,243,223,146,56,2813,0,3,5,4,19,31,68,40
LGA17150,0,0,3,30,4,25,95,18,3,0,0,0,0,0,3,181,0,0,0,0,6,31,4,0,7,0,0,8,0,0,4,60,3,5,7,36,63,63,95,74,11,12,17,12,14,5,17,434,6,28,39,46,68,432,539,274,43,49,74,59,48,13,78,1796,0,4,71,234,49,24,47,4,4,0,0,0,3,0,17,457,0,58,123,228,113,113,128,38,8,3,10,3,7,6,24,862,0,5,10,25,74,129,63,24,4,4,3,3,8,3,16,371,0,0,19,211,165,66,47,35,4,3,7,0,3,0,19,579,3,115,256,126,92,89,74,60,14,17,7,11,12,12,27,915,3,18,251,545,105,30,18,8,0,0,5,5,3,0,39,1030,0,4,12,33,102,246,196,39,8,4,9,4,3,4,10,674,0,18,21,73,117,102,178,117,46,61,81,57,17,20,39,947,3,7,22,15,50,102,123,45
LGA17200,0,0,0,18,6,8,91,3,3,0,5,3,0,3,0,140,0,0,0,0,10,44,12,7,3,0,0,0,5,6,4,91,0,0,3,33,81,91,96,96,35,49,50,65,110,87,39,835,3,17,46,62,180,853,1549,1638,538,755,928,901,824,340,472,9106,0,0,19,74,34,30,42,6,0,3,5,0,3,3,3,222,3,9,26,57,20,32,17,9,3,6,11,4,4,4,6,211,0,0,10,15,83,142,70,35,4,7,5,9,8,3,14,405,0,0,3,34,21,36,13,4,0,0,3,3,3,3,6,129,6,47,94,63,70,101,103,160,51,76,74,80,93,92,68,1178,3,21,234,385,71,30,11,6,8,4,4,4,3,3,38,825,4,3,10,34,167,496,409,222,57,86,107,106,76,35,77,1889,0,7,6,53,53,116,189,283,111,160,190,190,273,160,81,1872,0,3,13,9,76,172,811,708
LGA17310,0,0,0,0,0,0,0,0,0,0,0,0,0,0,0,0,0,0,0,0,0,0,0,0,0,0,0,0,0,0,0,0,0,0,5,7,9,10,5,6,0,0,0,0,0,0,0,42,0,4,0,5,0,7,19,24,0,4,4,0,3,0,0,70,0,0,4,7,0,0,0,4,0,0,0,0,0,0,0,15,0,0,3,3,0,0,0,3,0,0,3,0,0,0,0,12,0,0,0,0,0,6,4,0,0,3,0,0,0,0,0,13,0,0,0,0,0,0,0,0,0,0,0,0,0,0,0,0,0,16,42,21,9,4,7,7,0,0,0,5,0,0,4,115,0,3,5,5,0,3,0,0,0,0,0,0,0,0,3,19,0,0,0,0,8,7,4,0,0,0,0,0,0,0,3,22,0,4,0,0,5,3,10,11,18,20,12,0,0,0,5,88,0,0,5,0,3,5,8,0
LGA17350,0,0,0,0,0,0,0,0,0,0,0,0,0,0,0,0,0,0,0,0,0,0,0,0,0,0,0,0,0,0,0,0,0,0,0,3,0,0,3,0,0,0,0,0,0,0,0,6,0,0,0,0,0,6,0,0,0,0,0,0,0,0,0,6,0,0,0,0,0,0,0,0,0,0,0,0,0,0,0,0,0,0,0,0,0,0,0,0,0,0,0,0,0,0,0,0,0,0,0,0,0,0,0,0,0,0,0,0,0,0,0,0,0,0,0,0,0,0,0,0,0,0,0,0,0,0,0,0,0,0,4,3,0,0,0,0,0,0,0,0,0,0,3,10,0,0,0,0,0,0,0,0,0,0,0,0,0,0,0,0,0,0,0,0,0,0,0,0,0,0,0,0,0,0,0,0,0,3,0,0,0,0,0,0,0,0,3,0,0,0,0,6,0,0,0,0,0,0,0,0
LGA17400,0,0,0,0,0,0,0,0,0,0,0,0,0,0,0,0,0,0,0,0,0,0,0,0,0,0,0,0,0,0,0,0,0,0,0,3,0,0,3,0,0,0,0,0,0,0,0,6,0,0,0,0,0,0,0,0,0,0,0,0,0,0,0,0,0,0,0,0,0,0,0,0,0,0,0,0,0,0,0,0,0,0,0,0,0,0,0,0,0,0,0,0,0,0,0,0,0,0,0,0,4,0,0,0,0,0,0,0,0,0,0,4,0,0,0,0,0,0,0,0,0,0,0,0,0,0,0,0,0,5,7,7,3,4,3,0,0,3,0,0,0,0,0,32,0,0,0,0,0,0,0,0,0,0,0,0,0,0,0,0,0,0,0,0,0,3,3,0,0,0,0,0,0,0,0,6,0,0,0,0,0,0,0,0,0,0,0,0,0,0,3,3,0,0,3,3,0,0,0,0
LGA17420,0,0,3,20,10,8,54,3,0,0,0,0,0,0,3,101,0,0,0,0,19,46,17,3,0,0,3,3,0,0,5,96,0,0,8,28,40,55,64,39,3,0,11,16,12,12,10,298,7,26,75,81,133,1416,1847,1328,191,195,225,204,175,72,196,6171,3,4,53,238,56,37,50,8,0,0,0,0,0,3,7,459,0,21,40,137,72,160,110,51,6,5,5,11,0,0,27,645,3,0,10,31,95,338,215,80,12,12,6,4,3,4,27,840,0,0,0,23,18,15,0,5,0,0,0,0,0,0,0,61,4,139,176,94,80,67,73,51,6,18,3,7,13,18,19,768,3,8,93,169,64,5,3,3,0,0,0,0,3,4,29,384,3,3,19,51,241,875,1284,190,41,34,33,16,31,9,64,2894,0,17,16,160,268,708,1539,776,157,159,104,95,78,60,91,4228,0,0,22,24,76,193,260,132
LGA17450,0,0,0,0,0,0,0,0,0,0,0,0,0,0,0,0,0,0,0,0,0,0,0,0,0,0,0,0,0,0,0,0,0,0,0,0,0,0,3,0,0,0,0,0,3,0,0,6,0,0,0,0,0,0,4,5,0,0,0,0,0,0,0,9,0,0,0,3,0,0,0,0,0,0,0,0,0,0,0,3,0,0,0,0,0,0,0,3,3,0,0,0,0,0,0,6,0,0,0,0,0,4,0,0,0,0,0,0,0,0,0,4,0,0,0,0,0,0,0,0,0,0,0,0,0,0,0,0,0,3,3,7,3,4,0,3,0,0,0,0,0,0,0,23,0,0,0,0,0,0,0,0,0,0,0,0,0,0,0,0,0,0,0,0,0,0,0,0,0,0,0,0,0,0,0,0,0,0,0,0,3,0,0,0,0,0,0,0,0,0,3,6,0,0,0,0,0,0,0,0
LGA17500,0,0,0,0,0,0,0,0,0,0,0,0,0,0,0,0,0,0,0,0,0,0,0,0,0,0,0,0,0,0,0,0,0,0,0,3,0,0,4,3,0,0,4,0,0,0,0,14,0,0,0,0,6,5,5,0,4,0,0,0,0,0,3,23,0,0,3,8,0,0,0,0,0,0,0,0,0,0,0,11,0,0,0,0,0,0,0,0,0,0,4,0,0,0,0,4,0,0,0,0,0,0,9,0,0,0,0,0,0,0,0,9,0,0,0,0,0,0,0,0,0,0,0,0,0,0,0,0,0,10,27,9,6,3,0,0,0,0,0,0,0,0,0,55,0,0,0,0,0,0,0,0,0,0,0,0,0,0,0,0,0,0,0,0,0,5,0,0,0,0,0,0,0,0,0,5,3,0,0,3,0,3,3,0,0,3,5,6,6,3,0,35,0,3,0,0,0,0,0,0
LGA17550,0,0,0,3,0,4,3,0,0,0,0,0,0,0,0,10,0,0,0,0,0,0,0,0,0,0,0,0,0,0,0,0,0,0,6,18,22,19,22,20,3,5,13,6,5,9,13,161,0,5,6,3,5,5,12,27,12,19,28,30,35,9,25,221,0,0,8,14,9,0,4,0,0,0,0,0,0,0,0,35,0,0,5,9,8,4,3,0,0,0,0,0,0,0,3,32,4,3,4,15,8,8,11,12,0,5,3,0,0,0,4,77,0,0,0,0,0,0,0,0,0,0,0,0,0,0,0,0,0,50,149,56,32,41,36,12,6,6,8,4,4,3,21,428,4,4,10,8,3,0,0,0,0,0,0,0,0,0,3,32,4,0,0,5,7,9,3,0,0,0,0,0,0,0,4,32,4,13,14,20,29,33,19,19,3,17,27,24,14,3,8,247,0,4,8,3,4,7,10,5
LGA17620,0,0,0,0,0,0,0,0,0,0,0,0,0,0,0,0,0,0,0,0,0,4,3,0,0,0,0,0,0,0,0,7,0,0,0,3,0,0,0,0,3,0,0,0,0,0,0,6,0,0,0,0,0,4,3,6,3,0,3,3,0,0,0,22,0,0,0,0,0,0,0,0,0,0,0,0,0,0,0,0,0,0,0,0,0,0,4,0,0,0,0,0,0,0,3,7,0,0,0,0,0,0,0,0,0,0,0,0,0,0,0,0,0,0,0,0,0,0,0,0,0,0,0,0,0,0,0,0,0,7,10,0,3,0,0,0,0,0,0,0,3,0,0,23,0,0,0,0,0,0,0,0,0,0,0,0,0,0,0,0,0,0,0,3,0,0,0,0,0,0,0,0,0,0,0,3,0,0,0,0,0,0,5,0,0,0,0,0,0,0,0,5,0,0,0,0,0,0,0,0
LGA17640,0,0,0,0,0,0,0,0,0,0,0,0,0,0,0,0,0,0,0,0,0,0,0,0,0,0,0,0,0,0,0,0,0,0,0,0,0,4,3,0,0,0,4,0,0,0,0,11,0,0,0,0,0,0,3,0,0,0,0,0,0,0,0,3,0,0,0,0,0,0,3,0,0,0,0,0,0,0,0,3,0,0,0,0,0,0,0,0,0,0,0,0,0,0,0,0,0,0,3,0,0,0,0,6,0,0,0,0,0,0,0,9,0,3,0,0,0,0,0,0,0,0,0,0,0,0,0,3,0,7,13,4,0,4,0,0,0,0,0,0,0,0,0,28,0,0,0,6,0,0,3,0,0,0,0,0,0,0,0,9,0,0,0,0,0,0,0,0,0,0,0,0,0,0,0,0,0,0,0,3,0,0,0,0,0,0,0,0,0,0,0,3,0,0,0,3,0,0,0,4
LGA17650,0,0,0,0,0,0,0,0,0,0,0,0,0,0,0,0,0,0,0,0,0,0,0,0,0,0,0,0,0,0,0,0,0,0,0,0,0,0,4,0,0,0,0,0,0,0,0,4,3,0,0,0,3,0,3,0,0,0,0,0,0,0,0,9,0,0,0,3,0,0,0,0,0,0,0,0,0,0,0,3,0,0,0,0,0,0,0,0,0,0,0,0,0,0,0,0,0,0,0,0,0,3,3,0,0,0,0,0,0,0,3,9,0,0,0,0,0,0,0,0,0,0,0,0,0,0,0,0,0,3,3,0,0,0,3,3,0,0,0,0,0,0,0,12,0,0,3,0,0,0,0,0,0,0,0,0,0,0,0,3,0,0,0,0,0,0,0,0,0,0,0,0,0,0,0,0,0,0,0,0,0,0,0,0,3,0,0,0,0,0,0,3,0,0,0,0,0,0,0,0
LGA17700,0,0,0,0,0,0,0,0,0,0,0,0,0,0,0,0,0,0,0,0,0,0,0,0,0,0,0,0,0,0,0,0,0,0,0,0,0,0,0,0,0,0,0,0,0,0,0,0,0,0,0,0,0,0,0,0,0,0,0,0,0,0,0,0,0,0,0,0,0,0,0,0,0,0,0,0,0,0,0,0,0,0,0,0,0,0,0,3,0,0,0,0,0,0,0,3,0,0,0,0,0,0,0,0,0,0,0,0,0,0,0,0,0,0,0,0,0,0,0,0,0,0,0,0,0,0,0,0,0,0,0,0,0,0,0,0,0,0,0,0,0,0,0,0,0,0,0,0,0,0,0,0,0,0,0,0,0,0,0,0,0,0,0,0,0,0,0,0,0,0,0,0,0,0,0,0,0,0,0,0,0,0,0,0,0,0,0,0,0,0,0,0,0,0,0,0,0,0,0,0
LGA17750,0,0,0,0,0,0,7,0,0,0,0,0,0,0,0,7,0,0,0,0,0,0,0,0,0,0,0,0,0,0,0,0,0,0,0,0,13,9,17,10,0,0,3,5,0,0,0,57,0,0,3,5,0,13,24,38,6,20,12,71,47,12,6,257,0,3,3,13,0,0,5,0,0,0,0,0,0,0,0,24,0,0,4,0,0,6,19,23,6,0,0,4,7,0,10,79,0,0,0,6,0,12,14,8,0,4,9,0,0,0,0,53,0,0,0,0,0,0,0,0,0,0,0,0,0,0,0,0,0,28,54,14,12,8,6,3,0,0,4,3,0,0,5,137,0,0,13,12,5,0,3,0,0,0,0,0,0,0,0,33,0,0,0,0,7,12,10,9,3,0,4,0,3,4,0,52,3,3,0,7,4,0,18,47,39,31,24,33,33,32,5,279,0,5,3,0,0,0,7,5
LGA17800,0,0,0,0,0,0,0,0,0,0,0,0,0,0,0,0,0,0,0,0,0,0,0,0,0,0,0,0,0,0,0,0,0,0,0,0,0,0,0,0,0,0,0,0,0,0,0,0,0,0,0,0,0,0,0,0,0,0,5,0,0,0,0,5,0,0,0,0,0,0,0,0,0,0,0,0,0,0,0,0,0,0,0,0,0,0,0,0,0,0,0,0,0,0,0,0,0,0,0,3,0,0,0,0,0,0,0,0,5,0,0,8,0,0,0,0,0,0,0,0,0,0,0,0,0,0,0,0,0,0,4,4,0,0,0,0,0,0,0,0,0,0,0,8,0,0,0,0,0,0,0,0,0,0,0,0,0,0,0,0,0,0,0,0,0,0,0,0,0,3,0,0,0,0,0,3,0,0,0,0,0,3,0,0,0,8,0,0,0,0,0,11,0,0,0,0,0,0,0,0
LGA17850,0,0,0,0,0,0,0,0,0,0,0,0,0,0,0,0,0,0,0,0,0,0,0,0,0,0,0,0,0,0,0,0,0,0,0,0,0,0,0,0,0,0,0,0,0,0,0,0,0,0,0,0,0,0,0,3,0,0,0,0,0,0,0,3,0,0,0,0,0,0,0,0,0,0,0,0,0,0,0,0,0,0,3,0,0,0,0,0,0,0,0,0,0,0,0,3,0,0,0,0,0,0,0,0,0,0,0,0,0,0,0,0,0,0,0,0,0,0,0,0,0,0,0,0,0,0,0,0,0,3,3,0,0,3,0,0,0,0,0,3,0,0,0,12,0,0,0,0,0,0,0,0,0,0,0,0,0,0,0,0,0,0,0,0,0,0,0,0,0,0,0,0,0,0,0,0,0,3,0,0,0,0,3,0,0,0,0,0,0,0,0,6,0,0,0,0,0,0,0,0
LGA17900,0,0,3,3,3,0,3,3,0,0,0,0,0,0,0,15,0,0,0,0,0,0,0,0,0,0,0,0,0,0,0,0,0,3,0,0,0,3,0,0,0,0,0,0,0,0,0,6,0,0,0,0,0,0,0,5,0,0,0,3,0,0,0,8,0,0,9,20,3,0,3,0,0,0,0,0,0,0,0,35,0,0,0,0,0,0,0,0,0,0,0,0,0,0,0,0,0,0,0,0,0,0,0,0,0,0,0,0,0,0,0,0,0,0,0,3,0,0,0,0,0,0,0,0,0,0,0,3,0,3,13,13,5,5,3,6,0,0,0,0,0,0,0,48,0,0,0,5,0,0,0,0,0,0,0,0,0,0,0,5,0,0,0,0,0,0,0,0,0,0,0,0,0,0,0,0,0,0,0,0,0,0,5,0,0,0,0,5,0,0,0,10,0,0,0,5,0,0,0,0
LGA17950,0,0,0,0,0,0,0,0,0,0,0,0,0,0,0,0,0,0,0,0,0,0,0,0,0,0,0,0,0,0,0,0,3,0,0,0,0,0,0,0,0,0,0,0,0,0,0,3,0,0,0,0,0,3,3,0,0,0,0,0,0,0,0,6,0,0,0,0,0,0,0,0,0,0,0,0,0,0,0,0,0,0,3,0,0,0,0,0,0,0,0,0,0,0,0,3,0,0,0,0,0,0,0,0,0,0,0,0,0,0,0,0,0,0,0,0,0,0,0,0,0,0,0,0,0,0,0,0,0,0,0,0,3,0,0,0,0,0,0,0,0,0,0,3,0,0,0,0,0,0,0,0,0,0,0,0,0,0,0,0,0,0,0,0,0,0,0,0,0,0,0,0,0,0,0,0,0,0,0,0,0,0,0,0,0,0,0,0,0,0,0,0,0,0,0,0,0,0,0,0
LGA18000,0,0,0,4,7,13,123,14,8,0,3,3,0,0,4,179,0,0,0,0,8,4,13,0,3,3,0,0,0,0,0,31,0,3,11,41,81,87,138,74,14,31,20,11,34,12,19,576,3,23,43,36,50,478,531,308,64,66,116,85,80,35,75,1993,3,5,65,161,49,24,141,24,0,3,0,0,3,0,10,488,3,19,31,128,27,30,10,9,0,3,3,0,4,0,4,271,0,3,12,26,21,56,43,23,0,0,3,0,9,5,4,205,0,0,4,4,9,4,23,7,3,0,0,0,0,3,0,57,4,77,138,114,76,101,138,123,34,37,53,24,27,23,29,998,0,7,44,78,22,10,5,4,0,0,0,0,0,0,14,184,3,5,15,38,101,200,153,37,6,4,9,5,14,5,12,607,0,8,6,69,29,88,167,146,54,120,174,73,58,31,61,1084,0,14,25,18,38,62,77,55
LGA18020,0,0,0,0,0,0,0,0,0,0,0,0,0,0,0,0,0,0,0,0,0,0,0,3,0,0,0,0,0,0,0,3,0,0,0,0,0,0,0,3,0,0,0,0,0,0,0,3,0,0,0,0,0,0,3,3,0,0,0,0,0,0,4,10,0,0,0,0,4,0,0,0,0,0,0,0,0,0,0,4,0,0,0,0,0,0,0,0,0,0,0,0,0,0,0,0,0,0,0,0,3,0,3,0,0,0,0,0,0,0,0,6,0,0,0,0,0,0,0,0,0,0,0,0,0,0,0,0,0,7,8,11,0,4,0,8,0,0,0,0,0,0,0,38,0,0,3,3,3,0,0,0,0,0,0,0,0,0,0,9,3,0,0,0,0,0,0,0,0,0,0,0,0,0,3,6,0,0,0,0,0,0,0,0,0,0,0,0,0,0,4,4,0,0,0,3,0,3,0,3
LGA18050,0,0,0,3,4,3,11,0,0,0,0,0,0,0,0,21,0,0,0,0,5,3,0,0,0,0,0,0,0,0,0,8,0,0,3,16,27,30,55,58,14,13,22,20,24,17,24,323,3,30,38,19,24,121,106,65,24,14,14,28,11,8,29,534,0,0,13,28,15,10,6,0,0,0,3,3,0,0,3,81,0,4,67,33,12,16,3,0,0,3,5,0,0,0,3,146,0,0,4,5,15,30,10,3,6,0,3,0,4,0,4,84,0,0,0,7,6,8,0,0,0,0,0,0,0,0,0,21,32,36,45,55,35,61,64,101,28,41,37,28,32,10,16,621,7,20,92,94,18,3,7,0,0,0,3,3,0,0,6,253,3,0,4,13,30,56,39,12,3,8,5,6,10,7,7,203,0,11,8,81,35,26,28,7,7,8,13,5,10,6,21,266,0,3,12,5,19,44,33,10
LGA18100,0,0,0,0,0,0,0,0,0,0,0,0,0,0,0,0,0,0,0,0,0,0,0,0,0,0,0,0,0,0,0,0,0,0,0,4,0,0,0,0,4,0,0,0,0,0,0,8,0,0,0,0,0,0,0,0,0,0,0,0,0,0,0,0,0,0,0,0,0,0,0,0,0,0,0,0,0,0,0,0,0,0,3,0,0,0,0,0,0,0,0,0,0,0,0,3,0,0,0,0,0,0,0,0,0,0,0,0,0,0,0,0,0,0,0,0,0,0,0,0,0,0,0,0,0,0,0,0,0,5,4,0,0,0,0,0,0,0,0,0,0,0,3,12,0,0,0,0,4,0,0,0,0,0,0,0,0,0,0,4,0,0,0,0,0,0,0,0,0,0,0,0,0,0,0,0,0,0,0,0,0,0,0,4,0,0,0,0,0,0,0,4,0,0,0,0,0,0,0,0
LGA18150,0,0,0,0,0,0,0,0,0,0,0,0,0,0,0,0,0,0,0,0,0,0,0,0,0,0,0,0,0,0,0,0,0,0,0,0,0,0,0,0,0,0,0,0,0,0,0,0,0,0,0,0,0,7,0,0,0,0,0,0,0,0,4,11,0,0,0,0,0,0,0,0,0,0,0,0,0,0,0,0,0,0,0,0,0,0,3,0,0,0,0,0,0,0,0,3,0,0,0,0,3,0,0,0,0,0,0,0,0,0,7,10,0,0,0,0,0,0,0,0,0,0,0,0,0,0,0,0,0,3,10,3,0,4,0,0,0,0,0,0,0,0,3,23,0,0,3,0,0,0,0,0,0,0,0,0,0,0,3,6,0,0,0,0,0,0,0,0,0,0,0,0,0,0,0,0,0,0,0,0,0,0,0,4,0,0,0,0,0,0,0,4,0,0,0,0,0,0,0,0
LGA18200,0,0,0,0,0,0,0,0,0,0,0,0,0,0,0,0,0,0,0,0,0,0,0,0,0,0,0,0,0,0,0,0,0,0,0,0,0,0,0,0,0,0,0,0,0,0,0,0,0,0,0,0,0,0,0,0,0,0,0,0,0,0,0,0,0,0,0,4,0,0,0,0,0,0,0,0,0,0,0,4,0,0,0,0,0,0,0,0,0,0,0,0,0,0,0,0,0,0,0,0,0,0,0,0,0,0,0,0,0,0,3,3,0,0,0,0,0,0,0,0,0,0,0,0,0,0,0,0,0,6,4,0,0,0,0,0,0,0,0,0,0,0,0,10,0,0,0,0,0,0,0,0,0,0,0,0,0,0,0,0,0,0,0,0,0,0,0,0,0,0,0,0,0,0,0,0,0,0,0,3,0,0,0,0,3,0,3,3,0,0,0,12,0,0,0,0,0,0,0,0
LGA18250,0,0,0,4,3,0,7,0,0,0,0,3,0,0,0,17,0,0,0,0,0,12,0,0,0,0,0,0,0,0,0,12,0,0,0,16,39,28,44,27,9,4,10,16,10,10,6,219,3,20,55,65,121,740,1068,921,228,285,353,252,270,140,196,4717,0,0,55,148,38,7,23,6,0,0,0,0,0,0,11,288,3,8,15,90,16,17,6,4,6,0,0,3,6,0,3,177,3,0,6,10,15,34,16,0,4,6,3,0,0,0,4,101,0,0,8,26,20,6,4,3,0,0,0,0,0,0,5,72,16,27,35,32,24,31,34,32,12,4,13,6,8,12,5,291,3,13,55,82,14,3,0,0,0,0,0,0,0,3,9,182,3,4,31,63,196,738,749,167,36,31,29,62,40,18,51,2218,0,7,15,49,48,74,191,160,68,65,132,100,180,104,46,1239,0,3,9,3,43,91,219,117
LGA18350,0,3,0,0,0,0,0,0,0,0,0,0,0,0,0,3,0,0,0,0,0,3,3,3,0,0,0,0,0,0,0,9,0,3,11,20,17,18,14,4,0,3,3,0,3,0,0,96,4,3,4,3,6,17,11,14,0,3,0,6,3,5,6,85,0,0,3,23,4,0,3,3,0,0,3,0,0,0,3,42,0,4,7,8,6,0,0,0,0,0,4,0,0,0,4,33,4,0,3,8,5,8,7,3,3,0,3,0,0,0,0,44,0,0,0,11,10,0,0,5,0,0,3,0,0,0,0,29,0,49,98,41,24,31,15,3,3,0,0,5,0,0,15,284,0,4,15,23,7,0,4,0,3,0,0,0,3,0,3,62,0,0,3,14,4,8,4,0,0,0,0,0,3,5,0,41,0,4,3,13,9,7,14,16,7,13,3,13,3,3,7,115,0,3,6,3,3,3,7,3
LGA18400,0,0,0,4,0,0,0,0,0,0,0,0,0,0,0,4,0,0,0,0,3,3,3,0,3,3,0,0,0,0,0,15,6,0,0,4,5,7,8,4,0,0,0,0,4,3,0,41,0,3,7,6,4,6,18,8,4,0,0,5,4,0,3,68,0,0,12,49,23,4,3,0,0,0,0,0,0,0,3,94,0,6,7,5,0,5,0,0,0,0,0,0,0,0,0,23,0,0,6,0,7,12,0,0,0,0,4,0,0,0,3,32,0,0,0,0,6,3,0,0,3,0,0,0,0,0,0,12,0,37,77,28,15,15,5,8,0,0,0,0,0,0,8,193,0,0,18,34,11,0,3,0,0,0,0,0,0,0,0,66,0,0,3,3,3,4,4,0,0,0,3,0,0,0,0,20,0,6,0,10,0,5,0,11,4,0,0,0,4,0,0,40,0,3,5,3,4,3,0,0
LGA18450,0,3,3,45,26,3,228,25,0,3,0,0,0,0,10,346,0,0,0,0,5,9,5,9,0,0,5,0,0,3,0,36,0,3,6,24,47,36,64,38,10,16,31,28,14,29,11,357,3,3,22,10,29,86,187,272,86,159,312,562,531,176,123,2561,3,8,161,327,75,32,236,124,3,0,0,3,3,0,13,988,0,12,30,23,14,7,12,6,0,0,3,7,0,6,3,123,0,0,6,18,29,47,37,18,7,0,14,3,3,0,4,186,0,3,96,1249,1118,251,181,55,13,14,11,9,7,4,130,3141,6,197,596,149,62,59,66,16,8,3,10,0,7,7,44,1230,0,13,308,371,86,21,10,7,0,0,0,0,4,0,29,849,0,0,4,6,30,33,36,24,14,6,7,13,17,7,10,207,3,13,15,54,77,49,76,105,38,80,99,116,51,33,33,842,0,0,10,4,19,19,46,50
LGA18500,0,0,0,0,0,7,11,0,0,0,0,0,0,0,0,18,0,0,0,0,3,3,0,0,0,0,0,0,0,0,0,6,0,3,8,14,33,30,20,25,3,4,9,7,22,10,3,191,5,23,42,12,25,105,83,41,12,18,20,38,23,10,14,471,0,4,14,17,7,4,4,0,0,0,0,0,0,3,0,53,3,21,40,33,11,3,3,3,0,0,0,0,0,0,3,120,0,0,4,5,7,14,5,8,0,0,0,3,4,3,4,57,0,0,0,3,3,3,0,0,0,0,0,0,0,0,0,9,50,61,47,36,19,34,40,37,14,7,9,16,18,3,16,407,6,15,67,47,12,3,5,0,3,0,0,0,0,0,6,164,3,9,0,23,56,91,95,34,9,17,12,19,15,14,22,419,0,16,15,32,41,29,33,20,3,6,12,8,12,5,12,244,0,5,4,11,19,23,22,13
LGA18550,0,0,3,5,3,7,3,3,0,0,3,0,0,0,3,30,0,0,0,0,4,0,10,4,0,0,0,0,0,0,3,21,0,0,7,27,34,15,40,14,8,10,3,3,4,4,10,179,3,11,14,19,20,57,72,34,4,16,15,8,17,5,18,313,4,4,24,61,20,0,3,0,0,0,0,0,0,0,7,123,0,15,42,43,15,9,16,3,0,9,3,0,0,0,8,163,0,0,7,3,26,33,25,11,0,0,0,3,4,3,3,118,0,0,0,11,3,0,3,0,0,0,0,0,0,0,3,20,0,86,149,89,48,32,31,13,14,0,4,0,0,0,24,490,6,7,37,62,23,0,3,0,0,0,0,0,0,0,3,141,0,3,5,7,19,18,15,4,0,3,0,4,0,0,5,83,0,8,11,29,39,22,40,46,13,25,35,18,18,12,4,320,0,9,17,9,13,26,23,13
LGA18710,0,0,0,0,0,0,3,0,0,0,0,0,0,0,0,3,0,0,0,0,0,4,0,0,0,0,0,0,0,0,0,4,0,0,0,3,12,3,3,4,3,0,3,3,3,0,0,37,0,0,3,3,3,4,7,3,0,3,0,0,0,0,0,26,0,0,3,13,3,3,4,0,0,0,0,0,0,0,0,26,0,3,0,0,3,0,0,0,0,0,0,0,0,0,0,6,0,0,0,0,3,3,3,0,0,0,0,0,0,0,0,9,0,0,0,0,0,0,0,0,0,0,0,0,0,0,0,0,0,5,23,12,5,4,7,8,3,0,3,0,0,0,3,73,0,0,0,8,0,0,0,0,0,0,0,0,0,0,3,11,0,0,4,0,0,0,0,0,0,0,0,0,0,0,0,4,0,5,0,0,3,0,5,0,0,0,0,0,0,3,3,19,0,0,4,0,0,0,0,0
LGA18750,0,0,0,0,0,0,4,0,0,0,0,0,0,0,3,7,0,0,0,0,0,3,3,0,0,0,0,0,0,0,0,6,0,0,0,0,0,3,3,0,0,0,0,0,0,0,0,6,0,0,3,0,0,0,0,7,0,0,0,0,3,0,0,13,0,0,0,5,0,0,0,6,0,0,0,0,0,0,0,11,0,0,0,0,0,0,0,0,0,0,0,0,0,0,0,0,0,0,0,0,0,0,3,4,0,0,0,3,0,0,0,10,0,0,0,0,0,0,0,0,0,0,0,0,0,0,0,0,0,3,10,5,0,0,0,0,0,0,0,0,0,0,3,21,0,0,0,3,0,0,0,0,0,0,0,0,0,0,0,3,0,0,0,0,0,0,0,0,0,0,0,0,0,0,0,0,0,0,0,0,0,0,8,0,0,0,0,0,0,0,0,8,0,0,0,0,0,0,0,0
LGA19399,0,0,0,3,0,0,0,0,0,0,0,0,0,0,0,3,0,0,0,0,0,0,0,0,0,0,0,0,0,0,0,0,0,0,0,0,0,0,3,0,0,0,0,0,0,0,0,3,0,0,0,0,0,0,0,0,0,0,0,0,0,0,0,0,0,0,0,0,0,3,0,0,0,0,0,0,0,0,0,3,0,0,0,0,0,0,0,0,0,0,0,0,0,0,0,0,0,0,0,0,0,3,0,0,0,3,0,0,0,0,0,6,0,0,0,0,0,0,0,0,0,0,0,0,0,0,0,0,0,3,0,0,0,0,0,0,0,0,0,0,0,0,3,6,0,0,0,0,0,0,0,0,0,0,0,0,0,0,0,0,0,0,0,0,0,0,0,0,0,0,0,0,0,0,0,0,0,0,0,0,0,0,0,0,0,0,0,0,0,0,0,0,0,0,0,0,0,0,0,0
LGA19499,0,0,0,3,0,0,5,3,0,0,0,0,0,0,0,11,0,0,0,0,0,0,0,0,0,4,0,0,0,0,0,4,0,0,0,4,5,5,4,3,0,3,0,0,4,6,6,40,0,0,0,0,4,13,23,24,7,13,23,34,21,22,21,205,0,0,3,4,4,4,3,0,0,0,0,0,0,0,3,21,0,0,0,3,0,0,0,0,3,0,0,4,0,0,3,13,0,0,0,0,0,10,10,7,0,0,5,0,0,5,4,41,0,0,0,3,3,0,0,0,0,0,0,3,0,3,0,12,0,6,9,4,7,7,3,7,3,3,0,0,3,9,12,73,0,0,0,6,0,0,0,0,0,0,3,0,0,0,7,16,0,0,0,0,0,6,4,3,0,4,0,0,3,5,4,29,0,3,3,3,3,4,3,12,4,3,8,0,11,22,5,84,0,3,3,0,4,0,3,3
