region_id,Count_home_Census_Nt_0_14_yr,Count_hom_Census_Nt_15_24_yr,Count_hom_Census_Nt_25_34_yr,Count_hom_Census_Nt_35_44_yr,Count_hom_Census_Nt_45_54_yr,Count_hom_Census_Nt_55_64_yr,Count_hom_Census_Nt_65_74_yr,Count_hom_Census_Nt_75_84_yr,Count_hom_Census_Nt_85ov,Counted_home_Census_Night_Tot,VisSame_SA2_0_14_yr,VisSame_SA2_15_24_yr,VisSame_SA2_25_34_yr,VisSame_SA2_35_44_yr,VisSame_SA2_45_54_yr,VisSame_SA2_55_64_yr,VisSame_SA2_65_74_yr,VisSame_SA2_75_84_yr,VisSame_SA2_85ov,VisSame_SA2_Total,VisDiff_SA2_NSW_0_14_yr,VisDiff_SA2_NSW_15_24_yr,VisDiff_SA2_NSW_25_34_yr,VisDiff_SA2_NSW_35_44_yr,VisDiff_SA2_NSW_45_54_yr,VisDiff_SA2_NSW_55_64_yr,VisDiff_SA2_NSW_65_74_yr,VisDiff_SA2_NSW_75_84_yr,VisDiff_SA2_NSW_85ov,VisDiff_SA2_NSW_Total,VisDiff_SA2_VIC_0_14_yr,VisDiff_SA2_VIC_15_24_yr,VisDiff_SA2_VIC_25_34_yr,VisDiff_SA2_VIC_35_44_yr,VisDiff_SA2_VIC_45_54_yr,VisDiff_SA2_VIC_55_64_yr,VisDiff_SA2_VIC_65_74_yr,VisDiff_SA2_VIC_75_84_yr,VisDiff_SA2_VIC_85ov,VisDiff_SA2_VIC_Total,VisDiff_SA2_QLD_0_14_yr,VisDiff_SA2_QLD_15_24_yr,VisDiff_SA2_QLD_25_34_yr,VisDiff_SA2_QLD_35_44_yr,VisDiff_SA2_QLD_45_54_yr,VisDiff_SA2_QLD_55_64_yr,VisDiff_SA2_QLD_65_74_yr,VisDiff_SA2_QLD_75_84_yr,VisDiff_SA2_QLD_85ov,VisDiff_SA2_QLD_Total,VisDiff_SA2_SA_0_14_yr,VisDiff_SA2_SA_15_24_yr,VisDiff_SA2_SA_25_34_yr,VisDiff_SA2_SA_35_44_yr,VisDiff_SA2_SA_45_54_yr,VisDiff_SA2_SA_55_64_yr,VisDiff_SA2_SA_65_74_yr,VisDiff_SA2_SA_75_84_yr,VisDiff_SA2_SA_85ov,VisDiff_SA2_SA_Total,VisDiff_SA2_WA_0_14_yr,VisDiff_SA2_WA_15_24_yr,VisDiff_SA2_WA_25_34_yr,VisDiff_SA2_WA_35_44_yr,VisDiff_SA2_WA_45_54_yr,VisDiff_SA2_WA_55_64_yr,VisDiff_SA2_WA_65_74_yr,VisDiff_SA2_WA_75_84_yr,VisDiff_SA2_WA_85ov,VisDiff_SA2_WA_Total,VisDiff_SA2_TAS_0_14_yr,VisDiff_SA2_TAS_15_24_yr,VisDiff_SA2_TAS_25_34_yr,VisDiff_SA2_TAS_35_44_yr,VisDiff_SA2_TAS_45_54_yr,VisDiff_SA2_TAS_55_64_yr,VisDiff_SA2_TAS_65_74_yr,VisDiff_SA2_TAS_75_84_yr,VisDiff_SA2_TAS_85ov,VisDiff_SA2_TAS_Total,VisDiff_SA2_NT_0_14_yr,VisDiff_SA2_NT_15_24_yr,VisDiff_SA2_NT_25_34_yr,VisDiff_SA2_NT_35_44_yr,VisDiff_SA2_NT_45_54_yr,VisDiff_SA2_NT_55_64_yr,VisDiff_SA2_NT_65_74_yr,VisDiff_SA2_NT_75_84_yr,VisDiff_SA2_NT_85ov,VisDiff_SA2_NT_Total,VisDiff_SA2_ACT_0_14_yr,VisDiff_SA2_ACT_15_24_yr,VisDiff_SA2_ACT_25_34_yr,VisDiff_SA2_ACT_35_44_yr,VisDiff_SA2_ACT_45_54_yr,VisDiff_SA2_ACT_55_64_yr,VisDiff_SA2_ACT_65_74_yr,VisDiff_SA2_ACT_75_84_yr,VisDiff_SA2_ACT_85ov,VisDiff_SA2_ACT_Total,VisDiff_SA2_OT_0_14_yr,VisDiff_SA2_OT_15_24_yr,VisDiff_SA2_OT_25_34_yr,VisDiff_SA2_OT_35_44_yr,VisDiff_SA2_OT_45_54_yr,VisDiff_SA2_OT_55_64_yr,VisDiff_SA2_OT_65_74_yr,VisDiff_SA2_OT_75_84_yr,VisDiff_SA2_OT_85ov,VisDiff_SA2_OT_Total,VisDiff_SA2_Tot_0_14_yr,VisDiff_SA2_Tot_15_24_yr,VisDiff_SA2_Tot_25_34_yr,VisDiff_SA2_Tot_35_44_yr,VisDiff_SA2_Tot_45_54_yr,VisDiff_SA2_Tot_55_64_yr,VisDiff_SA2_Tot_65_74_yr,VisDiff_SA2_Tot_75_84_yr,VisDiff_SA2_Tot_85ov,VisDiff_SA2_Tot_Total,Vis_Tot_Visitrs_0_14_yr,Vis_Tot_Visitrs_15_24_yr,Vis_Tot_Visitrs_25_34_yr,Vis_Tot_Visitrs_35_44_yr,Vis_Tot_Visitrs_45_54_yr,Vis_Tot_Visitrs_55_64_yr,Vis_Tot_Visitrs_65_74_yr,Vis_Tot_Visitrs_75_84_yr,Vis_Tot_Visitrs_85ov,Vis_Tot_Visitrs_Total,Total_0_14_yr,Total_15_24_yr,Total_25_34_yr,Total_35_44_yr,Total_45_54_yr,Total_55_64_yr,Total_65_74_yr,Total_75_84_yr,Total_85ov,Total_Total
LGA10050,9062,6461,5625,5900,6109,5263,3353,2292,986,45051,15,28,16,8,9,8,3,0,7,94,149,358,225,159,159,159,79,62,55,1405,39,231,122,100,130,107,58,41,15,843,4,12,18,14,14,14,9,3,0,88,3,3,3,3,7,6,0,3,0,28,3,3,7,6,7,6,3,0,0,35,4,0,0,4,5,11,6,4,0,34,4,9,5,0,0,0,0,0,0,18,3,15,4,6,9,5,3,0,0,45,0,0,0,0,0,0,0,0,0,0,209,631,384,292,331,308,158,113,70,2496,224,659,400,300,340,316,161,113,77,2590,9286,7120,6025,6200,6449,5579,3514,2405,1063,47641
LGA10110,4461,4411,2427,2557,3039,2465,1664,1038,449,22511,8,33,5,3,5,5,4,0,0,63,129,809,160,131,161,113,74,42,13,1632,3,11,4,6,8,10,12,6,0,60,3,54,10,12,10,36,9,0,0,134,0,4,0,0,6,7,15,0,0,32,4,3,4,0,0,4,0,0,0,15,0,8,0,0,0,0,0,0,0,8,3,0,0,0,0,0,0,0,0,3,3,7,0,3,5,0,4,0,3,25,0,0,0,0,0,0,0,0,0,0,145,896,178,152,190,170,114,48,16,1909,153,929,183,155,195,175,118,48,16,1972,4614,5340,2610,2712,3234,2640,1782,1086,465,24483
LGA10150,6091,4943,7600,6170,5446,4004,2460,2109,1174,39997,12,14,13,8,10,10,3,3,4,77,89,141,188,127,127,97,77,41,11,898,3,3,4,12,4,0,7,4,0,37,0,5,4,0,0,8,4,6,3,30,5,0,14,0,0,0,0,0,0,19,0,3,3,4,3,3,0,0,0,16,0,0,0,0,0,0,7,0,0,7,0,0,0,0,0,0,0,0,0,0,5,0,7,0,0,0,8,0,0,20,0,0,0,0,0,0,0,0,0,0,102,152,220,143,134,108,103,51,14,1027,114,166,233,151,144,118,106,54,18,1104,6205,5109,7833,6321,5590,4122,2566,2163,1192,41101
LGA10200,14313,11201,14701,10243,9129,6386,3340,1945,814,72072,34,34,39,32,10,18,6,5,4,182,146,232,311,199,204,139,81,51,31,1394,0,15,31,30,38,25,4,3,0,146,5,9,25,33,22,25,3,3,0,125,0,3,15,13,9,3,3,0,0,46,0,6,13,10,22,13,3,0,0,67,0,0,4,5,7,0,0,0,0,16,0,3,0,0,0,5,0,0,0,8,4,18,7,3,9,3,3,0,0,47,0,0,0,0,0,0,0,0,0,0,155,286,406,293,311,213,97,57,31,1849,189,320,445,325,321,231,103,62,35,2031,14502,11521,15146,10568,9450,6617,3443,2007,849,74103
LGA10250,6869,3710,3056,4683,5484,5410,3817,2792,1333,37154,14,10,3,5,3,10,3,7,3,58,188,155,157,164,170,217,227,114,56,1448,11,16,11,19,22,68,96,62,6,311,31,37,68,50,50,67,33,20,3,359,6,0,0,0,5,3,17,6,3,40,4,3,4,5,3,0,3,0,0,22,3,0,0,0,0,7,13,3,0,26,0,0,0,0,0,0,0,0,0,0,0,4,4,4,0,11,4,4,0,31,0,0,0,0,0,0,0,0,0,0,243,215,244,242,250,373,393,209,68,2237,257,225,247,247,253,383,396,216,71,2295,7126,3935,3303,4930,5737,5793,4213,3008,1404,39449
LGA10300,445,226,202,285,344,302,180,112,35,2131,8,0,7,4,0,3,0,0,0,22,3,12,8,4,17,20,21,0,0,85,3,13,12,15,15,25,16,6,0,105,3,0,3,0,0,3,3,0,0,12,0,0,0,3,3,3,12,4,0,25,0,0,0,0,0,0,0,0,0,0,3,0,0,0,0,3,3,0,0,9,0,0,0,0,4,0,0,0,0,4,0,0,0,0,0,3,0,0,0,3,0,0,0,0,0,0,0,0,0,0,12,25,23,22,39,57,55,10,0,243,20,25,30,26,39,60,55,10,0,265,465,251,232,311,383,362,235,122,35,2396
LGA10350,39051,24846,23893,23827,23728,18620,11748,8695,3768,178176,49,37,41,39,30,20,19,16,11,262,426,542,665,467,380,313,214,160,100,3267,11,11,7,19,39,16,6,3,4,116,8,23,14,21,15,38,19,3,0,141,0,0,0,4,7,7,0,0,0,18,3,4,7,3,7,3,3,0,0,30,0,3,0,3,3,3,3,3,0,18,0,0,0,0,3,0,0,3,0,6,3,5,10,3,5,3,0,3,0,32,0,0,0,0,0,0,0,0,0,0,451,588,703,520,459,383,245,175,104,3628,500,625,744,559,489,403,264,191,115,3890,39551,25471,24637,24386,24217,19023,12012,8886,3883,182066
LGA10470,7821,5793,4242,4721,4810,4154,2735,1670,628,36574,9,18,12,0,6,8,8,0,0,61,176,827,216,142,181,173,86,68,23,1892,3,5,7,3,4,8,4,0,0,34,7,8,11,8,16,9,3,0,0,62,0,3,4,0,0,3,5,0,0,15,0,3,3,3,4,3,3,0,0,19,0,0,0,0,0,0,0,0,0,0,0,0,0,0,0,0,0,0,0,0,6,7,7,3,0,0,0,0,0,23,0,0,0,0,0,0,0,0,0,0,192,853,248,159,205,196,101,68,23,2045,201,871,260,159,211,204,109,68,23,2106,8022,6664,4502,4880,5021,4358,2844,1738,651,38680
LGA10550,5353,2871,2116,3301,4661,4977,3496,1978,763,29516,12,13,17,8,19,15,12,7,8,111,123,159,132,130,195,198,128,61,21,1147,39,20,41,44,83,185,270,243,33,958,0,3,11,6,12,21,14,0,0,67,3,0,0,5,3,7,4,0,0,22,5,0,3,5,4,5,4,0,0,26,0,0,0,4,5,10,8,3,0,30,0,0,0,0,0,0,0,0,0,0,8,22,13,10,24,41,23,5,0,146,0,0,0,0,0,0,0,0,0,0,178,204,200,204,326,467,451,312,54,2396,190,217,217,212,345,482,463,319,62,2507,5543,3088,2333,3513,5006,5459,3959,2297,825,32023
LGA10600,2308,1116,779,1391,1910,1847,1270,759,300,11680,5,3,4,0,4,3,3,3,3,28,49,75,37,39,80,121,90,38,18,547,3,0,3,3,4,22,20,3,0,58,5,3,8,3,13,12,12,3,0,59,3,3,0,3,3,3,6,3,0,24,3,0,3,0,0,3,0,0,0,9,0,0,0,0,0,3,3,0,0,6,0,0,0,0,0,3,0,0,0,3,3,0,0,3,0,0,3,3,0,12,0,0,0,0,0,0,0,0,0,0,66,81,51,51,100,167,134,50,18,718,71,84,55,51,104,170,137,53,21,746,2379,1200,834,1442,2014,2017,1407,812,321,12426
LGA10650,1341,700,607,798,973,1164,981,592,247,7403,6,3,7,3,0,0,0,4,3,26,16,37,19,19,21,28,6,7,5,158,5,15,13,15,26,43,33,20,3,173,3,3,3,0,8,3,6,0,3,29,0,0,0,0,0,3,4,0,0,7,5,0,0,4,0,0,0,0,0,9,0,0,0,0,0,3,0,0,0,3,0,0,0,0,0,0,0,0,0,0,0,3,0,0,0,0,0,0,0,3,0,0,0,0,0,0,0,0,0,0,29,58,35,38,55,80,49,27,11,382,35,61,42,41,55,80,49,31,14,408,1376,761,649,839,1028,1244,1030,623,261,7811
LGA10750,70379,41005,45152,44090,37936,28901,15545,7978,2645,293631,99,57,83,58,52,47,26,14,5,441,809,1072,1037,656,530,438,351,237,123,5253,3,8,26,19,20,31,10,6,0,123,20,31,36,27,42,46,19,13,0,234,4,0,9,9,9,6,5,3,0,45,6,6,18,3,3,11,10,4,0,61,7,3,0,7,4,10,4,3,5,43,3,3,3,0,5,0,0,3,0,17,6,7,10,8,9,5,0,3,0,48,0,0,0,0,0,0,0,0,0,0,858,1130,1139,729,622,547,399,272,128,5824,957,1187,1222,787,674,594,425,286,133,6265,71336,42192,46374,44877,38610,29495,15970,8264,2778,299896
LGA10800,1241,519,536,664,782,700,503,380,135,5460,6,3,0,3,3,0,0,0,3,18,30,46,34,44,22,42,20,16,9,263,0,3,5,3,11,16,19,0,3,60,0,4,10,7,7,3,9,0,0,40,0,0,5,0,3,6,4,3,0,21,0,0,0,3,0,3,0,3,0,9,0,0,0,0,0,3,4,0,0,7,0,0,0,0,0,0,0,0,0,0,0,7,0,0,3,3,0,0,0,13,0,0,0,0,0,0,0,0,0,0,30,60,54,57,46,76,56,22,12,413,36,63,54,60,49,76,56,22,15,431,1277,582,590,724,831,776,559,402,150,5891
LGA10850,1514,727,583,882,947,847,616,392,90,6598,8,0,0,6,0,0,0,0,3,17,21,24,29,30,31,29,19,3,4,190,0,0,3,6,0,3,0,0,0,12,3,3,7,4,3,0,0,3,0,23,0,0,0,5,0,0,3,0,0,8,0,0,3,0,0,0,3,0,0,6,0,0,6,0,3,3,0,0,0,12,0,0,0,0,0,0,0,0,0,0,0,0,0,0,0,0,0,0,0,0,0,0,0,0,0,0,0,0,0,0,24,27,48,45,37,35,25,6,4,251,32,27,48,51,37,35,25,6,7,268,1546,754,631,933,984,882,641,398,97,6866
LGA10900,14504,8108,6605,9964,11121,10782,6384,3407,1484,72359,6,12,4,9,13,21,3,6,5,79,404,376,275,252,227,305,228,94,51,2212,0,8,15,9,17,19,12,3,0,83,8,10,16,16,20,18,21,3,0,112,0,0,0,5,4,6,6,0,0,21,7,4,9,5,9,14,3,0,0,51,3,0,5,0,3,3,3,0,0,17,0,0,4,0,0,0,0,0,0,4,0,4,3,7,3,7,3,3,0,30,0,0,0,0,0,0,0,0,0,0,422,402,327,294,283,372,276,103,51,2530,428,414,331,303,296,393,279,109,56,2609,14932,8522,6936,10267,11417,11175,6663,3516,1540,74968
LGA10950,651,272,264,386,352,259,297,152,47,2680,3,0,0,3,0,3,0,0,0,9,18,45,32,39,35,37,23,4,0,233,0,0,3,0,3,5,6,0,0,17,0,0,12,7,9,0,4,0,0,32,0,0,3,0,5,0,3,3,0,14,0,0,0,0,0,0,0,0,0,0,0,0,0,0,0,4,3,0,0,7,0,0,0,0,0,0,0,0,0,0,3,4,0,0,0,3,0,0,0,10,0,0,0,0,0,0,0,0,0,0,21,49,50,46,52,49,39,7,0,313,24,49,50,49,52,52,39,7,0,322,675,321,314,435,404,311,336,159,47,3002
LGA11000,435,199,197,261,355,368,225,137,84,2261,6,0,4,0,0,0,3,0,0,13,5,7,10,9,7,12,9,3,4,66,0,3,0,0,3,4,0,0,0,10,0,0,0,0,0,0,3,0,0,3,0,0,0,0,0,0,0,0,0,0,0,0,0,0,0,0,0,0,0,0,0,0,0,0,0,0,0,0,0,0,0,0,0,0,0,0,0,0,0,0,0,3,4,0,3,0,0,3,0,13,0,0,0,0,0,0,0,0,0,0,5,13,14,9,13,16,12,6,4,92,11,13,18,9,13,16,15,6,4,105,446,212,215,270,368,384,240,143,88,2366
LGA11050,457,218,161,259,336,338,279,148,44,2240,0,3,0,0,3,0,3,3,0,12,7,9,3,8,5,11,12,0,0,55,0,0,0,0,0,0,0,0,0,0,0,0,0,3,0,0,0,0,0,3,0,0,0,0,0,0,0,0,0,0,0,0,0,0,0,0,0,0,0,0,0,0,0,0,0,0,0,0,0,0,0,0,0,0,0,0,0,0,0,0,0,3,3,0,3,0,3,0,0,12,0,0,0,0,0,0,0,0,0,0,7,12,6,11,8,11,15,0,0,70,7,15,6,11,11,11,18,3,0,82,464,233,167,270,347,349,297,151,44,2322
LGA11100,6955,4638,6118,6028,4958,4015,2990,1863,649,38214,8,7,8,9,4,7,5,3,0,51,79,117,173,138,123,144,80,39,18,911,3,14,20,33,41,24,24,3,0,162,3,11,28,29,34,30,11,5,0,151,0,3,3,14,18,4,0,0,0,42,0,3,14,6,18,14,4,0,0,59,0,6,0,7,8,3,0,0,0,24,4,0,5,8,0,0,0,0,0,17,0,6,12,16,13,7,0,0,0,54,0,0,0,0,0,0,0,0,0,0,89,160,255,251,255,226,119,47,18,1420,97,167,263,260,259,233,124,50,18,1471,7052,4805,6381,6288,5217,4248,3114,1913,667,39685
LGA11150,631,284,334,376,347,278,181,123,14,2568,3,4,3,3,3,0,3,0,0,19,25,64,24,35,51,57,35,5,3,299,0,0,3,8,5,32,31,13,0,92,3,3,3,7,12,19,45,20,3,115,0,0,3,3,0,10,14,3,0,33,0,3,0,0,0,3,8,0,0,14,0,0,0,0,0,4,3,0,0,7,0,0,0,0,0,0,0,0,0,0,0,0,0,0,0,3,0,0,0,3,0,0,0,0,0,0,0,0,0,0,28,70,33,53,68,128,136,41,6,563,31,74,36,56,71,128,139,41,6,582,662,358,370,432,418,406,320,164,20,3150
LGA11200,432,231,173,207,251,170,81,58,19,1622,5,5,4,4,0,0,0,0,0,18,20,29,21,17,16,11,7,3,0,124,0,3,0,0,0,3,4,3,0,13,3,3,5,0,3,7,0,0,0,21,0,0,0,0,0,0,3,0,0,3,0,0,0,0,0,0,0,0,0,0,0,0,0,0,0,0,0,0,0,0,0,0,0,0,0,0,0,0,0,0,0,0,0,0,0,0,0,0,0,0,0,0,0,0,0,0,0,0,0,0,23,35,26,17,19,21,14,6,0,161,28,40,30,21,19,21,14,6,0,179,460,271,203,228,270,191,95,64,19,1801
LGA11250,3191,1966,1711,1970,2567,2391,1648,1323,476,17243,11,13,10,5,6,3,0,3,0,51,97,144,130,86,112,109,109,48,15,850,4,5,9,12,34,57,57,13,0,191,6,7,19,3,18,17,17,0,0,87,11,25,30,36,41,70,52,13,0,278,0,0,3,4,7,9,4,3,0,30,0,0,0,0,0,3,8,3,0,14,0,0,0,0,0,0,0,0,0,0,0,3,0,0,0,5,4,0,0,12,0,0,0,0,0,0,0,0,0,0,118,184,191,141,212,270,251,80,15,1462,129,197,201,146,218,273,251,83,15,1513,3320,2163,1912,2116,2785,2664,1899,1406,491,18756
LGA11300,4692,5081,5947,4030,4110,3163,2090,1684,777,31574,9,11,15,14,11,0,3,3,0,66,50,105,156,81,102,81,58,45,18,696,0,9,3,8,3,3,3,0,0,29,3,3,3,5,4,3,3,3,0,27,0,0,0,0,4,4,0,0,0,8,0,0,0,0,4,0,0,0,0,4,3,3,0,0,3,0,0,0,0,9,0,0,0,0,0,0,3,0,0,3,0,0,0,0,0,0,0,0,0,0,0,0,0,0,0,0,0,0,0,0,56,120,162,94,120,91,67,48,18,776,65,131,177,108,131,91,70,51,18,842,4757,5212,6124,4138,4241,3254,2160,1735,795,32416
LGA11350,5222,2680,2623,4136,4832,4245,1903,1136,532,27309,4,8,6,4,6,9,3,3,5,48,102,165,227,212,218,259,167,44,24,1418,47,25,72,85,63,145,129,32,7,605,32,41,66,45,63,80,47,13,0,387,6,3,3,11,6,11,20,13,0,73,3,3,11,5,8,15,9,0,0,54,6,0,4,4,3,14,9,6,0,46,3,0,0,3,3,0,0,0,0,9,0,6,5,5,7,17,3,0,0,43,0,0,0,0,0,0,0,0,0,0,199,243,388,370,371,541,384,108,31,2635,203,251,394,374,377,550,387,111,36,2683,5425,2931,3017,4510,5209,4795,2290,1247,568,29992
LGA11400,2722,1201,1046,1516,1835,1658,1184,690,227,12079,16,3,3,9,6,0,5,8,0,50,42,59,55,45,40,46,35,14,10,346,4,0,0,4,3,4,0,0,0,15,3,4,4,0,5,4,0,0,0,20,0,6,0,0,0,5,0,0,0,11,0,0,0,0,0,0,0,0,0,0,0,0,0,0,0,0,0,0,0,0,0,0,0,0,0,0,0,0,0,0,0,0,0,0,0,0,0,0,0,0,0,0,0,0,0,0,0,0,0,0,49,69,59,49,48,59,35,14,10,392,65,72,62,58,54,59,40,22,10,442,2787,1273,1108,1574,1889,1717,1224,712,237,12521
LGA11450,13553,7399,7190,8920,7261,5393,2947,1590,728,54981,8,9,10,9,10,0,8,3,5,62,156,240,189,106,84,102,85,52,21,1035,0,3,0,3,3,6,5,0,0,20,3,3,3,4,13,14,11,3,0,54,0,0,0,3,3,0,0,0,0,6,3,0,3,0,0,4,3,0,0,13,0,0,0,0,0,0,0,0,0,0,0,0,3,0,0,0,0,0,0,3,0,3,3,0,0,3,0,0,3,12,0,0,0,0,0,0,0,0,0,0,162,249,201,116,103,129,104,55,24,1143,170,258,211,125,113,129,112,58,29,1205,13723,7657,7401,9045,7374,5522,3059,1648,757,56186
LGA11500,31455,21662,19871,18608,19901,17049,8126,3745,1310,141727,29,33,38,25,18,17,11,5,6,182,584,873,669,422,334,320,158,97,54,3511,8,11,20,16,11,18,5,0,0,89,13,22,32,34,27,19,11,3,3,164,0,3,3,7,5,4,6,0,3,31,4,9,3,3,9,6,3,0,0,37,0,0,0,3,6,3,0,0,0,12,0,3,0,3,0,0,3,0,0,9,0,13,5,5,5,4,3,5,0,40,0,0,0,0,0,0,0,0,0,0,609,934,732,493,397,374,189,105,60,3893,638,967,770,518,415,391,200,110,66,4075,32093,22629,20641,19126,20316,17440,8326,3855,1376,145802
LGA11520,12487,8532,12789,11880,9760,7809,5101,3546,1429,73333,16,13,12,11,10,3,3,0,3,71,164,210,309,238,171,227,189,201,126,1835,0,3,12,7,9,5,6,0,0,42,3,9,8,3,15,19,13,3,0,73,0,3,4,0,6,4,0,3,0,20,3,5,3,4,3,3,4,0,0,25,0,4,3,0,3,0,0,0,0,10,0,0,0,3,0,0,3,0,0,6,0,4,8,3,4,3,3,3,0,28,0,0,0,0,0,0,0,0,0,0,170,238,347,258,211,261,218,210,126,2039,186,251,359,269,221,264,221,210,129,2110,12673,8783,13148,12149,9981,8073,5322,3756,1558,75443
LGA11550,27143,16864,21350,19821,17832,13461,9410,6495,2118,134494,25,32,47,23,20,11,6,15,4,183,293,303,459,330,247,188,144,126,78,2168,3,0,6,0,7,4,10,4,0,34,5,7,6,6,10,14,14,4,0,66,0,0,4,3,0,0,0,0,0,7,0,3,5,7,0,4,5,0,0,24,0,0,0,0,4,0,0,0,0,4,0,0,4,0,0,6,0,0,0,10,4,8,3,3,3,8,4,0,0,33,0,0,0,0,0,0,0,0,0,0,305,321,487,349,271,224,177,134,78,2346,330,353,534,372,291,235,183,149,82,2529,27473,17217,21884,20193,18123,13696,9593,6644,2200,137023
LGA11600,529,228,265,336,374,293,211,119,33,2388,0,6,3,0,6,0,0,0,0,15,9,13,22,15,23,6,9,6,0,103,0,3,0,0,4,8,8,0,0,23,0,0,7,5,6,7,0,0,0,25,0,0,0,0,5,4,0,0,0,9,0,0,0,0,0,0,0,0,0,0,0,0,0,0,0,0,0,0,0,0,0,0,0,0,0,0,0,0,0,0,0,0,0,0,0,0,0,3,0,3,0,0,0,0,0,0,0,0,0,0,9,16,29,20,38,25,17,9,0,163,9,22,32,20,44,25,17,9,0,178,538,250,297,356,418,318,228,128,33,2566
LGA11700,392,216,226,238,261,262,174,53,11,1833,3,5,10,0,3,3,3,3,0,30,13,42,42,37,59,52,12,11,0,268,3,15,8,14,11,23,25,3,0,102,3,5,6,0,5,0,0,3,0,22,3,5,7,12,8,19,13,3,0,70,0,3,3,0,0,0,0,0,0,6,0,0,0,0,4,0,4,0,0,8,0,3,0,0,0,0,0,0,0,3,0,0,0,0,0,4,3,0,0,7,0,0,0,0,0,0,0,0,0,0,22,73,66,63,87,98,57,20,0,486,25,78,76,63,90,101,60,23,0,516,417,294,302,301,351,363,234,76,11,2349
LGA11720,10547,6135,5966,6450,6470,6201,3753,2222,827,48571,16,20,22,15,11,11,3,4,0,102,214,345,269,244,207,251,128,59,38,1755,0,3,8,4,6,10,9,9,5,54,4,7,17,10,21,31,20,4,0,114,0,3,4,0,9,4,4,0,0,24,5,0,0,10,7,5,0,0,0,27,5,0,0,0,4,7,0,0,0,16,0,6,3,0,0,0,0,0,0,9,3,0,0,4,6,9,3,0,0,25,0,0,0,0,0,0,0,0,0,0,231,364,301,272,260,317,164,72,43,2024,247,384,323,287,271,328,167,76,43,2126,10794,6519,6289,6737,6741,6529,3920,2298,870,50697
LGA11730,8928,4880,3639,5338,6746,7126,5340,3271,1196,46464,30,13,13,8,19,13,7,6,4,113,270,317,213,219,311,409,471,199,53,2462,14,7,14,12,25,99,163,51,3,388,35,41,59,56,61,141,121,19,4,537,4,0,0,6,8,14,19,4,3,58,4,7,0,4,0,9,4,3,0,31,0,0,0,0,0,17,11,3,0,31,0,0,0,0,0,0,0,0,0,0,6,3,9,0,4,6,14,6,3,51,0,0,0,0,0,0,0,0,0,0,333,375,295,297,409,695,803,285,66,3558,363,388,308,305,428,708,810,291,70,3671,9291,5268,3947,5643,7174,7834,6150,3562,1266,50135
LGA11750,983,530,611,563,645,477,288,163,49,4309,3,3,3,3,0,3,3,0,0,18,49,68,67,74,92,68,31,11,3,463,0,7,7,3,11,34,28,9,4,103,0,7,8,5,3,3,13,0,0,39,3,0,5,6,3,14,10,3,0,44,0,0,0,5,0,10,0,0,0,15,0,0,0,0,0,3,0,0,0,3,0,0,0,0,0,0,0,0,0,0,0,0,0,0,0,0,0,0,0,0,0,0,0,0,0,0,0,0,0,0,52,82,87,93,109,132,82,23,7,667,55,85,90,96,109,135,85,23,7,685,1038,615,701,659,754,612,373,186,56,4994
LGA11800,12695,7574,6185,7989,9360,9042,6053,3845,1618,64361,20,23,17,25,23,18,8,5,3,142,322,475,407,335,455,556,516,190,92,3348,32,13,30,34,49,178,317,114,20,787,59,48,86,57,68,102,55,24,4,503,3,4,5,13,7,22,32,21,0,107,3,3,3,5,11,16,3,3,3,50,6,4,0,4,9,24,30,13,0,90,0,8,3,3,4,4,0,0,0,22,5,0,6,3,3,22,33,25,3,100,0,0,3,0,0,0,0,0,0,3,430,555,543,454,606,924,986,390,122,5010,450,578,560,479,629,942,994,395,125,5152,13145,8152,6745,8468,9989,9984,7047,4240,1743,69513
LGA11860,358,133,141,196,241,205,132,42,9,1457,3,0,0,0,0,0,0,0,0,3,3,0,0,3,3,3,0,3,0,15,0,4,3,0,0,5,5,0,0,17,0,0,0,3,0,0,0,0,0,3,0,0,0,0,0,0,0,0,0,0,0,3,0,0,0,0,4,0,0,7,0,3,0,0,0,0,0,0,0,3,0,0,0,0,0,0,0,0,0,0,0,0,3,0,0,0,0,0,0,3,0,0,0,0,0,0,0,0,0,0,3,10,6,6,3,8,9,3,0,48,6,10,6,6,3,8,9,3,0,51,364,143,147,202,244,213,141,45,9,1508
LGA12000,900,393,293,467,564,486,413,250,98,3864,0,0,0,0,0,0,0,0,4,4,10,10,8,4,8,10,14,4,0,68,0,0,3,3,3,0,0,0,0,9,3,0,3,0,0,3,0,0,0,9,3,3,0,3,0,0,0,0,0,9,0,0,0,0,3,0,0,0,0,3,0,0,0,0,0,0,0,0,0,0,0,0,0,0,0,0,0,0,0,0,3,3,0,0,0,0,0,0,0,6,0,0,0,0,0,0,0,0,0,0,19,16,14,10,14,13,14,4,0,104,19,16,14,10,14,13,14,4,4,108,919,409,307,477,578,499,427,254,102,3972
LGA12050,1802,971,808,1223,1462,1212,889,530,240,9137,9,6,3,10,3,8,0,0,0,39,112,69,58,52,40,66,22,6,6,431,5,0,4,0,7,4,3,0,0,23,26,0,6,8,6,3,7,3,0,59,0,0,0,0,0,0,8,3,0,11,4,0,4,0,0,0,0,0,0,8,0,0,0,0,0,0,0,0,0,0,0,0,0,0,0,0,0,0,0,0,18,16,6,11,10,6,5,0,0,72,0,0,0,0,0,0,0,0,0,0,165,85,78,71,63,79,45,12,6,604,174,91,81,81,66,87,45,12,6,643,1976,1062,889,1304,1528,1299,934,542,246,9780
LGA12150,797,412,362,461,536,517,365,239,68,3757,9,4,3,3,4,3,0,0,0,26,25,40,32,25,20,27,8,7,0,184,0,4,0,0,0,7,3,0,0,14,0,0,0,0,8,0,0,0,0,8,0,0,0,0,0,4,9,0,0,13,0,0,0,0,0,0,0,0,0,0,0,0,0,0,0,0,0,0,0,0,0,0,0,0,0,0,0,0,0,0,0,0,0,0,0,0,0,0,0,0,0,0,0,0,0,0,0,0,0,0,25,44,32,25,28,38,20,7,0,219,34,48,35,28,32,41,20,7,0,245,831,460,397,489,568,558,385,246,68,4002
LGA12200,1338,649,543,771,975,1020,857,534,186,6873,10,6,3,0,0,3,7,0,0,29,27,57,17,20,25,33,21,5,7,212,0,0,5,4,3,0,4,3,0,19,3,3,6,0,4,0,0,3,3,22,0,3,0,0,3,0,0,0,0,6,0,0,0,0,0,0,0,0,0,0,0,0,0,0,0,0,0,0,0,0,0,0,0,0,0,0,0,0,0,0,0,0,0,5,3,0,0,3,0,11,0,0,0,0,0,0,0,0,0,0,30,63,28,29,38,33,25,14,10,270,40,69,31,29,38,36,32,14,10,299,1378,718,574,800,1013,1056,889,548,196,7172
LGA12300,1963,1001,850,1183,1381,1505,1258,838,283,10262,0,3,3,4,0,3,0,0,0,13,25,24,33,16,29,26,20,9,3,185,24,42,35,35,49,103,91,41,5,425,0,5,0,4,7,7,4,0,0,27,0,0,3,3,3,6,8,3,0,26,0,0,3,3,0,3,0,0,0,9,0,0,0,0,0,3,3,0,0,6,0,0,0,3,0,0,0,0,0,3,0,3,0,3,0,0,3,0,0,9,0,0,0,0,0,0,0,0,0,0,49,74,74,67,88,148,129,53,8,690,49,77,77,71,88,151,129,53,8,703,2012,1078,927,1254,1469,1656,1387,891,291,10965
LGA12350,2252,1228,965,1335,1533,1726,1348,814,309,11510,4,0,0,4,0,4,4,0,0,16,56,73,56,41,46,76,43,17,11,419,0,6,0,3,4,4,6,0,0,23,10,3,8,8,23,38,10,3,0,103,0,0,0,0,0,0,5,0,0,5,0,0,0,0,0,8,0,0,0,8,0,0,0,0,0,0,0,0,0,0,0,0,0,0,0,0,0,0,0,0,0,4,0,0,0,7,4,0,0,15,0,0,0,0,0,0,0,0,0,0,66,86,64,52,73,133,68,20,11,573,70,86,64,56,73,137,72,20,11,589,2322,1314,1029,1391,1606,1863,1420,834,320,12099
LGA12500,1319,746,571,820,915,937,677,517,202,6704,4,6,4,0,0,4,4,0,0,22,12,23,20,32,41,33,23,20,11,215,0,18,8,19,17,16,19,6,0,103,0,4,3,0,10,3,0,0,0,20,3,0,0,5,0,4,0,0,0,12,0,0,0,0,0,0,0,0,0,0,0,0,0,0,0,0,0,0,0,0,3,0,0,0,0,0,0,0,0,3,0,0,3,0,0,0,0,0,0,3,0,0,0,0,0,0,0,0,0,0,18,45,34,56,68,56,42,26,11,356,22,51,38,56,68,60,46,26,11,378,1341,797,609,876,983,997,723,543,213,7082
LGA12600,8462,4830,4332,4681,4967,4023,2723,1722,684,36424,21,7,12,7,5,8,0,0,0,60,295,510,319,298,346,292,174,69,28,2331,19,25,21,20,22,48,90,18,0,263,15,12,18,21,16,33,18,15,4,152,3,8,3,3,9,21,13,3,0,63,0,3,3,3,4,12,8,0,0,33,0,5,3,4,3,3,5,4,0,27,0,0,3,0,3,0,0,0,0,6,0,3,0,0,3,3,6,3,0,18,0,0,0,0,0,0,0,0,0,0,332,566,370,349,406,412,314,112,32,2893,353,573,382,356,411,420,314,112,32,2953,8815,5403,4714,5037,5378,4443,3037,1834,716,39377
LGA12700,1532,848,644,994,1292,1187,843,394,155,7889,5,3,3,7,4,4,0,0,0,26,27,48,36,27,27,43,29,15,8,260,0,0,0,0,0,0,0,0,0,0,0,0,0,0,0,8,6,0,0,14,0,0,0,0,0,0,0,0,0,0,0,0,0,0,0,0,0,0,0,0,0,0,0,0,0,0,3,0,0,3,0,0,0,0,0,0,0,0,0,0,0,0,3,0,0,3,0,0,0,6,0,0,0,0,0,0,0,0,0,0,27,48,39,27,27,54,38,15,8,283,32,51,42,34,31,58,38,15,8,309,1564,899,686,1028,1323,1245,881,409,163,8198
LGA12750,5701,2860,2237,3533,4610,5680,4615,2774,1078,33088,15,18,6,8,11,5,9,5,8,85,128,167,147,142,202,230,149,97,34,1296,30,18,25,33,36,90,90,75,14,411,7,6,10,6,7,16,18,7,3,80,0,3,3,0,3,12,8,0,0,29,0,0,8,5,4,5,0,0,0,22,0,0,3,0,3,3,8,3,0,20,3,3,0,3,3,0,0,0,0,12,17,35,31,20,35,58,72,21,3,292,0,0,0,0,0,0,0,0,0,0,185,232,227,209,293,414,345,203,54,2162,200,250,233,217,304,419,354,208,62,2247,5901,3110,2470,3750,4914,6099,4969,2982,1140,35335
LGA12850,37628,27476,24198,24859,26376,20902,11977,7626,2398,183440,78,45,46,62,45,24,14,11,7,332,542,522,674,484,387,280,175,152,85,3301,0,11,16,10,7,8,5,3,0,60,12,12,6,8,12,11,18,3,0,82,0,0,3,3,4,0,5,0,0,15,0,0,5,3,4,5,3,0,0,20,0,0,4,0,0,0,0,0,0,4,0,0,0,0,0,0,0,0,0,0,0,0,3,7,3,0,0,3,0,16,0,0,0,0,0,0,0,0,0,0,554,545,711,515,417,304,206,161,85,3498,632,590,757,577,462,328,220,172,92,3830,38260,28066,24955,25436,26838,21230,12197,7798,2490,187270
LGA12900,1883,949,827,988,1132,1144,890,567,218,8598,13,4,3,4,4,4,0,0,0,32,31,50,50,44,54,37,25,16,3,310,0,3,3,0,5,29,14,8,0,62,0,0,0,3,3,3,8,3,0,20,3,0,0,0,0,11,3,0,0,17,0,3,0,0,3,0,0,0,0,6,0,0,0,0,0,5,3,0,0,8,0,0,0,0,0,0,0,0,0,0,0,5,4,0,0,0,0,0,0,9,0,0,0,0,0,0,0,0,0,0,34,61,57,47,65,85,53,27,3,432,47,65,60,51,69,89,53,27,3,464,1930,1014,887,1039,1201,1233,943,594,221,9062
LGA12950,846,412,355,459,610,542,464,274,104,4066,4,5,4,0,4,0,0,3,3,23,22,25,20,16,34,29,33,8,5,192,3,0,0,0,3,11,16,6,0,39,0,0,0,0,3,7,5,0,0,15,0,0,0,3,3,0,3,0,0,9,0,0,0,0,0,0,0,0,0,0,0,0,0,0,0,0,7,0,0,7,0,0,0,0,0,0,0,0,0,0,0,0,0,0,0,0,0,0,0,0,0,0,0,0,0,0,0,0,0,0,25,25,20,19,43,47,64,14,5,262,29,30,24,19,47,47,64,17,8,285,875,442,379,478,657,589,528,291,112,4351
LGA13010,1528,792,727,885,1204,1193,974,586,204,8093,4,11,6,4,0,3,0,0,0,28,35,57,43,30,50,46,32,17,13,323,0,0,0,0,0,5,3,4,0,12,3,12,10,11,8,6,14,6,5,75,0,0,0,0,0,0,0,3,0,3,0,0,4,0,0,0,0,0,0,4,0,0,0,0,0,3,0,0,0,3,0,0,0,0,0,0,0,0,0,0,0,0,0,0,0,4,0,0,0,4,0,0,0,0,0,0,0,0,0,0,38,69,57,41,58,64,49,30,18,424,42,80,63,45,58,67,49,30,18,452,1570,872,790,930,1262,1260,1023,616,222,8545
LGA13050,749,384,310,513,635,740,624,381,133,4469,6,3,0,0,3,3,0,0,3,18,21,40,34,38,36,38,25,21,5,258,0,0,0,0,3,3,3,0,0,9,0,0,0,0,3,4,3,0,0,10,0,0,0,0,0,0,0,0,0,0,0,3,0,0,0,0,0,0,0,3,0,0,0,0,0,0,0,0,0,0,0,0,0,0,0,0,0,0,0,0,0,0,0,0,0,0,0,0,0,0,0,0,0,0,0,0,0,0,0,0,21,43,34,38,42,45,31,21,5,280,27,46,34,38,45,48,31,21,8,298,776,430,344,551,680,788,655,402,141,4767
LGA13100,29707,18399,15531,20232,22176,19442,14115,10289,4884,154775,27,40,17,25,29,20,22,20,24,224,607,901,631,469,513,490,380,301,194,4486,3,5,25,29,19,40,27,10,4,162,11,30,20,26,40,48,49,7,3,234,0,7,7,5,12,10,7,0,0,48,3,3,3,11,5,11,5,3,0,44,4,3,3,0,5,11,5,0,0,31,0,3,0,0,0,0,4,0,0,7,4,9,6,3,3,10,14,3,3,55,0,0,0,0,0,0,0,0,0,0,632,961,695,543,597,620,491,324,204,5067,659,1001,712,568,626,640,513,344,228,5291,30366,19400,16243,20800,22802,20082,14628,10633,5112,160066
LGA13310,5057,3069,2790,3469,3723,3413,2486,1484,554,26045,12,6,10,7,3,6,5,3,0,52,113,240,238,192,161,167,93,58,13,1275,3,5,4,12,15,22,26,4,0,91,3,4,10,9,6,14,6,3,0,55,0,4,3,7,6,4,3,3,0,30,8,3,3,6,4,7,0,0,0,31,0,0,3,3,3,0,4,0,0,13,0,0,0,0,0,0,0,0,0,0,3,13,10,3,8,12,4,0,0,53,0,0,0,0,0,0,0,0,0,0,130,269,271,232,203,226,136,68,13,1548,142,275,281,239,206,232,141,71,13,1600,5199,3344,3071,3708,3929,3645,2627,1555,567,27645
LGA13320,5117,2685,2063,3172,4161,5019,5085,3360,1267,31929,3,11,8,5,11,5,16,7,5,71,196,199,167,169,224,325,416,186,64,1946,6,10,6,5,15,62,105,42,6,257,17,17,12,13,20,22,21,9,3,134,0,3,3,0,0,5,3,3,3,20,3,0,6,3,3,7,0,3,0,25,7,0,0,0,3,11,8,0,0,29,0,0,0,3,0,0,0,0,0,3,4,3,3,4,3,5,12,6,0,40,0,0,0,0,0,0,0,0,0,0,233,232,197,197,268,437,565,249,76,2454,236,243,205,202,279,442,581,256,81,2525,5353,2928,2268,3374,4440,5461,5666,3616,1348,34454
LGA13340,2031,989,770,1109,1412,1392,925,476,197,9301,11,4,4,5,4,7,0,0,0,35,23,32,41,17,29,22,15,8,6,193,8,10,13,10,11,14,12,9,3,90,5,0,5,3,0,0,4,0,0,17,0,0,0,3,0,3,5,0,0,11,0,0,0,0,0,10,3,0,0,13,0,0,3,0,0,0,0,0,0,3,0,0,0,0,3,0,3,0,0,6,0,0,0,0,3,3,0,0,0,6,0,0,0,0,0,0,0,0,0,0,36,42,62,33,46,52,42,17,9,339,47,46,66,38,50,59,42,17,9,374,2078,1035,836,1147,1462,1451,967,493,206,9675
LGA13380,8388,4453,3350,4842,6196,6671,5408,3196,1201,43705,25,11,15,21,16,16,6,5,0,115,200,299,195,148,198,286,213,114,54,1707,6,0,4,4,8,30,35,17,0,104,5,16,14,23,22,17,21,6,0,124,3,0,0,0,0,0,0,0,0,3,4,0,0,3,0,3,0,3,0,13,0,0,4,0,4,0,4,0,0,12,0,0,0,0,4,0,0,0,0,4,0,6,4,0,0,7,6,0,0,23,0,0,0,0,0,0,0,0,0,0,218,321,221,178,236,343,279,140,54,1990,243,332,236,199,252,359,285,145,54,2105,8631,4785,3586,5041,6448,7030,5693,3341,1255,45810
LGA13450,5352,2970,2931,3112,3135,2502,1604,1221,453,23280,22,11,7,4,3,3,4,0,0,54,77,143,158,91,110,98,65,29,15,786,5,12,15,16,21,23,8,7,0,107,4,0,7,6,10,3,6,4,0,40,0,0,5,0,3,5,8,3,0,24,0,4,0,0,0,3,0,0,0,7,0,0,0,0,0,4,3,0,0,7,0,0,0,0,0,0,0,0,0,0,4,14,7,3,0,6,0,0,0,34,0,0,0,0,0,0,0,0,0,0,90,173,192,116,144,142,90,43,15,1005,112,184,199,120,147,145,94,43,15,1059,5464,3154,3130,3232,3282,2647,1698,1264,468,24339
LGA13500,776,349,311,408,495,475,380,198,76,3468,0,4,0,0,0,0,6,0,0,10,13,17,13,11,20,19,19,10,7,129,0,3,0,0,0,8,20,7,0,38,0,0,0,0,0,4,3,0,0,7,3,0,0,4,0,3,0,0,0,10,0,0,0,0,0,0,4,0,0,4,0,0,0,0,4,4,0,0,0,8,0,0,0,0,0,0,0,0,0,0,0,7,0,0,0,0,3,0,0,10,0,0,0,0,0,0,0,0,0,0,16,27,13,15,24,38,49,17,7,206,16,31,13,15,24,38,55,17,7,216,792,380,324,423,519,513,435,215,83,3684
LGA13550,2460,1350,1212,1345,1563,1395,1067,722,255,11369,5,3,0,3,0,3,3,3,3,23,65,112,102,96,107,73,55,17,12,639,3,4,3,3,4,6,8,9,0,40,3,10,8,5,13,13,5,0,0,57,0,3,0,3,3,3,4,0,0,16,3,0,3,0,3,3,4,0,0,16,0,0,0,0,0,0,0,0,0,0,0,0,0,0,0,0,0,0,0,0,0,0,0,5,0,0,6,0,0,11,0,0,0,0,0,0,0,0,0,0,74,129,116,112,130,98,82,26,12,779,79,132,116,115,130,101,85,29,15,802,2539,1482,1328,1460,1693,1496,1152,751,270,12171
LGA13650,946,434,377,506,563,575,401,243,81,4126,3,3,3,3,3,0,0,3,3,21,11,14,11,15,13,13,6,5,0,88,3,6,0,0,0,3,0,0,0,12,0,0,3,0,0,8,6,0,0,17,0,0,0,0,0,0,6,0,0,6,0,0,0,0,0,0,0,0,0,0,0,0,0,0,0,0,0,0,0,0,4,0,0,0,0,0,0,0,0,4,0,0,0,0,0,0,0,0,0,0,0,0,0,0,0,0,0,0,0,0,18,20,14,15,13,24,18,5,0,127,21,23,17,18,16,24,18,8,3,148,967,457,394,524,579,599,419,251,84,4274
LGA13660,901,379,401,576,657,657,601,319,126,4617,5,4,3,3,4,0,3,3,0,25,24,41,15,20,30,24,13,12,6,185,0,0,0,0,0,3,3,3,0,9,0,3,3,3,7,8,3,0,0,27,0,0,0,0,3,0,0,0,0,3,0,0,0,0,0,0,0,0,0,0,0,0,0,0,0,0,0,0,0,0,0,0,0,0,0,0,3,0,0,3,0,0,0,0,0,0,0,0,0,0,0,0,0,0,0,0,0,0,0,0,24,44,18,23,40,35,22,15,6,227,29,48,21,26,44,35,25,18,6,252,930,427,422,602,701,692,626,337,132,4869
LGA13700,672,279,297,374,468,533,421,231,82,3357,0,6,0,3,0,3,3,0,0,15,10,12,8,10,11,16,9,9,5,90,0,0,5,0,0,0,0,0,0,5,0,0,0,0,0,3,0,0,0,3,0,0,0,0,0,0,0,0,0,0,0,0,0,0,0,0,0,0,0,0,0,0,0,0,0,0,0,0,0,0,0,0,0,0,0,0,0,0,0,0,0,0,0,0,6,3,4,0,0,13,0,0,0,0,0,0,0,0,0,0,10,12,13,10,17,22,13,9,5,111,10,18,13,13,17,25,16,9,5,126,682,297,310,387,485,558,437,240,87,3483
LGA13800,13084,8637,6969,8648,8885,6788,4068,1983,815,59877,18,20,18,10,16,15,6,0,0,103,297,383,262,187,187,157,102,57,51,1683,0,19,23,14,11,17,6,3,3,96,9,14,29,29,15,18,11,8,3,136,0,4,13,8,3,3,0,3,0,34,3,3,3,6,12,6,3,0,0,36,0,4,3,4,4,3,0,4,0,22,0,0,0,6,6,0,0,0,0,12,3,0,8,5,0,0,4,0,0,20,0,0,0,0,0,0,0,0,0,0,312,427,341,259,238,204,126,75,57,2039,330,447,359,269,254,219,132,75,57,2142,13414,9084,7328,8917,9139,7007,4200,2058,872,62019
LGA13850,581,267,223,323,461,325,289,193,57,2719,3,0,6,0,4,3,0,0,0,16,7,22,20,16,33,25,32,6,3,164,3,3,10,3,4,17,9,9,0,58,0,0,0,0,6,7,3,0,0,16,0,3,0,5,4,10,12,6,0,40,0,3,4,3,0,0,4,0,0,14,0,0,0,0,0,7,0,0,0,7,0,0,0,0,0,0,0,0,0,0,0,0,0,4,0,0,0,0,0,4,0,0,0,0,0,0,0,0,0,0,10,31,34,31,47,66,60,21,3,303,13,31,40,31,51,69,60,21,3,319,594,298,263,354,512,394,349,214,60,3038
LGA13950,20462,12400,17139,14004,11740,9464,6210,3851,1495,96765,24,15,27,22,10,12,9,4,3,126,226,273,329,239,174,143,88,75,64,1611,0,3,3,3,3,3,3,3,0,21,5,3,4,12,8,6,8,0,0,46,0,0,7,0,0,3,0,0,0,10,0,3,3,0,3,3,3,0,3,18,0,0,0,3,0,3,0,0,0,6,0,0,0,0,0,0,0,0,0,0,0,3,4,0,3,3,0,0,0,13,0,0,0,0,0,0,0,0,0,0,231,285,350,257,191,164,102,78,67,1725,255,300,377,279,201,176,111,82,70,1851,20717,12700,17516,14283,11941,9640,6321,3933,1565,98616
LGA14000,29695,20532,16173,22179,23580,17694,10997,6936,3654,151440,27,28,18,20,25,11,8,14,24,175,300,518,461,285,240,266,245,157,122,2594,3,6,13,12,7,15,11,5,3,75,10,15,12,15,16,33,28,9,3,141,3,3,0,7,0,9,7,4,0,33,11,3,9,0,3,4,10,0,0,40,0,0,7,0,4,6,4,6,0,27,0,3,3,0,0,3,0,0,0,9,0,13,9,0,5,4,12,0,0,43,0,0,0,0,0,0,0,0,0,0,327,561,514,319,275,340,317,181,128,2962,354,589,532,339,300,351,325,195,152,3137,30049,21121,16705,22518,23880,18045,11322,7131,3806,154577
LGA14100,2451,1708,1016,1725,1745,1600,1000,802,614,12661,7,0,0,3,3,0,4,0,0,17,39,45,40,37,32,42,28,12,19,294,0,0,0,5,3,0,0,0,0,8,3,3,3,4,3,5,3,0,0,24,0,0,0,0,0,0,0,0,0,0,0,0,0,0,3,3,0,0,0,6,0,0,0,0,0,0,0,0,0,0,0,0,0,0,0,0,0,0,0,0,0,3,0,0,0,0,0,0,0,3,0,0,0,0,0,0,0,0,0,0,42,51,43,46,41,50,31,12,19,335,49,51,43,49,44,50,35,12,19,352,2500,1759,1059,1774,1789,1650,1035,814,633,13013
LGA14150,13786,10103,11561,10601,10700,8406,5575,4132,2037,76901,13,14,14,5,11,6,10,4,0,77,172,198,269,168,125,113,69,55,38,1207,4,0,5,4,8,0,0,0,0,21,0,5,8,3,4,15,9,5,0,49,0,3,0,0,0,0,5,0,0,8,0,0,0,4,0,0,0,0,0,4,0,0,0,0,3,0,0,0,0,3,0,0,0,3,0,0,0,0,3,6,3,3,5,3,0,8,0,0,0,22,0,0,0,0,0,0,0,0,0,0,179,209,287,185,140,136,83,60,41,1320,192,223,301,190,151,142,93,64,41,1397,13978,10326,11862,10791,10851,8548,5668,4196,2078,78298
LGA14200,3316,1632,1500,1845,2013,1857,1580,940,355,15038,10,8,11,5,6,7,0,3,3,53,77,106,73,70,85,93,57,18,3,582,0,0,0,0,6,5,0,0,0,11,5,15,18,20,19,13,20,0,0,110,4,4,3,7,3,0,0,3,0,24,0,0,0,0,0,0,0,0,0,0,0,0,0,0,0,0,0,0,0,0,0,0,0,0,0,0,0,0,0,0,4,0,0,0,0,3,0,0,0,7,0,0,0,0,0,0,0,0,0,0,90,125,94,97,113,114,77,21,3,734,100,133,105,102,119,121,77,24,6,787,3416,1765,1605,1947,2132,1978,1657,964,361,15825
LGA14250,271,132,104,153,221,194,149,84,30,1338,6,0,0,3,3,0,3,0,0,15,3,3,3,3,3,3,0,0,0,18,3,0,4,3,3,12,3,0,0,28,0,0,0,0,3,0,3,0,0,6,0,3,0,0,0,0,0,0,0,3,0,0,0,0,0,0,0,0,0,0,0,0,0,0,0,3,3,0,0,6,0,0,0,0,0,0,0,0,0,0,0,0,0,0,0,0,0,0,0,0,0,0,0,0,0,0,0,0,0,0,6,6,7,6,9,18,9,0,0,61,12,6,7,9,12,18,12,0,0,76,283,138,111,162,233,212,161,84,30,1414
LGA14300,1107,667,701,802,792,722,438,232,85,5546,3,0,3,0,0,3,0,0,0,9,21,29,23,14,18,13,11,9,12,150,3,0,0,3,0,3,3,3,0,15,0,0,0,0,3,3,3,3,3,15,0,0,0,3,0,3,0,0,0,6,0,0,0,0,0,0,3,0,0,3,0,3,0,0,0,0,3,0,0,6,0,0,0,0,0,0,0,0,0,0,0,0,0,0,0,0,0,0,0,0,0,0,0,0,0,0,0,0,0,0,24,32,23,20,21,22,23,15,15,195,27,32,26,20,21,25,23,15,15,204,1134,699,727,822,813,747,461,247,100,5750
LGA14350,5296,2771,2214,2915,3914,4083,2878,1659,689,26419,12,16,4,8,17,8,3,3,3,74,166,235,172,135,202,260,221,97,26,1514,3,7,7,8,5,50,87,34,6,207,11,6,18,5,30,35,38,15,0,158,0,0,3,6,6,13,13,3,0,44,0,3,0,0,3,3,3,0,0,12,0,0,0,0,0,5,6,0,0,11,0,0,0,0,0,0,0,0,0,0,0,0,3,3,3,3,9,11,0,32,0,0,0,0,0,0,0,0,0,0,180,251,203,157,249,369,377,160,32,1978,192,267,207,165,266,377,380,163,35,2052,5488,3038,2421,3080,4180,4460,3258,1822,724,28471
LGA14400,3390,2223,1465,2227,2873,2759,1962,1300,593,18792,5,3,10,4,0,6,3,0,0,31,72,128,85,66,59,79,73,37,35,634,5,0,0,0,8,12,11,0,0,36,0,0,7,5,3,9,3,0,0,27,0,0,0,0,0,4,7,0,0,11,0,5,0,0,0,0,0,0,0,5,0,5,0,0,3,3,3,0,0,14,0,0,0,0,0,0,0,0,0,0,0,4,4,0,3,4,3,5,0,23,0,0,0,0,0,0,0,0,0,0,77,142,96,71,76,111,100,42,35,750,82,145,106,75,76,117,103,42,35,781,3472,2368,1571,2302,2949,2876,2065,1342,628,19573
LGA14450,9678,7312,8151,7816,7847,5898,3806,2554,1185,54247,15,10,18,18,13,5,7,4,0,90,156,159,231,184,155,192,185,222,168,1652,3,3,9,3,7,4,7,0,0,36,3,0,4,5,7,10,7,5,0,41,0,0,0,5,0,0,0,0,0,5,0,3,0,0,4,3,5,0,0,15,0,0,0,0,0,0,3,0,0,3,0,0,0,0,4,0,0,0,0,4,3,3,4,3,4,0,0,0,0,17,0,0,0,0,0,0,0,0,0,0,165,168,248,200,181,209,207,227,168,1773,180,178,266,218,194,214,214,231,168,1863,9858,7490,8417,8034,8041,6112,4020,2785,1353,56110
LGA14500,21864,14429,7463,13879,16887,12453,8557,6165,3345,105042,19,17,3,10,4,9,10,6,8,86,349,436,333,232,197,204,200,236,155,2342,8,7,15,9,9,9,13,4,3,77,3,6,6,19,9,25,41,11,3,123,6,0,3,3,3,6,12,3,0,36,70,3,4,11,8,13,6,0,0,115,3,0,3,0,3,3,3,3,0,18,3,3,0,0,4,0,0,0,0,10,0,8,12,0,5,3,0,0,0,28,0,0,0,0,0,0,0,0,0,0,442,463,376,274,238,263,275,257,161,2749,461,480,379,284,242,272,285,263,169,2835,22325,14909,7842,14163,17129,12725,8842,6428,3514,107877
LGA14550,1718,888,671,977,1413,1511,807,507,186,8678,7,3,0,0,8,8,7,3,3,39,34,33,26,23,44,43,23,9,3,238,0,0,0,0,3,0,0,3,3,9,8,9,4,4,9,21,6,7,3,71,0,0,0,0,0,3,4,0,0,7,0,0,3,0,0,0,0,0,0,3,0,0,0,0,0,0,0,0,0,0,0,0,0,0,0,0,0,0,0,0,0,0,3,0,0,0,0,3,0,6,0,0,0,0,0,0,0,0,0,0,42,42,36,27,56,67,33,22,9,334,49,45,36,27,64,75,40,25,12,373,1767,933,707,1004,1477,1586,847,532,198,9051
LGA14600,1307,646,672,699,799,815,597,403,151,6089,9,3,3,4,3,3,0,3,0,28,32,47,46,36,47,37,28,10,3,286,0,3,4,3,7,3,6,3,3,32,6,3,3,0,6,4,0,0,0,22,0,0,0,0,0,6,3,0,0,9,0,0,0,0,0,0,3,0,0,3,0,0,0,0,0,3,0,0,0,3,0,3,0,0,0,0,0,0,0,3,0,0,0,0,0,0,0,0,0,0,0,0,0,0,0,0,0,0,0,0,38,56,53,39,60,53,40,13,6,358,47,59,56,43,63,56,40,16,6,386,1354,705,728,742,862,871,637,419,157,6475
LGA14650,34179,22340,18537,23256,25134,23417,16937,11336,4601,179737,39,49,37,20,30,47,13,13,7,255,842,1108,734,550,539,500,339,199,129,4940,6,19,17,8,22,27,30,4,0,133,19,32,31,28,44,68,39,7,0,268,3,9,7,3,8,14,10,0,0,54,5,15,8,5,11,13,5,4,0,66,0,3,3,5,3,8,11,4,4,41,0,3,3,4,0,7,3,0,0,20,8,7,3,9,9,5,4,0,0,45,0,0,0,0,0,0,0,0,0,0,883,1196,806,612,636,642,441,218,133,5567,922,1245,843,632,666,689,454,231,140,5822,35101,23585,19380,23888,25800,24106,17391,11567,4741,185559
LGA14700,5825,3362,4696,4895,4144,3323,2051,1236,714,30246,6,10,8,0,4,8,0,0,4,40,144,250,151,105,106,113,97,58,56,1080,0,0,13,21,13,15,5,0,0,67,4,4,4,17,10,16,4,0,0,59,0,3,3,0,3,0,0,0,0,9,0,0,3,4,7,4,0,4,0,22,0,3,3,5,3,3,0,0,0,17,6,4,0,0,0,0,0,0,0,10,3,4,3,5,4,3,7,0,0,29,0,0,0,0,0,0,0,0,0,0,157,268,180,157,146,154,113,62,56,1293,163,278,188,157,150,162,113,62,60,1333,5988,3640,4884,5052,4294,3485,2164,1298,774,31579
LGA14750,2545,1480,1028,1324,1460,1101,822,518,176,10454,11,9,3,4,4,0,0,0,3,34,38,77,44,40,49,37,30,16,8,339,0,6,7,3,9,3,11,0,0,39,0,0,6,4,0,4,3,0,3,20,0,0,0,0,0,5,0,0,0,5,0,0,0,0,0,0,0,0,0,0,0,0,0,0,0,0,0,0,0,0,0,0,0,0,0,0,0,0,0,0,0,0,0,0,3,0,3,0,0,6,0,0,0,0,0,0,0,0,0,0,38,83,57,47,61,49,47,16,11,409,49,92,60,51,65,49,47,16,14,443,2594,1572,1088,1375,1525,1150,869,534,190,10897
LGA14800,8527,3982,9272,10477,6753,5598,2946,1574,603,49732,6,6,11,13,5,4,3,3,3,54,118,181,301,207,197,154,108,67,32,1365,3,14,15,12,11,12,0,3,0,70,3,6,12,9,7,21,16,0,0,74,3,3,6,0,3,3,4,3,3,28,3,3,3,0,3,14,3,3,0,32,3,7,3,3,3,6,0,3,0,28,0,0,0,0,0,0,0,0,0,0,0,3,3,3,8,5,6,3,3,34,0,0,0,0,0,0,0,0,0,0,133,217,343,234,232,215,137,82,38,1631,139,223,354,247,237,219,140,85,41,1685,8666,4205,9626,10724,6990,5817,3086,1659,644,51417
LGA14850,8163,5243,4123,5189,6225,5641,3086,2032,830,40532,18,19,11,12,15,17,7,3,5,107,172,398,249,167,208,217,115,81,52,1659,0,11,12,8,11,21,21,3,0,87,19,46,45,25,31,35,21,0,0,222,5,0,3,0,3,0,5,3,0,19,0,5,5,3,4,0,0,3,0,20,0,3,0,0,0,3,3,3,0,12,0,0,3,3,3,0,0,0,0,9,0,0,3,3,0,4,4,0,0,14,0,0,0,3,0,0,0,0,0,3,196,463,320,212,260,280,169,93,52,2045,214,482,331,224,275,297,176,96,57,2152,8377,5725,4454,5413,6500,5938,3262,2128,887,42684
LGA14870,3664,2221,1879,2391,2882,2647,1931,1075,356,19046,5,3,4,8,6,5,4,4,0,39,78,141,109,84,85,79,43,30,15,664,0,0,3,3,0,3,0,0,0,9,8,3,6,9,3,4,9,0,0,42,0,3,3,3,0,0,0,0,0,9,0,0,4,0,0,0,0,0,0,4,0,0,0,0,0,0,0,0,0,0,0,0,0,0,0,0,0,0,0,0,0,3,0,0,0,0,0,0,0,3,0,0,0,0,0,0,0,0,0,0,86,150,125,99,88,86,52,30,15,731,91,153,129,107,94,91,56,34,15,770,3755,2374,2008,2498,2976,2738,1987,1109,371,19816
LGA14900,41632,25439,25494,26441,24242,16610,9471,5025,1498,175852,62,54,62,37,26,20,8,8,4,281,489,661,676,426,379,306,199,120,53,3309,5,19,24,27,20,20,3,3,0,121,4,36,32,21,21,27,11,4,0,156,0,6,8,3,4,9,3,0,0,33,0,7,14,10,9,8,0,3,0,51,0,0,0,0,0,0,4,3,0,7,0,10,11,0,0,0,0,0,0,21,0,11,8,6,3,0,3,0,0,31,0,0,0,0,0,0,0,0,0,0,498,750,773,493,436,370,223,133,53,3729,560,804,835,530,462,390,231,141,57,4010,42192,26243,26329,26971,24704,17000,9702,5166,1555,179862
LGA14920,1404,677,654,834,994,1011,789,461,165,6989,10,6,0,4,3,3,0,0,0,26,33,31,44,27,22,38,20,9,3,227,0,0,0,0,0,0,3,0,0,3,0,3,0,5,3,0,3,0,0,14,0,0,0,0,0,0,0,0,0,0,0,0,0,0,0,0,3,0,0,3,0,0,0,0,3,6,0,0,0,9,0,0,0,0,0,0,0,0,0,0,0,0,0,0,0,0,0,0,0,0,0,0,0,0,0,0,0,0,0,0,33,34,44,32,28,44,29,9,3,256,43,40,44,36,31,47,29,9,3,282,1447,717,698,870,1025,1058,818,470,168,7271
LGA14950,582,244,213,350,423,406,292,193,89,2792,9,5,4,0,0,0,0,0,0,18,5,11,10,5,4,9,4,0,3,51,0,0,0,0,0,0,0,0,0,0,0,0,3,0,0,4,0,0,0,7,0,0,0,0,0,0,0,0,0,0,3,0,0,0,0,0,0,0,0,3,0,0,0,0,0,0,0,0,0,0,0,0,0,0,0,0,0,0,0,0,0,0,0,0,0,0,0,0,0,0,0,0,0,0,0,0,0,0,0,0,8,11,13,5,4,13,4,0,3,61,17,16,17,5,4,13,4,0,3,79,599,260,230,355,427,419,296,193,92,2871
LGA15050,14515,8499,8236,9223,8747,7320,4471,2665,1007,64683,20,13,11,7,10,7,4,0,5,77,256,470,343,249,216,208,148,118,54,2062,4,0,3,6,11,7,3,11,0,45,5,16,12,14,14,16,3,0,3,83,0,0,3,0,3,3,3,0,0,12,0,3,3,5,0,4,0,0,0,15,3,0,3,0,0,0,0,0,0,6,3,0,0,0,0,5,0,0,0,8,0,3,3,3,0,3,3,0,0,15,0,0,0,0,0,0,0,0,0,0,271,492,370,277,244,246,160,129,57,2246,291,505,381,284,254,253,164,129,62,2323,14806,9004,8617,9507,9001,7573,4635,2794,1069,67006
LGA15150,7337,3609,6338,6758,5141,3723,2596,1622,803,37927,13,3,8,15,11,0,0,4,3,57,142,174,202,166,141,116,98,60,52,1151,6,4,20,29,16,9,17,3,0,104,8,4,13,26,33,27,8,0,0,119,0,4,3,0,10,5,6,0,0,28,10,0,8,15,17,10,4,3,0,67,0,4,5,0,0,0,5,0,0,14,0,0,0,0,0,0,0,0,0,0,3,3,3,0,13,3,3,0,0,28,0,0,0,0,0,0,0,0,0,0,169,193,254,236,230,170,141,66,52,1511,182,196,262,251,241,170,141,70,55,1568,7519,3805,6600,7009,5382,3893,2737,1692,858,39495
LGA15200,10955,8138,15663,14252,9929,6813,4206,2669,859,73484,13,19,34,20,17,10,8,4,0,125,142,346,471,296,199,162,88,40,37,1781,3,7,11,9,10,8,3,7,0,58,4,4,6,10,14,21,9,4,0,72,3,5,5,0,4,4,4,0,0,25,0,4,4,3,4,10,4,0,0,29,0,0,0,3,4,3,0,0,3,13,0,0,0,3,0,3,0,0,0,6,0,6,7,0,3,11,0,0,0,27,0,0,0,0,0,0,0,0,0,0,152,372,504,324,238,222,108,51,40,2011,165,391,538,344,255,232,116,55,40,2136,11120,8529,16201,14596,10184,7045,4322,2724,899,75620
LGA15270,4287,2233,2017,2824,2910,2728,2138,1201,436,20774,14,12,12,7,7,11,3,6,3,75,81,171,153,180,168,173,112,50,18,1106,0,0,4,3,10,11,11,0,0,39,17,6,10,11,17,8,6,3,0,78,0,0,4,0,0,7,4,0,0,15,0,0,3,0,0,0,3,3,0,9,0,0,0,6,0,0,0,0,0,6,3,0,0,4,0,0,0,0,0,7,0,3,3,3,4,8,3,0,3,27,0,0,0,0,0,0,0,0,0,0,101,180,177,207,199,207,139,56,21,1287,115,192,189,214,206,218,142,62,24,1362,4402,2425,2206,3038,3116,2946,2280,1263,460,22136
LGA15300,2922,1492,1564,1751,1710,1386,934,466,153,12378,20,24,11,6,15,4,3,3,0,86,84,100,113,111,103,159,105,43,5,823,0,0,6,0,7,27,49,13,0,102,14,38,28,31,28,28,21,6,0,194,0,0,3,0,0,3,10,3,3,22,0,0,3,0,0,3,0,0,0,6,0,0,0,0,0,5,0,0,0,5,3,0,3,0,0,0,0,0,0,6,0,0,0,0,0,0,0,0,0,0,0,0,0,0,0,0,0,0,0,0,101,138,156,142,138,225,185,65,8,1158,121,162,167,148,153,229,188,68,8,1244,3043,1654,1731,1899,1863,1615,1122,534,161,13622
LGA15350,4898,2533,3319,4136,3841,3126,2227,1273,799,26152,3,9,3,8,4,8,8,4,3,50,105,102,107,96,62,52,62,22,24,632,3,6,3,3,3,7,8,9,0,42,3,5,7,8,9,10,3,7,0,52,0,0,0,3,4,6,0,3,0,16,3,0,3,0,0,7,3,0,0,16,0,0,3,0,0,0,3,4,0,10,0,0,3,0,0,3,0,0,0,6,0,0,0,0,0,0,8,0,0,8,0,0,0,0,0,0,0,0,0,0,114,113,126,110,78,85,87,45,24,782,117,122,129,118,82,93,95,49,27,832,5015,2655,3448,4254,3923,3219,2322,1322,826,26984
LGA15500,1134,608,545,797,831,918,888,500,138,6359,0,3,0,4,4,0,6,0,0,17,13,5,14,9,9,20,29,8,5,112,15,37,31,37,53,71,65,35,4,348,7,0,0,0,0,9,0,0,0,16,3,0,0,0,6,0,5,0,0,14,5,0,0,8,0,0,0,0,0,13,0,0,0,0,6,0,0,0,0,6,0,0,0,0,0,0,0,0,0,0,0,0,0,0,0,0,0,0,0,0,0,0,0,0,0,0,0,0,0,0,43,42,45,54,74,100,99,43,9,509,43,45,45,58,78,100,105,43,9,526,1177,653,590,855,909,1018,993,543,147,6885
LGA15550,501,242,231,281,323,242,169,107,26,2122,4,6,0,0,3,0,0,3,0,16,7,11,5,3,3,6,7,3,0,45,0,3,0,3,0,0,0,0,0,6,0,0,0,0,0,0,0,0,0,0,0,0,0,0,0,0,0,0,0,0,0,0,0,0,0,0,0,0,0,0,0,0,0,0,0,0,0,0,0,0,0,0,0,3,0,0,0,0,0,3,0,3,0,0,0,0,0,0,0,3,0,0,0,0,0,0,0,0,0,0,7,17,5,9,3,6,7,3,0,57,11,23,5,9,6,6,7,6,0,73,512,265,236,290,329,248,176,113,26,2195
LGA15650,3505,2009,2129,2147,2079,1587,907,529,158,15050,8,8,8,4,4,4,0,0,0,36,73,149,166,132,145,102,40,24,9,840,4,0,9,0,10,0,6,0,0,29,6,6,16,12,24,20,5,0,0,89,0,0,0,0,0,0,0,0,0,0,0,0,0,4,3,6,0,0,0,13,0,0,0,0,0,0,0,0,0,0,0,0,0,0,0,0,0,0,0,0,0,0,4,0,0,0,0,0,0,4,0,0,0,0,0,0,0,0,0,0,83,155,195,148,182,128,51,24,9,975,91,163,203,152,186,132,51,24,9,1011,3596,2172,2332,2299,2265,1719,958,553,167,16061
LGA15700,3211,1585,1187,1768,2638,2836,2244,1408,600,17477,10,9,6,10,8,6,5,0,0,54,92,117,79,67,88,129,93,37,19,721,7,0,5,5,4,35,44,26,0,126,9,15,13,3,11,20,23,0,0,94,0,0,0,0,3,3,12,3,0,21,0,0,3,0,3,3,0,3,0,12,0,0,0,0,0,5,9,0,0,14,0,0,0,0,0,0,0,0,0,0,4,0,4,0,3,7,4,3,0,25,0,0,3,0,0,0,0,0,0,3,112,132,107,75,112,202,185,72,19,1016,122,141,113,85,120,208,190,72,19,1070,3333,1726,1300,1853,2758,3044,2434,1480,619,18547
LGA15750,2762,1318,1320,1583,1732,1487,1069,608,222,12101,16,10,17,6,11,3,0,3,0,66,58,125,124,96,108,121,64,25,3,724,6,0,0,11,6,13,20,6,0,62,9,17,31,21,41,34,8,3,0,164,0,3,6,0,0,8,3,3,0,23,3,0,0,4,0,4,0,0,0,11,0,0,0,0,0,0,0,0,0,0,0,0,0,0,0,0,0,0,0,0,0,0,0,0,4,7,0,0,0,11,0,0,0,0,0,0,0,0,0,0,76,145,161,132,159,187,95,37,3,995,92,155,178,138,170,190,95,40,3,1061,2854,1473,1498,1721,1902,1677,1164,648,225,13162
LGA15800,1202,567,537,621,783,741,538,403,147,5539,0,3,0,0,5,0,3,0,0,11,23,26,25,21,30,29,20,11,9,194,3,3,6,8,3,13,16,4,0,56,9,0,0,3,4,5,0,0,0,21,0,0,0,0,0,3,0,0,0,3,0,0,3,0,0,3,3,0,0,9,0,0,0,0,0,10,10,0,0,20,0,4,0,0,0,0,0,0,0,4,3,0,0,0,0,4,0,0,0,7,0,0,0,0,0,0,0,0,0,0,38,33,34,32,37,67,49,15,9,314,38,36,34,32,42,67,52,15,9,325,1240,603,571,653,825,808,590,418,156,5864
LGA15850,1513,621,575,750,818,828,611,337,92,6145,3,7,0,0,3,3,3,0,0,19,32,43,19,21,19,27,24,15,4,204,0,0,3,0,0,3,3,0,0,9,9,4,5,0,0,8,6,0,0,32,0,0,0,0,3,3,0,0,0,6,0,0,0,0,0,0,0,0,0,0,0,0,0,0,0,0,5,5,0,10,0,3,3,3,0,0,0,0,0,9,0,0,0,0,0,0,0,0,0,0,0,0,0,0,0,0,0,0,0,0,41,50,30,24,22,41,38,20,4,270,44,57,30,24,25,44,41,20,4,289,1557,678,605,774,843,872,652,357,96,6434
LGA15900,24523,20414,20779,19020,18929,15742,10454,7733,3711,141305,25,45,38,24,17,24,7,12,4,196,551,1377,965,683,663,629,449,335,192,5844,7,38,45,46,47,34,20,4,0,241,18,40,63,52,62,78,29,3,0,345,3,4,0,8,14,16,9,0,0,54,6,3,19,11,12,15,7,3,0,76,3,3,3,3,3,3,8,0,0,26,4,4,4,3,0,0,0,0,0,15,0,12,11,6,10,4,3,3,3,52,0,0,0,0,0,0,0,0,0,0,592,1481,1110,812,811,779,525,348,195,6653,617,1526,1148,836,828,803,532,360,199,6849,25140,21940,21927,19856,19757,16545,10986,8093,3910,148154
LGA15950,6782,5091,15779,10871,7036,6496,4252,2113,1011,59431,0,4,22,10,10,10,5,5,3,69,178,312,444,259,262,277,154,86,29,2001,6,12,60,75,66,55,29,5,5,313,4,11,30,41,69,44,12,4,3,218,0,3,3,16,12,22,12,3,0,71,3,3,15,21,19,9,4,3,0,77,0,3,3,5,3,8,3,0,0,25,0,0,3,0,3,3,0,0,3,12,3,3,18,6,14,19,4,3,3,73,0,0,0,0,0,0,0,0,0,0,194,347,576,423,448,437,218,104,43,2790,194,351,598,433,458,447,223,109,46,2859,6976,5442,16377,11304,7494,6943,4475,2222,1057,62290
LGA16100,1007,568,422,620,637,707,488,223,77,4749,0,4,5,0,0,3,6,0,0,18,150,47,21,11,32,33,18,0,7,319,0,0,0,0,0,3,5,3,0,11,3,3,5,0,0,5,0,0,0,16,0,0,0,0,0,0,0,0,0,0,0,0,0,0,0,0,0,0,0,0,0,0,0,4,0,0,0,0,0,4,0,3,0,0,0,0,0,0,0,3,0,0,0,0,0,0,0,0,0,0,0,0,0,0,0,0,0,0,0,0,153,53,26,15,32,41,23,3,7,353,153,57,31,15,32,44,29,3,7,371,1160,625,453,635,669,751,517,226,84,5120
LGA16150,8215,4850,4543,4715,4595,3988,2581,1770,749,36006,13,24,14,5,3,5,4,3,0,71,171,435,336,252,266,208,126,68,34,1896,3,16,30,20,23,11,13,0,0,116,4,18,43,47,38,29,5,3,0,187,3,0,9,10,8,3,4,0,0,37,0,15,19,20,22,15,6,0,0,97,0,3,0,0,5,9,0,0,0,17,0,0,3,0,0,0,0,0,0,3,0,18,4,6,0,0,5,0,0,33,0,0,0,0,0,0,0,0,0,0,181,505,444,355,362,275,159,71,34,2386,194,529,458,360,365,280,163,74,34,2457,8409,5379,5001,5075,4960,4268,2744,1844,783,38463
LGA16180,3022,1401,1072,2124,2339,2038,988,364,93,13441,7,5,0,8,3,6,3,0,3,35,251,62,63,63,69,60,39,16,5,628,6,7,3,0,4,8,7,0,3,38,156,45,6,13,12,7,6,0,3,248,3,0,0,0,0,3,6,0,0,12,52,4,5,4,0,4,0,0,0,69,0,0,0,0,0,4,0,0,0,4,3,0,0,0,0,0,0,0,0,3,5,31,18,11,17,14,8,5,0,109,0,0,0,0,0,0,0,0,0,0,476,149,95,91,102,100,66,21,11,1111,483,154,95,99,105,106,69,21,14,1146,3505,1555,1167,2223,2444,2144,1057,385,107,14587
LGA16200,3156,1556,1419,1653,1856,1610,1221,890,354,13715,15,13,5,9,9,0,3,6,0,60,49,95,75,91,96,85,48,15,10,564,0,6,7,5,9,18,27,7,0,79,3,11,13,3,12,15,13,3,0,73,0,0,3,0,0,4,7,3,0,17,0,0,0,0,0,5,3,0,0,8,0,0,0,4,0,0,0,0,0,4,0,0,0,0,0,0,0,3,0,3,3,0,0,0,3,6,3,0,0,15,0,0,0,0,0,0,0,0,0,0,55,112,98,103,120,133,101,31,10,763,70,125,103,112,129,133,104,37,10,823,3226,1681,1522,1765,1985,1743,1325,927,364,14538
LGA16250,31071,21555,32203,23483,20031,15290,9538,6441,2917,162529,47,49,76,41,21,20,14,13,3,284,543,589,835,605,527,463,268,160,97,4087,5,18,69,109,120,58,19,8,3,409,13,23,41,63,90,52,12,7,3,304,0,11,11,11,28,24,6,3,3,97,3,14,20,24,18,13,4,3,0,99,8,6,0,0,0,6,0,0,0,20,0,5,3,0,0,4,0,0,0,12,4,15,16,14,22,7,4,3,0,85,0,0,0,0,0,0,0,0,0,0,576,681,995,826,805,627,313,184,106,5113,623,730,1071,867,826,647,327,197,109,5397,31694,22285,33274,24350,20857,15937,9865,6638,3026,167926
LGA16350,38034,25365,25332,24600,23650,19743,9918,4824,1819,173285,37,35,30,29,23,18,7,5,0,184,634,939,775,466,385,338,253,157,88,4035,7,11,21,26,14,15,5,3,0,102,23,24,47,32,40,29,23,8,3,229,3,0,9,3,4,11,3,0,0,33,7,4,5,9,12,6,3,0,0,46,3,4,0,0,0,12,5,3,0,27,0,0,3,0,3,3,0,0,0,9,0,9,4,4,15,0,0,0,0,32,0,0,0,0,0,0,0,0,0,0,677,991,864,540,473,414,292,171,91,4513,714,1026,894,569,496,432,299,176,91,4697,38748,26391,26226,25169,24146,20175,10217,5000,1910,177982
LGA16370,11099,5933,4583,7803,8385,7348,4839,2767,1431,54188,8,3,5,15,7,10,6,5,3,62,160,193,187,131,162,151,96,71,66,1217,3,3,3,6,5,6,7,3,0,36,3,3,8,5,8,15,17,4,3,66,0,3,3,3,0,3,5,3,0,20,0,3,3,4,6,0,7,5,0,28,3,3,3,3,4,5,3,3,0,27,0,0,3,0,0,0,3,0,0,6,3,3,3,0,0,0,0,0,3,12,0,0,0,0,0,0,0,0,0,0,172,211,213,152,185,180,138,89,72,1412,180,214,218,167,192,190,144,94,75,1474,11279,6147,4801,7970,8577,7538,4983,2861,1506,55662
LGA16380,12464,6706,5341,8052,9506,9510,8541,5899,2349,68368,26,14,15,14,18,13,16,9,3,128,369,410,351,370,414,509,507,232,92,3254,21,13,26,10,28,102,193,100,9,502,14,31,35,32,38,50,60,10,0,270,3,5,3,4,5,16,22,12,0,70,6,11,7,4,16,13,8,0,0,65,3,4,3,0,3,22,17,7,0,59,3,0,0,0,3,3,3,0,0,12,3,7,3,11,17,19,13,7,4,84,0,0,0,0,0,0,0,0,0,0,422,481,428,431,524,734,823,368,105,4316,448,495,443,445,542,747,839,377,108,4444,12912,7201,5784,8497,10048,10257,9380,6276,2457,72812
LGA16400,12350,7099,5828,7727,8455,8090,6665,3636,1256,61106,21,12,15,15,19,13,15,30,52,192,283,321,256,240,286,306,341,126,40,2199,6,5,14,8,18,48,58,21,4,182,13,17,32,39,24,32,24,6,3,190,3,6,3,5,5,13,9,3,0,47,4,5,9,4,8,9,7,0,0,46,3,0,0,4,8,7,7,4,0,33,0,4,4,0,0,4,0,0,0,12,0,6,18,7,8,6,7,3,0,55,0,0,0,0,0,0,0,0,0,0,312,364,336,307,357,425,453,163,47,2764,333,376,351,322,376,438,468,193,99,2956,12683,7475,6179,8049,8831,8528,7133,3829,1355,64062
LGA16470,7544,4866,5395,5960,5443,3710,1918,1099,422,36357,14,3,12,5,3,4,0,4,0,45,85,178,165,150,206,163,70,35,12,1064,7,6,4,7,30,17,15,9,3,98,38,10,12,14,22,35,13,0,0,144,5,0,3,0,5,8,3,4,0,28,3,0,0,5,0,3,4,3,3,21,0,0,3,0,3,3,3,0,0,12,0,4,0,0,0,0,0,0,0,4,30,99,58,36,27,11,8,0,0,269,0,0,0,0,0,0,0,0,0,0,168,297,245,212,293,240,116,51,18,1640,182,300,257,217,296,244,116,55,18,1685,7726,5166,5652,6177,5739,3954,2034,1154,440,38042
LGA16550,18996,19362,23207,19228,15301,11910,7952,5658,2645,124259,13,49,33,26,14,11,21,16,12,195,427,821,769,526,382,375,221,172,96,3789,7,27,32,38,23,37,8,4,0,176,9,40,54,32,51,26,23,4,0,239,0,9,11,9,9,7,5,0,0,50,4,11,13,8,6,7,10,3,0,62,0,4,3,0,0,7,4,6,0,24,0,12,4,0,0,4,3,0,0,23,15,34,15,16,13,11,5,3,0,112,0,0,0,0,0,0,0,0,0,0,462,958,901,629,484,474,279,192,96,4475,475,1007,934,655,498,485,300,208,108,4670,19471,20369,24141,19883,15799,12395,8252,5866,2753,128929
LGA16610,4448,2327,1886,2401,2915,2884,2090,1420,529,20900,21,5,11,8,4,8,5,0,3,65,70,150,69,52,95,131,162,83,28,840,0,4,0,0,3,37,112,50,0,206,15,18,16,22,22,29,28,8,0,158,3,0,4,3,3,7,9,4,0,33,0,0,0,0,5,0,0,0,0,5,0,0,0,0,4,14,6,0,0,24,0,0,0,0,0,0,0,0,0,0,0,0,0,5,0,6,4,0,0,15,0,0,0,0,0,0,0,0,0,0,88,172,89,82,132,224,321,145,28,1281,109,177,100,90,136,232,326,145,31,1346,4557,2504,1986,2491,3051,3116,2416,1565,560,22246
LGA16650,16640,11304,16630,14186,11966,9912,6931,4986,2369,94924,15,22,36,23,11,18,10,3,0,138,210,218,346,275,222,187,112,75,34,1679,3,4,11,23,25,14,4,0,0,84,6,15,7,16,28,26,13,4,0,115,0,0,3,8,5,4,3,5,0,28,9,8,11,15,9,4,9,0,0,65,0,0,3,3,3,10,3,0,0,22,0,0,0,0,0,0,0,0,0,0,0,3,7,0,12,15,11,4,0,52,0,0,0,0,0,0,0,0,0,0,228,248,388,340,304,260,155,88,34,2045,243,270,424,363,315,278,165,91,34,2183,16883,11574,17054,14549,12281,10190,7096,5077,2403,97107
LGA16700,16737,14011,16330,14856,13388,10474,6673,5087,2366,99922,15,29,29,16,12,13,0,8,9,131,176,436,413,272,237,255,168,123,106,2186,9,19,50,69,78,45,14,9,0,293,11,13,46,45,70,41,16,0,3,245,0,9,19,28,12,14,7,3,0,92,7,18,31,8,30,12,9,0,0,115,0,13,9,8,7,8,9,4,0,58,0,3,0,5,8,0,0,0,0,16,0,9,5,7,8,6,0,0,0,35,0,0,0,0,0,0,0,0,0,0,203,520,573,442,450,381,223,139,109,3040,218,549,602,458,462,394,223,147,118,3171,16955,14560,16932,15314,13850,10868,6896,5234,2484,103093
LGA16900,13256,8112,6878,8471,8795,6925,4862,2895,876,61070,11,15,6,14,9,3,5,5,0,68,259,269,259,153,118,129,91,72,34,1384,3,3,3,0,10,7,9,4,3,42,5,13,7,6,12,20,4,3,3,73,0,0,0,0,4,0,3,0,0,7,4,3,6,0,4,3,3,3,0,26,0,0,0,4,0,3,3,0,0,10,0,0,0,0,3,3,0,0,0,6,0,3,3,0,3,0,0,0,0,9,0,0,0,0,0,0,0,0,0,0,271,291,278,163,154,165,113,82,40,1557,282,306,284,177,163,168,118,87,40,1625,13538,8418,7162,8648,8958,7093,4980,2982,916,62695
LGA16950,15921,9284,7251,9748,12127,12424,10647,6918,2466,86786,25,29,27,20,33,20,16,10,0,180,431,562,392,331,372,486,387,194,93,3248,4,7,16,30,20,42,50,13,0,182,15,16,24,15,28,19,16,3,0,136,0,0,3,0,7,14,7,3,0,34,8,3,13,18,3,12,5,0,0,62,0,0,0,4,7,11,10,3,0,35,3,3,0,0,3,0,0,0,0,9,10,25,23,15,29,40,29,10,0,181,3,3,0,0,0,0,0,0,0,6,474,619,471,413,469,624,504,226,93,3893,499,648,498,433,502,644,520,236,93,4073,16420,9932,7749,10181,12629,13068,11167,7154,2559,90859
LGA17000,4927,3070,2757,3268,3110,2298,1227,725,248,21630,6,15,3,3,6,4,0,0,0,37,74,234,205,125,136,129,44,27,15,989,0,8,11,3,13,8,5,0,0,48,5,28,54,28,23,13,10,0,0,161,0,3,7,3,3,0,3,0,0,19,3,6,7,5,4,4,3,0,0,32,0,0,3,0,0,5,0,0,0,8,3,3,3,3,0,0,0,0,0,12,0,3,0,3,3,3,0,0,0,12,0,0,0,0,0,0,0,0,0,0,85,285,290,170,182,162,65,27,15,1281,91,300,293,173,188,166,65,27,15,1318,5018,3370,3050,3441,3298,2464,1292,752,263,22948
LGA17050,1431,896,790,1071,1112,842,516,244,66,6968,6,7,5,3,4,10,3,4,0,42,1420,2231,1003,1148,1162,1036,577,120,17,8714,37,77,59,55,69,53,28,4,0,382,442,325,201,207,187,138,46,5,0,1551,22,38,29,26,4,30,27,0,0,176,20,30,30,13,27,6,7,0,0,133,3,16,9,6,7,10,4,0,0,55,3,0,3,0,3,3,0,0,0,12,63,72,71,73,84,79,56,17,0,515,0,0,0,0,0,0,0,0,0,0,2010,2789,1405,1528,1543,1355,745,146,17,11538,2016,2796,1410,1531,1547,1365,748,150,17,11580,3447,3692,2200,2602,2659,2207,1264,394,83,18548
LGA17100,5669,5463,6868,4335,4595,3295,2034,1408,648,34315,3,8,9,9,5,5,3,0,0,42,68,86,119,72,67,50,26,20,9,517,0,0,5,8,3,3,3,3,0,25,0,5,6,0,6,4,0,0,0,21,0,0,0,0,0,0,0,0,0,0,0,5,0,0,6,0,0,0,0,11,0,0,0,0,0,0,0,0,0,0,0,0,0,0,0,0,0,0,0,0,0,0,3,0,3,0,0,0,0,6,0,0,0,0,0,0,0,0,0,0,68,96,133,80,85,57,29,23,9,580,71,104,142,89,90,62,32,23,9,622,5740,5567,7010,4424,4685,3357,2066,1431,657,34937
LGA17150,39687,25826,24740,29518,29148,24511,15312,10282,4390,203414,29,32,18,27,30,21,8,9,4,178,609,694,736,462,361,428,319,250,200,4059,6,14,21,10,17,21,17,3,6,115,15,15,44,26,43,59,33,16,3,254,3,3,9,4,3,4,5,0,0,31,3,3,20,15,8,12,14,3,0,78,3,3,0,4,3,6,6,0,0,25,0,5,3,0,0,0,0,0,0,8,3,3,4,7,3,4,7,0,0,31,0,0,0,0,0,0,0,0,0,0,642,740,837,528,438,534,401,272,209,4601,671,772,855,555,468,555,409,281,213,4779,40358,26598,25595,30073,29616,25066,15721,10563,4603,208193
LGA17200,11668,25744,52985,28027,17698,13400,7477,3962,1380,162341,16,111,64,55,27,32,12,12,0,329,591,1873,2429,1766,1610,1396,710,330,144,10849,67,229,701,860,887,436,131,42,6,3359,47,150,373,492,440,329,123,8,6,1968,18,70,111,155,191,139,50,24,3,761,19,94,208,243,208,231,76,24,0,1103,6,17,29,38,71,78,28,8,3,278,3,7,18,25,22,19,3,0,0,97,9,99,109,157,146,89,54,12,0,675,0,0,0,0,0,0,0,0,0,0,760,2539,3978,3736,3575,2717,1175,448,162,19090,776,2650,4042,3791,3602,2749,1187,460,162,19419,12444,28394,57027,31818,21300,16149,8664,4422,1542,181760
LGA17310,11406,6415,5712,6697,7253,6636,4802,2933,1148,53002,48,18,15,14,11,21,19,6,0,152,317,479,319,237,307,310,252,106,32,2359,0,5,8,13,20,30,23,9,0,108,22,21,44,39,26,42,31,0,0,225,0,3,11,3,4,7,16,5,0,49,3,3,8,3,0,7,0,0,0,24,3,3,0,5,0,0,4,4,0,19,0,0,0,0,5,0,0,0,0,5,3,0,3,4,0,7,8,0,0,25,0,0,0,0,0,0,0,0,0,0,348,514,393,304,362,403,334,124,32,2814,396,532,408,318,373,424,353,130,32,2966,11802,6947,6120,7015,7626,7060,5155,3063,1180,55968
LGA17350,1131,563,418,614,789,745,575,425,163,5423,3,0,6,0,0,4,0,0,0,13,23,20,18,14,24,29,18,5,4,155,0,0,5,0,3,3,10,3,0,24,3,0,0,7,0,4,3,3,0,20,0,0,0,0,0,0,0,0,0,0,0,0,0,0,0,5,0,0,0,5,0,0,0,0,0,0,4,0,0,4,0,0,0,0,0,0,0,0,0,0,0,7,0,0,0,0,0,0,0,7,0,0,0,0,0,0,0,0,0,0,26,27,23,21,27,41,35,11,4,215,29,27,29,21,27,45,35,11,4,228,1160,590,447,635,816,790,610,436,167,5651
LGA17400,1250,501,477,740,909,1107,759,395,142,6280,6,0,0,5,9,4,4,0,0,28,28,19,32,24,27,50,40,15,3,238,0,0,0,0,4,3,15,0,0,22,11,22,13,10,13,23,9,10,0,111,0,3,0,0,0,3,3,0,0,9,0,0,0,0,0,3,0,0,3,6,0,0,0,0,0,3,4,0,0,7,0,0,0,3,0,0,0,0,0,3,3,0,0,4,0,0,0,0,0,7,0,0,0,0,0,0,0,0,0,0,42,44,45,41,44,85,71,25,6,403,48,44,45,46,53,89,75,25,6,431,1298,545,522,786,962,1196,834,420,148,6711
LGA17420,35861,22682,17233,25253,24518,20571,12091,5039,1750,164998,26,15,7,19,22,13,10,12,0,124,310,484,479,280,226,260,236,129,96,2500,13,12,33,36,25,13,15,8,4,159,16,19,24,33,41,34,28,13,0,208,3,0,11,9,11,8,8,0,5,55,7,3,14,7,8,13,6,3,0,61,0,4,12,5,0,8,0,0,0,29,0,0,0,0,0,0,3,0,0,3,3,6,13,4,4,3,0,0,0,33,0,0,0,0,0,0,0,0,0,0,352,528,586,374,315,339,296,153,105,3048,378,543,593,393,337,352,306,165,105,3172,36239,23225,17826,25646,24855,20923,12397,5204,1855,168170
LGA17450,613,290,300,408,478,457,329,176,76,3127,5,0,0,6,0,0,0,0,0,11,10,29,24,5,10,17,4,13,3,115,3,0,5,6,7,8,0,0,0,29,0,0,0,0,0,0,0,0,0,0,0,0,0,0,0,0,0,0,0,0,0,0,0,0,0,0,0,0,0,0,0,0,0,0,0,0,5,0,0,5,0,0,0,0,0,0,0,0,0,0,0,0,3,0,0,0,3,0,0,6,0,0,0,0,0,0,0,0,0,0,13,29,32,11,17,25,12,13,3,155,18,29,32,17,17,25,12,13,3,166,631,319,332,425,495,482,341,189,79,3293
LGA17500,2176,1076,1072,1328,1464,1324,987,611,248,10286,0,3,6,0,6,7,5,5,3,35,55,90,52,56,60,75,26,17,5,436,0,10,10,9,17,4,4,0,0,54,5,5,5,3,6,7,0,0,0,31,0,0,0,3,0,0,3,0,0,6,0,0,0,0,4,0,0,0,0,4,0,0,0,3,3,0,0,0,0,6,0,0,0,0,0,0,0,0,0,0,0,3,0,3,0,3,0,0,0,9,0,0,0,0,0,0,0,0,0,0,60,108,67,77,90,89,33,17,5,546,60,111,73,77,96,96,38,22,8,581,2236,1187,1145,1405,1560,1420,1025,633,256,10867
LGA17550,14794,8280,7101,9807,11556,10828,8787,6845,2792,80790,29,21,21,25,32,22,14,17,5,186,276,340,250,242,296,417,382,215,64,2482,34,12,37,62,77,221,365,255,42,1105,216,133,177,129,149,214,134,45,19,1216,8,6,8,8,15,48,113,66,8,280,12,3,11,13,17,15,19,5,0,95,0,7,7,3,11,34,66,36,6,170,0,3,4,3,3,0,0,0,0,13,0,6,4,4,5,16,19,6,0,60,0,0,0,0,0,0,0,0,0,0,546,510,498,464,573,965,1098,628,139,5421,575,531,519,489,605,987,1112,645,144,5607,15369,8811,7620,10296,12161,11815,9899,7490,2936,86397
LGA17620,2812,1454,1541,1682,1786,1615,1132,696,274,12992,7,5,4,6,4,4,6,0,0,36,53,114,101,87,102,86,62,21,7,633,0,3,3,5,0,3,8,3,0,25,0,5,3,5,7,8,5,5,0,38,0,0,0,4,0,0,4,0,0,8,0,0,3,0,4,3,0,0,0,10,0,0,0,0,0,0,0,0,0,0,0,0,0,0,0,0,3,0,0,3,0,0,0,0,0,0,0,0,0,0,0,0,0,0,0,0,0,0,0,0,53,122,110,101,113,100,82,29,7,717,60,127,114,107,117,104,88,29,7,753,2872,1581,1655,1789,1903,1719,1220,725,281,13745
LGA17640,1275,610,478,829,1061,1044,821,462,139,6719,3,0,3,8,5,0,3,0,0,22,27,26,28,18,31,30,24,13,10,207,0,0,0,0,0,0,3,6,0,9,0,0,0,0,0,0,0,0,0,0,0,3,3,0,0,0,0,0,0,6,0,0,0,0,0,0,0,0,0,0,0,0,0,0,0,0,0,0,0,0,0,0,0,0,0,0,0,0,0,0,3,6,0,3,5,3,0,0,0,20,0,0,0,0,0,0,0,0,0,0,30,35,31,21,36,33,27,19,10,242,33,35,34,29,41,33,30,19,10,264,1308,645,512,858,1102,1077,851,481,149,6983
LGA17650,1221,576,464,713,873,874,517,268,77,5583,5,9,3,0,7,6,0,0,0,30,17,30,25,20,25,34,14,6,5,176,0,0,0,0,0,0,3,3,0,6,3,4,5,4,0,4,3,3,0,26,3,0,0,0,0,0,0,0,0,3,0,0,0,0,0,0,0,3,0,3,0,0,0,0,0,0,0,0,0,0,0,0,0,0,0,0,0,0,0,0,0,0,0,0,0,0,0,0,0,0,0,0,0,0,0,0,0,0,0,0,23,34,30,24,25,38,20,15,5,214,28,43,33,24,32,44,20,15,5,244,1249,619,497,737,905,918,537,283,82,5827
LGA17700,229,93,82,110,167,170,137,76,26,1090,0,3,0,0,0,0,3,0,0,6,4,7,0,0,0,3,0,0,0,14,0,0,0,0,0,0,3,0,0,3,0,0,0,0,0,0,0,0,0,0,0,0,0,0,0,3,0,0,0,3,0,0,0,0,0,0,0,0,0,0,0,0,0,0,0,0,0,0,0,0,0,0,0,0,0,0,0,0,0,0,0,0,0,0,0,0,0,0,0,0,0,0,0,0,0,0,0,0,0,0,4,7,0,0,0,6,3,0,0,20,4,10,0,0,0,6,6,0,0,26,233,103,82,110,167,176,143,76,26,1116
LGA17750,12255,9133,7187,7146,7108,6056,3703,2486,1073,56147,25,36,22,6,10,9,5,0,0,113,261,1009,399,281,282,245,163,103,61,2804,9,182,58,33,57,43,28,6,7,423,3,120,46,18,20,26,4,3,0,240,3,27,16,5,19,8,3,0,0,81,4,21,9,10,8,4,0,0,0,56,0,20,3,0,8,3,3,4,0,41,0,7,3,6,3,3,0,0,0,22,8,46,19,21,15,10,0,0,0,119,0,0,0,0,0,0,0,0,0,0,288,1432,553,374,412,342,201,116,68,3786,313,1468,575,380,422,351,206,116,68,3899,12568,10601,7762,7526,7530,6407,3909,2602,1141,60046
LGA17800,663,370,279,386,588,581,409,284,95,3655,10,3,0,3,6,4,0,4,0,30,5,8,4,7,5,9,10,3,3,54,14,24,24,19,24,32,22,32,7,198,3,0,3,0,0,0,0,0,0,6,0,0,0,0,3,0,4,4,0,11,0,0,3,0,0,0,0,3,0,6,0,0,0,0,0,0,4,0,0,4,0,0,0,0,0,5,0,0,0,5,0,0,0,0,0,0,3,0,0,3,0,0,0,0,0,0,0,0,0,0,22,32,34,26,32,46,43,42,10,287,32,35,34,29,38,50,43,46,10,317,695,405,313,415,626,631,452,330,105,3972
LGA17850,532,276,241,344,385,428,344,177,73,2800,3,3,0,0,3,3,3,0,0,15,14,27,18,14,28,25,15,5,3,149,0,0,0,3,0,4,3,0,0,10,0,3,3,3,3,3,3,0,0,18,0,0,0,0,3,0,0,0,0,3,0,0,0,0,0,0,0,0,0,0,0,0,0,0,0,0,0,0,0,0,0,0,0,0,0,0,0,0,0,0,0,0,0,0,0,0,0,0,0,0,0,0,0,0,0,0,0,0,0,0,14,30,21,20,34,32,21,5,3,180,17,33,21,20,37,35,24,5,3,195,549,309,262,364,422,463,368,182,76,2995
LGA17900,1276,560,627,733,864,870,645,263,69,5907,11,4,5,8,7,8,5,7,0,55,42,58,50,60,106,157,137,42,6,658,0,0,3,0,10,34,35,22,0,104,4,11,7,7,12,20,17,5,0,83,0,0,0,0,0,11,18,0,0,29,0,0,0,0,3,3,0,0,0,6,0,0,4,0,0,0,5,0,0,9,0,0,0,0,0,0,0,0,0,0,0,0,0,0,0,11,0,0,0,11,0,0,0,0,0,0,0,0,0,0,46,69,64,67,131,236,212,69,6,900,57,73,69,75,138,244,217,76,6,955,1333,633,696,808,1002,1114,862,339,75,6862
LGA17950,560,241,280,300,409,349,260,136,44,2579,0,3,3,0,3,0,0,0,0,9,6,58,16,13,31,31,17,4,3,179,0,0,3,0,0,0,0,0,0,3,3,0,0,0,0,3,0,0,0,6,0,0,0,0,0,0,0,0,0,0,0,3,0,0,0,0,0,0,0,3,0,0,0,0,0,0,0,0,0,0,0,3,0,0,0,0,0,0,0,3,0,0,0,0,0,0,3,3,0,6,0,0,0,0,0,0,0,0,0,0,9,64,19,13,31,34,20,7,3,200,9,67,22,13,34,34,20,7,3,209,569,308,302,313,443,383,280,143,47,2788
LGA18000,27708,14422,17215,22604,18992,13950,10200,6834,3752,135677,23,14,28,21,12,15,6,16,8,143,460,450,487,338,250,265,179,84,78,2591,5,16,19,18,6,6,17,7,0,94,11,15,13,20,24,25,16,10,0,134,0,3,3,4,15,9,8,0,0,42,0,3,10,5,0,8,10,4,0,40,0,0,0,4,3,5,5,3,0,20,0,5,3,4,0,0,0,0,0,12,0,8,3,0,4,3,6,0,3,27,0,0,0,0,0,0,0,0,0,0,476,500,538,393,302,321,241,108,81,2960,499,514,566,414,314,336,247,124,89,3103,28207,14936,17781,23018,19306,14286,10447,6958,3841,138780
LGA18020,1864,807,691,1001,1215,1316,1037,655,251,8837,17,14,9,6,3,11,3,0,3,66,32,42,25,38,53,55,62,24,8,339,5,4,3,4,12,37,27,8,0,100,6,6,9,7,5,3,4,3,0,43,0,0,0,0,0,3,13,0,0,16,0,0,0,0,3,3,0,0,0,6,0,0,0,0,0,0,3,3,0,6,0,0,0,0,0,0,0,0,0,0,0,0,0,0,0,3,0,0,0,3,0,0,0,0,0,0,0,0,0,0,43,52,37,49,73,104,109,38,8,513,60,66,46,55,76,115,112,38,11,579,1924,873,737,1056,1291,1431,1149,693,262,9416
LGA18050,9561,5912,14609,11030,7026,5453,3566,2422,1323,60902,9,12,17,22,7,8,9,7,4,95,118,212,359,219,155,128,88,54,38,1371,0,14,26,24,24,20,10,3,0,121,5,12,13,22,26,16,16,8,0,118,0,0,3,5,3,8,8,0,0,27,0,5,8,10,3,7,12,0,0,45,0,0,3,0,4,4,0,0,0,11,0,0,3,3,3,0,3,0,0,12,3,0,7,4,3,3,0,5,0,25,0,0,0,0,0,0,0,0,0,0,126,243,422,287,221,186,137,70,38,1730,135,255,439,309,228,194,146,77,42,1825,9696,6167,15048,11339,7254,5647,3712,2499,1365,62727
LGA18100,649,289,264,379,485,544,458,274,96,3438,9,0,5,0,0,5,0,0,0,19,8,12,6,10,12,12,10,3,0,73,0,0,0,0,0,0,0,0,0,0,4,0,0,0,3,0,0,0,0,7,0,0,0,0,0,0,4,0,0,4,0,0,3,0,0,3,0,0,0,6,0,0,0,0,0,0,0,0,0,0,0,0,0,0,0,4,0,0,0,4,0,4,0,0,0,0,0,0,0,4,0,0,0,0,0,0,0,0,0,0,12,16,9,10,15,19,14,3,0,98,21,16,14,10,15,24,14,3,0,117,670,305,278,389,500,568,472,277,96,3555
LGA18150,1692,883,833,991,1061,1059,850,513,146,8028,7,5,5,5,11,3,3,0,0,39,35,26,33,26,33,39,26,20,4,242,3,0,0,5,0,3,9,3,0,23,0,0,0,0,5,10,0,5,0,20,0,0,0,0,0,0,0,0,0,0,0,0,0,0,0,0,0,0,0,0,0,0,0,0,0,0,0,0,0,0,0,0,0,0,0,0,0,0,0,0,0,0,0,0,0,0,0,0,0,0,0,0,0,0,0,0,0,0,0,0,38,26,33,31,38,52,35,28,4,285,45,31,38,36,49,55,38,28,4,324,1737,914,871,1027,1110,1114,888,541,150,8352
LGA18200,1296,687,593,801,948,903,620,300,105,6253,9,0,8,6,8,3,0,0,0,34,12,30,27,35,40,48,31,10,0,233,15,39,51,46,37,60,52,43,7,350,4,3,4,0,10,7,6,4,0,38,3,11,11,5,6,26,43,20,5,130,3,3,6,0,0,0,3,0,0,15,0,0,0,5,3,3,0,0,0,11,0,0,0,0,0,0,0,0,0,0,0,0,0,3,3,0,0,0,0,6,0,0,0,0,0,0,0,0,0,0,37,86,99,94,99,144,135,77,12,783,46,86,107,100,107,147,135,77,12,817,1342,773,700,901,1055,1050,755,377,117,7070
LGA18250,12574,7461,10316,10873,8850,6864,3985,2715,1435,65073,0,21,24,5,5,7,5,5,5,77,183,212,299,247,224,255,217,189,142,1968,3,3,29,13,15,13,10,4,0,90,4,10,12,22,13,19,13,5,0,98,4,3,0,0,0,5,5,0,0,17,0,3,6,3,14,7,9,0,0,42,0,0,0,0,5,6,3,0,4,18,0,0,0,0,0,0,0,0,0,0,0,3,7,4,4,4,3,0,0,25,0,0,0,0,0,0,0,0,0,0,194,234,353,289,275,309,260,198,146,2258,194,255,377,294,280,316,265,203,151,2335,12768,7716,10693,11167,9130,7180,4250,2918,1586,67408
LGA18350,8386,4448,3095,5166,5969,5892,5045,2842,1126,41969,12,12,9,13,7,7,11,3,0,74,102,244,171,184,211,184,169,67,36,1368,9,0,6,10,11,15,24,6,0,81,4,6,8,5,18,23,8,8,0,80,0,0,4,3,4,3,3,0,0,17,5,0,4,5,0,5,3,0,0,22,0,0,0,0,0,6,7,0,0,13,0,4,0,0,0,0,0,0,0,4,0,5,4,9,13,13,5,0,3,52,0,0,0,0,0,0,0,0,0,0,120,259,197,216,257,249,219,81,39,1637,132,271,206,229,264,256,230,84,39,1711,8518,4719,3301,5395,6233,6148,5275,2926,1165,43680
LGA18400,9829,5524,4438,6350,6119,4960,2691,1293,448,41652,7,4,8,5,8,6,3,0,0,41,110,188,126,89,56,89,62,34,11,765,3,4,0,0,3,0,6,3,0,19,7,4,13,6,7,8,6,3,0,54,0,0,0,3,3,0,0,0,0,6,0,0,0,0,0,5,0,0,0,5,0,3,0,0,0,0,3,0,0,6,0,0,0,0,0,0,0,0,0,0,0,3,0,0,0,0,3,0,0,6,0,0,0,0,0,0,0,0,0,0,120,202,139,98,69,102,80,40,11,861,127,206,147,103,77,108,83,40,11,902,9956,5730,4585,6453,6196,5068,2774,1333,459,42554
LGA18450,34709,25936,22997,24697,25256,20858,15154,10782,4070,184459,43,40,53,24,36,31,15,11,9,262,668,1375,873,655,536,475,321,256,155,5314,27,18,43,31,34,28,20,5,0,206,18,31,30,45,32,41,25,15,0,237,0,3,3,8,3,5,5,3,0,30,7,7,11,8,16,4,5,0,0,58,3,3,3,4,8,5,3,0,0,29,0,4,0,7,0,0,0,0,0,11,3,20,16,15,21,15,0,0,0,90,0,0,0,0,0,0,0,0,0,0,726,1461,979,773,650,573,379,279,155,5975,769,1501,1032,797,686,604,394,290,164,6237,35478,27437,24029,25494,25942,21462,15548,11072,4234,190696
LGA18500,7879,5272,8913,7528,6342,5771,4131,2436,1476,49748,10,19,6,10,5,5,6,4,0,65,161,268,281,184,191,178,157,67,52,1539,5,15,21,11,17,16,10,4,0,99,6,11,14,11,15,29,15,3,0,104,0,0,3,4,0,6,7,4,0,24,0,7,5,10,3,4,13,4,0,46,0,0,0,0,3,0,6,0,0,9,0,0,3,0,0,0,0,0,0,3,0,7,5,0,3,6,9,0,0,30,0,0,0,0,0,0,0,0,0,0,172,308,332,220,232,239,217,82,52,1854,182,327,338,230,237,244,223,86,52,1919,8061,5599,9251,7758,6579,6015,4354,2522,1528,51667
LGA18550,29637,17489,15087,18574,18886,16765,13684,9221,3619,142962,34,30,18,30,16,30,7,11,7,183,641,817,592,470,446,410,379,266,149,4170,5,8,12,13,15,27,38,12,0,130,13,19,22,22,21,38,26,11,0,172,0,4,3,5,0,4,7,4,0,27,4,0,6,0,12,7,3,0,0,32,0,0,0,0,3,11,4,4,0,22,0,5,3,0,3,0,3,0,0,14,3,7,3,3,3,7,3,0,0,29,0,0,0,0,0,0,0,0,0,0,666,860,641,513,503,504,463,297,149,4596,700,890,659,543,519,534,470,308,156,4779,30337,18379,15746,19117,19405,17299,14154,9529,3775,147741
LGA18710,3229,1525,1317,2282,2134,1834,1092,558,217,14188,6,3,5,5,7,0,3,0,0,29,116,42,20,48,53,50,27,16,6,378,5,3,6,3,5,17,8,3,3,53,0,0,4,0,3,7,3,0,0,17,0,0,0,0,0,5,10,0,0,15,3,0,0,0,0,0,0,0,0,3,0,0,0,0,0,3,0,0,0,3,0,0,5,0,0,0,0,0,0,5,22,25,16,21,9,10,3,3,3,112,0,0,0,0,0,0,0,0,0,0,146,70,51,72,70,92,51,22,12,586,152,73,56,77,77,92,54,22,12,615,3381,1598,1373,2359,2211,1926,1146,580,229,14803
LGA18750,2597,1282,1110,1468,1501,1492,1075,677,310,11512,5,6,0,3,5,3,0,0,0,22,39,73,59,45,50,62,33,27,9,397,3,0,0,0,3,4,4,4,0,18,0,0,0,8,0,0,0,0,0,8,0,3,0,0,0,6,0,0,0,9,3,0,3,3,3,0,3,0,0,15,0,0,0,0,3,0,0,0,0,3,0,0,0,0,0,0,0,0,0,0,0,4,0,0,3,5,0,0,0,12,0,0,0,0,0,0,0,0,0,0,45,80,62,56,62,77,40,31,9,462,50,86,62,59,67,80,40,31,9,484,2647,1368,1172,1527,1568,1572,1115,708,319,11996
LGA19399,177,63,130,143,178,167,108,55,11,1032,0,0,0,0,0,3,0,0,0,3,56,58,68,79,120,190,143,58,6,778,32,29,18,46,53,99,93,41,10,421,7,5,12,15,32,54,54,22,3,204,8,4,6,15,15,34,53,22,6,163,34,23,21,41,82,137,189,93,13,633,3,3,6,6,16,14,8,4,3,63,7,0,5,6,6,4,0,0,0,28,7,6,4,10,14,9,11,4,0,65,0,0,0,0,0,0,0,0,0,0,154,128,140,218,338,541,551,244,41,2355,154,128,140,218,338,544,551,244,41,2358,331,191,270,361,516,711,659,299,52,3390
LGA19499,0,0,0,0,0,0,0,0,0,0,0,0,0,0,0,0,0,0,0,0,0,0,0,0,0,0,0,0,0,0,0,0,0,0,0,0,0,0,0,0,0,0,0,0,0,0,0,0,0,0,0,0,0,0,0,0,0,0,0,0,0,0,0,0,0,0,0,0,0,0,0,0,0,0,0,0,0,0,0,0,0,0,0,0,0,0,0,0,0,0,0,0,0,0,0,0,0,0,0,0,0,0,0,0,0,0,0,0,0,0,0,0,0,0,0,0,0,0,0,0,0,0,0,0,0,0,0,0,0,0,0,0,0,0,0,0,0,0,0,0
