region_id,M_15_19_Prvided_unpaid_assist,M_15_19_No_unpad_asst_prvided,M_15_19_Unpaid_assist_ns,M_15_19_Tot,M_20_24_Prvided_unpaid_assist,M_20_24_No_unpad_asst_prvided,M_20_24_Unpaid_assist_ns,M_20_24_Tot,M_25_34_Prvided_unpaid_assist,M_25_34_No_unpad_asst_prvided,M_25_34_Unpaid_assist_ns,M_25_34_Tot,M_35_44_Prvided_unpaid_assist,M_35_44_No_unpad_asst_prvided,M_35_44_Unpaid_assist_ns,M_35_44_Tot,M_45_54_Prvided_unpaid_assist,M_45_54_No_unpad_asst_prvided,M_45_54_Unpaid_assist_ns,M_45_54_Tot,M_55_64_Prvided_unpaid_assist,M_55_64_No_unpad_asst_prvided,M_55_64_Unpaid_assist_ns,M_55_64_Tot,M_65_74_Prvided_unpaid_assist,M_65_74_No_unpad_asst_prvided,M_65_74_Unpaid_assist_ns,M_65_74_Tot,M_75_84_Prvided_unpaid_assist,M_75_84_No_unpad_asst_prvided,M_75_84_Unpaid_assist_ns,M_75_84_Tot,M_85_ov_Prvided_unpaid_assist,M_85_ov_No_unpad_asst_prvided,M_85_ov_Unpaid_assist_ns,M_85_ov_Tot,M_Tot_prvided_unpaid_assist,M_Tot_No_unpaid_asst_prvided,M_Tot_Unpaid_assist_ns,M_Tot_Tot,F_15_19_Prvided_unpaid_assist,F_15_19_No_unpad_asst_prvided,F_15_19_Unpaid_assist_ns,F_15_19_Tot,F_20_24_Prvided_unpaid_assist,F_20_24_No_unpad_asst_prvided,F_20_24_Unpaid_assist_ns,F_20_24_Tot,F_25_34_Prvided_unpaid_assist,F_25_34_No_unpad_asst_prvided,F_25_34_Unpaid_assist_ns,F_25_34_Tot,F_35_44_Prvided_unpaid_assist,F_35_44_No_unpad_asst_prvided,F_35_44_Unpaid_assist_ns,F_35_44_Tot,F_45_54_Prvided_unpaid_assist,F_45_54_No_unpad_asst_prvided,F_45_54_Unpaid_assist_ns,F_45_54_Tot,F_55_64_Prvided_unpaid_assist,F_55_64_No_unpad_asst_prvided,F_55_64_Unpaid_assist_ns,F_55_64_Tot,F_65_74_Prvided_unpaid_assist,F_65_74_No_unpad_asst_prvided,F_65_74_Unpaid_assist_ns,F_65_74_Tot,F_75_84_Prvided_unpaid_assist,F_75_84_No_unpad_asst_prvided,F_75_84_Unpaid_assist_ns,F_75_84_Tot,F_85_ov_Prvided_unpaid_assist,F_85_ov_No_unpad_asst_prvided,F_85_ov_Unpaid_assist_ns,F_85_ov_Tot,F_Tot_prvided_unpaid_assist,F_Tot_No_unpaid_asst_prvided,F_Tot_Unpaid_assist_ns,F_Tot_Tot,P_15_19_Prvided_unpaid_assist,P_15_19_No_unpad_asst_prvided,P_15_19_Unpaid_assist_ns,P_15_19_Tot,P_20_24_Prvided_unpaid_assist,P_20_24_No_unpad_asst_prvided,P_20_24_Unpaid_assist_ns,P_20_24_Tot,P_25_34_Prvided_unpaid_assist,P_25_34_No_unpad_asst_prvided,P_25_34_Unpaid_assist_ns,P_25_34_Tot,P_35_44_Prvided_unpaid_assist,P_35_44_No_unpad_asst_prvided,P_35_44_Unpaid_assist_ns,P_35_44_Tot,P_45_54_Prvided_unpaid_assist,P_45_54_No_unpad_asst_prvided,P_45_54_Unpaid_assist_ns,P_45_54_Tot,P_55_64_Prvided_unpaid_assist,P_55_64_No_unpad_asst_prvided,P_55_64_Unpaid_assist_ns,P_55_64_Tot,P_65_74_Prvided_unpaid_assist,P_65_74_No_unpad_asst_prvided,P_65_74_Unpaid_assist_ns,P_65_74_Tot,P_75_84_Prvided_unpaid_assist,P_75_84_No_unpad_asst_prvided,P_75_84_Unpaid_assist_ns,P_75_84_Tot,P_85_ov_Prvided_unpaid_assist,P_85_ov_No_unpad_asst_prvided,P_85_ov_Unpaid_assist_ns,P_85_ov_Tot,P_Tot_prvided_unpaid_assist,P_Tot_No_unpaid_asst_prvided,P_Tot_Unpaid_assist_ns,P_Tot_Tot
LGA10050,67,1497,204,1768,84,1407,125,1616,190,2554,201,2945,287,2494,204,2985,373,2514,198,3085,399,2216,169,2784,198,1363,194,1755,109,778,181,1068,21,247,55,323,1728,15070,1531,18329,78,1547,154,1779,117,1602,110,1829,328,2537,164,3029,451,2535,176,3162,683,2514,155,3352,655,2071,182,2908,281,1458,232,1971,122,1038,250,1410,22,604,117,743,2737,15906,1540,20183,145,3044,358,3547,201,3009,235,3445,518,5091,365,5974,738,5029,380,6147,1056,5028,353,6437,1054,4287,351,5692,479,2821,426,3726,231,1816,431,2478,43,851,172,1066,4465,30976,3071,38512
LGA10110,33,938,113,1084,57,1019,75,1151,73,1105,129,1307,124,997,124,1245,226,1222,104,1552,189,1069,85,1343,100,679,92,871,46,352,64,462,14,126,25,165,862,7507,811,9180,61,1045,115,1221,66,1163,108,1337,149,1059,99,1307,221,1102,113,1436,312,1273,96,1681,310,992,73,1375,134,762,104,1000,63,468,130,661,13,230,64,307,1329,8094,902,10325,94,1983,228,2305,123,2182,183,2488,222,2164,228,2614,345,2099,237,2681,538,2495,200,3233,499,2061,158,2718,234,1441,196,1871,109,820,194,1123,27,356,89,472,2191,15601,1713,19505
LGA10150,46,813,129,988,82,1341,174,1597,166,3370,380,3916,268,2556,243,3067,351,2137,200,2688,272,1615,156,2043,130,918,147,1195,106,731,153,990,20,280,65,365,1441,13761,1647,16849,29,787,106,922,76,1391,126,1593,265,3361,318,3944,432,2633,222,3287,555,2167,188,2910,417,1532,149,2098,191,998,150,1339,96,920,173,1189,12,699,158,869,2073,14488,1590,18151,75,1600,235,1910,158,2732,300,3190,431,6731,698,7860,700,5189,465,6354,906,4304,388,5598,689,3147,305,4141,321,1916,297,2534,202,1651,326,2179,32,979,223,1234,3514,28249,3237,35000
LGA10200,89,1937,443,2469,195,2816,669,3680,495,6297,1322,8114,495,4118,827,5440,509,3608,649,4766,376,2574,369,3319,181,1363,205,1749,103,694,131,928,14,225,42,281,2457,23632,4657,30746,145,1755,307,2207,265,2525,356,3146,753,5524,729,7006,686,3837,524,5047,705,3362,454,4521,556,2418,251,3225,231,1256,197,1684,91,837,156,1084,26,463,87,576,3458,21977,3061,28496,234,3692,750,4676,460,5341,1025,6826,1248,11821,2051,15120,1181,7955,1351,10487,1214,6970,1103,9287,932,4992,620,6544,412,2619,402,3433,194,1531,287,2012,40,688,129,857,5915,45609,7718,59242
LGA10250,54,1046,131,1231,42,715,55,812,121,1378,106,1605,238,1884,122,2244,357,2221,149,2727,423,2274,150,2847,210,1591,154,1955,130,951,187,1268,50,370,100,520,1625,12430,1154,15209,51,1011,102,1164,77,670,38,785,180,1412,83,1675,399,2134,113,2646,648,2290,114,3052,708,2150,140,2998,359,1622,185,2166,160,1229,271,1660,40,669,170,879,2622,13187,1216,17025,105,2057,233,2395,119,1385,93,1597,301,2790,189,3280,637,4018,235,4890,1005,4511,263,5779,1131,4424,290,5845,569,3213,339,4121,290,2180,458,2928,90,1039,270,1399,4247,25617,2370,32234
LGA10300,4,61,12,77,0,47,9,56,16,85,6,107,12,122,15,149,18,134,21,173,12,141,25,178,7,82,17,106,6,45,10,61,0,7,3,10,75,724,118,917,3,53,7,63,3,47,7,57,10,94,8,112,25,112,11,148,45,123,19,187,36,98,16,150,13,71,7,91,4,44,15,63,0,19,8,27,139,661,98,898,7,114,19,140,3,94,16,113,26,179,14,219,37,234,26,297,63,257,40,360,48,239,41,328,20,153,24,197,10,89,25,124,0,26,11,37,214,1385,216,1815
LGA10350,316,5417,942,6675,366,5310,625,6301,926,9850,1164,11940,1193,9547,1013,11753,1481,9462,1001,11944,1273,7423,846,9542,644,4758,680,6082,406,2920,548,3874,103,1014,273,1390,6708,55701,7092,69501,389,5166,718,6273,597,5066,523,6186,1615,10090,1032,12737,2096,9494,1047,12637,2434,8858,904,12196,2031,6800,748,9579,854,4546,680,6080,456,3811,815,5082,88,1940,505,2533,10560,55771,6972,73303,705,10583,1660,12948,963,10376,1148,12487,2541,19940,2196,24677,3289,19041,2060,24390,3915,18320,1905,24140,3304,14223,1594,19121,1498,9304,1360,12162,862,6731,1363,8956,191,2954,778,3923,17268,111472,14064,142804
LGA10470,59,1322,187,1568,76,1347,237,1660,137,1799,408,2344,227,1908,306,2441,315,1980,209,2504,313,1770,178,2261,143,1173,151,1467,79,554,125,758,20,138,28,186,1369,11991,1829,15189,60,1259,139,1458,90,1353,97,1540,257,1771,114,2142,385,1966,138,2489,515,1913,122,2550,462,1596,154,2212,206,1114,144,1464,84,731,202,1017,14,382,65,461,2073,12085,1175,15333,119,2581,326,3026,166,2700,334,3200,394,3570,522,4486,612,3874,444,4930,830,3893,331,5054,775,3366,332,4473,349,2287,295,2931,163,1285,327,1775,34,520,93,647,3442,24076,3004,30522
LGA10550,53,853,143,1049,26,522,41,589,97,919,71,1087,154,1392,103,1649,298,1934,133,2365,390,2203,184,2777,215,1613,168,1996,106,745,162,1013,26,216,66,308,1365,10397,1071,12833,61,822,124,1007,39,435,32,506,161,992,87,1240,278,1475,95,1848,543,2002,125,2670,597,2001,144,2742,253,1474,172,1899,95,797,229,1121,11,355,129,495,2038,10353,1137,13528,114,1675,267,2056,65,957,73,1095,258,1911,158,2327,432,2867,198,3497,841,3936,258,5035,987,4204,328,5519,468,3087,340,3895,201,1542,391,2134,37,571,195,803,3403,20750,2208,26361
LGA10600,18,340,45,403,19,159,26,204,47,346,17,410,77,544,36,657,123,775,56,954,129,825,49,1003,80,543,50,673,37,299,42,378,6,101,20,127,536,3932,341,4809,23,343,39,405,24,177,11,212,77,339,22,438,144,656,24,824,221,838,42,1101,202,726,43,971,104,549,56,709,42,300,72,414,9,150,31,190,846,4078,340,5264,41,683,84,808,43,336,37,416,124,685,39,848,221,1200,60,1481,344,1613,98,2055,331,1551,92,1974,184,1092,106,1382,79,599,114,792,15,251,51,317,1382,8010,681,10073
LGA10650,5,260,45,310,5,131,7,143,29,257,18,304,35,345,27,407,63,398,33,494,84,546,38,668,54,432,61,547,33,232,67,332,14,54,28,96,322,2655,324,3301,12,176,30,218,12,115,5,132,45,290,18,353,64,348,29,441,132,400,25,557,132,454,27,613,71,448,57,576,28,212,79,319,3,87,70,160,499,2530,340,3369,17,436,75,528,17,246,12,275,74,547,36,657,99,693,56,848,195,798,58,1051,216,1000,65,1281,125,880,118,1123,61,444,146,651,17,141,98,256,821,5185,664,6670
LGA10750,510,9171,1459,11140,532,8966,981,10479,1502,19346,1723,22571,2143,18479,1625,22247,2071,15811,1356,19238,1696,11760,1087,14543,822,6195,880,7897,334,2607,608,3549,43,624,180,847,9653,92959,9899,112511,592,8863,1205,10660,781,8596,713,10090,2654,19949,1394,23997,3458,18119,1308,22885,3285,15065,1215,19565,2791,11262,1079,15132,1055,6152,959,8166,349,3562,799,4710,48,1555,322,1925,15013,93123,8994,117130,1102,18034,2664,21800,1313,17562,1694,20569,4156,39295,3117,46568,5601,36598,2933,45132,5356,30876,2571,38803,4487,23022,2166,29675,1877,12347,1839,16063,683,6169,1407,8259,91,2179,502,2772,24666,186082,18893,229641
LGA10800,11,138,20,169,3,117,8,128,23,250,20,293,41,279,23,343,57,370,15,442,52,321,20,393,30,224,21,275,19,144,33,196,3,36,11,50,239,1879,171,2289,9,150,22,181,10,98,3,111,37,239,10,286,46,290,20,356,69,302,12,383,85,269,15,369,38,211,37,286,19,156,41,216,4,81,16,101,317,1796,176,2289,20,288,42,350,13,215,11,239,60,489,30,579,87,569,43,699,126,672,27,825,137,590,35,762,68,435,58,561,38,300,74,412,7,117,27,151,556,3675,347,4578
LGA10850,10,174,30,214,10,159,17,186,16,257,13,286,40,368,31,439,61,408,32,501,61,392,40,493,37,249,47,333,14,152,42,208,3,23,6,32,252,2182,258,2692,12,176,34,222,14,136,13,163,43,280,15,338,60,400,21,481,100,358,35,493,82,306,28,416,41,256,41,338,21,151,36,208,0,61,6,67,373,2124,229,2726,22,350,64,436,24,295,30,349,59,537,28,624,100,768,52,920,161,766,67,994,143,698,68,909,78,505,88,671,35,303,78,416,3,84,12,99,625,4306,487,5418
LGA10900,120,2185,264,2569,87,1710,130,1927,236,2976,203,3415,474,4211,281,4966,740,4380,372,5492,824,4384,326,5534,396,2547,251,3194,137,1223,191,1551,44,335,102,481,3058,23951,2120,29129,117,2066,233,2416,142,1579,111,1832,396,3001,177,3574,857,4307,270,5434,1283,4550,322,6155,1277,4324,320,5921,521,2811,275,3607,196,1500,306,2002,39,796,238,1073,4828,24934,2252,32014,237,4251,497,4985,229,3289,241,3759,632,5977,380,6989,1331,8518,551,10400,2023,8930,694,11647,2101,8708,646,11455,917,5358,526,6801,333,2723,497,3553,83,1131,340,1554,7886,48885,4372,61143
LGA10950,8,73,16,97,5,65,8,78,10,117,12,139,15,175,16,206,16,165,21,202,16,117,25,158,9,121,27,157,7,53,13,73,0,14,0,14,86,900,138,1124,5,56,12,73,4,74,3,81,14,120,11,145,18,171,18,207,23,134,14,171,32,90,18,140,19,117,26,162,3,58,20,81,0,28,5,33,118,848,127,1093,13,129,28,170,9,139,11,159,24,237,23,284,33,346,34,413,39,299,35,373,48,207,43,298,28,238,53,319,10,111,33,154,0,42,5,47,204,1748,265,2217
LGA11000,13,58,7,78,4,37,3,44,12,85,3,100,24,111,13,148,32,151,9,192,20,170,14,204,12,113,13,138,6,46,12,64,0,25,7,32,123,796,81,1000,3,41,10,54,5,30,0,35,19,91,8,118,14,112,6,132,47,126,7,180,48,136,9,193,13,89,11,113,8,57,17,82,5,38,15,58,162,720,83,965,16,99,17,132,9,67,3,79,31,176,11,218,38,223,19,280,79,277,16,372,68,306,23,397,25,202,24,251,14,103,29,146,5,63,22,90,285,1516,164,1965
LGA11050,3,63,9,75,5,50,0,55,10,70,3,83,17,112,7,136,20,158,5,183,25,153,11,189,6,142,14,162,4,52,10,66,0,15,0,15,90,815,59,964,3,58,9,70,5,36,8,49,7,83,5,95,32,96,9,137,34,134,3,171,35,137,6,178,16,106,15,137,9,81,9,99,0,27,6,33,141,758,70,969,6,121,18,145,10,86,8,104,17,153,8,178,49,208,16,273,54,292,8,354,60,290,17,367,22,248,29,299,13,133,19,165,0,42,6,48,231,1573,129,1933
LGA11100,32,938,148,1118,62,1121,130,1313,183,2671,253,3107,269,2571,251,3091,325,2080,204,2609,220,1602,179,2001,145,1131,188,1464,89,634,130,853,11,158,45,214,1336,12906,1528,15770,52,965,114,1131,72,1068,106,1246,302,2676,233,3211,405,2498,235,3138,465,1815,178,2458,386,1566,184,2136,221,1192,196,1609,95,775,185,1055,15,385,58,458,2013,12940,1489,16442,84,1903,262,2249,134,2189,236,2559,485,5347,486,6318,674,5069,486,6229,790,3895,382,5067,606,3168,363,4137,366,2323,384,3073,184,1409,315,1908,26,543,103,672,3349,25846,3017,32212
LGA11150,7,56,26,89,3,63,16,82,11,123,21,155,28,142,37,207,21,145,31,197,10,129,27,166,4,68,30,102,3,43,23,69,0,6,0,6,87,775,211,1073,6,37,34,77,8,71,8,87,25,154,26,205,35,144,31,210,31,130,30,191,16,96,27,139,6,66,21,93,4,34,19,57,0,6,7,13,131,738,203,1072,13,93,60,166,11,134,24,169,36,277,47,360,63,286,68,417,52,275,61,388,26,225,54,305,10,134,51,195,7,77,42,126,0,12,7,19,218,1513,414,2145
LGA11200,4,48,7,59,4,54,3,61,6,74,6,86,6,89,9,104,15,130,12,157,7,86,9,102,5,40,4,49,0,18,9,27,0,6,3,9,47,545,62,654,6,47,15,68,3,66,5,74,13,86,10,109,19,86,12,117,19,96,8,123,11,66,6,83,5,28,7,40,7,28,3,38,0,6,4,10,83,509,70,662,10,95,22,127,7,120,8,135,19,160,16,195,25,175,21,221,34,226,20,280,18,152,15,185,10,68,11,89,7,46,12,65,0,12,7,19,130,1054,132,1316
LGA11250,26,497,69,592,17,423,73,513,70,734,122,926,107,809,107,1023,168,1052,124,1344,208,989,133,1330,86,631,116,833,56,399,126,581,6,103,46,155,744,5637,916,7297,34,446,73,553,49,422,49,520,128,752,79,959,183,827,88,1098,275,1001,112,1388,268,894,106,1268,131,648,177,956,60,544,196,800,6,237,95,338,1134,5771,975,7880,60,943,142,1145,66,845,122,1033,198,1486,201,1885,290,1636,195,2121,443,2053,236,2732,476,1883,239,2598,217,1279,293,1789,116,943,322,1381,12,340,141,493,1878,11408,1891,15177
LGA11300,48,749,118,915,66,1396,183,1645,161,2779,311,3251,168,1670,144,1982,247,1636,144,2027,237,1187,120,1544,119,806,98,1023,72,579,111,762,24,194,70,288,1142,10996,1299,13437,61,889,96,1046,84,1428,112,1624,214,2461,210,2885,338,1715,130,2183,438,1598,143,2179,389,1179,112,1680,188,834,95,1117,90,724,159,973,30,377,116,523,1832,11205,1173,14210,109,1638,214,1961,150,2824,295,3269,375,5240,521,6136,506,3385,274,4165,685,3234,287,4206,626,2366,232,3224,307,1640,193,2140,162,1303,270,1735,54,571,186,811,2974,22201,2472,27647
LGA11350,23,748,138,909,27,540,94,661,96,1127,141,1364,202,1612,161,1975,275,1972,175,2422,313,1897,182,2392,112,868,101,1081,40,393,74,507,14,158,31,203,1102,9315,1097,11514,21,651,112,784,29,500,35,564,155,1225,89,1469,298,1984,141,2423,501,2056,172,2729,476,1619,142,2237,151,786,103,1040,61,486,145,692,8,285,75,368,1700,9592,1014,12306,44,1399,250,1693,56,1040,129,1225,251,2352,230,2833,500,3596,302,4398,776,4028,347,5151,789,3516,324,4629,263,1654,204,2121,101,879,219,1199,22,443,106,571,2802,18907,2111,23820
LGA11400,16,375,42,433,9,232,10,251,43,448,25,516,97,635,30,762,120,815,45,980,131,737,39,907,71,558,51,680,28,284,54,366,4,61,13,78,519,4145,309,4973,27,331,45,403,14,233,17,264,74,498,18,590,139,655,34,828,202,732,27,961,208,608,43,859,80,477,44,601,30,291,48,369,5,130,33,168,779,3955,309,5043,43,706,87,836,23,465,27,515,117,946,43,1106,236,1290,64,1590,322,1547,72,1941,339,1345,82,1766,151,1035,95,1281,58,575,102,735,9,191,46,246,1298,8100,618,10016
LGA11450,73,1902,209,2184,64,1590,110,1764,193,3181,183,3557,391,3848,202,4441,435,3029,188,3652,313,2326,146,2785,147,1206,146,1499,69,548,112,729,20,182,32,234,1705,17812,1328,20845,103,1755,196,2054,109,1549,88,1746,399,3369,149,3917,732,3772,204,4708,729,2933,156,3818,585,2071,162,2818,218,1214,157,1589,80,707,138,925,12,457,65,534,2967,17827,1315,22109,176,3657,405,4238,173,3139,198,3510,592,6550,332,7474,1123,7620,406,9149,1164,5962,344,7470,898,4397,308,5603,365,2420,303,3088,149,1255,250,1654,32,639,97,768,4672,35639,2643,42954
LGA11500,233,4894,821,5948,304,4691,440,5435,718,8559,689,9966,944,7459,669,9072,1108,7899,738,9745,1074,6885,639,8598,535,3157,461,4153,177,1158,303,1638,22,280,138,440,5115,44982,4898,54995,359,4574,695,5628,464,4666,428,5558,1333,8632,741,10706,1778,7558,684,10020,1998,7935,750,10683,1709,6597,675,8981,610,3118,506,4234,166,1575,482,2223,22,581,323,926,8439,45236,5284,58959,592,9468,1516,11576,768,9357,868,10993,2051,17191,1430,20672,2722,15017,1353,19092,3106,15834,1488,20428,2783,13482,1314,17579,1145,6275,967,8387,343,2733,785,3861,44,861,461,1366,13554,90218,10182,113954
LGA11520,67,1548,228,1843,110,2260,277,2647,296,5608,627,6531,475,4945,474,5894,615,3892,368,4875,552,3040,238,3830,271,2015,254,2540,161,1228,232,1621,51,368,95,514,2598,24904,2793,30295,83,1537,199,1819,128,2177,210,2515,443,5796,516,6755,816,5088,428,6332,1055,3875,311,5241,920,3065,258,4243,395,2123,255,2773,217,1530,304,2051,43,746,205,994,4100,25937,2686,32723,150,3085,427,3662,238,4437,487,5162,739,11404,1143,13286,1291,10033,902,12226,1670,7767,679,10116,1472,6105,496,8073,666,4138,509,5313,378,2758,536,3672,94,1114,300,1508,6698,50841,5479,63018
LGA11550,178,3435,637,4250,274,3854,566,4694,793,9134,1156,11083,1023,8076,893,9992,1038,7162,860,9060,743,5363,674,6780,432,3691,556,4679,348,2299,490,3137,83,566,189,838,4912,43580,6021,54513,242,3073,524,3839,325,3723,451,4499,1214,8621,1020,10855,1606,7747,944,10297,1644,6726,778,9148,1273,5106,608,6987,717,3655,557,4929,347,2570,626,3543,67,986,334,1387,7435,42207,5842,55484,420,6508,1161,8089,599,7577,1017,9193,2007,17755,2176,21938,2629,15823,1837,20289,2682,13888,1638,18208,2016,10469,1282,13767,1149,7346,1113,9608,695,4869,1116,6680,150,1552,523,2225,12347,85787,11863,109997
LGA11600,4,60,5,69,0,64,3,67,18,119,12,149,20,159,4,183,25,189,13,227,12,163,13,188,6,102,16,124,5,50,12,67,0,8,0,8,90,914,78,1082,0,52,11,63,8,55,3,66,23,109,3,135,26,130,9,165,43,148,9,200,30,87,9,126,10,89,7,106,6,49,8,63,0,19,6,25,146,738,65,949,4,112,16,132,8,119,6,133,41,228,15,284,46,289,13,348,68,337,22,427,42,250,22,314,16,191,23,230,11,99,20,130,0,27,6,33,236,1652,143,2031
LGA11700,5,47,4,56,4,41,15,60,13,94,24,131,20,107,15,142,15,118,18,151,8,151,9,168,7,95,13,115,0,24,7,31,0,3,0,3,72,680,105,857,3,58,5,66,9,43,6,58,10,100,5,115,19,91,7,117,18,101,12,131,20,94,6,120,12,51,10,73,5,25,3,33,3,4,3,10,99,567,57,723,8,105,9,122,13,84,21,118,23,194,29,246,39,198,22,259,33,219,30,282,28,245,15,288,19,146,23,188,5,49,10,64,3,7,3,13,171,1247,162,1580
LGA11720,74,1416,237,1727,77,1290,176,1543,214,2629,375,3218,307,2698,362,3367,419,2636,274,3329,490,2504,283,3277,248,1509,227,1984,97,710,181,988,13,206,55,274,1939,15598,2170,19707,86,1396,206,1688,116,1356,87,1559,413,2473,164,3050,574,2578,183,3335,756,2477,204,3437,807,2247,239,3293,313,1433,240,1986,97,969,270,1336,15,488,88,591,3177,15417,1681,20275,160,2812,443,3415,193,2646,263,3102,627,5102,539,6268,881,5276,545,6702,1175,5113,478,6766,1297,4751,522,6570,561,2942,467,3970,194,1679,451,2324,28,694,143,865,5116,31015,3851,39982
LGA11730,84,1350,216,1650,54,931,113,1098,177,1493,199,1869,311,2145,239,2695,544,2746,250,3540,595,3095,230,3920,322,2345,256,2923,159,1209,288,1656,35,314,84,433,2281,15628,1875,19784,116,1265,170,1551,109,842,69,1020,304,1639,116,2059,533,2261,162,2956,854,2666,172,3692,930,2716,184,3830,468,2151,277,2896,195,1318,327,1840,28,652,137,817,3537,15510,1614,20661,200,2615,386,3201,163,1773,182,2118,481,3132,315,3928,844,4406,401,5651,1398,5412,422,7232,1525,5811,414,7750,790,4496,533,5819,354,2527,615,3496,63,966,221,1250,5818,31138,3489,40445
LGA11750,4,126,33,163,5,138,16,159,14,289,39,342,27,278,29,334,27,317,30,374,25,219,38,282,13,123,26,162,3,59,20,82,0,15,3,18,118,1564,234,1916,4,116,15,135,7,123,10,140,29,270,26,325,34,218,26,278,55,244,22,321,38,176,22,236,19,128,17,164,9,74,17,100,0,31,10,41,195,1380,165,1740,8,242,48,298,12,261,26,299,43,559,65,667,61,496,55,612,82,561,52,695,63,395,60,518,32,251,43,326,12,133,37,182,0,46,13,59,313,2944,399,3656
LGA11800,99,2064,265,2428,90,1513,115,1718,218,2717,229,3164,397,3290,265,3952,587,3806,280,4673,678,3907,294,4879,342,2555,299,3196,189,1377,326,1892,53,402,154,609,2653,21631,2227,26511,112,1953,228,2293,102,1542,125,1769,378,2872,175,3425,711,3503,239,4453,969,4097,247,5313,1049,3577,267,4893,513,2503,368,3384,219,1528,419,2166,40,773,284,1097,4093,22348,2352,28793,211,4017,493,4721,192,3055,240,3487,596,5589,404,6589,1108,6793,504,8405,1556,7903,527,9986,1727,7484,561,9772,855,5058,667,6580,408,2905,745,4058,93,1175,438,1706,6746,43979,4579,55304
LGA11860,3,39,6,48,0,30,4,34,4,69,3,76,11,90,5,106,14,108,14,136,11,109,5,125,4,63,11,78,0,21,5,26,0,3,0,3,47,532,53,632,4,40,5,49,3,17,0,20,13,60,3,76,14,87,0,101,31,80,5,116,15,68,10,93,9,44,3,56,0,17,3,20,0,3,3,6,89,416,32,537,7,79,11,97,3,47,4,54,17,129,6,152,25,177,5,207,45,188,19,252,26,177,15,218,13,107,14,134,0,38,8,46,0,6,3,9,136,948,85,1169
LGA12000,7,98,18,123,7,70,3,80,11,128,4,143,34,191,16,241,34,239,25,298,38,213,16,267,25,181,25,231,13,101,25,139,0,24,9,33,169,1245,141,1555,9,102,25,136,7,75,12,94,27,141,3,171,50,186,14,250,71,204,21,296,61,177,10,248,39,160,27,226,15,103,17,135,0,52,17,69,279,1200,146,1625,16,200,43,259,14,145,15,174,38,269,7,314,84,377,30,491,105,443,46,594,99,390,26,515,64,341,52,457,28,204,42,274,0,76,26,102,448,2445,287,3180
LGA12050,19,289,22,330,12,201,25,238,32,341,72,445,56,494,78,628,94,618,77,789,113,521,39,673,40,393,40,473,26,200,35,261,13,63,13,89,405,3120,401,3926,18,253,32,303,23,173,9,205,53,361,25,439,118,501,38,657,153,581,34,768,144,475,33,652,80,361,48,489,24,224,51,299,10,132,19,161,623,3061,289,3973,37,542,54,633,35,374,34,443,85,702,97,884,174,995,116,1285,247,1199,111,1557,257,996,72,1325,120,754,88,962,50,424,86,560,23,195,32,250,1028,6181,690,7899
LGA12150,10,103,21,134,9,83,10,102,13,176,8,197,19,203,21,243,37,223,24,284,28,238,31,297,13,155,27,195,9,92,23,124,3,19,3,25,141,1292,168,1601,17,102,13,132,13,97,11,121,25,165,11,201,45,182,14,241,62,203,18,283,53,163,27,243,20,140,19,179,10,92,23,125,3,37,7,47,248,1181,143,1572,27,205,34,266,22,180,21,223,38,341,19,398,64,385,35,484,99,426,42,567,81,401,58,540,33,295,46,374,19,184,46,249,6,56,10,72,389,2473,311,3173
LGA12200,10,174,43,227,11,106,13,130,18,233,15,266,41,300,29,370,76,410,32,518,85,424,47,556,57,364,53,474,25,180,44,249,7,47,7,61,330,2238,283,2851,15,179,22,216,14,119,8,141,48,234,24,306,76,339,24,439,93,402,21,516,125,393,40,558,66,351,52,469,24,213,77,314,4,116,18,138,465,2346,286,3097,25,353,65,443,25,225,21,271,66,467,39,572,117,639,53,809,169,812,53,1034,210,817,87,1114,123,715,105,943,49,393,121,563,11,163,25,199,795,4584,569,5948
LGA12300,10,318,42,370,11,183,15,209,22,390,25,437,42,540,22,604,78,620,48,746,111,645,58,814,63,576,82,721,38,352,84,474,15,71,37,123,390,3695,413,4498,12,234,47,293,17,181,14,212,60,394,15,469,90,514,27,631,129,547,29,705,185,618,35,838,90,547,65,702,51,305,98,454,7,113,64,184,641,3453,394,4488,22,552,89,663,28,364,29,421,82,784,40,906,132,1054,49,1235,207,1167,77,1451,296,1263,93,1652,153,1123,147,1423,89,657,182,928,22,184,101,307,1031,7148,807,8986
LGA12350,16,341,49,406,19,252,39,310,42,405,43,490,58,546,69,673,111,631,67,809,119,725,81,925,71,567,86,724,40,280,88,408,3,93,19,115,479,3840,541,4860,22,331,54,407,19,187,12,218,75,401,50,526,128,548,49,725,160,574,59,793,201,645,67,913,79,550,86,715,44,329,95,468,8,174,30,212,736,3739,502,4977,38,672,103,813,38,439,51,528,117,806,93,1016,186,1094,118,1398,271,1205,126,1602,320,1370,148,1838,150,1117,172,1439,84,609,183,876,11,267,49,327,1215,7579,1043,9837
LGA12500,8,194,53,255,10,130,18,158,19,245,26,290,36,328,34,398,58,365,35,458,66,414,50,530,31,286,41,358,30,190,32,252,5,48,25,78,263,2200,314,2777,20,192,19,231,18,138,9,165,37,251,21,309,68,370,28,466,113,369,26,508,112,327,46,485,47,291,49,387,30,216,58,304,5,107,26,138,450,2261,282,2993,28,386,72,486,28,268,27,323,56,496,47,599,104,698,62,864,171,734,61,966,178,741,96,1015,78,577,90,745,60,406,90,556,10,155,51,216,713,4461,596,5770
LGA12600,62,1257,204,1523,59,985,87,1131,144,1836,150,2130,228,1983,155,2366,283,2061,178,2522,294,1727,129,2150,136,1128,143,1407,77,601,119,797,21,168,39,228,1304,11746,1204,14254,98,1142,160,1400,102,1090,80,1272,291,2090,102,2483,422,2060,142,2624,555,2093,144,2792,490,1592,118,2200,224,1156,185,1565,95,792,136,1023,20,389,69,478,2297,12404,1136,15837,160,2399,364,2923,161,2075,167,2403,435,3926,252,4613,650,4043,297,4990,838,4154,322,5314,784,3319,247,4350,360,2284,328,2972,172,1393,255,1820,41,557,108,706,3601,24150,2340,30091
LGA12700,18,273,34,325,11,155,13,179,32,276,22,330,48,405,29,482,79,559,33,671,95,514,46,655,47,395,41,483,16,173,23,212,8,40,6,54,354,2790,247,3391,22,214,22,258,16,152,9,177,50,303,13,366,92,428,35,555,154,485,26,665,176,422,31,629,61,301,37,399,21,154,33,208,3,90,17,110,595,2549,223,3367,40,487,56,583,27,307,22,356,82,579,35,696,140,833,64,1037,233,1044,59,1336,271,936,77,1284,108,696,78,882,37,327,56,420,11,130,23,164,949,5339,470,6758
LGA12750,52,888,150,1090,38,478,51,567,105,950,99,1154,186,1489,154,1829,294,1908,184,2386,479,2361,215,3055,256,2101,262,2619,139,1060,240,1439,33,296,85,414,1582,11531,1440,14553,45,801,120,966,50,470,40,560,155,1018,99,1272,320,1488,119,1927,520,1907,147,2574,681,2345,215,3241,349,1912,261,2522,155,1087,288,1530,33,553,131,717,2308,11581,1420,15309,97,1689,270,2056,88,948,91,1127,260,1968,198,2426,506,2977,273,3756,814,3815,331,4960,1160,4706,430,6296,605,4013,523,5141,294,2147,528,2969,66,849,216,1131,3890,23112,2860,29862
LGA12850,424,6181,950,7555,463,5896,535,6894,989,10189,943,12121,1270,9842,1044,12156,1497,10701,1045,13243,1190,8360,848,10398,617,4746,688,6051,319,2679,532,3530,65,672,169,906,6834,59266,6754,72854,439,5606,755,6800,645,5789,458,6892,1589,10414,962,12965,2128,10086,1137,13351,2642,10129,919,13690,2020,8052,862,10934,823,4647,723,6193,351,3294,643,4288,48,1275,257,1580,10685,59292,6716,76693,863,11787,1705,14355,1108,11685,993,13786,2578,20603,1905,25086,3398,19928,2181,25507,4139,20830,1964,26933,3210,16412,1710,21332,1440,9393,1411,12244,670,5973,1175,7818,113,1947,426,2486,17519,118558,13470,149547
LGA12900,14,286,43,343,11,202,10,223,26,374,28,428,45,423,41,509,83,498,26,607,84,498,42,624,50,382,53,485,17,193,49,259,0,55,18,73,330,2911,310,3551,13,233,27,273,16,206,12,234,60,367,27,454,100,421,33,554,128,453,20,601,121,447,35,603,66,355,59,480,22,242,70,334,0,124,31,155,526,2848,314,3688,27,519,70,616,27,408,22,457,86,741,55,882,145,844,74,1063,211,951,46,1208,205,945,77,1227,116,737,112,965,39,435,119,593,0,179,49,228,856,5759,624,7239
LGA12950,3,120,18,141,4,85,6,95,17,152,15,184,29,185,14,228,41,247,28,316,39,225,26,290,23,196,25,244,11,92,29,132,4,28,10,42,171,1330,171,1672,6,123,20,149,10,79,6,95,29,157,15,201,36,209,16,261,71,245,21,337,66,201,28,295,39,184,34,257,12,111,34,157,0,55,16,71,269,1364,190,1823,9,243,38,290,14,164,12,190,46,309,30,385,65,394,30,489,112,492,49,653,105,426,54,585,62,380,59,501,23,203,63,289,4,83,26,113,440,2694,361,3495
LGA13010,15,213,30,258,14,153,37,204,30,314,60,404,63,333,54,450,93,473,70,636,103,504,57,664,54,437,51,542,19,203,55,277,0,56,10,66,391,2686,424,3501,24,212,33,269,13,147,3,163,55,299,20,374,95,361,30,486,117,470,38,625,149,464,39,652,60,412,52,524,29,243,71,343,5,127,22,154,547,2735,308,3590,39,425,63,527,27,300,40,367,85,613,80,778,158,694,84,936,210,943,108,1261,252,968,96,1316,114,849,103,1066,48,446,126,620,5,183,32,220,938,5421,732,7091
LGA13050,11,127,17,155,9,69,5,83,11,140,9,160,41,213,15,269,42,297,13,352,54,320,33,407,42,299,18,359,21,133,28,182,0,35,19,54,231,1633,157,2021,7,111,14,132,4,65,6,75,18,151,4,173,55,214,7,276,70,249,16,335,97,297,17,411,58,249,32,339,27,180,39,246,6,68,14,88,342,1584,149,2075,18,238,31,287,13,134,11,158,29,291,13,333,96,427,22,545,112,546,29,687,151,617,50,818,100,548,50,698,48,313,67,428,6,103,33,142,573,3217,306,4096
LGA13100,199,4716,666,5581,190,4073,352,4615,525,6925,574,8024,936,8468,663,10067,1330,8950,781,11061,1434,7804,686,9924,799,5699,719,7217,469,3405,745,4619,162,1214,397,1773,6044,51254,5583,62881,236,4383,471,5090,261,3799,266,4326,866,7081,461,8408,1547,8869,598,11014,2384,9061,671,12116,2439,7614,639,10692,1152,5980,837,7969,539,4534,1138,6211,127,2343,885,3355,9551,53664,5966,69181,435,9099,1137,10671,451,7872,618,8941,1391,14006,1035,16432,2483,17337,1261,21081,3714,18011,1452,23177,3873,15418,1325,20616,1951,11679,1556,15186,1008,7939,1883,10830,289,3557,1282,5128,15595,104918,11549,132062
LGA13310,42,821,107,970,46,619,104,769,111,1173,262,1546,173,1372,242,1787,258,1566,203,2027,246,1432,176,1854,169,989,143,1301,63,486,131,680,14,132,40,186,1122,8590,1408,11120,51,690,90,831,53,643,37,733,170,1195,77,1442,308,1432,91,1831,401,1402,84,1887,399,1294,97,1790,192,998,163,1353,72,634,174,880,19,284,95,398,1665,8572,908,11145,93,1511,197,1801,99,1262,141,1502,281,2368,339,2988,481,2804,333,3618,659,2968,287,3914,645,2726,273,3644,361,1987,306,2654,135,1120,305,1560,33,416,135,584,2787,17162,2316,22265
LGA13320,35,736,116,887,34,501,51,586,84,897,76,1057,205,1277,114,1596,293,1736,152,2181,384,2064,227,2675,287,2290,262,2839,165,1302,314,1781,46,321,139,506,1533,11124,1451,14108,43,764,123,930,46,471,40,557,175,916,77,1168,327,1344,106,1777,511,1662,120,2293,727,1985,174,2886,401,2134,253,2788,192,1241,373,1806,36,520,272,828,2458,11037,1538,15033,78,1500,239,1817,80,972,91,1143,259,1813,153,2225,532,2621,220,3373,804,3398,272,4474,1111,4049,401,5561,688,4424,515,5627,357,2543,687,3587,82,841,411,1334,3991,22161,2989,29141
LGA13340,19,314,44,377,14,165,10,189,28,344,27,399,55,463,33,551,92,596,36,724,85,616,71,772,53,430,66,549,23,172,35,230,4,72,11,87,373,3172,333,3878,12,284,34,330,9,158,12,179,63,353,15,431,106,468,34,608,164,551,38,753,149,505,52,706,60,347,50,457,30,204,46,280,5,90,21,116,598,2960,302,3860,31,598,78,707,23,323,22,368,91,697,42,830,161,931,67,1159,256,1147,74,1477,234,1121,123,1478,113,777,116,1006,53,376,81,510,9,162,32,203,971,6132,635,7738
LGA13380,77,1276,185,1538,56,796,78,930,170,1402,118,1690,274,1930,170,2374,486,2475,205,3166,526,2779,239,3544,339,2277,287,2903,144,1205,270,1619,39,306,102,447,2111,14446,1654,18211,89,1201,183,1473,97,813,47,957,283,1545,90,1918,485,2091,151,2727,760,2497,173,3430,828,2588,235,3651,442,2211,290,2943,177,1256,318,1751,34,640,126,800,3195,14842,1613,19650,166,2477,368,3011,153,1609,125,1887,453,2947,208,3608,759,4021,321,5101,1246,4972,378,6596,1354,5367,474,7195,781,4488,577,5846,321,2461,588,3370,73,946,228,1247,5306,29288,3267,37861
LGA13450,38,692,131,861,40,624,88,752,111,1271,178,1560,153,1282,153,1588,238,1289,148,1675,173,1020,123,1316,83,653,122,858,59,424,95,578,11,124,32,167,906,7379,1070,9355,46,648,111,805,56,635,83,774,172,1222,129,1523,263,1237,129,1629,325,1167,104,1596,311,883,129,1323,114,637,114,865,70,509,114,693,11,214,90,315,1368,7152,1003,9523,84,1340,242,1666,96,1259,171,1526,283,2493,307,3083,416,2519,282,3217,563,2456,252,3271,484,1903,252,2639,197,1290,236,1723,129,933,209,1271,22,338,122,482,2274,14531,2073,18878
LGA13500,6,108,21,135,7,74,5,86,18,122,11,151,15,190,11,216,39,232,21,292,37,201,19,257,31,150,25,206,11,68,12,91,3,16,11,30,167,1161,136,1464,5,92,4,101,6,67,8,81,15,145,9,169,39,164,4,207,53,175,8,236,51,186,17,254,29,134,33,196,11,81,23,115,8,37,12,57,217,1081,118,1416,11,200,25,236,13,141,13,167,33,267,20,320,54,354,15,423,92,407,29,528,88,387,36,511,60,284,58,402,22,149,35,206,11,53,23,87,384,2242,254,2880
LGA13550,21,333,66,420,14,281,30,325,41,545,50,636,59,568,55,682,97,695,54,846,117,609,58,784,40,463,67,570,27,244,84,355,0,61,27,88,416,3799,491,4706,24,337,47,408,13,295,23,331,68,534,49,651,122,561,47,730,161,600,54,815,157,493,51,701,82,436,66,584,29,279,100,408,6,116,57,179,662,3651,494,4807,45,670,113,828,27,576,53,656,109,1079,99,1287,181,1129,102,1412,258,1295,108,1661,274,1102,109,1485,122,899,133,1154,56,523,184,763,6,177,84,267,1078,7450,985,9513
LGA13650,10,117,28,155,8,103,8,119,15,166,12,193,25,211,20,256,36,240,18,294,52,247,29,328,25,177,15,217,8,86,17,111,4,21,6,31,183,1368,153,1704,12,103,15,130,9,77,6,92,22,178,11,211,42,211,26,279,67,217,20,304,71,200,18,289,33,163,24,220,9,116,17,142,5,48,5,58,270,1313,142,1725,22,220,43,285,17,180,14,211,37,344,23,404,67,422,46,535,103,457,38,598,123,447,47,617,58,340,39,437,17,202,34,253,9,69,11,89,453,2681,295,3429
LGA13660,10,123,17,150,10,81,5,96,17,182,12,211,42,242,8,292,57,284,15,356,44,289,33,366,39,260,45,344,14,121,27,162,0,39,5,44,233,1621,167,2021,18,95,12,125,9,66,3,78,30,191,0,221,63,243,11,317,89,242,14,345,90,233,12,335,49,231,30,310,13,130,35,178,0,74,17,91,361,1505,134,2000,28,218,29,275,19,147,8,174,47,373,12,432,105,485,19,609,146,526,29,701,134,522,45,701,88,491,75,654,27,251,62,340,0,113,22,135,594,3126,301,4021
LGA13700,5,81,12,98,4,56,9,69,10,128,16,154,19,151,6,176,26,208,11,245,49,234,17,300,26,179,25,230,9,104,9,122,0,23,8,31,148,1164,113,1425,5,65,16,86,7,62,3,72,28,120,9,157,44,160,15,219,54,179,11,244,58,204,15,277,26,166,33,225,11,86,27,124,0,45,13,58,233,1087,142,1462,10,146,28,184,11,118,12,141,38,248,25,311,63,311,21,395,80,387,22,489,107,438,32,577,52,345,58,455,20,190,36,246,0,68,21,89,381,2251,255,2887
LGA13800,91,2125,239,2455,109,2062,140,2311,229,3266,220,3715,369,3608,286,4263,541,3697,284,4522,458,2865,244,3567,222,1682,242,2146,106,695,133,934,22,207,59,288,2147,20207,1847,24201,112,1932,228,2272,139,1866,108,2113,418,3041,171,3630,685,3696,269,4650,901,3518,253,4672,797,2547,223,3567,336,1572,239,2147,109,853,193,1155,19,472,87,578,3516,19497,1771,24784,203,4057,467,4727,248,3928,248,4424,647,6307,391,7345,1054,7304,555,8913,1442,7215,537,9194,1255,5412,467,7134,558,3254,481,4293,215,1548,326,2089,41,679,146,866,5663,39704,3618,48985
LGA13850,7,84,12,103,0,58,7,65,10,103,18,131,20,144,11,175,36,199,20,255,19,150,9,178,18,114,19,151,4,78,21,103,0,21,3,24,114,951,120,1185,8,65,14,87,9,44,12,65,22,87,6,115,30,137,6,173,53,193,12,258,46,123,12,181,23,112,22,157,9,76,14,99,0,33,7,40,200,870,105,1175,15,149,26,190,9,102,19,130,32,190,24,246,50,281,17,348,89,392,32,513,65,273,21,359,41,226,41,308,13,154,35,202,0,54,10,64,314,1821,225,2360
LGA13950,161,2533,465,3159,181,2866,359,3406,598,7276,763,8637,661,6017,540,7218,733,4766,492,5991,618,3721,377,4716,330,2456,338,3124,172,1255,299,1726,28,351,129,508,3482,31241,3762,38485,160,2354,343,2857,283,2758,284,3325,1012,7303,651,8966,1111,5492,530,7133,1123,4489,422,6034,1014,3589,388,4991,442,2484,362,3288,181,1645,429,2255,35,718,324,1077,5361,30832,3733,39926,321,4887,808,6016,464,5624,643,6731,1610,14579,1414,17603,1772,11509,1070,14351,1856,9255,914,12025,1632,7310,765,9707,772,4940,700,6412,353,2900,728,3981,63,1069,453,1585,8843,62073,7495,78411
LGA14000,218,5143,400,5761,232,4724,247,5203,444,7397,401,8242,941,9372,399,10712,1464,9818,459,11741,1291,7463,364,9118,689,4574,313,5576,357,2518,312,3187,123,946,208,1277,5759,51955,3103,60817,220,5001,341,5562,265,4414,170,4849,720,7538,333,8591,1564,10105,391,12060,2264,9947,385,12596,2122,6871,332,9325,989,4656,342,5987,383,3159,533,4075,95,1932,512,2539,8622,53623,3339,65584,438,10144,741,11323,497,9138,417,10052,1164,14935,734,16833,2505,19477,790,22772,3728,19765,844,24337,3413,14334,696,18443,1678,9230,655,11563,740,5677,845,7262,218,2878,720,3816,14381,105578,6442,126401
LGA14100,36,686,52,774,20,272,26,318,27,453,28,508,70,745,33,848,109,717,36,862,141,632,41,814,74,408,34,516,33,285,31,349,19,136,30,185,529,4334,311,5174,17,307,35,359,22,289,22,333,56,473,23,552,112,803,34,949,203,718,36,957,204,617,39,860,91,437,35,563,46,389,52,487,7,403,50,460,758,4436,326,5520,53,993,87,1133,42,561,48,651,83,926,51,1060,182,1548,67,1797,312,1435,72,1819,345,1249,80,1674,165,845,69,1079,79,674,83,836,26,539,80,645,1287,8770,637,10694
LGA14150,103,2090,248,2441,134,2568,204,2906,351,5060,370,5781,506,4372,281,5159,684,4295,299,5278,553,3359,246,4158,313,2204,221,2738,191,1395,250,1836,65,533,104,702,2900,25876,2223,30999,124,1877,199,2200,166,2505,148,2819,541,5271,329,6141,903,4547,283,5733,1060,4299,301,5660,973,3242,233,4448,441,2303,274,3018,246,1843,331,2420,51,1165,206,1422,4505,27052,2304,33861,227,3967,447,4641,300,5073,352,5725,892,10331,699,11922,1409,8919,564,10892,1744,8594,600,10938,1526,6601,479,8606,754,4507,495,5756,437,3238,581,4256,116,1698,310,2124,7405,52928,4527,64860
LGA14200,23,446,77,546,26,328,28,382,56,677,58,791,92,793,50,935,146,852,72,1070,132,803,76,1011,88,671,85,844,53,316,103,472,7,64,35,106,623,4950,584,6157,20,432,69,521,30,322,18,370,95,683,43,821,181,788,51,1020,215,821,40,1076,222,740,60,1022,114,655,106,875,57,353,124,534,7,145,108,260,941,4939,619,6499,43,878,146,1067,56,650,46,752,151,1360,101,1612,273,1581,101,1955,361,1673,112,2146,354,1543,136,2033,202,1326,191,1719,110,669,227,1006,14,209,143,366,1564,9889,1203,12656
LGA14250,6,39,3,48,0,42,5,47,5,51,12,68,9,66,3,78,16,107,8,131,15,91,12,118,6,71,15,92,4,29,16,49,0,11,3,14,61,507,77,645,3,35,3,41,7,21,0,28,9,39,3,51,14,64,4,82,27,87,6,120,19,64,10,93,11,61,12,84,7,28,11,46,0,14,4,18,97,413,53,563,9,74,6,89,7,63,5,75,14,90,15,119,23,130,7,160,43,194,14,251,34,155,22,211,17,132,27,176,11,57,27,95,0,25,7,32,158,920,130,1208
LGA14300,6,144,44,194,5,123,131,259,19,204,258,481,38,257,234,529,40,289,121,450,58,277,73,408,26,196,53,275,11,77,26,114,0,18,13,31,203,1585,953,2741,13,129,17,159,10,93,8,111,42,200,16,258,50,235,18,303,80,279,17,376,85,249,33,367,18,178,27,223,15,100,29,144,0,50,14,64,313,1513,179,2005,19,273,61,353,15,216,139,370,61,404,274,739,88,492,252,832,120,568,138,826,143,526,106,775,44,374,80,498,26,177,55,258,0,68,27,95,516,3098,1132,4746
LGA14350,51,752,137,940,44,474,122,640,100,846,249,1195,164,1130,231,1525,319,1501,209,2029,332,1746,179,2257,169,1246,177,1592,79,637,135,851,23,195,40,258,1281,8527,1479,11287,49,701,122,872,66,467,53,586,180,948,71,1199,328,1133,105,1566,497,1482,136,2115,513,1520,128,2161,228,1135,164,1527,86,659,145,890,12,372,75,459,1959,8417,999,11375,100,1453,259,1812,110,941,175,1226,280,1794,320,2394,492,2263,336,3091,816,2983,345,4144,845,3266,307,4418,397,2381,341,3119,165,1296,280,1741,35,567,115,717,3240,16944,2478,22662
LGA14400,18,665,64,747,22,480,24,526,43,712,44,799,103,982,34,1119,203,1138,67,1408,270,1133,79,1482,133,869,50,1052,57,489,82,628,23,142,42,207,872,6610,486,7968,21,570,54,645,32,421,21,474,76,671,25,772,166,1030,37,1233,352,1229,59,1640,407,1055,56,1518,193,804,71,1068,78,573,98,749,12,335,60,407,1337,6688,481,8506,39,1235,118,1392,54,901,45,1000,119,1383,69,1571,269,2012,71,2352,555,2367,126,3048,677,2188,135,3000,326,1673,121,2120,135,1062,180,1377,35,477,102,614,2209,13298,967,16474
LGA14450,74,1525,207,1806,98,1772,159,2029,226,3625,282,4133,340,3260,195,3795,486,3214,214,3914,456,2309,164,2929,204,1526,174,1904,144,921,142,1207,49,315,72,436,2077,18467,1609,22153,69,1415,159,1643,116,1804,122,2042,392,3645,237,4274,598,3424,213,4235,828,3097,210,4135,639,2329,193,3161,344,1537,169,2050,157,1116,186,1459,31,653,122,806,3174,19020,1611,23805,143,2940,366,3449,214,3576,281,4071,618,7270,519,8407,938,6684,408,8030,1314,6311,424,8049,1095,4638,357,6090,548,3063,343,3954,301,2037,328,2666,80,968,194,1242,5251,37487,3220,45958
LGA14500,161,3775,404,4340,113,2936,139,3188,195,3333,197,3725,484,5678,294,6456,983,7013,314,8310,965,5097,267,6329,565,3578,234,4377,322,2306,237,2865,122,872,184,1178,3910,34588,2270,40768,170,3929,317,4416,201,2798,124,3123,338,3641,166,4145,970,6580,315,7865,1761,7068,324,9153,1600,4836,278,6714,868,3607,249,4724,404,2773,394,3571,117,1738,447,2302,6429,36970,2614,46013,331,7704,721,8756,314,5734,263,6311,533,6974,363,7870,1454,12258,609,14321,2744,14081,638,17463,2565,9933,545,13043,1433,7185,483,9101,726,5079,631,6436,239,2610,631,3480,10339,71558,4884,86781
LGA14550,28,255,44,327,19,154,11,184,30,298,28,356,66,385,32,483,121,593,55,769,132,664,57,853,56,358,45,459,11,189,40,240,3,56,19,78,466,2952,331,3749,18,241,32,291,21,128,6,155,53,308,16,377,96,412,32,540,172,549,45,766,176,539,51,766,67,308,39,414,35,200,49,284,3,102,21,126,641,2787,291,3719,46,496,76,618,40,282,17,339,83,606,44,733,162,797,64,1023,293,1142,100,1535,308,1203,108,1619,123,666,84,873,46,389,89,524,6,158,40,204,1107,5739,622,7468
LGA14600,11,142,36,189,10,142,16,168,36,291,30,357,36,286,28,350,50,342,30,422,62,382,37,481,33,247,28,308,20,159,45,224,5,37,13,55,263,2028,263,2554,3,136,39,178,16,144,13,173,50,302,12,364,62,297,28,387,101,301,21,423,80,282,29,391,43,235,36,314,27,150,31,208,8,78,19,105,390,1925,228,2543,14,278,75,367,26,286,29,341,86,593,42,721,98,583,56,737,151,643,51,845,142,664,66,872,76,482,64,622,47,309,76,432,13,115,32,160,653,3953,491,5097
LGA14650,278,5707,745,6730,273,4904,315,5492,661,8460,482,9603,1155,10114,602,11871,1713,10400,667,12780,1923,9439,677,12039,1134,6851,728,8713,579,3933,805,5317,190,1248,316,1754,7906,61056,5337,74299,318,5401,533,6252,354,4690,271,5315,1169,8469,391,10029,2014,9895,511,12420,2976,9945,620,13541,3309,8947,656,12912,1577,6982,863,9422,633,4877,1071,6581,126,2395,541,3062,12476,61601,5457,79534,596,11108,1278,12982,627,9594,586,10807,1830,16929,873,19632,3169,20009,1113,24291,4689,20345,1287,26321,5232,18386,1333,24951,2711,13833,1591,18135,1212,8810,1876,11898,316,3643,857,4816,20382,122657,10794,153833
LGA14700,31,872,75,978,37,797,48,882,102,2138,131,2371,171,2154,123,2448,234,1750,78,2062,239,1322,81,1642,122,829,71,1022,61,400,54,515,26,169,38,233,1023,10431,699,12153,44,655,51,750,65,817,46,928,150,2223,133,2506,303,2209,119,2631,442,1713,83,2238,411,1369,86,1866,200,887,66,1153,96,585,101,782,26,414,89,529,1737,10872,774,13383,75,1527,126,1728,102,1614,94,1810,252,4361,264,4877,474,4363,242,5079,676,3463,161,4300,650,2691,167,3508,322,1716,137,2175,157,985,155,1297,52,583,127,762,2760,21303,1473,25536
LGA14750,19,369,111,499,14,239,24,277,40,419,51,510,55,574,59,688,102,619,49,770,72,492,49,613,53,337,56,446,21,164,47,232,4,46,12,62,380,3259,458,4097,29,394,124,547,26,229,26,281,58,453,54,565,112,539,45,696,158,564,41,763,146,370,59,575,67,339,58,464,29,213,67,309,3,90,34,127,628,3191,508,4327,48,763,235,1046,40,468,50,558,98,872,105,1075,167,1113,104,1384,260,1183,90,1533,218,862,108,1188,120,676,114,910,50,377,114,541,7,136,46,189,1008,6450,966,8424
LGA14800,40,686,115,841,49,1013,94,1156,170,3898,328,4396,317,4633,391,5341,388,2766,238,3392,345,2208,198,2751,137,1172,166,1475,57,547,120,724,10,130,52,192,1513,17053,1702,20268,32,696,73,801,75,1264,97,1436,299,4829,277,5405,590,4747,310,5647,572,2918,226,3716,665,2270,207,3142,283,1168,184,1635,74,690,158,922,12,314,112,438,2602,18896,1644,23142,72,1382,188,1642,124,2277,191,2592,469,8727,605,9801,907,9380,701,10988,960,5684,464,7108,1010,4478,405,5893,420,2340,350,3110,131,1237,278,1646,22,444,164,630,4115,35949,3346,43410
LGA14850,56,1270,171,1497,64,1150,102,1316,175,1795,131,2101,291,2158,151,2600,441,2571,207,3219,431,2431,160,3022,204,1247,129,1580,86,726,122,934,22,219,45,286,1770,13567,1218,16555,76,1293,153,1522,92,1135,73,1300,276,1880,115,2271,486,2228,138,2852,708,2556,143,3407,687,2168,119,2974,292,1266,151,1709,113,903,163,1179,24,481,74,579,2754,13910,1129,17793,132,2563,324,3019,156,2285,175,2616,451,3675,246,4372,777,4386,289,5452,1149,5127,350,6626,1118,4599,279,5996,496,2513,280,3289,199,1629,285,2113,46,700,119,865,4524,27477,2347,34348
LGA14870,33,540,77,650,26,465,92,583,73,764,173,1010,117,1020,152,1289,178,1204,171,1553,177,1173,131,1481,110,849,123,1082,46,398,98,542,10,73,23,106,770,6486,1040,8296,36,506,83,625,39,448,33,520,115,789,62,966,199,945,66,1210,277,1112,82,1471,282,990,102,1374,151,777,107,1035,44,434,133,611,6,214,60,280,1149,6215,728,8092,69,1046,160,1275,65,913,125,1103,188,1553,235,1976,316,1965,218,2499,455,2316,253,3024,459,2163,233,2855,261,1626,230,2117,90,832,231,1153,16,287,83,386,1919,12701,1768,16388
LGA14900,341,5691,967,6999,351,5319,607,6277,926,10633,1233,12792,1264,10775,1024,13063,1417,9951,1091,12459,969,6702,850,8521,467,3732,617,4816,212,1615,420,2247,25,397,119,541,5972,54815,6928,67715,429,5443,855,6727,566,5081,559,6206,1678,10757,1162,13597,2179,10734,1041,13954,2193,9135,966,12294,1554,6138,823,8515,651,3568,713,4932,226,2179,533,2938,36,773,209,1018,9512,53808,6861,70181,770,11134,1822,13726,917,10400,1166,12483,2604,21390,2395,26389,3443,21509,2065,27017,3610,19086,2057,24753,2523,12840,1673,17036,1118,7300,1330,9748,438,3794,953,5185,61,1170,328,1559,15484,108623,13789,137896
LGA14920,17,178,39,234,9,157,12,178,27,283,13,323,44,357,35,436,65,423,46,534,78,458,45,581,47,332,45,424,26,177,38,241,4,56,9,69,317,2421,282,3020,11,175,22,208,8,136,10,154,46,303,21,370,76,352,24,452,119,368,35,522,101,385,35,521,69,319,40,428,25,190,32,247,0,88,13,101,455,2316,232,3003,28,353,61,442,17,293,22,332,73,586,34,693,120,709,59,888,184,791,81,1056,179,843,80,1102,116,651,85,852,51,367,70,488,4,144,22,170,772,4737,514,6023
LGA14950,6,85,9,100,3,40,3,46,10,99,3,112,19,149,15,183,41,181,10,232,30,194,12,236,20,118,17,155,9,84,18,111,0,24,5,29,138,974,92,1204,5,72,18,95,3,41,0,44,10,96,4,110,34,150,8,192,54,147,16,217,41,143,8,192,34,112,13,159,5,76,10,91,0,53,8,61,186,890,85,1161,11,157,27,195,6,81,3,90,20,195,7,222,53,299,23,375,95,328,26,449,71,337,20,428,54,230,30,314,14,160,28,202,0,77,13,90,324,1864,177,2365
LGA15050,106,2037,267,2410,112,1896,124,2132,268,3748,237,4253,408,3915,275,4598,587,3589,272,4448,552,2973,234,3759,295,1773,216,2284,137,840,199,1176,15,230,82,327,2480,21001,1906,25387,102,2121,206,2429,145,1809,111,2065,466,3737,194,4397,804,3945,227,4976,1020,3428,225,4673,950,2781,219,3950,398,1784,245,2427,161,1158,302,1621,25,585,118,728,4071,21348,1847,27266,208,4158,473,4839,257,3705,235,4197,734,7485,431,8650,1212,7860,502,9574,1607,7017,497,9121,1502,5754,453,7709,693,3557,461,4711,298,1998,501,2797,40,815,200,1055,6551,42349,3753,52653
LGA15150,40,820,92,952,41,845,100,986,107,2794,342,3243,200,3007,248,3455,296,2187,180,2663,282,1487,135,1904,156,1077,125,1358,78,568,82,728,33,214,62,309,1233,12999,1366,15598,33,758,88,879,43,897,91,1031,175,2976,258,3409,347,3037,198,3582,512,2074,154,2740,472,1414,147,2033,260,1053,128,1441,99,715,155,969,23,400,127,550,1964,13324,1346,16634,73,1578,180,1831,84,1742,191,2017,282,5770,600,6652,547,6044,446,7037,808,4261,334,5403,754,2901,282,3937,416,2130,253,2799,177,1283,237,1697,56,614,189,859,3197,26323,2712,32232
LGA15200,62,1219,192,1473,106,2254,330,2690,390,6761,790,7941,547,6172,636,7355,569,4237,488,5294,445,2699,366,3510,204,1636,277,2117,130,965,218,1313,26,252,59,337,2479,26195,3356,32030,71,1167,181,1419,145,2603,261,3009,612,7254,652,8518,850,6062,560,7472,868,3788,368,5024,706,2546,327,3579,292,1659,246,2197,150,1089,214,1453,17,444,105,566,3711,26612,2914,33237,133,2386,373,2892,251,4857,591,5699,1002,14015,1442,16459,1397,12234,1196,14827,1437,8025,856,10318,1151,5245,693,7089,496,3295,523,4314,280,2054,432,2766,43,696,164,903,6190,52807,6270,65267
LGA15270,27,625,115,767,24,482,47,553,67,925,95,1087,119,1192,130,1441,179,1293,122,1594,181,1203,117,1501,107,966,125,1198,55,424,111,590,9,118,36,163,768,7228,898,8894,32,567,89,688,47,418,35,500,118,915,60,1093,238,1180,113,1531,298,1160,72,1530,283,1081,91,1455,147,848,138,1133,69,483,119,671,8,230,61,299,1240,6882,778,8900,59,1192,204,1455,71,900,82,1053,185,1840,155,2180,357,2372,243,2972,477,2453,194,3124,464,2284,208,2956,254,1814,263,2331,124,907,230,1261,17,348,97,462,2008,14110,1676,17794
LGA15300,20,354,81,455,15,355,51,421,35,661,109,805,79,771,112,962,99,746,87,932,73,623,97,793,43,421,90,554,11,173,51,235,4,39,13,56,379,4143,691,5213,31,301,66,398,35,333,46,414,91,717,93,901,152,672,86,910,163,655,76,894,139,485,92,716,51,338,77,466,27,177,58,262,7,90,13,110,696,3768,607,5071,51,655,147,853,50,688,97,835,126,1378,202,1706,231,1443,198,1872,262,1401,163,1826,212,1108,189,1509,94,759,167,1020,38,350,109,497,11,129,26,166,1075,7911,1298,10284
LGA15350,19,582,80,681,20,565,66,651,54,1403,187,1644,123,1691,165,1979,195,1532,139,1866,194,1182,124,1500,119,901,95,1115,57,432,69,558,23,193,41,257,804,8481,966,10251,19,586,68,673,32,622,59,713,101,1564,170,1835,222,1937,180,2339,396,1625,128,2149,400,1289,136,1825,211,951,119,1281,86,592,108,786,23,461,96,580,1490,9627,1064,12181,38,1168,148,1354,52,1187,125,1364,155,2967,357,3479,345,3628,345,4318,591,3157,267,4015,594,2471,260,3325,330,1852,214,2396,143,1024,177,1344,46,654,137,837,2294,18108,2030,22432
LGA15500,3,181,30,214,0,140,15,155,17,245,16,278,27,356,27,410,47,382,29,458,66,422,30,518,47,431,51,529,25,188,51,264,3,47,12,62,235,2392,261,2888,9,150,24,183,9,119,5,133,26,272,9,307,50,359,19,428,69,346,29,444,98,412,24,534,61,390,41,492,25,186,63,274,5,62,22,89,352,2296,236,2884,12,331,54,397,9,259,20,288,43,517,25,585,77,715,46,838,116,728,58,902,164,834,54,1052,108,821,92,1021,50,374,114,538,8,109,34,151,587,4688,497,5772
LGA15550,3,74,10,87,5,63,3,71,9,106,11,126,17,112,10,139,26,135,17,178,14,116,11,141,7,75,11,93,3,51,16,70,0,7,0,7,84,739,89,912,4,41,5,50,6,48,10,64,9,93,11,113,22,125,9,156,34,111,12,157,28,90,7,125,12,70,18,100,8,32,10,50,0,16,4,20,123,626,86,835,7,115,15,137,11,111,13,135,18,199,22,239,39,237,19,295,60,246,29,335,42,206,18,266,19,145,29,193,11,83,26,120,0,23,4,27,207,1365,175,1747
LGA15650,21,459,82,562,24,441,84,549,61,955,176,1192,91,923,166,1180,115,909,137,1161,102,702,92,896,35,388,63,486,25,164,49,238,4,42,15,61,478,4983,864,6325,22,448,86,556,37,445,43,525,114,874,60,1048,147,800,95,1042,163,791,62,1016,148,585,51,784,72,343,58,473,30,211,70,311,5,86,19,110,738,4583,544,5865,43,907,168,1118,61,886,127,1074,175,1829,236,2240,238,1723,261,2222,278,1700,199,2177,250,1287,143,1680,107,731,121,959,55,375,119,549,9,128,34,171,1216,9566,1408,12190
LGA15700,27,474,93,594,30,279,29,338,54,516,44,614,81,702,56,839,182,1040,87,1309,231,1216,93,1540,145,959,132,1236,65,501,106,672,32,188,46,266,847,5875,686,7408,28,431,55,514,28,266,23,317,115,530,31,676,184,779,67,1030,317,1094,76,1487,364,1060,88,1512,191,894,127,1212,93,570,148,811,18,280,64,362,1338,5904,679,7921,55,905,148,1108,58,545,52,655,169,1046,75,1290,265,1481,123,1869,499,2134,163,2796,595,2276,181,3052,336,1853,259,2448,158,1071,254,1483,50,468,110,628,2185,11779,1365,15329
LGA15750,16,323,64,403,20,287,29,336,41,610,61,712,60,687,68,815,92,760,72,924,68,709,75,852,54,476,66,596,29,202,48,279,3,75,14,92,383,4129,497,5009,26,315,75,416,32,274,18,324,85,584,50,719,124,646,60,830,191,683,56,930,145,572,42,759,65,439,67,571,32,253,71,356,5,113,21,139,705,3879,460,5044,42,638,139,819,52,561,47,660,126,1194,111,1431,184,1333,128,1645,283,1443,128,1854,213,1281,117,1611,119,915,133,1167,61,455,119,635,8,188,35,231,1088,8008,957,10053
LGA15800,17,148,31,196,9,97,18,124,15,221,19,255,38,265,27,330,45,329,44,418,46,350,40,436,30,230,34,294,25,146,32,203,4,42,7,53,229,1828,252,2309,19,144,23,186,4,93,11,108,36,245,32,313,61,248,22,331,89,319,29,437,83,249,27,359,45,206,32,283,23,158,44,225,6,87,17,110,366,1749,237,2352,36,292,54,382,13,190,29,232,51,466,51,568,99,513,49,661,134,648,73,855,129,599,67,795,75,436,66,577,48,304,76,428,10,129,24,163,595,3577,489,4661
LGA15850,10,171,28,209,5,133,10,148,17,244,25,286,34,318,26,378,50,356,36,442,50,369,34,453,28,285,36,349,5,133,31,169,3,28,6,37,202,2037,232,2471,6,152,38,196,15,127,9,151,47,278,22,347,71,316,30,417,87,327,19,433,87,309,29,425,41,235,38,314,19,142,35,196,3,37,21,61,376,1923,241,2540,16,323,66,405,20,260,19,299,64,522,47,633,105,634,56,795,137,683,55,875,137,678,63,878,69,520,74,663,24,275,66,365,6,65,27,98,578,3960,473,5011
LGA15900,197,3965,442,4604,283,5706,454,6443,644,9856,772,11272,917,8328,616,9861,1327,7819,645,9791,1285,6450,522,8257,645,4072,549,5266,323,2404,544,3271,103,923,249,1275,5724,49523,4793,60040,209,3886,357,4452,385,5761,350,6496,951,9297,540,10788,1450,8148,488,10086,2156,7263,502,9921,2077,5795,441,8313,866,4270,627,5763,442,3536,799,4777,86,2046,458,2590,8622,50002,4562,63186,406,7851,799,9056,668,11467,804,12939,1595,19153,1312,22060,2367,16476,1104,19947,3483,15082,1147,19712,3362,12245,963,16570,1511,8342,1176,11029,765,5940,1343,8048,189,2969,707,3865,14346,99525,9355,123226
LGA15950,26,677,148,851,62,1432,187,1681,252,6930,791,7973,318,4637,573,5528,347,2843,367,3557,380,2507,305,3192,189,1730,223,2142,84,691,158,933,20,239,67,326,1678,21686,2819,26183,22,730,94,846,84,1694,192,1970,423,7452,710,8585,472,4860,498,5830,599,2923,318,3840,721,2689,277,3687,369,1740,270,2379,130,946,211,1287,23,562,162,747,2843,23596,2732,29171,48,1407,242,1697,146,3126,379,3651,675,14382,1501,16558,790,9497,1071,11358,946,5766,685,7397,1101,5196,582,6879,558,3470,493,4521,214,1637,369,2220,43,801,229,1073,4521,45282,5551,55354
LGA16100,9,135,27,171,5,106,74,185,16,201,30,247,30,258,32,320,48,278,22,348,56,312,32,400,28,228,28,284,9,95,17,121,3,22,4,29,204,1635,266,2105,5,120,14,139,13,105,9,127,20,176,9,205,49,269,13,331,67,240,14,321,78,272,26,376,31,195,30,256,12,85,18,115,3,41,7,51,278,1503,140,1921,14,255,41,310,18,211,83,312,36,377,39,452,79,527,45,651,115,518,36,669,134,584,58,776,59,423,58,540,21,180,35,236,6,63,11,80,482,3138,406,4026
LGA16150,54,1111,180,1345,55,1095,108,1258,141,2027,179,2347,235,1986,193,2414,261,1932,176,2369,268,1673,168,2109,149,1048,152,1349,70,636,101,807,18,174,45,237,1251,11682,1302,14235,56,1196,139,1391,98,1050,71,1219,238,2110,150,2498,378,1972,176,2526,466,1910,132,2508,434,1591,136,2161,222,1104,147,1473,95,814,176,1085,28,429,77,534,2015,12176,1204,15395,110,2307,319,2736,153,2145,179,2477,379,4137,329,4845,613,3958,369,4940,727,3842,308,4877,702,3264,304,4270,371,2152,299,2822,165,1450,277,1892,46,603,122,771,3266,23858,2506,29630
LGA16180,23,409,64,496,10,278,19,307,31,477,31,539,94,864,89,1047,142,1042,91,1275,135,912,88,1135,68,474,52,594,21,157,29,207,0,33,6,39,524,4646,469,5639,23,386,50,459,17,247,13,277,64,528,23,615,157,977,73,1207,236,929,68,1233,237,745,74,1056,88,394,33,515,22,127,40,189,0,55,11,66,844,4388,385,5617,46,795,114,955,27,525,32,584,95,1005,54,1154,251,1841,162,2254,378,1971,159,2508,372,1657,162,2191,156,868,85,1109,43,284,69,396,0,88,17,105,1368,9034,854,11256
LGA16200,15,386,83,484,24,313,52,389,57,587,74,718,108,683,75,866,137,794,74,1005,120,676,74,870,64,496,85,645,28,328,88,444,8,87,25,120,561,4350,630,5541,21,406,70,497,34,272,31,337,126,627,52,805,179,668,48,895,194,698,71,963,186,586,78,850,106,467,103,676,57,363,85,505,11,194,44,249,914,4281,582,5777,36,792,153,981,58,585,83,726,183,1214,126,1523,287,1351,123,1761,331,1492,145,1968,306,1262,152,1720,170,963,188,1321,85,691,173,949,19,281,69,369,1475,8631,1212,11318
LGA16250,221,4050,687,4958,321,5396,756,6473,1001,14188,1759,16948,1121,10033,1086,12240,1204,8075,847,10126,1030,6193,619,7842,502,3823,510,4835,303,2205,447,2955,65,679,200,944,5768,54642,6911,67321,261,3774,524,4559,436,5183,585,6204,1550,13408,1260,16218,1719,9279,836,11834,1799,7863,710,10372,1513,5834,551,7898,755,3807,509,5071,297,2809,613,3719,49,1556,500,2105,8379,53513,6088,67980,482,7824,1211,9517,757,10579,1341,12677,2551,27596,3019,33166,2840,19312,1922,24074,3003,15938,1557,20498,2543,12027,1170,15740,1257,7630,1019,9906,600,5014,1060,6674,114,2235,700,3049,14147,108155,12999,135301
LGA16350,264,5607,752,6623,301,5718,685,6704,855,11056,920,12831,1109,10418,826,12353,1265,9650,801,11716,1204,8281,694,10179,565,4027,548,5140,197,1570,398,2165,47,387,150,584,5807,56714,5774,68295,311,5498,658,6467,444,5716,430,6590,1497,11157,828,13482,1977,10157,771,12905,2311,9550,722,12583,2052,7478,642,10172,700,3846,584,5130,234,2040,550,2824,58,953,299,1310,9584,56395,5484,71463,575,11105,1410,13090,745,11434,1115,13294,2352,22213,1748,26313,3086,20575,1597,25258,3576,19200,1523,24299,3256,15759,1336,20351,1265,7873,1132,10270,431,3610,948,4989,105,1340,449,1894,15391,113109,11258,139758
LGA16370,53,1600,193,1846,53,1314,101,1468,134,2097,132,2363,297,3316,212,3825,505,3525,230,4260,559,3052,220,3831,269,2198,190,2657,121,1009,157,1287,41,380,102,523,2032,18491,1537,22060,60,1450,166,1676,83,1151,72,1306,240,2133,118,2491,520,3609,219,4348,897,3452,188,4537,954,2893,197,4044,451,1986,185,2622,164,1236,249,1649,35,757,202,994,3404,18667,1596,23667,113,3050,359,3522,136,2465,173,2774,374,4230,250,4854,817,6925,431,8173,1402,6977,418,8797,1513,5945,417,7875,720,4184,375,5279,285,2245,406,2936,76,1137,304,1517,5436,37158,3133,45727
LGA16380,111,1912,249,2272,81,1265,128,1474,187,2357,185,2729,402,3369,223,3994,616,3809,289,4714,717,3936,316,4969,499,3560,392,4451,288,2093,457,2838,81,645,181,907,2982,22946,2420,28348,108,1790,206,2104,106,1220,73,1399,356,2491,112,2959,749,3559,193,4501,1081,4082,220,5383,1269,3773,272,5314,677,3716,438,4831,325,2412,629,3366,57,1123,368,1548,4728,24166,2511,31405,219,3702,455,4376,187,2485,201,2873,543,4848,297,5688,1151,6928,416,8495,1697,7891,509,10097,1986,7709,588,10283,1176,7276,830,9282,613,4505,1086,6204,138,1768,549,2455,7710,47112,4931,59753
LGA16400,71,1822,261,2154,75,1537,153,1765,201,2601,214,3016,381,3226,251,3858,497,3610,301,4408,586,3372,312,4270,401,2882,375,3658,170,1312,332,1814,39,346,129,514,2421,20708,2328,25457,97,1761,200,2058,117,1390,103,1610,379,2609,185,3173,666,3373,222,4261,894,3369,262,4525,1020,3247,297,4564,541,2695,376,3612,193,1450,411,2054,38,613,213,864,3945,20507,2269,26721,168,3583,461,4212,192,2927,256,3375,580,5210,399,6189,1047,6599,473,8119,1391,6979,563,8933,1606,6619,609,8834,942,5577,751,7270,363,2762,743,3868,77,959,342,1378,6366,41215,4597,52178
LGA16470,44,1068,152,1264,69,1168,109,1346,155,2439,217,2811,252,2647,197,3096,340,2387,197,2924,253,1653,146,2052,98,773,121,992,49,373,83,505,9,76,37,122,1269,12584,1259,15112,47,1048,107,1202,87,1125,70,1282,222,2504,167,2893,374,2567,143,3084,481,2141,148,2770,359,1430,125,1914,157,801,119,1077,66,458,118,642,9,243,71,323,1802,12317,1068,15187,91,2116,259,2466,156,2293,179,2628,377,4943,384,5704,626,5214,340,6180,821,4528,345,5694,612,3083,271,3966,255,1574,240,2069,115,831,201,1147,18,319,108,445,3071,24901,2327,30299
LGA16550,128,2945,498,3571,254,5612,845,6711,456,10061,1550,12067,680,7986,1139,9805,953,5969,867,7789,788,4533,688,6009,400,2987,532,3919,248,1854,423,2525,68,715,173,956,3975,42662,6715,53352,108,2862,379,3349,280,5630,587,6497,768,10495,1014,12277,1197,8216,751,10164,1517,5907,603,8027,1322,4451,533,6306,672,3148,543,4363,326,2440,568,3334,72,1447,299,1818,6262,44596,5277,56135,236,5807,877,6920,534,11242,1432,13208,1224,20556,2564,24344,1877,16202,1890,19969,2470,11876,1470,15816,2110,8984,1221,12315,1072,6135,1075,8282,574,4294,991,5859,140,2162,472,2774,10237,87258,11992,109487
LGA16610,43,602,105,750,23,466,28,517,98,788,71,957,132,1002,86,1220,234,1192,101,1527,224,1241,102,1567,125,861,137,1123,72,494,128,694,13,127,56,196,964,6773,814,8551,39,587,76,702,53,427,33,513,168,813,52,1033,254,957,73,1284,373,1095,72,1540,365,1037,107,1509,176,845,140,1161,88,555,140,783,10,285,77,372,1526,6601,770,8897,82,1189,181,1452,76,893,61,1030,266,1601,123,1990,386,1959,159,2504,607,2287,173,3067,589,2278,209,3076,301,1706,277,2284,160,1049,268,1477,23,412,133,568,2490,13374,1584,17448
LGA16650,107,2094,360,2561,185,2780,380,3345,505,7379,825,8709,702,5923,620,7245,767,4757,512,6036,640,3943,418,5001,387,2614,356,3357,223,1780,366,2369,51,635,136,822,3567,31905,3973,39445,116,2034,317,2467,212,2708,287,3207,797,6926,689,8412,1032,5740,549,7321,1174,4639,416,6229,955,3803,384,5142,557,2803,405,3765,266,2103,399,2768,59,1333,263,1655,5168,32089,3709,40966,223,4128,677,5028,397,5488,667,6552,1302,14305,1514,17121,1734,11663,1169,14566,1941,9396,928,12265,1595,7746,802,10143,944,5417,761,7122,489,3883,765,5137,110,1968,399,2477,8735,63994,7682,80411
LGA16700,141,2430,298,2869,172,3747,361,4280,437,7409,525,8371,645,6337,402,7384,916,5447,354,6717,740,4194,286,5220,326,2629,241,3196,266,1733,269,2268,74,615,147,836,3717,34541,2883,41141,133,2342,230,2705,232,4060,359,4651,597,7438,466,8501,1047,6484,352,7883,1346,5353,339,7038,1184,4140,293,5617,574,2862,269,3705,308,2307,404,3019,56,1289,317,1662,5477,36275,3029,44781,274,4772,528,5574,404,7807,720,8931,1034,14847,991,16872,1692,12821,754,15267,2262,10800,693,13755,1924,8334,579,10837,900,5491,510,6901,574,4040,673,5287,130,1904,464,2498,9194,70816,5912,85922
LGA16900,104,2126,253,2483,121,1638,99,1858,257,3092,196,3545,405,3579,211,4195,646,3566,227,4439,611,2769,218,3598,322,1860,236,2418,150,976,239,1365,22,228,64,314,2638,19834,1743,24215,121,1986,214,2321,148,1650,96,1894,469,3072,155,3696,791,3618,181,4590,1068,3385,216,4669,886,2561,231,3678,371,2045,288,2704,154,1222,296,1672,29,485,92,606,4037,20024,1769,25830,225,4112,467,4804,269,3288,195,3752,726,6164,351,7241,1196,7197,392,8785,1714,6951,443,9108,1497,5330,449,7276,693,3905,524,5122,304,2198,535,3037,51,713,156,920,6675,39858,3512,50045
LGA16950,151,2411,433,2995,149,1834,279,2262,277,3123,478,3878,549,3964,448,4961,870,4912,555,6337,973,5196,459,6628,665,4561,594,5820,370,2515,584,3469,86,707,214,1007,4090,29223,4044,37357,156,2334,329,2819,152,1648,146,1946,508,3205,233,3946,854,4179,315,5348,1502,4707,396,6605,1619,5009,448,7076,852,4422,615,5889,380,2740,744,3864,54,1152,353,1559,6077,29396,3579,39052,307,4745,762,5814,301,3482,425,4208,785,6328,711,7824,1403,8143,763,10309,2372,9619,951,12942,2592,10205,907,13704,1517,8983,1209,11709,750,5255,1328,7333,140,1859,567,2566,10167,58619,7623,76409
LGA17000,41,811,116,968,31,745,55,831,90,1320,101,1511,129,1446,107,1682,200,1395,113,1708,147,1030,107,1284,65,547,71,683,26,251,45,322,3,68,8,79,732,7613,723,9068,49,697,81,827,50,576,39,665,155,1178,71,1404,226,1395,82,1703,280,1206,74,1560,259,840,72,1171,98,476,66,640,41,319,79,439,8,155,26,189,1166,6842,590,8598,90,1508,197,1795,81,1321,94,1496,245,2498,172,2915,355,2841,189,3385,480,2601,187,3268,406,1870,179,2455,163,1023,137,1323,67,570,124,761,11,223,34,268,1898,14455,1313,17666
LGA17050,20,240,65,325,9,185,51,245,23,346,69,438,45,441,90,576,62,467,95,624,56,389,70,515,30,250,33,313,16,104,26,146,0,21,6,27,261,2443,505,3209,10,179,35,224,5,156,33,194,33,320,69,422,59,436,71,566,74,436,63,573,77,298,39,414,26,199,26,251,19,84,23,126,4,37,0,41,307,2145,359,2811,30,419,100,549,14,341,84,439,56,666,138,860,104,877,161,1142,136,903,158,1197,133,687,109,929,56,449,59,564,35,188,49,272,4,58,6,68,568,4588,864,6020
LGA17100,52,1039,172,1263,89,1442,194,1725,193,3099,436,3728,200,1746,175,2121,279,1770,214,2263,232,1278,133,1643,109,819,115,1043,62,488,87,637,19,171,41,231,1235,11852,1567,14654,63,961,129,1153,87,1262,146,1495,255,2727,343,3325,309,1808,209,2326,443,1810,191,2444,328,1257,148,1733,164,788,110,1062,78,601,132,811,14,353,73,440,1741,11567,1481,14789,115,2000,301,2416,176,2704,340,3220,448,5826,779,7053,509,3554,384,4447,722,3580,405,4707,560,2535,281,3376,273,1607,225,2105,140,1089,219,1448,33,524,114,671,2976,23419,3048,29443
LGA17150,238,6029,608,6875,299,6129,381,6809,649,11347,781,12777,1266,12700,750,14716,1943,11936,731,14610,1953,10080,642,12675,936,6304,523,7763,502,3541,555,4598,167,1085,309,1561,7953,69151,5280,82384,273,5806,510,6589,374,5930,302,6606,1117,11459,629,13205,2251,12955,570,15776,3283,11596,623,15502,3194,9186,544,12924,1359,6413,616,8388,605,4547,926,6078,124,2363,549,3036,12580,70255,5269,88104,511,11835,1118,13464,673,12059,683,13415,1766,22806,1410,25982,3517,25655,1320,30492,5226,23532,1354,30112,5147,19266,1186,25599,2295,12717,1139,16151,1107,8088,1481,10676,291,3448,858,4597,20533,139406,10549,170488
LGA17200,71,2076,604,2751,279,7934,1883,10096,888,23681,4300,28869,945,13697,2219,16861,1004,8106,1538,10648,803,5547,1165,7515,301,3013,812,4126,133,1409,468,2010,36,297,149,482,4460,65760,13138,83358,141,2414,493,3048,374,9020,1652,11046,1124,21875,3407,26406,1025,9904,1509,12438,1122,5697,1070,7889,1082,4549,892,6523,431,2604,638,3673,195,1434,485,2114,29,641,291,961,5523,58138,10437,74098,212,4490,1097,5799,653,16954,3535,21142,2012,45556,7707,55275,1970,23601,3728,29299,2126,13803,2608,18537,1885,10096,2057,14038,732,5617,1450,7799,328,2843,953,4124,65,938,440,1443,9983,123898,23575,157456
LGA17310,79,1671,257,2007,71,1367,135,1573,198,2517,220,2935,341,2786,273,3400,455,2931,267,3653,455,2838,248,3541,260,1972,277,2509,106,1030,256,1392,30,287,69,386,1995,17399,2002,21396,97,1543,222,1862,108,1383,87,1578,379,2617,182,3178,577,2845,215,3637,810,3016,212,4038,770,2627,223,3620,390,1997,306,2693,152,1214,329,1695,23,618,160,801,3306,17860,1936,23102,176,3214,479,3869,179,2750,222,3151,577,5134,402,6113,918,5631,488,7037,1265,5947,479,7691,1225,5465,471,7161,650,3969,583,5202,258,2244,585,3087,53,905,229,1187,5301,35259,3938,44498
LGA17350,11,172,15,198,6,115,8,129,18,189,8,215,35,262,23,320,48,343,29,420,69,326,18,413,35,253,28,316,14,151,37,202,0,31,10,41,236,1842,176,2254,9,142,13,164,6,113,4,123,27,181,11,219,66,269,12,347,95,307,23,425,97,269,13,379,38,235,35,308,20,190,42,252,5,96,27,128,363,1802,180,2345,20,314,28,362,12,228,12,252,45,370,19,434,101,531,35,667,143,650,52,845,166,595,31,792,73,488,63,624,34,341,79,454,5,127,37,169,599,3644,356,4599
LGA17400,18,148,22,188,6,92,13,111,24,186,26,236,34,318,27,379,75,377,47,499,86,484,55,625,50,343,52,445,12,147,31,190,5,43,8,56,310,2138,281,2729,7,152,14,173,12,98,3,113,40,214,20,274,68,324,18,410,104,359,36,499,116,424,41,581,60,290,43,393,14,185,40,239,0,79,21,100,421,2125,236,2782,25,300,36,361,18,190,16,224,64,400,46,510,102,642,45,789,179,736,83,998,202,908,96,1206,110,633,95,838,26,332,71,429,5,122,29,156,731,4263,517,5511
LGA17420,255,5843,548,6646,259,5026,253,5538,458,7749,399,8606,1086,10632,503,12221,1412,10424,469,12305,1445,8510,394,10349,793,5260,378,6431,273,1938,252,2463,61,479,84,624,6042,55861,3280,65183,276,5277,429,5982,312,4809,213,5334,823,8121,373,9317,1819,11428,453,13700,2387,10070,452,12909,2334,8182,458,10974,1029,4787,385,6201,304,2156,309,2769,50,1010,151,1211,9334,55840,3223,68397,531,11120,977,12628,571,9835,466,10872,1281,15870,772,17923,2905,22060,956,25921,3799,20494,921,25214,3779,16692,852,21323,1822,10047,763,12632,577,4094,561,5232,111,1489,235,1835,15376,111701,6503,133580
LGA17450,7,65,26,98,4,53,28,85,12,107,56,175,21,167,47,235,32,214,37,283,43,205,21,269,26,157,13,196,11,74,15,100,6,22,7,35,162,1064,250,1476,7,75,9,91,3,46,4,53,15,109,7,131,41,145,13,199,60,162,7,229,56,161,14,231,25,135,14,174,7,74,20,101,3,38,9,50,217,945,97,1259,14,140,35,189,7,99,32,138,27,216,63,306,62,312,60,434,92,376,44,512,99,366,35,500,51,292,27,370,18,148,35,201,9,60,16,85,379,2009,347,2735
LGA17500,11,301,38,350,13,242,16,271,35,480,41,556,64,563,39,666,88,692,41,821,94,575,55,724,57,446,65,568,26,238,53,317,5,69,16,90,393,3606,364,4363,14,292,38,344,11,195,17,223,65,458,38,561,104,572,31,707,145,554,35,734,163,507,53,723,63,410,65,538,36,257,61,354,4,141,33,178,605,3386,371,4362,25,593,76,694,24,437,33,494,100,938,79,1117,168,1135,70,1373,233,1246,76,1555,257,1082,108,1447,120,856,130,1106,62,495,114,671,9,210,49,268,998,6992,735,8725
LGA17550,120,2263,342,2725,97,1596,174,1867,227,3097,248,3572,436,4073,339,4848,700,4671,401,5772,816,4462,368,5646,495,3575,443,4513,313,2393,576,3282,89,745,284,1118,3293,26875,3175,33343,120,2123,241,2484,117,1565,118,1800,438,3301,253,3992,783,4365,299,5447,1303,4755,335,6393,1342,4236,355,5933,715,3636,537,4888,368,2707,805,3880,70,1286,429,1785,5256,27974,3372,36602,240,4386,583,5209,214,3161,292,3667,665,6398,501,7564,1219,8438,638,10295,2003,9426,736,12165,2158,8698,723,11579,1210,7211,980,9401,681,5100,1381,7162,159,2031,713,2903,8549,54849,6547,69945
LGA17620,19,328,65,412,26,359,24,409,45,698,54,797,76,738,63,877,106,766,46,918,102,764,58,924,49,494,72,615,23,261,47,331,7,67,25,99,453,4475,454,5382,24,322,50,396,20,326,14,360,95,682,49,826,129,725,41,895,167,743,43,953,174,588,65,827,77,480,61,618,36,282,85,403,8,148,32,188,730,4296,440,5466,43,650,115,808,46,685,38,769,140,1380,103,1623,205,1463,104,1772,273,1509,89,1871,276,1352,123,1751,126,974,133,1233,59,543,132,734,15,215,57,287,1183,8771,894,10848
LGA17640,8,183,40,231,16,100,11,127,24,192,9,225,54,358,22,434,79,470,28,577,83,479,28,590,55,353,44,452,19,193,40,252,3,45,16,64,341,2373,238,2952,15,176,36,227,8,103,5,116,37,230,22,289,75,367,15,457,131,391,28,550,103,413,23,539,62,325,37,424,17,193,35,245,3,72,9,84,451,2270,210,2931,23,359,76,458,24,203,16,243,61,422,31,514,129,725,37,891,210,861,56,1127,186,892,51,1129,117,678,81,876,36,386,75,497,6,117,25,148,792,4643,448,5883
LGA17650,7,174,29,210,7,117,11,135,20,201,13,234,42,289,13,344,63,359,27,449,80,388,37,505,28,252,26,306,16,99,16,131,6,17,6,29,269,1896,178,2343,14,174,22,210,7,85,4,96,34,225,9,268,64,328,18,410,117,355,12,484,98,347,27,472,31,208,26,265,11,124,21,156,5,42,12,59,381,1888,151,2420,21,348,51,420,14,202,15,231,54,426,22,502,106,617,31,754,180,714,39,933,178,735,64,977,59,460,52,571,27,223,37,287,11,59,18,88,650,3784,329,4763
LGA17700,0,29,4,33,3,16,3,22,3,44,0,47,3,51,4,58,10,83,5,98,12,73,13,98,9,63,7,79,3,31,6,40,3,6,4,13,46,396,46,488,0,29,3,32,0,18,0,18,8,31,3,42,13,45,6,64,16,53,9,78,12,67,3,82,11,43,6,60,5,29,5,39,0,10,3,13,65,325,38,428,0,58,7,65,3,34,3,40,11,75,3,89,16,96,10,122,26,136,14,176,24,140,16,180,20,106,13,139,8,60,11,79,3,16,7,26,111,721,84,916
LGA17750,89,2075,250,2414,99,2303,154,2556,225,3314,207,3746,330,3083,209,3622,429,3023,200,3652,441,2599,195,3235,218,1559,156,1933,115,849,163,1127,33,269,74,376,1979,19074,1608,22661,115,1937,207,2259,150,2315,131,2596,426,3366,157,3949,597,3108,150,3855,726,2993,165,3884,728,2364,158,3250,340,1604,205,2149,134,1133,261,1528,23,588,142,753,3239,19408,1576,24223,204,4012,457,4673,249,4618,285,5152,651,6680,364,7695,927,6191,359,7477,1155,6016,365,7536,1169,4963,353,6485,558,3163,361,4082,249,1982,424,2655,56,857,216,1129,5218,38482,3184,46884
LGA17800,5,121,18,144,4,67,11,82,12,132,10,154,23,175,19,217,33,241,23,297,45,275,40,360,20,170,34,224,14,106,26,146,3,38,6,47,159,1325,187,1671,7,93,18,118,6,55,3,64,13,121,13,147,35,153,7,195,57,258,24,339,51,207,24,282,31,165,36,232,18,113,31,162,3,39,11,53,221,1204,167,1592,12,214,36,262,10,122,14,146,25,253,23,301,58,328,26,412,90,499,47,636,96,482,64,642,51,335,70,456,32,219,57,308,6,77,17,100,380,2529,354,3263
LGA17850,3,74,15,92,3,60,0,63,8,116,9,133,17,144,9,170,22,186,11,219,30,201,14,245,13,164,13,190,5,76,9,90,0,25,3,28,101,1046,83,1230,3,75,12,90,3,66,7,76,21,93,7,121,29,158,5,192,36,149,10,195,52,156,6,214,24,158,14,196,3,81,15,99,0,39,9,48,171,975,85,1231,6,149,27,182,6,126,7,139,29,209,16,254,46,302,14,362,58,335,21,414,82,357,20,459,37,322,27,386,8,157,24,189,0,64,12,76,272,2021,168,2461
LGA17900,10,118,35,163,11,134,16,161,32,270,39,341,45,308,50,403,58,386,75,519,60,410,90,560,24,324,80,428,14,124,49,187,3,23,10,36,257,2097,444,2798,6,121,32,159,8,127,28,163,48,266,28,342,64,286,40,390,74,297,47,418,72,284,44,400,31,194,41,266,5,73,29,107,3,27,9,39,311,1675,298,2284,16,239,67,322,19,261,44,324,80,536,67,683,109,594,90,793,132,683,122,937,132,694,134,960,55,518,121,694,19,197,78,294,6,50,19,75,568,3772,742,5082
LGA17950,7,64,12,83,4,56,7,67,8,121,13,142,22,133,9,164,28,186,14,228,18,178,12,208,11,123,23,157,10,44,11,65,0,16,3,19,108,921,104,1133,7,53,9,69,3,53,4,60,16,120,12,148,25,124,12,161,31,170,8,209,33,119,11,163,22,92,16,130,6,60,17,83,3,21,3,27,146,812,92,1050,14,117,21,152,7,109,11,127,24,241,25,290,47,257,21,325,59,356,22,437,51,297,23,371,33,215,39,287,16,104,28,148,3,37,6,46,254,1733,196,2183
LGA18000,119,3484,423,4026,150,3382,250,3782,416,7961,538,8915,842,9964,570,11376,1113,8108,531,9752,1010,5755,380,7145,602,4101,337,5040,335,2373,355,3063,127,1031,186,1344,4714,46159,3570,54443,134,3267,306,3707,187,3151,168,3506,628,8030,493,9151,1289,10183,522,11994,1791,7712,401,9904,1693,5362,371,7426,877,4378,445,5700,393,3124,548,4065,100,1957,477,2534,7092,47164,3731,57987,253,6751,729,7733,337,6533,418,7288,1044,15991,1031,18066,2131,20147,1092,23370,2904,15820,932,19656,2703,11117,751,14571,1479,8479,782,10740,728,5497,903,7128,227,2988,663,3878,11806,93323,7301,112430
LGA18020,19,243,57,319,14,143,21,178,36,283,34,353,74,409,43,526,84,516,56,656,101,563,57,721,68,464,78,610,32,245,48,325,3,66,18,87,431,2932,412,3775,25,214,35,274,16,152,23,191,75,313,23,411,98,405,43,546,137,455,47,639,141,530,54,725,70,400,72,542,31,272,66,369,3,144,33,180,596,2885,396,3877,44,457,92,593,30,295,44,369,111,596,57,764,172,814,86,1072,221,971,103,1295,242,1093,111,1446,138,864,150,1152,63,517,114,694,6,210,51,267,1027,5817,808,7652
LGA18050,44,943,180,1167,66,1432,328,1826,243,6052,1228,7523,352,4834,709,5895,467,2792,427,3686,382,2099,323,2804,140,1335,281,1756,112,777,195,1084,34,310,110,454,1840,20574,3781,26195,49,935,170,1154,99,1701,289,2089,340,6533,964,7837,558,4466,602,5626,657,2601,369,3627,621,1947,298,2866,302,1341,297,1940,138,988,296,1422,44,671,219,934,2808,21183,3504,27495,93,1878,350,2321,165,3133,617,3915,583,12585,2192,15360,910,9300,1311,11521,1124,5393,796,7313,1003,4046,621,5670,442,2676,578,3696,250,1765,491,2506,78,981,329,1388,4648,41757,7285,53690
LGA18100,0,91,15,106,4,57,6,67,6,121,17,144,27,153,11,191,57,200,18,275,53,227,19,299,31,196,30,257,15,99,26,140,3,19,6,28,196,1163,148,1507,8,78,11,97,4,52,0,56,13,128,4,145,31,166,11,208,65,168,12,245,85,178,17,280,31,167,27,225,12,102,28,142,3,57,11,71,252,1096,121,1469,8,169,26,203,8,109,6,123,19,249,21,289,58,319,22,399,122,368,30,520,138,405,36,579,62,363,57,482,27,201,54,282,6,76,17,99,448,2259,269,2976
LGA18150,11,222,59,292,17,142,100,259,33,260,209,502,42,354,125,521,75,435,87,597,47,459,60,566,48,356,61,465,31,174,49,254,8,36,9,53,312,2438,759,3509,16,179,46,241,23,134,17,174,61,284,42,387,81,379,52,512,111,391,37,539,120,397,39,556,66,315,55,436,29,209,54,292,3,87,12,102,510,2375,354,3239,27,401,105,533,40,276,117,433,94,544,251,889,123,733,177,1033,186,826,124,1136,167,856,99,1122,114,671,116,901,60,383,103,546,11,123,21,155,822,4813,1113,6748
LGA18200,10,170,48,228,16,130,14,160,29,253,31,313,47,348,26,421,60,429,32,521,56,425,37,518,46,278,45,369,12,116,37,165,3,23,9,35,279,2172,279,2730,15,178,32,225,7,121,9,137,44,258,24,326,58,345,14,417,98,365,22,485,112,307,29,448,36,210,37,283,10,100,39,149,6,36,31,73,386,1920,237,2543,25,348,80,453,23,251,23,297,73,511,55,639,105,693,40,838,158,794,54,1006,168,732,66,966,82,488,82,652,22,216,76,314,9,59,40,108,665,4092,516,5273
LGA18250,45,1490,172,1707,78,1805,195,2078,241,4485,372,5098,363,4748,319,5430,488,3632,239,4359,443,2748,173,3364,231,1624,121,1976,121,1019,145,1285,43,376,59,478,2053,21927,1795,25775,54,1613,161,1828,103,1929,144,2176,343,4917,333,5593,614,4921,271,5806,836,3736,214,4786,786,2801,193,3780,351,1660,171,2182,187,1152,198,1537,35,861,135,1031,3309,23590,1820,28719,99,3103,333,3535,181,3734,339,4254,584,9402,705,10691,977,9669,590,11236,1324,7368,453,9145,1229,5549,366,7144,582,3284,292,4158,308,2171,343,2822,78,1237,194,1509,5362,45517,3615,54494
LGA18350,67,1204,176,1447,48,836,60,944,118,1381,95,1594,283,2079,169,2531,392,2433,172,2997,436,2368,193,2997,256,2157,213,2626,129,1108,180,1417,32,279,80,391,1761,13845,1338,16944,87,1192,141,1420,68,824,67,959,207,1404,104,1715,438,2285,142,2865,654,2520,149,3323,802,2404,180,3386,397,2210,209,2816,150,1205,228,1583,32,582,162,776,2835,14626,1382,18843,154,2396,317,2867,116,1660,127,1903,325,2785,199,3309,721,4364,311,5396,1046,4953,321,6320,1238,4772,373,6383,653,4367,422,5442,279,2313,408,3000,64,861,242,1167,4596,28471,2720,35787
LGA18400,61,1436,175,1672,56,1205,100,1361,133,2017,136,2286,314,2668,189,3171,339,2563,181,3083,358,2111,153,2622,149,1199,117,1465,65,468,102,635,18,115,31,164,1493,13782,1184,16459,90,1312,178,1580,88,1096,66,1250,262,1992,120,2374,550,2659,172,3381,661,2438,163,3262,582,1856,127,2565,206,1051,116,1373,54,544,129,727,16,235,52,303,2509,13183,1123,16815,151,2748,353,3252,144,2301,166,2611,395,4009,256,4660,864,5327,361,6552,1000,5001,344,6345,940,3967,280,5187,355,2250,233,2838,119,1012,231,1362,34,350,83,467,4002,26965,2307,33274
LGA18450,306,5609,675,6590,390,6566,533,7489,805,10609,819,12233,1310,10543,781,12634,1885,10372,796,13053,1724,8332,715,10771,974,5957,725,7656,528,3610,830,4968,138,1113,294,1545,8060,62711,6168,76939,352,5328,556,6236,470,6080,397,6947,1280,10106,589,11975,2156,10220,613,12989,2990,9567,625,13182,2767,7728,681,11176,1323,6224,805,8352,581,4493,1156,6230,105,2148,466,2719,12024,61894,5888,79806,658,10937,1231,12826,860,12646,930,14436,2085,20715,1408,24208,3466,20763,1394,25623,4875,19939,1421,26235,4491,16060,1396,21947,2297,12181,1530,16008,1109,8103,1986,11198,243,3261,760,4264,20084,124605,12056,156745
LGA18500,57,1057,203,1317,61,1144,182,1387,166,3621,612,4399,255,3010,466,3731,344,2450,352,3146,412,2121,291,2824,248,1539,269,2056,108,819,192,1119,46,363,127,536,1697,16124,2694,20515,42,1023,173,1238,94,1378,184,1656,235,4260,576,5071,408,3240,471,4119,673,2446,377,3496,732,2175,319,3226,377,1659,287,2323,146,1023,283,1452,38,730,241,1009,2745,17934,2911,23590,99,2080,376,2555,155,2522,366,3043,401,7881,1188,9470,663,6250,937,7850,1017,4896,729,6642,1144,4296,610,6050,625,3198,556,4379,254,1842,475,2571,84,1093,368,1545,4442,34058,5605,44105
LGA18550,216,4475,642,5333,193,3670,254,4117,496,6628,483,7607,920,7625,622,9167,1179,7736,618,9533,1167,6744,616,8527,796,5334,727,6857,423,3108,774,4305,107,946,333,1386,5497,46266,5069,56832,260,4279,532,5071,326,3550,245,4121,1007,6878,417,8302,1739,7844,525,10108,2025,7553,563,10141,2198,6519,533,9250,1116,5740,912,7768,462,3808,1108,5378,94,1763,594,2451,9227,47934,5429,62590,476,8754,1174,10404,519,7220,499,8238,1503,13506,900,15909,2659,15469,1147,19275,3204,15289,1181,19674,3365,13263,1149,17777,1912,11074,1639,14625,885,6916,1882,9683,201,2709,927,3837,14724,94200,10498,119422
LGA18710,22,451,50,523,14,286,31,331,34,554,44,632,85,997,70,1152,148,945,86,1179,141,793,56,990,55,506,46,607,33,215,43,291,6,49,22,77,538,4796,448,5782,35,388,44,467,25,278,23,326,79,640,47,766,168,1010,56,1234,219,827,47,1093,231,727,43,1001,80,454,53,587,31,213,56,300,7,96,43,146,875,4633,412,5920,57,839,94,990,39,564,54,657,113,1194,91,1398,253,2007,126,2386,367,1772,133,2272,372,1520,99,1991,135,960,99,1194,64,428,99,591,13,145,65,223,1413,9429,860,11702
LGA18750,21,338,55,414,17,247,29,293,46,460,43,549,78,624,56,758,109,637,56,802,97,610,67,774,60,482,66,608,24,231,51,306,8,63,22,93,460,3692,445,4597,26,331,61,418,17,241,23,281,84,502,39,625,120,619,43,782,170,582,42,794,178,570,73,821,76,435,59,570,43,279,90,412,10,179,41,230,724,3738,471,4933,47,669,116,832,34,488,52,574,130,962,82,1174,198,1243,99,1540,279,1219,98,1596,275,1180,140,1595,136,917,125,1178,67,510,141,718,18,242,63,323,1184,7430,916,9530
LGA19399,0,10,0,10,3,23,3,29,11,65,0,76,4,78,3,85,14,85,9,108,6,99,4,109,4,53,10,67,0,30,4,34,0,6,0,6,42,449,33,524,0,16,0,16,0,27,0,27,6,59,0,65,12,54,3,69,12,73,5,90,12,68,4,84,4,56,0,60,3,13,18,34,0,7,0,7,49,373,30,452,0,26,0,26,3,50,3,56,17,124,0,141,16,132,6,154,26,158,14,198,18,167,8,193,8,109,10,127,3,43,22,68,0,13,0,13,91,822,63,976
LGA19499,19,289,79,387,33,531,138,702,84,1021,391,1496,100,826,445,1371,95,661,462,1218,70,589,303,962,49,421,153,623,7,99,42,148,0,29,21,50,457,4466,2034,6957,24,280,67,371,35,492,84,611,79,888,194,1161,84,481,167,732,102,448,125,675,124,498,95,717,35,244,68,347,3,51,40,94,0,43,29,72,486,3425,869,4780,43,569,146,758,68,1023,222,1313,163,1909,585,2657,184,1307,612,2103,197,1109,587,1893,194,1087,398,1679,84,665,221,970,10,150,82,242,0,72,50,122,943,7891,2903,11737
