region_id,Singapore_Before_1941,Singapore_1941_1950,Singapore_1951_1960,Singapore_1961_1970,Singapore_1971_1980,Singapore_1981_1990,Singapore_1991_2000,Singapore_2001_2005,Singapore_2006,Singapore_2007,Singapore_2008,Singapore_2009,Singapore_2010,Singapore_2011,Singapore_Yr_arrival_ns,Singapore_Tot,South_Africa_Before_1941,South_Africa_1941_1950,South_Africa_1951_1960,South_Africa_1961_1970,South_Africa_1971_1980,South_Africa_1981_1990,South_Africa_1991_2000,South_Africa_2001_2005,South_Africa_2006,South_Africa_2007,South_Africa_2008,South_Africa_2009,South_Africa_2010,South_Africa_2011,South_Africa_Yr_arrival_ns,South_Africa_Tot,SE_Europe_nfd_Before_1941,SE_Europe_nfd_1941_1950,SE_Europe_nfd_1951_1960,SE_Europe_nfd_1961_1970,SE_Europe_nfd_1971_1980,SE_Europe_nfd_1981_1990,SE_Europe_nfd_1991_2000,SE_Europe_nfd_2001_2005,South_Eastern_Europe_nfd_2006,South_Eastern_Europe_nfd_2007,South_Eastern_Europe_nfd_2008,South_Eastern_Europe_nfd_2009,South_Eastern_Europe_nfd_2010,South_Eastern_Europe_nfd_2011,SE_Europe_nfd_arrival_ns,SE_Europe_nfd_Total,Sri_Lanka_Before_1941,Sri_Lanka_1941_1950,Sri_Lanka_1951_1960,Sri_Lanka_1961_1970,Sri_Lanka_1971_1980,Sri_Lanka_1981_1990,Sri_Lanka_1991_2000,Sri_Lanka_2001_2005,Sri_Lanka_2006,Sri_Lanka_2007,Sri_Lanka_2008,Sri_Lanka_2009,Sri_Lanka_2010,Sri_Lanka_2011,Sri_Lanka_Yr_arrival_ns,Sri_Lanka_Tot,Thailand_Before_1941,Thailand_1941_1950,Thailand_1951_1960,Thailand_1961_1970,Thailand_1971_1980,Thailand_1981_1990,Thailand_1991_2000,Thailand_2001_2005,Thailand_2006,Thailand_2007,Thailand_2008,Thailand_2009,Thailand_2010,Thailand_2011,Thailand_Yr_arrival_ns,Thailand_Tot,Turkey_Before_1941,Turkey_1941_1950,Turkey_1951_1960,Turkey_1961_1970,Turkey_1971_1980,Turkey_1981_1990,Turkey_1991_2000,Turkey_2001_2005,Turkey_2006,Turkey_2007,Turkey_2008,Turkey_2009,Turkey_2010,Turkey_2011,Turkey_Yr_arrival_ns,Turkey_Tot,United_Kingdom_Before_1941,United_Kingdom_1941_1950,United_Kingdom_1951_1960,United_Kingdom_1961_1970,United_Kingdom_1971_1980,United_Kingdom_1981_1990,United_Kingdom_1991_2000,United_Kingdom_2001_2005,United_Kingdom_2006,United_Kingdom_2007,United_Kingdom_2008,United_Kingdom_2009,United_Kingdom_2010,United_Kingdom_2011,United_Kingdom_Yr_arrival_ns,United_Kingdom_Tot,USA_Before_1941,USA_1941_1950,USA_1951_1960,USA_1961_1970,USA_1971_1980,USA_1981_1990,USA_1991_2000,USA_2001_2005,United_States_America_2006,United_States_America_2007,United_States_America_2008,United_States_America_2009,United_States_America_2010,United_States_America_2011,USA_year_of_arrival_ns,USA_Total,Vietnam_Before_1941,Vietnam_1941_1950,Vietnam_1951_1960,Vietnam_1961_1970,Vietnam_1971_1980,Vietnam_1981_1990,Vietnam_1991_2000,Vietnam_2001_2005,Vietnam_2006,Vietnam_2007,Vietnam_2008,Vietnam_2009,Vietnam_2010,Vietnam_2011,Vietnam_Yr_arrival_NS,Vietnam_Tot,Born_elsewhere_Before_1941,Born_elsewhere_1941_1950,Born_elsewhere_1951_1960,Born_elsewhere_1961_1970,Born_elsewhere_1971_1980,Born_elsewhere_1981_1990,Born_elsewhere_1991_2000,Born_elsewhere_2001_2005,Born_elsewhere_2006,Born_elsewhere_2007,Born_elsewhere_2008,Born_elsewhere_2009,Born_elsewhere_2010,Born_elsewhere_2011,Born_elsewhere_Yr_arrival_ns,Born_elsewhere_Tot,Tot_Before_1941,Tot_1941_1950,Tot_1951_1960,Tot_1961_1970,Tot_1971_1980,Tot_1981_1990,Tot_1991_2000,Tot_2001_2005,Tot_2006,Tot_2007,Tot_2008,Tot_2009,Tot_2010,Tot_2011,Tot_Yr_arrival_NS,Tot_Tot
LGA10050,0,0,0,3,5,0,3,4,0,0,0,0,0,0,0,15,0,0,3,4,5,9,42,17,14,5,7,13,7,7,3,136,0,4,8,16,0,7,0,0,0,0,0,0,0,0,3,38,0,0,0,0,4,7,7,0,3,5,3,4,0,0,0,33,0,0,0,0,0,5,14,5,7,0,0,7,3,0,3,44,0,0,0,0,0,0,4,0,0,0,0,0,0,0,0,4,17,53,162,384,227,145,72,94,20,27,19,22,9,5,77,1333,0,0,0,7,11,14,22,18,5,3,0,0,4,0,0,84,0,0,0,0,5,4,0,0,0,0,0,0,4,0,3,16,3,49,83,109,110,61,51,60,51,36,50,107,94,84,33,981,20,214,618,762,549,503,420,358,195,189,184,266,204,155,243,4880
LGA10110,0,0,0,3,5,0,3,0,0,0,3,4,0,3,0,21,0,0,3,4,11,6,48,3,4,4,0,7,4,0,0,94,0,0,0,3,0,0,0,3,0,0,0,0,0,0,0,6,0,0,0,0,7,6,3,3,3,4,0,3,3,6,0,38,0,0,0,0,0,0,0,4,3,3,3,4,8,5,0,30,0,0,0,3,0,0,3,3,0,0,0,0,0,0,0,9,13,29,66,175,96,67,61,41,6,4,11,15,11,5,38,638,0,3,3,10,18,10,27,18,3,4,3,9,3,0,9,120,0,0,0,0,3,3,0,0,0,3,3,4,9,17,3,45,0,12,24,44,36,42,60,60,18,35,52,81,109,75,32,680,20,73,180,319,255,268,384,246,60,84,133,185,259,193,153,2812
LGA10150,0,0,6,13,10,26,17,13,3,7,0,3,3,0,3,104,0,0,6,14,19,34,18,19,3,4,3,3,0,0,3,126,0,3,8,15,3,5,8,0,0,0,0,0,0,0,0,42,0,0,0,3,16,34,23,12,5,4,3,0,9,3,7,119,0,0,0,0,4,37,71,58,15,23,27,20,3,7,13,278,0,0,0,17,33,20,15,8,5,0,6,0,0,3,5,112,12,25,70,232,188,185,161,107,24,24,22,26,25,10,66,1177,0,0,0,12,27,18,32,23,6,3,10,17,17,6,9,180,0,0,0,3,146,130,59,26,5,4,10,7,10,0,14,414,4,63,89,282,398,374,371,319,181,340,394,307,136,71,114,3443,30,230,1185,1921,1722,2605,2756,2153,723,988,1113,942,721,353,805,18247
LGA10200,0,0,0,0,13,42,26,28,10,5,14,9,3,14,4,168,0,0,3,4,24,24,33,51,5,6,9,20,6,0,7,192,0,3,4,24,6,0,6,3,0,0,0,0,0,0,3,49,0,0,0,4,15,307,484,167,42,44,71,67,37,22,32,1292,0,0,0,0,6,57,55,36,9,3,14,21,8,3,17,229,0,0,0,363,742,501,438,255,27,25,30,61,43,29,101,2615,8,21,45,152,87,71,61,54,18,11,20,9,17,11,61,646,0,0,0,0,4,18,26,12,4,13,12,10,8,3,13,123,0,0,3,9,1155,1261,438,92,22,44,33,30,37,17,206,3347,3,82,53,225,536,704,1642,1770,517,719,863,879,633,343,495,9464,15,209,486,1873,4148,6717,8506,6434,1638,2265,2545,2394,1643,945,2164,41982
LGA10250,0,0,0,7,3,0,7,0,0,0,0,0,0,0,0,17,0,0,5,16,30,27,19,21,7,6,6,25,4,4,3,173,0,3,3,7,0,0,0,0,0,0,0,0,0,0,3,16,0,4,0,7,3,0,8,0,0,0,0,0,0,0,0,22,0,0,0,3,4,3,12,19,0,4,0,4,9,0,3,61,0,0,0,0,0,0,0,0,0,0,0,0,0,0,0,0,31,75,237,498,240,128,124,116,26,29,27,25,23,8,80,1667,0,0,3,17,25,27,22,25,6,3,3,4,6,4,3,148,0,0,0,0,4,3,7,0,0,0,0,0,4,0,3,21,6,21,49,73,66,62,53,52,18,4,12,9,14,13,28,480,66,180,537,809,594,500,449,365,92,83,86,117,101,50,190,4219
LGA10300,0,0,0,0,0,0,0,0,0,0,0,0,0,0,0,0,0,0,0,0,0,0,0,0,3,0,0,0,0,0,0,3,0,0,0,0,0,0,0,0,0,0,0,0,0,0,0,0,0,0,0,0,0,0,0,0,0,0,0,3,0,0,0,3,0,0,0,0,3,0,0,3,0,0,3,0,0,0,0,9,0,0,0,0,0,0,0,0,0,0,0,0,0,0,0,0,0,0,4,6,0,0,3,0,0,0,0,0,0,0,0,13,0,0,0,0,0,0,0,3,0,0,0,0,3,0,0,6,0,0,0,0,3,0,3,0,0,0,0,0,0,0,3,9,0,0,3,0,0,4,7,6,0,0,0,0,3,5,3,31,3,7,29,14,15,11,19,22,3,6,6,3,9,5,20,172
LGA10350,0,5,0,3,37,39,37,25,7,12,3,6,3,0,6,183,0,3,3,16,55,86,63,38,22,8,5,0,9,0,8,316,0,7,29,77,35,13,18,5,3,0,0,0,0,0,8,195,0,4,4,28,33,85,97,40,12,10,21,7,19,3,62,425,0,0,0,7,19,71,109,58,19,18,31,6,21,0,21,380,0,0,4,72,100,92,66,26,3,5,0,0,0,0,20,388,66,170,339,731,362,224,132,88,16,17,27,27,14,11,153,2377,0,0,3,13,21,28,49,53,12,5,15,10,13,9,17,248,0,3,0,6,1636,4831,3103,829,195,248,281,326,231,104,604,12397,0,341,341,731,1685,1907,2481,1676,443,343,423,364,319,167,577,11798,119,1142,2939,6573,10365,15076,13856,6796,1663,1590,1775,1484,1277,661,3402,68718
LGA10470,0,0,0,6,3,3,4,4,3,0,0,0,0,0,0,23,0,0,3,3,10,6,28,17,0,7,0,9,5,0,0,88,0,3,3,11,0,0,0,0,0,0,0,0,0,0,3,20,0,0,0,0,3,11,6,6,3,3,0,6,0,0,3,41,0,0,0,0,0,3,3,3,0,3,3,3,3,0,3,24,0,0,0,0,3,3,0,0,0,0,3,0,0,0,0,9,14,51,148,280,212,97,71,37,16,3,8,12,3,6,51,1009,0,3,0,3,9,11,12,11,6,0,0,0,0,3,3,61,0,0,0,0,3,6,0,7,0,0,3,0,3,3,18,43,0,17,27,43,64,49,70,55,7,18,13,9,9,3,64,448,17,130,323,501,455,374,388,260,69,75,65,95,65,50,325,3192
LGA10550,0,0,3,0,3,0,3,3,0,0,0,0,0,0,3,15,0,4,0,14,15,20,9,7,0,0,0,0,0,0,7,76,0,0,4,12,3,0,0,0,0,0,0,0,0,0,0,19,0,0,0,0,5,0,0,4,0,0,0,0,0,0,0,9,0,0,0,3,5,5,0,0,0,0,0,0,8,0,0,21,0,0,0,3,0,0,0,0,0,0,0,0,0,0,0,3,21,86,324,592,275,153,81,47,14,7,11,7,6,3,77,1704,3,0,3,16,27,24,18,14,6,0,4,3,3,3,4,128,0,0,0,0,0,8,5,0,0,0,0,0,3,3,0,19,5,29,74,74,77,60,24,26,3,0,0,0,3,7,8,390,33,204,721,904,614,446,266,173,43,28,41,33,50,28,167,3751
LGA10600,0,0,0,6,0,0,0,0,0,0,0,0,0,0,0,6,0,0,0,9,11,10,4,3,0,0,0,0,0,0,3,40,0,0,4,0,0,0,0,0,0,0,0,0,0,0,0,4,0,0,0,0,0,0,0,0,0,0,0,0,0,0,0,0,0,0,0,0,0,0,0,0,0,0,0,3,0,0,0,3,0,0,0,3,0,3,0,0,0,0,0,0,0,0,0,6,9,29,79,217,124,77,58,57,7,10,0,7,3,0,42,719,0,0,3,3,12,12,4,9,0,0,0,0,0,0,4,47,4,0,0,0,0,0,0,0,0,0,0,0,0,0,0,4,0,11,20,28,29,35,26,16,0,0,10,3,3,0,7,188,17,61,169,343,251,244,138,115,33,16,23,22,25,11,66,1534
LGA10650,0,0,0,0,0,0,0,0,0,0,0,0,0,0,0,0,0,0,0,3,0,0,3,0,0,4,3,0,0,0,0,13,0,0,0,3,0,0,0,0,0,0,0,0,0,0,0,3,0,0,0,0,0,0,0,0,3,0,0,0,0,0,0,3,0,0,0,0,0,0,0,0,0,0,0,0,0,0,0,0,0,0,0,0,0,0,0,0,0,0,0,0,0,0,0,0,0,19,52,80,31,20,3,3,3,0,0,0,4,0,12,227,0,0,0,0,0,0,0,0,0,0,0,0,0,0,7,7,0,0,0,0,0,0,0,0,0,0,0,0,0,3,0,3,0,4,8,8,8,0,3,3,3,0,7,0,3,0,3,50,3,39,123,119,57,53,56,19,21,7,13,11,16,9,31,577
LGA10750,3,0,10,8,51,119,71,73,25,15,18,13,7,12,17,442,0,0,3,29,144,391,358,359,47,107,120,58,68,36,31,1751,4,25,51,196,92,33,134,29,0,0,0,3,0,0,27,594,0,0,3,45,107,679,1099,647,166,144,206,118,123,59,54,3450,0,0,0,0,13,83,113,91,24,37,24,30,15,13,33,476,0,0,0,188,339,234,278,120,14,22,16,33,18,21,53,1336,36,198,785,2524,1215,926,512,339,101,113,73,89,89,36,373,7409,0,0,5,25,62,75,117,128,36,22,32,48,64,44,39,697,0,0,0,0,182,377,206,41,3,13,11,12,17,6,52,920,9,236,393,1089,2082,4069,6606,4409,935,809,922,827,742,388,979,24495,85,1261,3722,8075,8782,20766,27989,17204,4216,4307,4579,3688,2766,1523,4257,113220
LGA10800,0,0,0,0,0,0,0,0,0,0,0,0,0,0,0,0,0,0,0,0,0,3,0,4,0,0,0,0,0,0,0,7,0,0,3,0,0,0,0,0,0,0,0,0,0,0,0,3,0,0,0,0,0,0,0,0,0,0,0,0,0,0,0,0,0,0,0,0,0,0,0,0,0,0,0,0,0,0,0,0,0,0,0,0,0,0,0,0,0,0,0,0,0,0,0,0,6,3,14,32,21,3,9,3,3,0,0,0,0,0,3,97,0,0,0,0,0,0,0,3,0,0,3,0,0,0,0,6,0,0,0,0,0,0,0,0,0,0,0,0,0,0,0,0,3,0,3,7,4,3,0,5,0,0,3,0,3,0,0,31,9,9,32,42,32,36,24,18,6,0,6,7,9,3,9,242
LGA10850,0,0,0,0,0,0,0,0,0,0,0,0,0,0,0,0,0,0,0,0,0,6,5,0,0,0,0,0,0,0,0,11,0,0,0,0,0,0,0,0,0,0,0,0,0,0,0,0,0,0,0,0,0,0,0,0,0,0,0,0,0,0,0,0,0,0,0,0,0,0,0,4,0,0,0,0,0,0,0,4,0,0,0,0,0,0,0,0,0,0,0,0,0,0,0,0,3,10,43,51,27,16,9,4,0,0,0,0,3,0,8,174,0,0,0,0,0,0,0,0,0,0,4,0,0,0,0,4,0,0,0,0,0,0,0,0,0,0,0,0,0,0,0,0,0,4,0,8,6,9,0,0,3,0,0,0,0,0,4,34,3,29,68,86,67,53,29,25,15,6,10,0,6,0,23,420
LGA10900,0,5,0,9,16,6,8,4,0,0,0,0,0,3,6,57,0,3,6,29,74,61,34,25,0,7,11,3,3,0,8,264,0,7,12,22,5,0,8,0,0,0,0,0,0,0,0,54,0,0,0,20,9,13,12,4,0,0,0,0,0,0,3,61,0,0,0,0,0,16,19,27,3,3,3,4,3,6,3,87,0,0,0,3,3,3,5,0,0,0,0,0,0,0,0,14,49,202,625,1657,1137,696,460,215,47,46,56,45,17,16,206,5474,3,3,11,55,90,72,65,42,19,15,15,9,8,0,21,428,0,0,0,0,15,15,3,0,5,0,9,6,6,3,4,66,8,124,188,334,325,273,148,108,14,25,19,17,12,16,61,1672,90,557,1503,2843,2362,1946,1309,690,147,152,164,166,116,80,444,12569
LGA10950,0,0,0,0,0,0,0,0,0,0,0,0,0,0,0,0,0,0,0,0,0,0,0,0,0,0,0,0,0,0,0,0,0,0,0,0,0,0,0,0,0,0,0,0,0,0,0,0,0,0,0,0,0,0,0,0,0,0,0,0,0,0,0,0,0,0,0,0,0,0,0,0,0,0,0,0,0,0,0,0,0,0,0,0,0,0,0,0,0,0,0,0,0,0,0,0,0,0,6,8,4,6,0,0,0,0,0,0,0,0,4,28,0,0,0,0,0,0,0,0,0,0,0,0,0,0,0,0,0,0,0,0,0,0,0,0,0,0,0,0,0,0,0,0,0,0,0,0,0,0,0,0,0,8,0,6,0,3,0,17,3,6,12,12,10,17,3,3,6,8,5,6,3,6,10,110
LGA11000,0,0,0,0,0,0,0,0,0,0,0,0,0,0,0,0,0,0,0,0,3,0,0,0,0,0,0,0,0,0,0,3,0,0,0,0,0,0,0,0,0,0,0,0,0,0,0,0,0,0,0,0,0,0,0,0,0,0,0,3,0,0,0,3,0,0,0,0,0,0,0,0,0,0,0,0,0,0,0,0,0,0,0,0,0,0,0,0,0,0,0,0,0,0,0,0,3,9,13,34,7,7,0,3,0,0,0,0,0,0,3,79,0,0,0,3,0,3,0,0,0,0,0,0,0,0,0,6,0,0,0,0,0,0,0,0,0,0,0,0,0,0,0,0,0,0,7,6,0,3,0,5,0,0,0,0,0,0,0,21,3,16,39,52,32,23,5,8,0,3,0,3,0,0,6,190
LGA11050,0,0,0,0,0,0,0,0,0,0,0,0,0,0,0,0,0,0,0,0,0,0,3,0,0,0,0,5,0,0,0,8,0,0,0,0,0,0,0,0,0,0,0,0,0,0,0,0,0,0,0,0,0,0,0,0,0,0,0,0,0,0,0,0,0,0,0,0,0,0,0,0,0,0,0,0,0,0,0,0,0,0,0,0,0,0,0,0,0,0,0,0,0,0,0,0,0,3,27,11,8,4,6,4,0,0,0,0,0,0,0,63,0,0,0,3,0,0,0,0,0,0,0,0,0,0,0,3,0,0,0,0,0,0,0,0,0,0,0,0,0,0,0,0,0,0,0,5,4,3,0,4,3,0,4,0,0,3,0,26,0,6,33,23,20,14,16,8,6,0,4,5,0,6,0,141
LGA11100,0,0,3,5,16,16,21,20,3,4,4,3,5,4,4,108,0,0,0,3,29,23,54,47,13,3,9,3,4,7,3,198,0,0,4,33,6,5,19,0,0,0,0,0,0,0,3,70,0,0,0,3,0,29,53,5,10,13,3,7,0,3,0,126,0,0,0,3,4,34,41,46,12,15,13,11,5,0,6,190,0,0,4,89,127,85,59,26,7,9,0,6,3,3,18,436,5,21,90,237,202,148,162,98,17,14,17,23,8,3,66,1111,0,0,0,5,10,9,24,13,3,3,3,4,10,6,3,93,0,0,0,0,50,75,27,11,4,7,4,9,5,3,4,199,0,27,92,295,832,779,1075,541,166,213,204,180,192,76,188,4860,18,159,754,1867,2179,2741,3266,1891,512,551,605,583,521,255,699,16601
LGA11150,0,0,0,0,0,0,0,0,0,0,0,0,0,0,0,0,0,0,0,0,0,0,0,0,0,0,0,0,0,0,0,0,0,0,0,0,0,0,0,0,0,0,0,0,0,0,0,0,0,0,0,0,0,0,0,0,0,0,0,0,0,0,0,0,0,0,0,0,0,0,0,0,0,0,0,3,0,0,0,3,0,0,0,0,0,0,0,0,0,0,0,0,0,0,0,0,0,3,3,0,3,0,3,3,0,5,0,0,0,0,3,23,0,0,0,9,0,3,3,0,0,0,0,0,3,0,0,18,0,0,0,0,0,0,0,0,0,0,0,0,0,0,0,0,0,0,0,0,0,10,3,0,0,0,0,0,0,0,0,13,0,3,6,13,6,16,20,6,0,5,9,6,8,0,3,101
LGA11200,0,0,0,0,0,0,0,0,0,0,0,0,0,0,0,0,0,0,0,0,0,0,0,0,0,0,0,0,0,0,0,0,0,0,0,0,0,0,0,0,0,0,0,0,0,0,0,0,0,0,0,0,0,3,3,0,0,0,3,0,0,0,0,9,0,0,0,0,0,0,0,0,0,0,0,0,0,0,0,0,0,0,0,0,0,0,0,0,0,0,0,0,0,0,0,0,0,0,3,3,0,0,3,0,0,0,0,0,0,0,0,9,0,0,0,0,0,0,0,0,0,0,0,0,0,0,0,0,0,0,0,0,0,0,0,0,0,0,0,0,0,0,0,0,0,0,3,3,0,0,0,0,0,0,0,0,0,0,0,6,0,0,9,9,3,6,6,3,0,0,3,5,3,0,3,50
LGA11250,0,0,0,0,3,0,3,0,0,0,0,3,0,0,3,12,0,0,0,0,0,5,0,4,0,3,3,0,0,0,0,15,0,0,0,0,3,0,0,0,0,0,0,0,0,0,3,6,0,0,0,0,0,4,0,0,4,7,3,3,0,0,0,21,0,0,0,0,0,0,0,0,5,0,0,0,3,0,0,8,0,0,0,0,0,0,3,0,0,0,0,0,0,0,0,3,4,13,46,57,37,21,11,8,3,3,6,0,0,3,18,230,0,0,0,4,3,3,0,3,0,0,0,0,3,0,0,16,0,0,0,0,0,0,0,0,0,0,3,0,0,0,0,3,0,4,13,7,4,3,4,12,4,3,3,0,0,3,11,71,17,43,145,113,81,96,56,51,23,28,28,24,25,17,79,826
LGA11300,0,0,0,5,5,20,15,11,7,3,4,4,10,11,4,99,0,0,0,11,12,5,21,10,0,3,0,0,6,0,0,68,0,3,11,21,9,0,5,0,0,0,0,0,0,0,3,52,0,0,6,8,11,94,59,22,10,11,5,9,17,0,10,262,0,0,0,0,9,21,11,25,14,6,14,4,9,3,7,123,0,0,0,9,34,16,11,4,0,0,0,0,0,4,9,87,7,17,55,120,74,58,50,28,9,3,18,7,20,14,27,507,0,0,0,5,12,12,14,10,3,0,5,4,8,0,6,79,0,0,3,10,251,159,68,11,11,8,15,11,7,0,29,583,6,40,73,175,256,312,308,185,114,284,361,253,84,55,99,2605,29,191,922,1476,1548,2392,2516,2101,744,977,1195,998,738,422,817,17066
LGA11350,0,0,3,3,5,3,0,0,0,0,0,0,0,0,3,17,0,0,9,24,37,35,27,13,6,0,6,0,3,0,3,163,0,0,3,7,0,0,0,0,0,0,0,0,0,0,0,10,0,0,0,3,3,3,3,0,0,0,3,0,0,0,3,18,0,0,0,0,7,9,8,6,4,0,6,0,0,0,3,43,0,0,0,0,5,3,0,0,0,0,0,0,0,0,0,8,4,54,162,380,276,217,240,210,29,42,28,33,23,24,97,1819,0,0,3,29,47,62,65,54,9,5,16,15,6,4,16,331,0,0,0,0,3,4,0,0,3,0,3,0,3,3,3,22,5,22,39,102,128,142,137,101,49,50,33,38,33,10,42,931,24,111,403,748,769,835,781,577,147,157,145,144,141,66,269,5317
LGA11400,0,0,0,0,0,0,0,0,0,0,0,0,0,0,0,0,0,0,0,3,0,4,11,3,0,6,4,4,3,0,0,38,0,0,0,0,3,0,0,0,0,0,0,0,0,0,0,3,0,0,0,0,0,0,0,0,0,0,0,0,0,0,0,0,0,0,0,0,0,0,0,4,0,0,0,0,0,0,0,4,0,0,0,0,0,0,0,0,0,0,0,0,0,0,0,0,7,15,40,129,42,32,14,3,3,0,4,0,0,0,25,314,0,0,0,0,6,0,0,0,0,0,0,0,4,0,0,10,0,0,0,0,0,0,0,0,0,0,0,0,0,0,0,0,0,5,10,14,11,7,7,3,3,5,7,0,3,0,3,78,7,37,99,215,96,86,79,35,12,25,15,7,22,0,62,797
LGA11450,0,0,0,5,7,4,6,0,0,0,0,0,0,0,0,22,0,0,3,9,34,52,36,44,3,22,18,11,11,0,0,243,0,4,8,30,19,5,9,0,0,0,0,0,0,0,3,78,0,0,4,4,9,12,18,4,3,0,0,0,0,0,3,57,0,0,0,0,3,16,19,16,8,7,0,7,9,0,4,89,0,0,0,3,0,0,7,3,0,0,0,0,0,0,0,13,25,58,285,813,559,462,188,155,44,64,51,24,35,10,116,2889,0,0,3,8,6,10,31,16,3,7,10,3,9,7,3,116,0,0,0,0,9,19,12,5,0,0,0,7,0,0,0,52,10,31,73,174,367,356,261,126,19,24,41,32,23,14,42,1593,47,235,856,1628,1503,1681,1268,588,136,173,208,167,127,54,337,9008
LGA11500,0,0,7,6,23,27,6,8,4,0,0,4,6,0,0,91,0,0,3,19,151,343,215,109,25,16,8,25,11,9,13,947,5,4,15,81,42,18,38,8,0,0,0,0,0,0,3,214,0,0,3,5,31,150,116,47,9,19,26,39,22,4,12,483,0,0,0,0,24,140,113,52,14,12,19,12,13,3,21,423,0,0,0,18,19,7,9,3,0,0,0,0,0,0,3,59,24,125,640,2040,1268,831,306,112,28,32,21,28,28,8,274,5765,0,5,3,12,35,36,56,37,6,16,8,16,10,8,14,262,0,0,0,3,96,266,127,22,13,9,11,16,12,0,27,602,4,82,194,607,1622,2618,2893,1469,290,325,323,266,200,152,415,11460,44,427,1744,4201,4986,8995,9221,4349,1090,1122,1154,968,706,468,1658,41133
LGA11520,3,0,3,5,26,53,31,49,4,11,10,13,7,7,6,228,0,0,3,16,57,91,84,40,23,9,32,11,25,4,8,403,0,0,8,37,18,5,22,3,0,0,0,0,0,0,0,93,0,0,5,12,43,112,70,28,6,14,5,3,0,0,7,305,0,0,0,0,11,40,61,46,10,15,15,18,7,0,12,235,0,0,0,45,75,49,35,13,3,4,3,4,10,4,5,250,23,76,181,404,322,317,328,282,71,78,105,101,93,64,77,2522,0,4,3,14,50,39,59,45,7,13,16,16,39,8,10,323,0,3,0,0,195,168,41,13,4,5,15,4,0,5,19,472,8,82,147,342,564,505,466,367,112,168,178,165,132,80,103,3419,72,465,2408,3463,2854,3763,3950,3310,879,1011,1225,1009,938,519,1046,26912
LGA11550,0,0,4,11,26,44,46,36,5,4,13,0,0,0,12,201,0,0,0,19,32,65,37,25,9,3,6,3,0,0,3,202,0,0,5,58,28,15,18,0,0,0,0,3,0,0,3,130,0,0,4,12,25,57,44,24,6,7,6,10,15,8,10,228,0,0,0,3,24,81,101,96,13,15,24,24,14,5,12,412,0,0,0,50,88,75,50,23,0,8,0,0,6,0,13,313,29,58,143,407,259,186,142,95,26,19,14,22,13,8,79,1500,0,3,6,19,22,24,42,34,3,5,3,13,4,0,12,190,0,0,0,9,578,1615,1084,264,82,87,84,101,75,55,211,4245,5,119,312,956,1756,2053,2874,2523,832,1180,1170,1163,825,442,605,16815,68,509,3051,7551,7576,11492,12344,7482,2232,2731,2776,2547,1954,1023,2794,66130
LGA11600,0,0,0,0,0,0,0,0,0,0,0,0,0,0,0,0,0,0,0,0,0,0,0,0,3,0,3,3,0,3,0,12,0,0,0,0,0,0,0,0,0,0,0,0,0,0,0,0,0,0,0,0,0,0,0,0,0,0,0,0,0,0,0,0,0,0,0,0,0,0,0,0,0,0,0,0,0,0,0,0,0,0,0,0,0,0,0,0,0,0,0,0,0,0,0,0,0,3,7,9,6,0,0,0,0,0,0,4,5,3,6,43,0,0,0,0,0,0,0,0,0,0,0,0,0,0,0,0,0,0,0,0,0,0,0,0,0,0,0,0,0,0,0,0,0,0,0,3,0,0,9,0,0,0,0,0,0,0,0,12,3,6,18,24,9,14,16,9,3,12,19,19,14,18,15,199
LGA11700,0,0,0,0,0,0,0,0,0,3,0,0,0,0,0,3,0,0,0,3,0,0,0,0,0,0,0,0,3,0,0,6,0,0,0,0,0,0,0,0,0,0,0,0,0,0,0,0,0,0,0,0,0,0,0,0,0,0,0,0,0,0,0,0,0,0,0,0,0,0,0,0,0,0,0,0,0,0,0,0,0,0,0,0,0,3,0,0,0,0,0,0,0,0,0,3,0,0,4,4,8,3,3,0,0,0,0,0,3,0,3,28,0,0,0,0,0,3,0,0,3,0,0,0,0,0,0,6,0,0,0,0,0,0,0,0,0,0,0,0,0,0,0,0,0,3,0,0,3,3,3,0,0,3,3,0,0,3,4,25,0,3,7,13,19,15,11,10,3,6,6,3,6,3,13,118
LGA11720,0,0,0,0,3,3,3,0,0,0,0,0,0,3,3,15,0,0,3,6,9,6,13,4,7,3,5,9,4,0,3,72,0,0,3,9,3,0,0,0,0,0,0,0,0,0,0,15,0,0,0,0,0,0,3,3,0,0,0,0,4,0,0,10,0,0,0,0,0,4,13,9,4,0,3,0,5,4,11,53,0,0,0,0,0,0,0,0,0,0,0,0,0,0,0,0,26,80,231,395,212,122,66,56,14,7,22,8,9,6,98,1352,0,0,0,4,10,13,18,8,0,0,4,0,4,0,3,64,0,0,0,0,3,0,3,0,0,0,0,0,0,3,21,30,3,33,40,64,51,43,22,18,5,4,6,7,5,3,38,342,32,193,453,605,482,423,285,197,56,43,63,54,86,69,299,3340
LGA11730,0,5,0,0,0,0,0,0,3,0,0,3,0,0,3,14,0,0,3,10,10,9,14,19,0,3,0,4,4,4,0,80,0,3,3,6,0,3,0,0,0,0,0,0,0,0,0,15,0,0,0,4,7,4,0,0,0,0,4,0,0,0,0,19,0,0,0,0,5,3,0,9,0,0,0,0,0,0,5,22,0,0,0,3,0,3,0,0,0,0,0,0,0,0,0,6,22,94,285,525,254,114,63,56,8,10,7,8,13,17,88,1564,0,0,0,14,25,8,8,5,0,0,4,3,0,4,10,81,0,0,3,0,0,4,0,0,0,0,0,0,0,0,6,13,0,32,43,96,62,46,40,46,6,3,6,6,8,0,20,414,40,194,568,838,574,417,276,229,36,51,61,48,51,46,213,3642
LGA11750,0,0,0,0,0,0,0,0,0,0,0,0,0,0,0,0,0,0,0,0,3,0,0,3,3,3,5,0,0,0,0,17,0,0,0,0,0,0,0,0,0,0,0,0,0,0,0,0,0,0,0,0,0,0,0,0,0,0,0,0,0,0,0,0,0,0,0,0,0,0,0,0,0,0,0,0,0,0,0,0,0,0,0,0,0,0,0,0,0,0,0,0,0,0,0,0,0,6,8,22,8,4,0,0,0,0,3,0,3,0,5,59,0,0,0,0,0,0,0,0,0,4,3,0,0,0,0,7,0,0,0,0,3,0,3,0,0,0,0,0,0,0,0,6,0,3,0,7,0,0,4,5,3,9,16,5,9,6,0,67,0,9,15,29,24,35,22,31,15,27,42,13,24,11,21,318
LGA11800,0,0,3,0,3,0,3,3,0,3,0,0,0,0,3,18,0,0,0,17,43,27,42,45,7,10,32,19,15,3,6,266,0,0,6,9,3,4,8,0,0,0,0,0,0,0,3,33,0,0,0,5,0,0,6,0,0,0,0,4,0,0,0,15,0,0,0,0,3,5,14,11,0,7,3,16,3,10,5,77,0,3,0,3,3,0,3,0,0,0,0,0,0,0,3,15,33,160,440,981,391,259,203,173,54,46,48,33,27,19,169,3036,0,5,4,16,43,29,32,17,7,10,4,13,5,6,9,200,0,0,3,3,7,3,3,0,3,0,0,6,3,0,4,35,3,44,105,152,149,119,144,170,84,62,76,75,149,62,66,1460,51,352,1003,1580,1107,1023,886,710,248,255,318,335,327,153,483,8831
LGA11860,0,0,0,0,0,0,0,0,0,0,0,0,0,0,0,0,0,0,0,0,0,0,0,0,0,0,0,0,0,0,0,0,0,0,0,0,0,0,0,0,0,0,0,0,0,0,0,0,0,0,0,0,0,0,0,0,0,0,0,0,0,0,0,0,0,0,0,0,0,0,0,0,0,0,0,0,0,0,0,0,0,0,0,0,0,0,0,0,0,0,0,0,0,0,0,0,0,4,4,0,4,3,3,0,0,0,0,0,0,0,3,21,0,0,0,0,0,0,3,0,0,0,0,0,0,0,0,3,0,0,0,0,0,0,0,0,0,0,0,0,0,0,0,0,0,0,0,0,0,0,0,0,0,0,0,0,4,0,0,4,0,4,11,3,7,9,9,3,0,0,3,0,4,0,3,56
LGA12000,0,0,0,0,0,0,0,3,0,0,0,0,0,0,0,3,0,0,0,0,0,3,0,0,0,0,0,0,0,0,0,3,0,0,0,0,0,0,0,0,0,0,0,0,0,0,0,0,0,0,0,0,0,0,0,0,0,0,0,0,0,0,0,0,0,0,0,0,0,0,0,0,0,0,0,0,0,0,0,0,0,0,0,0,3,0,0,0,0,0,0,0,0,0,0,3,0,8,19,24,4,5,6,0,0,0,3,0,0,0,6,75,0,0,0,0,0,0,0,0,0,0,3,0,0,0,0,3,0,0,0,0,0,0,0,0,0,0,0,0,0,0,0,0,0,3,3,8,3,3,0,4,0,0,0,0,0,0,3,27,3,14,27,32,21,14,20,13,9,0,6,3,0,3,9,174
LGA12050,0,0,0,5,0,3,0,0,0,0,0,0,0,0,0,8,0,0,0,3,4,3,4,10,0,3,3,3,0,0,0,33,0,4,4,3,0,0,0,0,0,0,0,0,0,0,0,11,0,0,0,0,0,4,0,0,3,0,3,6,0,0,0,16,0,0,0,0,0,3,4,3,0,0,0,4,0,3,0,17,0,0,0,0,0,0,4,0,0,0,0,0,0,0,0,4,3,26,67,141,57,36,20,14,5,0,3,0,0,4,10,386,0,0,0,4,4,4,10,9,0,0,3,0,0,0,0,34,0,0,0,0,3,0,0,0,0,0,0,0,0,0,0,3,0,17,47,41,39,27,20,8,0,5,0,4,8,3,10,229,6,82,284,310,168,158,110,75,15,18,18,27,11,13,66,1361
LGA12150,0,0,0,0,0,0,0,0,0,0,0,0,0,0,0,0,0,0,0,0,3,0,0,0,0,0,0,0,0,0,0,3,0,0,0,0,0,0,0,0,0,0,0,0,0,0,0,0,0,0,0,0,0,0,0,0,0,3,0,0,0,0,0,3,0,0,0,0,0,0,0,0,0,0,0,0,0,0,0,0,0,0,0,0,0,0,0,0,0,0,0,0,0,0,0,0,0,0,4,9,3,4,0,0,0,0,3,0,0,0,3,26,0,0,0,0,3,0,0,0,0,0,0,0,0,0,0,3,0,0,0,0,3,0,0,0,0,0,0,0,0,0,0,3,0,0,0,0,0,0,0,3,0,0,0,4,0,0,0,7,0,0,22,21,18,7,3,6,0,3,3,4,0,0,6,93
LGA12200,0,0,0,0,0,0,0,0,0,0,0,3,0,0,0,3,0,0,0,0,0,0,3,3,0,0,3,0,0,0,0,9,0,0,0,0,0,0,0,0,0,0,0,0,0,0,0,0,0,0,0,0,0,3,0,0,0,0,0,0,0,0,0,3,0,0,0,3,0,0,0,0,0,0,0,0,0,0,0,3,0,0,0,0,0,0,0,0,0,0,0,0,0,0,0,0,7,8,38,73,17,13,5,4,0,0,0,4,0,0,11,180,0,0,3,3,0,0,3,0,0,0,0,0,0,0,0,9,0,0,0,0,3,0,4,0,0,0,0,0,0,0,0,7,0,3,14,6,6,8,3,4,0,0,6,3,3,0,0,56,7,30,76,97,49,30,24,24,3,0,9,16,3,4,21,393
LGA12300,0,0,0,0,0,6,0,0,0,0,0,0,0,0,0,6,0,0,0,0,0,0,0,3,0,0,0,0,0,0,0,3,0,0,0,3,0,0,0,0,0,0,0,0,0,0,0,3,0,0,0,3,0,3,0,0,0,0,0,0,0,0,0,6,0,0,0,0,0,0,0,0,0,0,0,0,0,0,0,0,0,0,0,0,0,0,0,0,0,0,0,0,0,0,0,0,5,22,82,126,58,28,13,6,3,0,3,4,0,0,17,367,0,0,0,3,3,0,0,4,3,3,0,0,0,6,0,22,0,0,0,0,0,0,0,0,0,0,0,0,4,0,0,4,0,8,13,14,5,6,5,0,0,0,0,3,0,3,0,57,5,60,169,188,105,70,65,42,12,11,15,15,7,12,31,807
LGA12350,0,0,0,3,0,0,0,0,0,0,0,0,0,0,0,3,0,0,0,0,5,4,5,5,0,0,5,0,0,0,0,24,0,0,3,0,0,0,0,0,0,0,0,0,0,0,0,3,0,0,0,0,0,0,0,3,0,0,3,0,3,0,0,9,0,0,0,0,0,0,0,0,0,0,0,0,0,0,0,0,0,0,0,0,0,0,0,0,0,0,0,0,0,0,0,0,3,15,50,109,37,19,3,10,0,5,0,6,0,3,20,280,0,0,0,3,3,3,0,3,0,0,0,0,6,0,0,18,0,0,0,0,0,0,3,0,0,0,0,0,0,0,0,3,0,4,11,26,25,9,13,20,0,0,0,0,0,0,6,114,9,46,126,179,93,69,43,53,3,12,14,6,15,6,37,711
LGA12500,0,0,0,3,0,0,3,0,0,0,0,0,0,0,0,6,0,3,0,0,0,0,0,11,0,3,0,3,3,0,3,26,0,0,0,0,0,0,0,0,0,0,0,0,0,0,0,0,0,0,0,0,0,0,3,3,3,0,3,0,0,3,0,15,0,0,0,0,0,0,0,0,0,0,0,0,0,0,0,0,0,0,0,0,0,0,0,0,0,0,0,0,0,0,0,0,4,7,25,55,21,10,4,5,0,0,0,0,0,0,12,143,0,0,0,0,0,0,0,0,0,0,0,0,0,0,3,3,0,0,0,0,0,0,0,0,0,0,0,0,0,0,0,0,0,3,10,3,0,3,4,6,0,5,0,0,4,0,3,41,7,22,80,79,37,40,29,37,6,12,14,10,14,6,34,427
LGA12600,0,0,0,0,0,3,3,3,0,3,0,0,0,0,3,15,0,0,0,3,3,12,10,18,3,9,0,0,0,3,3,64,0,4,0,0,0,0,0,0,0,0,0,0,0,0,0,4,0,0,0,0,3,8,18,17,7,8,5,7,10,4,3,90,0,0,0,0,3,0,3,7,3,0,0,3,0,0,3,22,0,0,0,0,0,0,0,0,0,0,0,0,0,0,0,0,7,35,88,147,81,58,22,19,5,4,4,12,0,4,24,510,0,0,0,10,9,4,5,4,4,0,8,0,0,0,4,48,0,0,0,0,3,6,3,0,0,4,0,0,0,0,0,16,3,11,19,44,35,25,31,47,18,15,23,23,7,6,25,332,13,71,216,295,246,262,211,216,79,105,74,85,51,60,125,2109
LGA12700,0,0,0,0,0,0,0,0,0,0,0,0,0,0,0,0,0,0,0,0,3,0,3,3,0,3,0,0,0,0,0,12,0,0,0,0,0,0,0,0,0,0,0,0,0,0,0,0,0,0,0,0,0,0,0,0,0,0,0,0,0,0,0,0,0,0,0,0,0,0,0,0,0,0,0,0,0,0,0,0,0,0,0,0,0,0,0,0,0,0,0,0,0,0,0,0,0,9,34,58,32,29,10,6,3,4,0,0,3,0,12,200,0,0,0,3,3,0,4,0,3,0,0,0,0,0,0,13,0,0,0,0,0,0,0,0,0,0,0,0,0,0,0,0,0,0,7,11,9,8,0,5,0,0,0,0,0,0,0,40,3,25,64,94,68,64,26,17,12,10,0,3,6,0,15,407
LGA12750,3,3,0,0,0,0,0,3,0,0,3,0,0,0,3,15,0,0,6,8,21,15,9,17,3,4,3,0,0,0,0,86,0,3,6,13,5,5,3,0,0,0,0,0,0,0,4,39,0,0,0,3,0,0,0,0,0,0,0,0,0,0,0,3,0,0,0,0,3,4,3,7,0,3,0,4,0,0,0,24,0,0,0,0,4,0,0,0,0,0,0,0,0,3,0,7,28,145,433,787,336,181,80,63,5,18,16,16,13,5,113,2239,3,3,4,20,23,14,17,13,0,0,0,3,0,0,8,108,0,0,0,0,3,14,13,0,0,0,0,0,0,0,7,37,5,52,107,136,110,31,35,27,6,3,6,5,5,3,19,550,50,330,1039,1359,741,440,285,174,28,46,51,45,35,30,239,4892
LGA12850,0,0,0,5,24,41,21,5,0,4,0,0,4,4,4,112,0,0,0,10,55,26,19,11,0,5,8,3,0,0,5,142,0,31,55,336,194,47,241,21,0,0,0,0,0,0,28,953,3,0,5,29,39,41,33,13,5,8,0,3,0,0,3,182,0,0,0,3,73,541,242,118,32,31,40,40,22,7,82,1231,0,3,0,95,247,125,117,31,3,6,6,9,4,5,24,675,26,72,262,650,250,144,46,31,12,12,3,11,3,5,118,1645,0,0,3,10,16,35,35,43,4,8,10,11,12,10,5,202,0,3,3,13,3835,10473,7096,1642,459,544,590,695,414,238,1433,27438,8,197,284,1150,4818,4424,2885,1422,330,314,347,356,285,140,683,17643,86,947,3255,7136,14073,24347,22884,9105,2224,2164,2420,2785,1816,1064,4351,98657
LGA12900,0,0,0,0,0,0,0,0,0,0,0,0,0,0,0,0,0,0,0,0,4,0,0,0,0,0,0,0,0,0,0,4,0,0,0,0,0,0,0,0,0,0,0,0,0,0,0,0,0,0,0,0,0,3,0,0,0,3,0,0,0,0,0,6,0,0,0,0,0,3,3,3,0,0,0,0,0,0,0,9,0,0,0,0,0,0,0,0,0,0,0,0,0,0,0,0,3,4,18,34,19,18,11,6,3,0,4,0,0,0,6,126,0,4,0,0,0,0,3,3,0,0,0,0,0,0,0,10,0,0,0,0,0,0,0,0,0,0,0,0,0,0,0,0,3,0,3,3,3,5,3,6,0,0,3,0,4,0,3,36,6,14,43,52,50,45,39,30,8,14,14,12,9,9,24,369
LGA12950,0,0,0,0,0,0,0,0,0,0,0,0,0,0,0,0,0,0,0,3,0,0,3,0,0,0,3,0,4,0,0,13,0,0,0,0,0,0,0,0,0,0,0,0,0,0,0,0,0,0,0,0,0,0,0,0,0,0,0,0,0,0,0,0,0,0,0,0,0,0,0,0,0,0,0,0,0,0,0,0,0,0,0,0,0,0,0,0,0,0,0,0,0,0,0,0,0,3,5,15,10,4,5,0,0,0,0,0,0,0,3,45,0,0,0,0,3,0,3,3,3,0,0,0,0,0,0,12,0,0,0,0,0,0,0,0,0,0,0,0,0,0,0,0,0,3,3,0,0,0,0,4,0,3,0,0,0,0,0,13,0,9,19,33,16,15,22,12,6,3,9,3,4,0,3,154
LGA13010,0,0,0,0,0,0,0,0,0,0,0,0,0,0,0,0,0,0,3,3,0,0,3,3,0,0,0,0,0,0,0,12,0,0,0,0,0,3,0,0,0,0,0,0,0,0,0,3,0,0,0,0,0,0,0,0,0,0,0,0,0,0,0,0,0,0,0,0,0,0,0,0,0,0,0,0,0,0,0,0,0,0,0,0,0,0,0,0,0,0,0,0,0,0,0,0,0,12,35,89,49,14,16,5,0,3,0,0,0,0,14,237,0,0,3,3,4,0,3,0,3,0,0,0,0,0,0,16,0,0,0,0,0,0,0,0,0,0,0,0,0,0,3,3,0,3,6,15,10,10,3,6,0,0,0,0,0,0,9,62,6,24,78,145,95,50,48,24,7,9,6,9,6,6,39,552
LGA13050,0,0,0,0,0,0,0,0,0,0,0,0,0,0,0,0,0,0,0,0,0,3,0,0,0,0,0,0,0,0,0,3,0,0,0,0,0,0,0,0,0,0,0,0,0,0,0,0,0,0,0,0,3,0,0,0,0,0,0,0,0,0,0,3,0,0,0,0,0,0,0,0,0,0,0,0,0,0,0,0,0,0,0,0,0,0,0,0,0,0,0,0,0,0,0,0,3,8,27,44,37,23,12,4,0,10,0,0,0,0,12,180,0,0,0,0,0,0,0,9,0,0,0,0,0,0,0,9,0,0,0,0,0,3,0,0,0,0,0,0,0,0,0,3,3,3,14,3,13,3,4,7,0,0,0,0,0,0,0,50,12,17,65,63,75,37,31,29,0,10,0,5,7,0,18,369
LGA13100,4,0,3,15,19,13,15,13,0,4,0,0,5,0,10,101,3,3,10,36,142,142,221,190,39,43,52,58,12,15,17,983,0,10,14,33,12,0,5,0,0,0,0,0,0,0,3,77,0,0,5,25,24,31,14,13,0,3,3,4,3,0,3,128,0,0,0,3,5,27,58,52,15,10,15,7,13,6,11,222,0,0,0,8,13,8,6,4,0,3,0,0,0,0,3,45,147,394,1041,2686,1532,1371,1052,893,256,227,220,184,155,70,508,10736,3,3,8,55,100,59,113,75,21,22,54,25,19,9,23,589,0,0,0,4,17,30,8,3,4,3,8,7,3,0,8,95,19,151,233,466,522,499,408,344,75,75,87,74,75,38,190,3256,240,942,2437,4457,3653,3876,3356,2433,605,634,681,539,432,216,1244,25745
LGA13310,0,0,0,0,5,3,0,0,0,0,0,0,0,0,0,8,0,0,3,0,6,7,3,0,3,0,0,0,0,0,5,27,0,0,3,9,0,5,0,0,0,0,0,0,0,0,0,17,0,0,0,0,0,4,0,4,0,0,0,0,0,0,0,8,0,0,0,3,4,0,8,5,3,0,6,0,0,3,4,36,0,0,0,0,0,0,4,0,0,0,0,0,0,0,0,4,5,56,137,287,135,55,29,10,6,11,0,4,5,3,60,803,0,0,0,4,5,6,4,9,3,3,7,3,0,3,6,53,0,0,0,0,4,6,0,0,0,0,0,0,0,0,20,30,3,18,35,50,61,25,32,34,14,13,25,24,44,9,32,419,17,121,326,498,325,232,177,122,38,48,62,51,68,37,245,2367
LGA13320,0,0,0,0,6,0,0,0,0,0,0,0,0,0,0,6,0,0,3,7,10,22,13,7,3,7,7,0,3,0,3,85,0,4,4,6,0,0,3,0,0,0,0,0,0,0,0,17,0,0,0,3,0,0,4,0,0,0,0,0,0,0,0,7,0,0,0,0,0,6,3,6,3,0,0,4,3,0,3,28,0,0,0,3,0,0,0,0,0,0,0,0,0,0,0,3,32,132,297,571,243,105,69,41,6,7,7,4,3,5,89,1611,0,0,3,10,18,8,4,10,3,0,9,3,8,5,0,81,0,0,0,0,3,0,3,3,0,0,0,0,0,0,0,9,5,39,60,85,57,39,41,13,3,4,10,5,0,6,12,379,59,297,630,923,516,351,266,137,39,33,36,27,29,31,182,3556
LGA13340,0,0,0,0,0,0,0,0,0,0,0,0,0,0,0,0,0,0,0,6,0,0,0,0,0,0,0,0,0,0,0,6,0,0,0,0,0,0,0,0,0,0,0,0,0,0,0,0,0,0,0,0,0,0,0,0,0,0,0,0,0,0,0,0,0,0,0,0,3,0,3,0,0,0,0,0,3,3,0,12,0,0,0,0,0,0,0,0,0,0,0,0,0,0,0,0,6,16,31,62,35,20,14,12,0,0,3,0,0,0,15,214,0,0,0,3,3,0,0,3,0,0,0,0,0,0,0,9,0,0,0,0,0,0,0,0,0,0,0,0,0,0,0,0,0,5,6,4,10,4,4,5,3,0,0,3,0,0,3,47,6,27,103,116,82,49,48,33,6,11,10,15,12,15,34,567
LGA13380,0,0,3,3,0,3,0,3,0,0,0,0,0,0,0,12,0,0,0,12,15,8,13,7,3,10,4,13,0,0,0,85,0,0,5,5,5,0,0,0,0,0,0,0,0,0,3,18,0,0,3,3,3,3,3,3,0,0,3,0,0,0,3,24,0,0,0,0,0,3,12,3,0,3,4,3,0,0,0,28,0,0,0,0,0,0,0,0,0,0,0,0,0,0,0,0,26,106,253,585,250,137,70,86,20,11,14,5,7,6,122,1698,0,4,8,11,12,10,11,16,0,4,0,0,0,0,3,79,0,0,0,0,0,3,0,0,0,0,0,0,4,3,3,13,0,25,55,84,76,37,42,26,0,11,12,10,7,0,18,403,44,225,609,906,602,431,293,215,41,62,62,63,46,26,219,3844
LGA13450,0,0,0,0,0,3,0,0,0,0,0,0,0,0,0,3,0,0,0,0,3,0,16,16,3,9,12,12,3,0,3,77,0,0,0,3,0,0,0,0,0,0,0,0,0,0,0,3,0,0,0,0,0,0,4,0,4,9,7,6,3,0,0,33,0,0,0,3,0,3,3,7,3,3,3,0,3,0,3,31,0,0,0,3,0,5,20,40,9,3,12,0,0,3,10,105,6,10,44,57,29,11,23,24,5,3,9,8,10,3,23,265,0,3,4,3,5,3,3,4,0,0,4,5,0,0,0,34,0,0,0,0,0,0,0,0,0,0,0,0,0,0,5,5,3,3,13,41,32,87,152,145,30,35,20,20,41,27,30,679,76,210,684,425,176,315,591,503,123,154,283,263,157,93,261,4314
LGA13500,0,0,0,0,0,0,0,0,0,0,0,0,0,0,0,0,0,0,0,0,0,0,0,0,0,0,0,0,0,3,0,3,0,0,0,0,0,0,0,0,0,0,0,0,0,0,0,0,0,0,0,0,0,0,0,0,0,0,0,0,0,0,0,0,0,0,0,0,0,0,0,0,0,0,0,0,0,0,0,0,0,0,0,0,0,0,0,0,0,0,0,0,0,0,0,0,0,3,8,13,3,3,0,0,3,0,0,3,0,0,0,36,0,3,0,0,0,0,3,0,0,0,0,0,0,0,0,6,0,0,0,0,0,0,0,0,0,0,0,0,0,0,0,0,0,3,0,0,0,3,0,3,0,0,3,0,0,0,0,12,0,9,16,21,8,18,22,6,6,0,13,9,0,9,3,140
LGA13550,0,0,0,0,0,0,0,0,0,0,0,0,0,0,0,0,0,0,0,0,4,0,0,7,0,4,0,0,0,0,0,15,0,0,0,0,0,0,0,0,0,0,0,0,0,0,0,0,0,0,0,0,0,3,0,0,0,0,0,0,0,0,0,3,0,0,0,0,0,3,0,4,0,0,3,0,0,0,0,10,0,0,0,0,0,0,0,0,0,0,0,0,0,0,0,0,3,13,29,53,28,11,8,4,4,0,3,5,0,0,9,170,0,0,3,3,3,3,3,0,0,0,0,0,3,0,3,21,0,0,0,0,0,3,0,3,0,3,0,0,3,0,0,12,0,3,4,5,6,3,9,4,0,4,3,6,5,3,0,55,3,21,65,91,62,47,51,31,11,11,26,19,16,7,22,483
LGA13650,0,0,0,0,0,0,0,0,0,0,0,0,0,0,0,0,0,0,0,0,0,0,3,0,0,0,0,0,0,0,0,3,0,0,0,0,0,0,0,0,0,0,0,0,0,0,0,0,0,0,0,0,0,0,0,0,3,0,0,0,0,0,0,3,0,0,0,0,0,3,0,0,0,0,0,0,0,0,0,3,0,0,0,0,0,0,0,0,0,0,0,0,0,0,0,0,0,0,12,31,17,3,6,9,3,0,0,3,0,0,3,87,0,0,0,0,5,0,6,0,3,0,0,0,0,0,0,14,0,0,0,0,0,0,0,0,0,0,0,0,0,0,0,0,0,0,3,3,0,8,3,0,0,0,0,0,0,0,4,21,0,0,20,46,32,28,22,17,9,0,6,6,0,4,10,200
LGA13660,0,0,0,0,0,0,0,0,0,0,0,0,0,0,0,0,0,0,0,0,0,0,0,0,3,0,0,0,0,3,0,6,0,0,0,0,0,0,0,0,0,0,0,0,0,0,0,0,0,0,0,0,0,0,0,0,0,0,0,0,0,0,0,0,0,0,0,0,0,0,0,0,0,0,0,0,0,0,0,0,0,0,0,0,0,0,0,0,0,0,0,0,0,0,0,0,4,6,20,25,12,7,3,6,3,0,0,0,0,0,3,89,0,0,0,0,0,0,0,0,0,3,0,0,0,0,0,3,0,0,0,0,0,0,0,0,0,0,0,0,0,0,0,0,0,0,3,5,8,3,3,3,0,0,0,0,0,0,3,28,4,9,26,33,29,22,16,22,6,3,3,3,3,12,9,200
LGA13700,0,0,0,0,0,0,0,0,0,0,0,0,0,0,0,0,0,0,0,0,0,0,0,0,0,0,5,0,0,0,0,5,0,0,0,0,0,0,0,0,0,0,0,0,0,0,0,0,0,0,0,0,0,0,0,0,0,0,0,0,0,0,4,4,0,0,0,0,0,0,0,0,0,0,0,0,0,0,0,0,0,0,0,0,0,0,0,0,0,0,0,0,0,0,0,0,0,3,13,25,4,4,4,5,0,0,0,0,0,0,0,58,0,0,0,3,0,3,0,3,0,0,0,0,0,0,0,9,0,0,0,0,0,0,0,0,0,0,0,0,0,0,0,0,0,3,3,3,4,0,3,0,0,0,0,0,0,0,0,16,0,12,28,48,30,25,10,8,0,6,5,3,4,3,4,186
LGA13800,0,0,5,6,4,6,6,3,0,0,0,0,0,0,3,33,3,0,0,8,34,28,39,27,12,5,26,7,6,0,0,195,0,0,9,21,15,0,0,0,0,0,0,0,0,0,0,45,0,0,0,3,5,8,14,4,0,3,0,3,0,3,3,46,0,0,0,0,3,8,7,12,0,9,0,0,3,0,0,42,0,0,0,3,0,0,3,0,0,0,0,0,0,0,0,6,21,103,295,1003,525,390,178,148,34,29,31,26,27,4,154,2968,0,0,7,29,25,19,24,13,5,3,5,3,3,3,6,145,0,0,0,0,5,6,8,0,0,5,5,0,3,0,5,37,4,58,72,143,148,138,107,64,14,0,8,12,10,4,29,811,45,324,952,1881,1287,1085,791,479,114,100,122,101,101,44,422,7848
LGA13850,0,0,0,0,0,0,0,0,0,0,0,0,0,0,0,0,0,0,0,0,0,0,0,3,0,0,0,0,0,0,0,3,0,0,0,3,0,0,0,0,0,0,0,0,0,0,0,3,0,0,0,0,0,0,0,0,0,0,6,0,3,0,0,9,0,0,0,0,0,0,0,0,0,0,0,0,0,0,0,0,0,0,0,0,0,0,0,0,0,0,0,0,0,0,0,0,3,4,16,14,4,3,0,0,0,0,0,0,0,0,5,49,0,0,0,0,0,0,0,0,0,3,0,0,0,0,0,3,0,0,0,0,0,0,0,0,0,0,0,0,0,0,0,0,0,0,3,0,0,3,0,0,0,0,0,0,0,0,0,6,3,4,44,21,14,15,9,9,0,9,13,4,9,6,11,171
LGA13950,0,0,4,4,12,21,14,21,12,6,0,7,13,5,0,119,0,0,3,6,28,60,48,33,0,6,11,7,13,0,6,221,0,12,14,44,20,13,25,6,0,0,0,0,0,0,5,139,0,0,3,6,31,351,833,466,126,123,161,160,131,68,73,2532,0,0,0,3,3,37,49,47,15,3,19,14,10,10,11,221,0,0,0,102,250,146,213,79,19,8,11,12,9,8,29,886,26,74,205,583,219,148,66,45,11,16,23,18,8,4,94,1540,4,0,3,8,16,15,30,17,8,7,6,3,14,7,8,146,0,0,0,0,220,364,148,45,11,13,11,17,9,3,28,869,0,111,134,383,749,1154,2028,1704,370,404,355,417,337,127,290,8563,69,592,1761,3638,3703,6093,8856,6677,1835,2101,2086,1780,1292,641,1613,42737
LGA14000,0,0,10,25,82,155,151,157,40,43,23,31,26,17,17,777,0,3,5,39,180,277,647,399,62,101,145,74,74,45,46,2097,0,4,21,24,16,23,23,3,0,0,0,0,0,0,4,118,0,0,12,36,103,468,593,250,51,71,46,58,66,17,25,1796,0,0,0,4,13,54,84,68,23,27,22,22,24,7,17,365,0,3,0,11,19,29,21,11,0,0,0,0,0,0,9,103,102,272,649,1579,1167,1164,1148,777,204,185,181,107,175,72,296,8078,3,12,11,62,104,103,189,114,16,34,34,33,53,39,17,824,0,0,3,6,174,166,73,36,10,9,15,17,16,9,21,555,18,253,194,519,806,1547,2125,1073,268,354,378,361,278,157,263,8594,193,885,2066,3965,4847,10385,13526,7597,1751,1992,2118,1768,1771,890,1740,55494
LGA14100,0,0,3,4,10,3,4,4,3,0,0,0,0,0,0,31,0,3,3,6,29,14,37,21,3,4,3,10,4,0,12,149,0,0,0,0,0,6,9,0,0,0,0,0,0,0,0,15,0,0,3,0,4,3,5,3,0,0,0,0,3,0,0,21,0,0,0,3,3,3,5,3,3,0,3,3,0,0,3,29,0,0,0,9,0,3,3,0,0,0,0,0,0,0,0,15,13,38,56,116,106,78,93,75,15,13,12,14,12,17,32,690,0,0,3,6,13,23,25,15,0,9,7,9,8,4,6,128,0,0,0,0,30,15,4,4,0,0,0,0,0,0,0,53,4,51,42,56,86,93,111,36,5,15,13,21,18,3,28,582,52,146,315,436,495,577,617,288,52,60,70,77,69,39,149,3442
LGA14150,0,0,3,12,31,42,35,23,6,3,4,4,8,0,8,179,0,3,3,7,31,71,73,19,0,5,4,3,5,0,4,228,0,3,5,26,20,0,17,0,3,0,0,0,0,0,4,78,0,0,5,6,6,32,30,10,0,11,3,6,0,0,3,112,0,0,0,3,12,25,58,32,13,14,9,5,4,5,6,186,0,0,0,8,17,12,7,0,0,0,0,0,0,0,7,51,57,93,180,418,221,190,112,78,15,21,20,6,23,16,68,1518,0,4,4,9,28,27,37,19,6,8,5,8,8,0,3,166,0,0,0,5,159,264,99,33,7,8,14,9,10,3,20,631,5,81,128,329,591,665,782,447,178,298,342,252,134,74,117,4423,91,383,1311,2904,3070,5860,7296,4486,1043,1305,1458,1228,916,404,1173,32928
LGA14200,0,0,0,0,0,0,0,3,0,0,0,0,0,0,0,3,0,0,0,3,5,3,5,4,4,4,0,0,0,4,3,35,0,0,0,3,3,0,0,0,0,0,0,0,0,0,0,6,0,0,0,0,0,0,0,0,0,0,0,0,0,0,0,0,0,0,0,0,0,3,3,0,0,0,0,3,0,0,3,12,0,0,0,0,0,0,0,0,0,0,0,0,0,0,0,0,4,19,43,87,37,18,11,22,7,3,5,3,9,0,16,284,0,0,3,0,5,0,9,58,17,0,7,3,14,6,4,126,0,0,0,0,0,0,3,0,4,0,5,0,0,0,0,12,0,4,10,14,18,4,16,12,14,15,17,4,10,6,5,149,11,40,107,145,112,72,77,118,53,33,57,30,51,29,64,999
LGA14250,0,0,0,0,0,0,0,0,0,0,0,0,0,0,0,0,0,0,0,0,0,0,0,5,0,0,0,0,0,0,0,5,0,0,3,0,0,0,0,0,0,0,0,0,0,0,0,3,0,0,0,0,0,0,0,0,0,0,0,0,0,0,0,0,0,0,0,0,0,0,0,0,0,0,0,0,0,0,0,0,0,0,0,0,0,0,0,0,0,0,0,0,0,0,0,0,0,4,5,16,0,0,0,0,3,0,0,0,0,0,3,31,0,0,0,0,0,3,0,0,0,0,0,0,0,0,0,3,0,0,0,0,0,0,0,0,0,0,0,0,0,0,0,0,0,0,0,0,0,0,0,0,0,0,0,0,0,0,0,0,3,8,20,20,0,12,4,5,3,3,3,4,3,0,6,94
LGA14300,0,0,0,3,0,0,0,0,0,0,0,0,0,0,3,6,0,0,0,0,0,0,0,0,0,0,0,0,0,0,4,4,0,0,0,0,0,0,0,0,0,0,0,0,0,0,0,0,0,0,0,0,0,0,3,0,0,0,0,0,0,0,0,3,0,0,0,0,0,0,3,0,0,3,0,0,0,0,0,6,0,0,0,0,0,0,0,0,0,0,0,0,0,0,0,0,0,3,18,23,16,8,4,6,0,6,0,3,0,0,14,101,0,0,0,0,3,0,3,0,0,0,0,0,0,0,0,6,0,0,0,0,0,0,0,0,0,0,0,0,0,0,12,12,0,0,3,0,9,5,9,8,0,0,3,0,0,0,46,83,3,9,36,38,39,31,26,28,3,12,7,6,3,0,161,402
LGA14350,0,0,0,0,3,3,0,3,0,0,3,0,3,0,0,15,0,0,0,0,10,6,7,4,0,0,4,0,0,0,0,31,0,0,3,3,0,0,0,0,0,0,0,0,0,0,0,6,0,3,0,0,0,0,0,3,0,0,0,0,0,0,0,6,0,0,0,0,0,3,3,0,0,0,0,0,3,3,0,12,0,0,0,0,0,0,0,0,0,0,0,0,0,0,0,0,16,53,135,287,144,66,25,17,0,10,0,3,5,3,59,823,3,0,3,4,9,5,3,14,3,3,3,0,0,0,3,53,0,0,0,0,0,4,0,0,0,0,0,0,0,0,4,8,0,15,32,39,38,20,11,15,0,3,3,6,3,0,38,223,29,119,300,448,299,216,157,80,20,29,24,27,26,20,175,1969
LGA14400,0,0,0,3,3,3,0,0,0,0,0,0,0,0,0,9,0,0,3,8,12,9,8,18,11,0,7,3,3,3,0,85,0,0,0,9,0,0,0,0,0,0,0,0,0,0,3,12,0,0,0,0,0,0,0,0,0,0,0,0,0,0,4,4,0,0,0,0,0,0,11,5,0,5,10,0,0,0,0,31,0,0,0,0,0,0,0,0,0,0,0,0,0,0,0,0,19,64,202,438,217,103,64,61,29,30,30,21,32,7,54,1371,0,0,0,10,14,7,15,18,6,0,0,3,6,3,0,82,0,0,0,0,4,0,3,0,0,3,0,0,0,0,0,10,3,29,33,58,44,22,23,18,6,3,4,4,3,0,13,263,28,141,438,698,415,232,213,194,61,53,71,44,58,26,109,2781
LGA14450,0,0,0,12,22,31,29,19,3,7,8,7,3,0,6,147,0,0,4,10,42,57,36,21,4,0,8,0,5,0,10,197,0,0,3,29,17,4,36,0,0,0,0,0,0,0,3,92,0,0,4,6,5,17,19,10,0,6,4,4,0,0,3,78,0,0,0,4,6,34,49,43,7,7,8,4,3,5,11,181,0,0,0,23,13,16,9,5,0,0,0,0,0,0,4,70,37,70,105,230,186,128,96,92,20,16,22,7,27,4,64,1104,0,0,0,4,22,21,19,18,3,4,3,6,8,5,7,120,0,0,0,0,97,79,38,20,0,7,9,10,11,3,14,288,3,63,102,241,466,434,638,401,175,295,289,254,121,65,119,3666,60,282,1117,2404,2180,3643,4505,3100,808,1095,1053,924,704,317,823,23015
LGA14500,3,6,19,30,63,106,123,121,21,43,30,27,37,8,18,655,3,4,13,72,276,776,1387,751,115,175,262,161,123,96,75,4289,0,3,11,16,8,0,5,3,0,0,0,0,0,0,0,46,9,3,5,29,74,128,113,51,6,7,8,9,16,3,13,474,3,0,0,6,15,31,44,29,6,9,11,9,3,20,3,189,0,0,3,3,15,26,12,4,0,0,0,0,3,7,3,76,80,243,570,1110,896,962,1310,974,266,248,209,223,299,145,284,7819,8,6,12,78,104,128,263,174,31,47,61,49,74,53,29,1117,0,0,3,8,120,77,25,11,4,11,0,3,3,6,9,280,47,237,280,444,676,1153,1174,536,148,135,180,170,159,105,169,5613,266,813,1750,3032,4014,7321,8796,4630,1102,1238,1301,1206,1336,776,1252,38833
LGA14550,0,0,3,0,3,0,0,0,0,0,0,0,0,0,0,6,0,0,3,3,9,0,0,3,0,0,0,0,0,0,0,18,0,0,3,0,0,0,0,0,0,0,0,0,0,0,0,3,0,0,0,0,0,0,0,0,0,0,0,0,0,0,0,0,0,0,0,0,0,0,0,3,0,0,3,0,0,0,0,6,0,0,0,0,0,0,0,0,0,0,0,0,0,0,0,0,3,8,49,105,74,26,18,9,0,0,3,5,0,0,16,316,3,0,0,9,10,3,3,7,0,3,3,3,0,0,0,44,0,0,0,0,3,0,0,0,0,0,0,0,0,0,0,3,0,7,3,10,19,17,22,16,4,0,8,0,0,0,4,110,9,27,95,165,173,122,95,73,10,9,26,12,0,0,45,861
LGA14600,0,0,0,0,0,0,3,0,0,0,0,0,0,0,0,3,3,0,0,0,0,0,14,0,0,5,0,0,0,0,0,22,0,0,0,0,0,0,0,0,0,0,0,0,0,0,0,0,0,0,0,0,0,0,0,0,0,0,4,0,0,0,0,4,0,0,0,0,3,0,3,0,0,0,0,3,0,0,0,9,0,0,0,0,0,0,0,0,0,0,0,0,0,0,0,0,3,0,14,19,7,8,4,3,0,0,0,0,0,0,3,61,0,0,0,3,0,0,0,0,0,0,0,0,0,0,3,6,0,0,0,0,0,0,0,0,0,0,0,0,0,0,0,0,0,3,3,0,0,0,0,6,0,0,0,5,9,4,0,30,6,6,28,32,18,22,33,19,3,9,7,14,9,13,12,231
LGA14650,0,0,4,7,14,7,13,8,0,0,5,4,0,0,4,66,0,3,5,28,69,77,125,106,29,23,40,16,46,31,8,606,0,7,21,47,29,7,13,3,0,0,0,0,0,0,5,132,0,0,0,11,9,36,32,17,4,0,8,4,0,4,3,128,0,0,0,0,5,15,27,23,6,14,11,16,13,7,7,144,0,0,0,3,14,4,7,0,0,0,0,0,0,0,3,31,137,411,953,1822,935,635,440,360,82,112,91,96,52,28,354,6508,0,5,19,33,59,73,82,90,11,19,11,19,24,18,5,468,0,0,0,0,22,10,3,8,0,6,3,3,0,0,12,67,13,212,258,290,314,290,292,268,79,67,85,62,75,35,122,2462,208,1208,2555,3266,2417,2351,2001,1379,330,399,414,368,350,220,887,18353
LGA14700,0,0,4,5,27,29,18,18,4,3,0,0,4,0,0,112,0,3,3,12,50,85,82,72,19,11,31,18,6,4,3,399,0,3,0,7,0,0,8,4,0,0,0,0,0,0,3,25,0,0,0,3,17,37,21,4,6,4,4,5,0,0,5,106,0,0,0,3,8,19,20,22,3,5,5,6,10,3,3,107,0,0,0,3,14,5,3,8,0,6,0,0,0,0,0,39,13,57,128,292,286,247,298,222,59,53,64,43,72,29,77,1940,0,3,5,14,22,45,68,57,13,17,21,9,30,4,13,321,0,0,0,3,37,14,12,0,3,3,3,3,0,3,6,87,15,56,64,133,211,323,319,246,80,103,139,129,120,49,69,2056,58,190,452,875,1184,1823,1798,1332,359,390,466,389,449,211,351,10327
LGA14750,0,0,0,0,0,0,0,0,0,0,0,0,0,0,0,0,0,0,0,0,0,0,12,0,0,0,0,6,0,5,0,23,0,0,3,0,0,0,0,0,0,0,0,0,0,0,0,3,0,0,0,0,3,3,3,0,0,3,0,0,0,0,0,12,0,0,0,0,0,0,0,3,0,0,0,0,0,3,0,6,0,0,0,0,0,0,0,0,0,0,0,0,0,0,0,0,0,9,23,52,14,10,5,4,0,0,0,0,3,0,17,137,0,0,0,0,3,0,4,0,0,0,0,0,4,0,0,11,0,0,0,0,3,0,0,0,0,4,0,0,0,0,0,7,0,3,3,5,3,8,18,10,0,0,4,6,5,3,3,71,6,31,134,147,54,60,90,54,8,10,8,22,25,17,56,722
LGA14800,0,0,4,5,20,18,21,12,6,6,0,8,6,4,4,114,0,3,3,14,64,93,57,42,12,12,18,11,20,4,6,359,0,4,3,13,13,4,12,0,0,0,0,0,0,0,3,52,0,0,0,6,8,26,15,3,3,3,3,4,3,4,6,84,0,0,0,6,12,29,39,30,7,14,13,13,8,4,7,182,0,0,0,8,17,14,14,6,0,0,0,0,4,0,3,66,12,66,178,469,567,577,717,722,176,183,219,142,164,105,190,4487,0,0,11,37,60,56,76,54,24,19,29,37,54,24,16,497,0,0,0,6,55,62,25,14,6,0,4,8,4,0,8,192,5,43,83,236,370,339,333,240,61,98,96,92,117,64,72,2249,30,220,843,1719,1942,2287,2313,1869,461,573,555,539,627,353,608,14939
LGA14850,0,0,3,4,0,0,4,0,0,0,0,0,0,0,3,14,0,0,3,10,14,18,18,12,0,3,4,5,3,0,0,90,0,0,3,0,0,0,0,0,0,0,0,0,0,0,0,3,0,0,0,0,3,3,7,0,3,3,0,3,0,0,3,25,0,0,0,0,3,8,10,3,3,0,6,6,3,0,3,45,0,0,0,0,3,0,0,0,0,0,0,0,0,0,0,3,13,51,172,370,217,162,109,88,14,13,14,15,0,6,67,1311,0,0,0,24,38,24,16,14,7,3,0,3,6,5,0,140,0,0,0,0,3,5,3,6,0,0,0,0,0,3,3,23,3,11,34,67,104,73,64,61,25,23,29,32,26,4,33,589,42,137,443,659,629,575,467,333,85,73,111,111,92,47,188,3992
LGA14870,0,0,0,0,0,0,0,0,0,0,0,0,0,0,4,4,0,0,0,0,0,10,0,3,11,0,9,0,0,0,0,33,0,0,0,3,6,0,0,0,0,0,0,0,0,0,0,9,0,0,0,0,0,10,4,0,0,0,0,0,0,0,0,14,0,0,0,0,0,0,4,3,0,0,3,4,0,0,0,14,0,0,0,0,0,0,3,0,0,0,0,0,0,0,3,6,15,30,86,232,158,76,27,16,0,3,6,0,0,3,53,705,0,0,0,4,11,8,8,0,0,0,3,3,3,3,0,43,0,0,0,0,0,3,3,0,0,0,0,0,0,0,10,16,0,18,24,45,31,26,15,7,7,10,3,6,0,3,31,226,19,86,223,394,314,231,138,65,31,16,37,24,17,12,206,1813
LGA14900,0,0,0,8,33,34,25,11,10,10,3,0,3,0,3,140,0,0,0,9,73,147,118,96,14,18,12,5,6,5,11,514,0,12,31,175,123,65,462,89,3,3,0,0,4,0,31,998,3,0,4,25,48,130,153,69,12,19,30,16,10,6,7,532,0,0,0,3,29,215,144,41,6,18,18,9,4,9,32,528,0,0,0,83,146,114,128,67,14,4,27,4,18,12,21,638,21,86,385,1003,423,287,184,84,33,45,33,27,36,3,157,2807,0,0,7,8,16,25,61,47,9,8,13,7,19,0,13,233,0,0,3,4,687,2221,1371,261,58,78,90,79,58,31,287,5228,5,113,225,911,2879,4128,3776,1786,352,347,374,279,269,169,537,16150,57,636,2559,5492,7771,15532,18682,8311,1859,1757,2312,1805,1237,933,2772,71715
LGA14920,0,0,0,0,0,0,0,0,0,0,0,0,0,0,0,0,0,0,0,0,3,3,3,3,0,0,0,0,0,0,0,12,0,0,0,0,0,0,0,0,0,0,0,0,0,0,0,0,0,0,0,0,0,0,0,0,0,0,0,0,0,0,0,0,0,0,0,0,0,0,0,0,0,0,0,0,3,0,0,3,0,0,0,0,0,3,0,0,0,0,0,0,0,0,0,3,3,3,32,53,25,9,5,5,0,3,0,3,0,0,11,152,0,0,0,3,0,3,9,0,0,0,0,0,0,0,0,15,0,0,0,0,0,6,0,0,0,0,0,0,0,0,0,6,0,3,4,4,3,8,4,4,0,0,3,0,5,5,0,43,3,12,56,93,52,53,35,22,3,9,13,3,8,9,16,387
LGA14950,0,0,0,0,0,0,0,0,0,0,0,0,0,0,0,0,0,0,0,0,0,0,0,0,0,0,0,0,0,0,0,0,0,0,0,0,0,0,0,0,0,0,0,0,0,0,0,0,0,0,0,0,0,0,0,0,0,0,0,0,0,0,0,0,0,0,0,0,0,0,0,0,0,0,0,0,0,0,0,0,0,0,0,0,0,0,3,0,0,0,0,0,0,0,0,3,0,5,6,24,7,9,0,6,0,0,0,0,0,0,3,60,0,0,0,0,0,0,3,0,0,0,0,0,0,0,0,3,0,0,0,0,0,0,0,0,0,0,0,0,0,0,0,0,0,0,0,3,0,5,0,5,0,0,0,0,0,0,0,13,4,9,15,33,16,21,10,17,4,0,0,0,0,0,6,135
LGA15050,0,0,0,3,3,5,7,0,0,3,0,0,0,0,0,21,0,0,0,5,11,18,35,37,39,32,47,11,4,4,0,243,0,3,6,13,3,0,3,0,0,0,0,0,0,0,0,28,0,0,0,0,8,6,0,0,0,0,0,3,0,0,0,17,0,0,0,0,0,3,16,13,3,6,0,4,3,0,0,48,0,0,0,0,0,0,5,0,0,0,0,0,0,0,0,5,24,67,235,414,256,239,112,100,37,43,30,17,32,9,89,1704,0,0,3,4,15,19,15,27,5,6,5,8,3,4,0,114,0,0,0,0,3,5,5,4,0,0,0,0,0,0,4,21,4,43,52,55,75,111,69,86,36,9,17,16,24,15,28,640,31,290,566,690,617,784,601,486,198,170,181,126,121,69,228,5158
LGA15150,0,0,3,3,21,8,19,18,0,3,4,9,6,3,3,100,0,0,0,17,60,90,151,98,20,39,67,35,67,11,12,667,0,0,3,6,3,7,7,0,0,0,0,0,0,0,0,26,0,0,0,0,14,15,4,5,0,0,0,0,0,3,0,41,0,0,0,0,4,9,12,27,11,4,3,14,5,4,7,100,0,0,4,0,8,10,0,3,0,0,0,0,4,0,4,33,30,83,180,457,394,491,743,841,242,256,302,268,442,180,169,5078,0,0,0,22,50,46,111,94,36,39,35,42,86,47,28,636,0,0,0,0,9,8,18,4,4,0,0,0,3,0,5,51,7,38,65,142,131,209,288,299,110,125,159,199,192,128,82,2174,49,211,540,984,1069,1504,2030,1952,587,664,744,808,1064,526,486,13218
LGA15200,0,0,4,6,28,31,35,19,12,10,4,5,5,0,6,165,0,3,3,7,70,73,50,42,3,12,9,11,3,3,10,299,0,3,4,47,23,15,14,3,0,0,0,0,0,0,3,112,0,0,3,7,21,34,13,16,0,3,3,3,4,10,7,124,0,0,0,3,13,72,112,102,31,42,33,27,21,7,39,502,0,3,0,35,67,33,46,20,7,4,9,9,6,0,9,248,5,36,129,461,514,577,589,481,96,113,92,118,92,51,138,3492,0,0,3,28,64,91,90,80,20,23,20,21,32,19,12,503,0,0,3,0,364,749,558,142,48,49,78,78,51,30,103,2253,0,51,133,591,981,1023,718,566,191,378,417,364,206,112,221,5952,20,193,1352,3568,3758,4721,4043,2510,697,963,1015,1013,696,431,1116,26096
LGA15270,0,0,0,0,3,3,0,0,0,0,0,0,0,0,0,6,3,0,0,0,8,9,0,8,3,4,8,0,5,3,0,51,0,0,3,3,0,0,0,0,0,0,0,0,0,0,0,6,0,0,0,4,0,0,0,0,0,0,0,3,0,0,0,7,0,0,0,0,0,0,5,4,0,0,0,0,3,0,0,12,3,0,0,0,0,0,0,0,0,0,0,0,0,0,0,3,10,49,107,240,125,55,23,23,7,13,5,5,0,0,33,695,0,0,0,9,7,6,10,5,0,0,0,0,3,0,4,44,0,0,0,0,0,10,4,0,0,6,0,0,0,0,0,20,0,26,26,53,34,26,20,10,0,0,8,0,3,5,9,220,19,116,254,455,260,213,124,93,25,29,44,32,33,24,94,1815
LGA15300,0,0,0,0,0,0,0,0,0,0,0,0,0,0,0,0,0,0,0,0,0,3,0,6,17,3,3,7,0,3,0,42,0,3,0,7,0,0,3,0,0,0,0,0,0,0,3,16,0,0,0,0,0,0,0,0,0,0,0,0,0,0,0,0,0,0,0,0,0,0,0,0,0,0,0,0,4,0,3,7,0,0,0,0,0,0,0,0,0,0,0,0,0,0,0,0,0,0,14,39,18,10,7,10,0,3,7,0,10,0,15,133,0,0,0,3,0,3,0,0,0,0,0,0,0,0,3,9,0,0,0,0,0,0,0,0,3,3,3,0,0,3,0,12,0,0,3,6,17,7,12,10,5,0,10,7,3,3,3,86,6,7,40,79,73,83,50,44,31,18,38,32,32,20,55,608
LGA15350,0,0,3,7,13,16,12,30,5,10,7,6,8,3,10,130,3,4,5,16,45,69,88,91,9,21,43,25,20,17,18,474,0,0,3,3,3,3,5,0,0,0,0,3,0,0,0,20,0,0,0,0,14,13,3,3,3,3,0,0,0,3,0,42,0,0,0,0,0,3,10,21,3,7,4,6,3,4,3,64,0,0,0,3,3,4,3,3,0,4,0,0,4,0,0,24,24,63,155,304,313,319,381,410,116,121,150,130,157,100,109,2852,0,0,11,15,37,58,91,65,17,15,30,46,66,39,17,507,0,0,0,5,16,7,7,0,4,0,0,4,0,0,0,43,10,68,62,104,125,184,182,161,54,99,98,88,96,49,33,1413,72,217,446,730,899,1228,1366,1133,304,400,449,444,519,325,313,8845
LGA15500,0,0,0,0,0,0,0,0,0,0,0,0,0,0,0,0,0,0,0,5,9,0,0,4,0,0,0,0,0,0,0,18,0,3,0,0,6,0,0,0,0,0,0,0,0,0,0,9,0,0,0,0,0,0,0,0,0,0,0,0,0,0,0,0,0,0,0,0,0,0,3,0,3,0,0,0,0,0,0,6,0,0,0,0,0,0,0,0,0,0,0,0,0,0,0,0,3,14,57,74,43,11,6,9,0,0,0,3,0,0,11,231,0,0,0,0,0,0,0,0,0,0,0,3,0,0,3,6,0,0,0,0,0,3,0,0,0,0,0,0,0,0,0,3,0,3,8,3,3,3,3,0,3,0,3,0,3,3,0,35,6,32,95,90,70,39,28,19,6,7,11,6,6,9,25,449
LGA15550,0,0,0,0,0,0,0,0,0,0,0,0,0,0,0,0,0,0,0,0,0,0,0,0,0,0,0,6,0,0,0,6,0,0,0,0,0,0,0,0,0,0,0,0,0,0,0,0,0,0,0,0,0,0,0,0,0,0,0,0,0,0,0,0,0,0,0,0,0,0,0,0,0,0,0,0,0,0,0,0,0,0,0,0,0,0,0,0,0,0,0,0,0,0,0,0,0,3,4,7,4,0,3,0,0,0,0,0,0,3,0,24,0,0,0,0,0,0,0,0,0,0,0,0,0,0,0,0,0,0,0,0,0,0,0,0,0,0,0,0,0,0,0,0,0,0,0,0,3,0,3,6,0,0,0,3,0,0,0,15,0,6,10,13,7,6,15,12,3,3,12,12,3,18,3,123
LGA15650,0,0,0,0,0,0,3,0,0,0,0,0,0,0,0,3,0,0,0,0,0,4,3,0,10,4,13,7,3,5,3,52,0,0,0,3,0,0,0,0,0,0,0,0,0,0,0,3,0,0,0,0,0,3,0,0,3,3,0,0,4,0,0,13,0,0,0,0,0,3,3,4,0,0,0,5,0,0,5,20,0,0,0,3,3,0,0,0,0,0,0,3,0,0,0,9,3,11,32,78,64,31,18,14,7,3,11,8,6,4,22,312,0,0,0,0,0,0,0,4,3,3,0,4,9,0,0,23,0,0,0,0,0,0,0,0,0,0,0,0,0,0,5,5,0,0,10,15,21,13,14,21,6,10,33,9,3,4,18,177,3,23,81,135,119,146,110,79,44,58,78,67,55,38,102,1138
LGA15700,0,0,0,0,3,0,0,3,0,0,0,0,0,0,0,6,0,0,0,5,8,5,6,3,0,0,0,0,0,0,0,27,0,0,3,3,0,0,0,0,0,0,0,0,0,0,0,6,0,0,0,0,0,0,0,0,0,0,0,3,0,0,0,3,0,0,0,0,0,3,6,3,0,0,0,0,0,0,3,15,0,0,0,3,0,0,0,0,0,0,0,0,0,0,0,3,10,55,162,328,133,64,37,25,5,9,3,3,5,0,53,892,0,3,0,4,6,11,4,3,0,3,3,0,3,3,0,43,0,0,0,0,0,0,0,0,0,0,0,0,0,0,5,5,3,8,27,50,27,23,16,10,3,3,3,3,5,0,4,185,19,105,301,487,274,207,132,66,17,23,12,15,17,12,91,1778
LGA15750,0,0,3,0,0,0,0,0,0,0,0,0,0,0,0,3,0,0,0,0,0,0,0,6,5,0,4,0,0,0,0,15,0,0,3,0,0,0,0,0,0,0,0,0,0,0,0,3,0,0,0,0,0,0,0,0,3,0,0,0,0,0,0,3,0,0,0,0,0,0,0,0,0,0,0,0,0,0,0,0,0,0,0,0,0,0,0,0,0,0,0,0,0,0,0,0,0,9,25,39,25,3,4,6,3,0,0,3,3,0,12,132,0,0,0,17,8,8,4,3,0,0,0,6,3,0,3,52,0,0,0,0,0,0,0,3,0,0,0,0,0,0,0,3,3,0,0,11,6,12,13,5,0,4,5,0,0,5,6,70,3,12,52,84,69,52,66,36,20,13,15,24,24,11,39,520
LGA15800,0,0,0,0,0,3,0,0,0,0,0,0,0,0,0,3,0,0,0,0,0,0,0,0,0,0,0,0,0,0,0,0,0,0,0,0,0,0,0,0,0,0,0,0,0,0,0,0,0,0,0,0,4,0,0,0,0,0,0,0,0,0,0,4,0,0,0,0,0,0,0,0,0,0,0,0,0,0,0,0,0,0,0,0,0,3,0,0,0,0,0,0,0,0,0,3,4,5,9,28,14,11,3,4,0,0,0,0,0,0,5,83,0,0,0,0,0,0,6,0,0,0,0,0,0,0,0,6,0,0,0,0,0,0,0,0,0,0,0,0,0,0,0,0,0,0,3,3,3,9,0,7,3,0,3,0,6,0,3,40,4,13,31,43,28,39,17,24,7,5,10,6,15,0,20,262
LGA15850,0,0,0,0,0,0,0,0,0,0,0,0,0,0,3,3,0,0,0,0,0,0,0,0,0,0,0,0,0,0,0,0,0,0,3,3,0,0,0,0,0,0,0,0,0,0,0,6,0,0,3,0,0,0,0,0,0,0,3,0,0,0,0,6,0,0,0,0,0,0,0,0,0,0,0,3,0,0,0,3,0,0,0,0,0,3,0,0,0,0,0,0,0,0,0,3,0,11,14,37,14,9,3,3,3,0,0,0,0,0,3,97,0,0,0,0,0,0,0,0,0,0,0,0,0,0,0,0,0,0,0,0,0,0,0,0,0,0,0,0,0,0,0,0,0,0,3,6,3,0,3,5,0,0,0,0,0,0,3,23,0,17,45,51,33,28,15,17,6,6,6,8,6,0,12,250
LGA15900,0,0,4,7,17,17,7,13,3,4,3,3,8,17,0,103,3,0,3,17,48,61,88,78,17,9,25,17,14,9,11,400,0,5,19,98,32,4,13,0,0,0,0,0,0,0,11,182,0,0,0,3,20,25,38,25,30,3,10,3,6,3,8,174,0,0,0,3,6,17,30,32,17,7,14,15,14,14,10,179,0,0,0,5,3,4,7,4,0,0,0,5,4,0,3,35,84,177,482,974,516,456,301,253,68,54,95,71,123,59,257,3970,0,3,4,20,58,47,71,52,27,26,28,29,51,20,12,448,0,0,0,4,47,48,21,13,3,4,11,9,9,3,21,193,10,183,128,236,253,273,331,476,125,160,235,333,327,185,163,3418,127,773,1683,2564,1944,2121,1949,1670,534,611,831,972,1089,604,1007,18479
LGA15950,0,5,6,19,36,80,58,25,4,21,10,24,16,10,3,317,0,4,4,36,110,198,186,135,27,61,66,34,53,24,19,957,0,0,4,4,8,5,17,4,0,0,0,0,0,0,0,42,0,0,8,6,24,52,22,14,10,6,12,7,3,0,3,167,0,0,0,3,10,38,74,80,20,41,42,19,20,5,15,367,0,0,3,3,4,13,3,11,3,0,4,0,6,3,3,56,39,119,251,513,534,577,632,673,189,221,287,282,326,200,180,5023,0,3,10,42,67,107,147,123,47,41,52,65,116,57,35,912,0,0,0,9,62,41,25,14,0,4,8,4,4,6,5,182,19,75,136,207,324,535,589,556,227,297,334,295,267,168,103,4132,109,346,737,1412,2092,3571,3685,3101,951,1161,1300,1248,1464,854,709,22740
LGA16100,0,0,0,0,0,0,0,0,0,0,0,0,0,0,0,0,0,0,0,0,0,0,3,0,0,0,3,7,0,0,0,13,0,0,0,3,0,0,0,0,3,0,0,0,0,0,0,6,0,0,0,0,0,0,0,0,0,0,0,0,0,0,3,3,0,0,0,0,0,3,0,0,0,0,0,0,0,0,0,3,0,0,0,0,0,0,0,0,0,0,0,0,0,0,0,0,0,12,17,61,27,7,6,3,0,0,0,0,0,0,11,144,0,0,0,0,0,4,0,3,0,0,0,0,0,0,0,7,0,0,0,0,0,0,0,3,0,0,0,0,0,0,3,6,0,4,9,19,14,4,4,0,0,0,0,0,0,0,13,67,3,25,64,104,57,40,64,33,7,12,16,16,0,0,57,498
LGA16150,0,0,3,0,3,3,0,3,3,0,0,0,0,0,3,18,0,0,0,3,4,13,18,40,8,15,8,0,4,7,3,123,0,3,3,4,3,0,3,0,3,0,0,0,0,0,0,19,0,0,0,3,0,4,8,0,0,4,0,4,3,3,0,29,0,0,0,0,3,3,6,6,3,6,3,4,0,4,0,38,0,0,0,5,0,5,0,0,0,0,4,0,0,0,4,18,12,49,114,238,96,56,58,41,8,11,11,12,7,6,44,763,0,0,0,10,10,6,7,12,6,0,0,6,0,3,3,63,0,0,0,0,3,3,0,0,0,0,0,0,0,0,5,11,3,39,31,42,43,60,66,184,37,48,43,28,9,14,22,669,25,195,323,475,299,348,354,428,120,134,126,106,70,88,150,3241
LGA16180,0,0,0,3,0,3,3,3,0,0,0,0,0,0,0,12,0,0,0,0,8,10,6,3,3,0,4,3,3,5,3,48,0,0,3,12,3,0,0,0,0,0,0,0,0,0,0,18,0,0,0,3,3,3,0,0,0,0,0,0,0,0,0,9,0,0,0,0,0,0,0,0,0,0,0,0,0,0,0,0,0,0,0,0,0,0,0,0,0,0,0,0,0,0,0,0,5,35,99,251,152,93,73,56,10,18,4,5,3,4,33,841,0,0,0,7,12,19,18,7,3,0,6,0,3,0,0,75,0,0,0,0,0,0,0,3,0,0,0,0,0,0,0,3,0,14,26,80,77,33,23,6,0,0,5,4,0,0,14,282,5,66,227,496,365,258,184,110,23,23,34,25,21,13,64,1914
LGA16200,0,0,0,0,0,0,0,0,0,0,0,0,0,0,0,0,0,0,3,3,0,5,0,3,3,3,3,0,0,3,0,26,0,0,0,0,0,0,0,0,0,0,0,0,0,0,0,0,0,0,0,0,3,0,3,0,0,0,0,0,3,0,0,9,0,0,0,0,0,3,3,0,0,0,3,3,0,0,0,12,0,0,0,0,0,0,0,0,0,0,0,0,0,0,0,0,8,18,40,61,22,12,12,6,3,3,0,0,4,0,24,213,0,0,3,0,3,0,6,3,0,0,0,0,4,6,0,25,0,0,0,0,0,3,0,0,0,0,0,0,0,0,0,3,0,9,8,8,6,4,8,5,3,5,0,9,7,0,8,80,8,46,90,101,60,58,66,48,24,18,24,28,44,23,62,700
LGA16250,0,0,9,11,38,87,63,69,18,22,21,21,18,6,9,392,0,0,4,18,86,122,114,64,15,19,46,16,18,20,17,559,0,8,12,48,14,18,82,3,3,3,4,0,0,0,6,201,0,0,4,28,59,409,588,347,91,106,114,131,121,52,54,2104,0,0,4,3,22,70,100,63,21,23,26,33,7,9,18,399,0,0,0,101,258,159,169,50,9,20,20,13,11,5,34,849,56,140,422,933,513,388,251,177,30,48,54,58,48,27,188,3333,0,0,5,14,34,48,59,59,19,13,16,31,38,23,15,374,0,0,3,5,462,611,223,78,25,23,28,39,22,15,76,1610,5,177,175,497,1084,1757,2917,2395,515,722,755,710,611,368,549,13237,112,703,1845,4270,5946,11378,14981,11807,3294,4128,4789,3801,3101,1707,3036,74898
LGA16350,0,0,0,15,26,34,25,17,5,13,3,0,4,0,7,149,0,0,0,24,120,231,145,89,6,14,26,21,8,9,11,704,0,5,18,121,40,21,30,0,0,0,3,0,0,0,8,246,0,0,4,39,45,185,198,107,6,24,28,24,30,4,16,710,0,0,0,3,7,48,61,43,11,8,22,8,15,4,16,246,0,0,4,51,68,50,23,9,0,0,3,0,0,0,6,214,26,200,757,2843,1794,1369,429,258,72,81,71,74,52,28,412,8466,0,4,3,29,36,53,54,54,8,12,7,14,19,7,11,311,0,0,0,0,33,65,53,8,0,5,9,10,11,0,53,247,3,143,253,688,1005,1160,1213,951,180,188,178,160,174,76,303,6675,50,861,2690,6269,5355,6901,5906,3298,763,885,872,742,602,349,1742,37285
LGA16370,0,0,10,0,13,8,23,10,0,0,7,0,5,0,7,83,3,0,10,26,75,103,156,81,25,27,40,26,16,6,16,610,5,10,17,55,13,5,10,0,0,0,0,0,0,0,5,120,0,3,0,8,11,6,0,3,0,0,0,0,3,0,0,34,0,0,0,0,13,13,19,13,6,3,6,4,3,0,3,83,0,0,0,6,0,0,6,5,0,0,0,0,0,0,0,17,28,146,369,941,720,774,769,658,144,165,148,131,106,70,206,5375,0,11,6,41,68,96,112,97,13,23,23,26,16,18,16,566,0,0,0,0,19,17,10,7,0,0,3,4,0,0,3,63,9,80,99,247,248,255,350,197,46,46,33,45,48,25,70,1798,81,412,1040,1957,1699,1974,2126,1391,311,336,346,319,289,167,518,12966
LGA16380,0,0,3,4,5,3,0,0,3,3,0,0,0,0,3,24,0,3,4,14,27,32,49,41,11,16,13,9,18,0,0,237,0,3,0,12,3,0,0,0,0,0,0,0,0,0,3,21,0,3,3,3,4,7,4,0,0,0,0,0,0,0,0,24,0,0,0,0,0,11,13,13,5,3,3,3,3,0,3,57,0,0,0,3,4,0,8,0,0,0,0,0,0,0,0,15,55,226,560,1214,563,281,276,217,51,46,46,57,34,15,206,3847,0,0,0,29,26,25,28,16,11,7,5,3,11,0,8,169,0,0,0,0,4,11,6,3,0,0,0,3,0,0,3,30,7,57,98,155,128,92,61,65,9,9,24,17,13,9,37,781,87,466,1131,1869,1179,861,759,548,136,147,156,140,115,46,409,8049
LGA16400,0,0,5,0,8,0,6,0,0,0,0,0,0,0,0,19,0,0,4,10,34,32,26,37,8,16,17,4,7,9,8,212,0,4,9,11,7,0,0,3,0,0,0,0,0,0,0,34,0,0,0,3,3,6,3,3,3,0,0,0,0,0,3,24,0,0,0,0,0,8,6,10,10,8,4,5,3,0,4,58,0,0,0,3,3,0,0,0,0,0,0,0,3,0,0,9,43,145,472,900,465,300,181,178,76,41,86,64,36,5,125,3117,0,4,0,15,19,22,27,31,7,7,6,24,25,5,5,197,0,0,0,0,6,3,0,3,0,3,3,0,3,0,3,24,3,62,75,138,122,105,51,60,11,29,28,15,19,8,28,754,67,363,992,1464,1048,874,601,535,169,129,192,159,155,56,312,7116
LGA16470,0,0,0,3,13,5,3,3,0,3,0,3,0,3,0,36,0,0,0,3,14,8,30,19,14,0,8,5,0,0,3,104,0,3,8,23,8,7,8,4,0,0,0,0,0,0,0,61,0,0,0,4,6,23,16,0,6,0,5,5,11,0,0,76,0,0,3,0,9,8,18,6,3,3,8,0,3,0,4,65,0,0,0,0,3,3,7,3,0,0,0,0,0,0,0,16,6,39,143,371,201,142,92,55,25,21,27,30,31,9,58,1250,0,0,3,16,15,31,30,32,6,11,8,4,6,13,7,182,0,0,0,0,14,15,14,12,0,3,0,0,5,3,3,69,0,46,109,161,167,152,158,125,64,54,52,53,51,37,32,1261,13,237,696,1169,883,948,832,592,223,235,337,306,253,156,276,7156
LGA16550,0,5,3,31,63,80,87,93,40,37,70,68,98,78,31,784,3,0,10,29,145,262,503,360,46,50,99,50,51,24,45,1677,0,4,12,41,24,7,16,0,0,0,3,0,0,0,12,119,0,5,5,6,24,71,51,26,6,9,12,20,13,15,5,268,0,0,0,3,35,85,113,108,39,43,30,47,27,24,29,583,0,3,4,20,50,22,26,16,3,10,7,7,7,3,10,188,29,109,296,908,738,773,910,966,306,258,292,306,348,157,349,6745,0,4,3,30,82,76,154,154,42,50,57,65,85,57,68,927,0,4,0,15,127,144,54,46,15,27,30,37,38,40,56,633,23,203,451,678,1360,1514,1936,1170,335,413,537,570,598,471,499,10758,197,813,2539,3872,4727,6562,7784,5892,1777,2048,2650,3061,3288,2030,2405,49645
LGA16610,0,0,0,0,0,0,0,0,0,0,0,0,0,0,0,0,0,0,0,0,5,0,5,0,0,0,3,0,0,6,0,19,0,0,3,3,0,0,0,0,0,0,0,0,0,0,0,6,0,0,0,0,0,0,0,3,0,0,0,0,0,0,0,3,0,0,0,0,0,3,3,0,0,0,3,0,0,0,3,12,0,0,0,0,0,0,0,0,0,0,0,0,0,0,0,0,10,25,77,163,63,40,11,20,3,4,0,7,6,3,23,455,0,0,0,5,4,3,9,11,7,3,3,9,0,0,4,58,0,0,0,0,0,0,0,0,0,0,0,0,0,0,0,0,0,5,17,26,28,18,8,5,0,7,0,0,4,3,0,121,13,58,185,270,185,139,99,70,16,19,25,30,26,12,67,1214
LGA16650,0,0,0,7,22,49,31,26,3,9,9,3,3,4,6,172,0,0,4,8,62,86,44,52,3,0,17,7,5,4,14,306,0,4,8,61,39,16,48,7,3,0,0,0,0,0,12,198,0,0,0,9,18,27,20,16,8,4,5,9,4,4,3,127,0,0,0,3,12,71,124,105,37,49,32,32,15,7,22,509,0,0,3,59,91,60,41,22,4,0,3,4,0,3,9,299,51,72,168,450,264,258,180,128,24,37,36,18,38,15,123,1862,0,0,0,13,28,23,53,32,13,3,10,12,16,13,9,225,0,0,0,4,200,269,122,31,12,17,20,12,11,5,30,733,10,108,241,587,1175,1112,1483,1203,508,876,865,782,386,241,339,9916,101,438,2345,5541,5290,6706,7032,4664,1420,1792,1851,1599,1142,650,1823,42394
LGA16700,0,7,8,15,55,107,84,61,11,11,19,22,26,13,4,443,0,0,7,22,54,110,124,116,15,17,22,15,12,13,18,545,0,3,9,34,14,15,35,3,0,0,4,0,0,0,0,117,0,4,4,36,89,227,251,91,26,33,49,70,70,23,18,991,0,0,0,0,24,53,78,85,27,17,23,14,23,10,8,362,0,0,0,15,44,34,20,13,3,10,8,13,3,4,4,171,40,114,255,584,448,417,388,249,62,53,67,50,39,25,156,2947,3,4,6,36,30,56,85,54,12,20,25,25,27,23,25,431,0,0,0,3,210,180,62,38,6,23,37,22,26,10,22,639,7,98,158,507,814,1286,1310,666,176,262,289,277,324,208,195,6577,96,524,1715,3128,3832,7616,8500,5609,1505,1748,2184,2208,2179,1084,1615,43543
LGA16900,0,0,0,3,3,3,6,0,0,0,0,4,5,0,0,24,0,0,0,8,17,5,14,32,9,13,23,3,5,11,0,140,0,0,18,77,34,6,26,0,0,0,0,0,0,0,0,161,0,0,0,0,0,4,6,5,0,0,5,3,0,0,0,23,0,0,0,0,0,10,12,24,5,5,5,4,8,3,12,88,0,3,0,3,74,26,21,6,3,3,0,0,0,0,3,142,18,113,504,1927,780,306,145,119,52,53,26,27,8,10,208,4296,0,0,0,11,19,13,14,19,6,0,5,3,6,5,7,108,0,0,0,7,23,22,13,0,0,0,0,0,0,0,0,65,4,48,264,610,497,148,111,49,7,25,14,12,18,12,66,1885,27,303,1744,3684,2191,1006,731,449,124,146,137,101,93,74,492,11302
LGA16950,0,5,4,3,8,5,3,0,0,0,3,0,3,3,3,40,3,7,6,25,43,22,45,14,4,3,0,4,4,0,4,184,0,3,16,23,6,8,4,0,0,0,0,0,0,0,4,64,0,4,5,5,5,0,0,0,0,0,0,3,3,0,6,31,0,0,0,0,0,9,15,15,6,4,3,6,3,0,9,70,0,0,0,5,5,0,0,0,0,0,0,0,0,0,0,10,53,344,912,1909,846,422,256,198,29,43,43,60,24,31,297,5467,0,6,6,25,54,24,36,29,8,7,5,16,6,4,18,244,0,0,3,0,3,14,4,8,0,0,4,0,0,0,18,54,3,114,213,262,250,120,119,56,15,4,12,16,15,9,92,1300,101,743,2116,3067,1795,1121,877,514,107,115,129,177,105,84,695,11746
LGA17000,0,0,0,0,4,0,3,0,0,0,0,0,0,0,0,7,0,0,0,0,0,9,19,31,38,18,17,0,0,4,0,136,0,0,0,0,0,0,0,0,0,0,0,0,0,0,0,0,0,0,0,0,0,4,0,5,0,0,4,0,0,0,0,13,0,0,0,0,0,0,5,4,0,3,0,3,0,0,0,15,0,0,0,3,3,0,0,0,0,0,0,0,0,0,0,6,3,23,48,122,105,53,43,32,9,3,7,7,14,4,24,497,0,0,0,0,3,4,5,9,3,0,3,3,0,3,0,33,0,0,0,0,5,0,0,6,0,0,0,0,4,0,0,15,0,3,12,19,24,25,31,28,11,7,16,3,4,3,17,203,9,43,145,202,248,253,264,208,84,57,101,54,62,42,92,1864
LGA17050,0,0,0,0,0,0,3,0,0,0,0,0,0,0,0,3,0,0,0,3,3,3,4,0,0,0,5,0,0,0,0,18,0,0,3,3,3,0,0,0,0,0,0,0,0,0,0,9,0,0,0,0,0,0,0,0,0,0,0,0,0,0,0,0,0,0,0,0,0,0,0,3,0,0,3,7,3,3,0,19,0,0,0,0,0,3,3,0,0,0,0,0,0,0,0,6,0,15,32,103,46,26,31,14,3,0,8,5,16,7,19,325,0,0,3,3,3,3,3,3,0,3,3,3,3,0,3,33,0,0,0,0,0,0,0,3,0,0,0,0,0,0,0,3,0,7,27,33,33,24,20,8,0,0,0,4,6,7,18,187,3,37,125,194,136,106,95,51,9,9,24,22,31,20,51,913
LGA17100,0,0,4,8,15,17,21,15,6,3,5,0,6,5,3,108,0,3,0,3,24,12,20,20,0,9,4,0,7,0,3,105,0,3,7,21,3,0,9,0,0,0,0,0,0,0,0,43,0,0,0,3,69,447,424,157,46,37,44,56,34,25,71,1413,0,0,0,0,8,15,34,22,4,8,9,5,0,6,8,119,0,0,0,13,24,23,10,7,3,0,0,0,3,0,4,87,17,21,38,80,55,39,38,26,6,7,12,7,13,6,15,380,0,0,5,8,6,6,20,6,0,0,5,0,9,6,7,78,0,0,0,0,267,277,70,25,0,4,8,17,8,3,27,706,0,53,78,154,262,323,414,243,111,191,228,146,85,52,87,2427,31,187,641,1027,1780,3181,3387,2699,809,977,1065,854,680,455,758,18531
LGA17150,3,0,4,34,42,67,42,35,5,6,5,4,7,3,12,269,0,0,17,48,196,257,256,212,17,35,73,66,45,8,38,1268,4,4,15,73,26,24,29,6,3,0,0,0,0,0,0,184,0,0,7,15,25,31,31,8,0,4,3,3,10,0,3,140,0,0,3,3,8,45,87,57,21,10,16,26,14,5,22,317,0,3,0,14,37,32,22,6,4,0,0,0,5,3,4,130,117,396,989,2277,1418,1228,978,791,178,223,202,171,173,69,423,9633,4,7,10,62,102,97,161,95,25,20,21,35,37,13,38,727,0,0,3,5,139,144,45,24,0,4,0,8,3,0,16,391,11,156,319,746,1058,841,877,624,159,191,185,137,128,59,175,5666,203,1055,3348,5963,5259,5994,5522,3361,748,857,946,798,729,332,1444,36559
LGA17200,0,0,6,20,75,159,185,194,35,43,51,74,102,74,39,1057,0,3,3,39,122,218,211,140,32,46,55,35,58,49,30,1041,0,3,9,54,20,17,67,8,0,3,0,0,4,6,4,195,0,0,0,20,25,97,47,30,10,12,12,11,15,19,6,304,0,0,0,7,23,166,425,791,274,370,478,468,287,119,221,3629,0,3,0,65,77,53,43,51,24,17,22,33,31,19,16,454,17,122,367,961,896,1109,1260,1280,353,479,575,578,778,542,406,9723,3,8,7,62,144,200,293,265,74,110,160,165,309,238,113,2151,0,0,0,4,340,547,233,111,54,69,105,115,99,56,73,1806,11,145,256,626,1174,1587,2239,1477,536,770,950,1082,1231,827,587,13498,69,493,1506,3413,5040,8939,11132,10054,3198,4158,5233,5494,6064,3907,3435,72135
LGA17310,0,0,0,3,4,7,6,4,0,3,12,6,3,0,3,51,0,0,0,4,11,11,24,19,0,5,4,12,0,11,3,104,0,3,3,3,0,0,0,0,0,0,0,0,0,0,0,9,0,0,0,0,0,3,3,0,0,4,0,5,4,0,3,22,0,0,0,0,0,5,5,6,3,0,0,0,3,4,0,26,0,0,0,0,3,0,0,0,3,0,0,0,0,0,0,6,13,62,192,350,149,52,48,50,12,11,4,9,9,4,63,1028,0,0,3,8,24,24,15,12,5,3,0,5,0,0,3,102,0,0,0,0,0,0,3,7,0,0,0,0,0,0,0,10,3,15,18,35,41,40,46,35,11,16,29,6,8,6,16,325,27,121,395,532,386,324,313,240,86,73,111,84,59,54,162,2967
LGA17350,0,0,0,0,0,0,0,0,0,0,0,0,0,0,0,0,0,0,0,0,0,0,0,0,0,0,3,0,0,0,0,3,0,0,0,0,3,0,0,0,0,0,0,0,0,0,0,3,0,0,0,0,0,0,0,0,0,0,0,0,0,0,0,0,0,0,0,0,0,0,3,0,0,0,0,0,0,0,0,3,0,0,0,0,0,0,0,0,0,0,0,0,0,0,0,0,0,3,15,29,23,12,3,0,0,0,0,0,0,0,3,88,0,0,0,0,3,3,3,4,0,0,0,0,0,0,0,13,0,0,0,0,0,3,0,0,0,0,0,0,0,0,3,6,0,0,3,4,5,4,0,0,0,0,0,0,0,0,3,19,3,12,38,46,43,35,15,7,0,3,9,6,11,0,15,243
LGA17400,0,0,0,0,0,0,0,0,0,0,0,0,0,0,0,0,0,0,0,0,0,0,0,0,0,0,0,0,0,0,0,0,0,0,0,0,0,0,0,0,0,0,0,0,0,0,0,0,0,0,0,0,0,0,0,0,0,0,0,0,0,0,0,0,0,0,0,0,0,0,0,0,0,0,0,0,0,0,0,0,0,0,0,0,0,0,3,0,0,0,0,0,0,0,0,3,0,10,38,58,34,20,4,5,0,0,0,0,0,0,13,182,0,0,0,0,4,0,4,0,0,0,0,0,0,0,3,11,0,0,0,0,0,0,0,0,0,0,0,0,0,0,0,0,0,7,5,12,16,12,9,8,0,3,0,0,0,0,3,75,3,30,76,105,100,71,41,28,0,10,3,7,5,0,33,512
LGA17420,0,6,3,23,92,149,111,94,17,26,39,18,19,10,18,625,0,0,8,28,163,277,640,401,75,162,237,146,124,41,44,2346,0,8,21,52,37,14,15,3,0,0,3,0,0,0,0,153,0,0,9,61,131,713,772,316,42,59,63,69,41,30,43,2349,0,0,0,5,20,52,71,41,16,15,10,16,3,7,9,265,0,0,3,51,95,61,47,25,3,3,3,6,0,3,6,306,43,214,630,1613,1042,1064,836,609,135,206,200,134,167,117,277,7287,0,0,5,42,72,99,149,100,22,30,39,61,78,70,32,799,0,0,0,5,262,237,86,13,11,6,7,3,10,3,25,668,6,181,281,656,1088,1832,2139,931,189,205,210,180,191,114,253,8456,114,880,2624,4958,5971,11915,13021,6617,1246,1486,1558,1291,1263,711,1698,55353
LGA17450,0,0,0,0,0,0,0,0,0,0,0,0,0,0,0,0,0,0,0,0,0,0,0,3,0,0,0,3,0,0,0,6,0,0,0,0,0,0,0,0,0,0,0,0,0,0,0,0,0,0,0,0,0,0,0,0,0,4,0,0,0,0,0,4,0,0,0,3,0,0,3,0,0,0,0,0,0,0,0,6,0,0,0,0,0,0,0,0,0,0,0,0,0,0,0,0,0,10,21,34,13,13,0,0,0,0,0,3,0,0,10,104,0,0,0,0,3,0,3,0,0,0,3,0,0,0,0,9,0,0,0,0,0,0,0,0,0,0,0,0,0,0,7,7,0,3,3,4,3,4,3,0,0,5,0,0,0,0,5,30,0,19,41,58,28,33,16,23,3,9,6,6,14,3,34,293
LGA17500,0,0,0,0,0,0,0,0,0,0,0,0,0,0,0,0,0,0,0,0,0,4,6,28,8,8,27,21,0,0,3,105,0,0,0,0,0,0,0,0,0,0,0,0,0,0,0,0,0,0,0,0,0,0,0,0,0,0,0,0,0,0,0,0,0,0,0,0,0,0,0,6,0,0,0,0,0,0,0,6,0,0,0,0,5,0,0,0,0,0,0,0,0,0,0,5,3,14,48,92,21,16,8,5,3,3,0,0,0,0,12,225,0,0,0,0,7,4,0,0,0,3,0,0,0,3,0,17,0,0,0,0,0,3,0,0,0,0,0,0,0,0,0,3,0,6,13,45,12,3,10,4,0,5,11,14,3,0,11,137,9,42,124,172,85,95,85,66,21,31,56,47,33,9,38,913
LGA17550,0,0,0,5,9,8,9,9,0,0,4,0,0,0,4,48,3,0,10,24,31,32,50,47,10,13,14,9,5,3,10,261,0,4,11,14,6,0,0,0,0,0,0,0,0,0,4,39,0,0,6,0,8,0,0,0,0,0,4,0,5,0,0,23,0,0,0,3,3,13,20,20,13,9,8,13,8,3,4,117,0,0,0,3,6,0,3,0,0,0,0,0,0,0,0,12,60,265,818,1700,794,452,407,309,72,88,66,73,40,15,273,5432,0,4,13,43,46,47,46,55,5,14,9,15,14,3,12,326,0,0,0,0,10,0,4,0,4,5,0,0,0,0,7,30,6,66,120,184,188,143,132,127,41,28,43,28,37,23,55,1221,106,508,1582,2465,1794,1581,1449,1038,266,325,327,306,255,120,659,12781
LGA17620,0,0,0,3,0,3,0,0,0,0,0,0,0,0,3,9,0,0,3,0,0,0,8,4,3,0,0,3,3,4,0,28,0,0,0,0,0,0,0,0,0,0,0,0,0,0,0,0,0,0,0,0,0,0,0,0,0,3,0,0,0,0,0,3,0,0,0,0,0,0,0,4,0,0,0,0,3,0,0,7,0,0,0,0,0,0,0,0,0,0,0,0,0,0,0,0,0,16,32,95,39,26,19,11,3,3,6,6,6,4,13,279,0,0,3,3,4,7,3,4,0,3,0,0,3,3,0,33,0,0,0,0,0,0,0,0,0,0,0,0,0,0,0,0,0,0,3,6,10,10,11,19,14,10,9,14,15,12,3,136,0,23,82,141,117,105,97,79,32,28,44,35,55,41,52,931
LGA17640,0,0,0,0,3,0,0,0,0,0,0,0,0,0,0,3,0,0,0,0,0,4,3,5,0,0,0,0,0,0,0,12,0,0,0,0,0,0,0,0,0,0,0,0,0,0,0,0,0,0,0,0,0,0,3,0,0,0,0,0,0,0,0,3,0,0,0,0,0,0,3,4,0,0,0,0,3,0,0,10,0,0,0,0,0,0,0,0,0,0,0,0,0,0,0,0,3,12,39,72,44,28,8,10,3,3,5,0,0,0,14,241,0,0,0,5,6,3,0,0,0,0,0,0,0,0,0,14,0,0,0,0,0,0,0,0,0,0,0,0,0,0,0,0,0,7,11,17,9,3,0,6,0,0,0,0,0,3,6,62,3,29,94,132,78,61,40,35,3,3,9,0,3,9,31,530
LGA17650,0,0,3,0,0,3,0,0,0,0,0,0,0,0,0,6,3,0,0,0,0,3,0,0,0,0,0,0,0,3,0,9,0,0,0,0,0,0,0,0,0,0,0,0,0,0,0,0,0,0,0,0,0,0,0,0,0,0,0,3,0,0,0,3,0,0,0,0,0,0,3,0,0,0,0,0,0,0,0,3,0,0,0,0,0,0,0,0,0,0,0,0,0,0,0,0,3,8,24,55,28,18,9,5,3,3,0,3,3,0,4,166,0,0,0,0,5,5,0,0,0,3,0,3,0,0,0,16,0,0,0,0,0,0,0,0,0,0,0,3,0,0,0,3,0,3,4,8,9,4,8,0,0,3,0,0,0,0,0,39,9,17,49,81,68,57,39,16,6,9,0,12,3,3,13,382
LGA17700,0,0,0,0,0,0,0,0,0,0,0,0,0,0,0,0,0,0,0,0,0,0,0,0,0,0,0,0,0,0,0,0,0,0,0,0,0,0,0,0,0,0,0,0,0,0,0,0,0,0,0,0,0,0,0,0,0,0,0,0,0,0,0,0,0,0,0,0,0,0,0,0,0,0,0,0,0,0,0,0,0,0,0,0,0,0,0,0,0,0,0,0,0,0,0,0,3,0,3,6,3,0,0,0,0,0,0,0,0,0,0,15,0,0,0,0,0,0,0,0,0,0,0,0,0,0,0,0,0,0,0,0,0,0,0,0,0,0,0,0,0,0,0,0,0,0,0,3,0,0,0,0,0,0,0,0,0,0,0,3,3,0,9,15,9,0,6,3,0,0,0,0,0,3,0,48
LGA17750,0,0,0,0,0,3,3,3,0,3,3,0,4,0,3,22,0,0,0,6,5,12,33,23,20,34,21,18,17,0,3,192,0,0,9,4,3,0,3,0,0,0,0,0,0,0,0,19,0,0,0,0,5,9,21,7,10,5,3,6,8,11,0,85,0,0,0,0,0,0,8,7,0,0,0,9,0,0,0,24,0,0,0,3,0,0,3,3,0,0,0,0,0,0,0,9,12,58,148,286,152,74,78,65,22,29,20,13,19,5,51,1032,0,0,0,8,17,9,16,18,0,3,7,7,0,0,4,89,0,0,0,0,6,4,3,0,3,3,0,6,11,0,3,39,3,29,45,58,43,71,127,234,53,75,60,88,99,49,42,1076,27,150,417,505,384,399,577,603,203,238,212,310,304,159,187,4675
LGA17800,0,0,0,0,0,0,0,0,0,0,0,0,0,0,0,0,0,0,0,0,0,0,3,0,0,0,0,0,0,0,0,3,0,0,0,0,0,0,0,0,0,0,0,0,0,0,0,0,0,0,0,0,0,0,0,0,0,0,0,0,0,0,0,0,0,0,0,0,0,0,0,0,0,0,0,0,0,4,0,4,0,0,0,0,4,0,0,0,0,0,0,0,0,0,0,4,0,4,23,17,15,0,0,0,4,0,0,0,0,0,9,72,0,0,0,0,0,0,0,3,0,0,0,0,0,0,0,3,0,0,0,0,0,0,0,0,0,0,0,0,0,0,0,0,0,4,0,4,0,4,4,3,0,0,5,0,0,0,0,24,3,8,50,42,23,13,16,16,13,14,13,0,5,15,22,253
LGA17850,0,0,0,0,0,0,0,0,0,0,0,0,0,0,0,0,0,0,0,0,0,0,0,6,0,0,0,0,0,0,0,6,0,0,0,0,0,0,0,0,0,0,0,0,0,0,0,0,0,0,0,0,0,0,3,0,0,0,0,0,0,0,0,3,0,0,0,0,0,0,0,0,0,0,0,0,0,0,0,0,0,0,0,0,0,0,0,0,0,0,0,0,0,0,0,0,0,3,6,18,4,10,3,0,0,0,0,0,3,0,5,52,0,0,0,0,3,0,0,0,0,0,0,0,0,0,0,3,0,0,0,0,0,0,0,0,0,0,0,0,0,0,0,0,0,3,0,6,3,0,9,3,0,0,0,0,0,0,0,24,0,12,19,30,20,13,21,15,0,3,0,6,3,0,10,152
LGA17900,0,0,0,0,0,0,0,0,0,0,0,0,0,0,0,0,0,0,3,0,0,3,0,0,0,0,8,4,0,0,0,18,0,0,0,24,7,0,3,0,0,0,0,0,0,0,5,39,0,0,0,0,0,0,0,0,0,0,0,0,0,0,0,0,0,0,0,0,0,0,0,0,0,0,0,0,0,0,0,0,0,0,0,0,0,0,0,0,0,0,0,0,0,0,0,0,3,8,32,50,12,7,6,5,0,3,0,3,3,4,9,145,0,0,0,0,5,4,4,0,0,0,0,0,0,0,0,13,0,0,0,0,0,0,0,0,0,0,0,0,0,0,0,0,0,3,19,58,26,21,3,4,3,8,4,0,4,0,11,164,3,20,89,199,77,82,55,26,3,21,17,26,22,10,36,686
LGA17950,0,0,0,0,0,0,0,0,0,0,0,0,0,0,0,0,0,0,0,0,0,0,0,0,0,0,3,4,0,0,0,7,0,0,0,0,0,0,0,0,0,0,0,0,0,0,0,0,0,0,0,0,0,0,0,0,0,0,0,0,0,0,0,0,0,0,0,0,0,0,0,3,0,0,3,0,0,0,0,6,0,0,0,0,0,0,0,0,0,0,0,0,0,0,0,0,0,0,4,6,3,0,0,0,0,0,0,3,3,0,8,27,0,0,0,0,0,0,0,0,0,0,0,0,0,0,0,0,0,0,0,0,0,0,3,0,0,0,0,0,0,0,0,3,0,0,0,0,0,0,0,3,6,4,0,0,0,0,0,13,3,3,13,12,12,14,9,9,6,4,9,7,3,0,8,112
LGA18000,0,0,11,16,51,40,46,42,12,4,6,3,3,4,8,246,3,0,10,46,148,256,479,339,49,78,107,67,74,32,52,1740,3,12,13,69,34,21,123,3,0,3,0,0,0,0,4,285,0,3,4,18,15,17,18,11,0,0,8,3,0,0,3,100,0,0,0,4,30,51,116,80,23,25,21,25,13,4,21,413,0,0,3,14,69,25,21,5,0,0,0,0,4,0,6,147,89,294,664,1727,1343,1432,1776,1718,421,410,392,292,296,184,526,11564,0,12,7,80,108,141,206,143,32,43,42,44,51,38,43,990,0,0,0,3,46,81,51,12,4,7,7,4,9,3,26,253,13,136,223,557,796,1093,1206,958,315,351,427,324,243,131,200,6973,178,804,2271,4503,4211,6163,7228,5229,1286,1441,1665,1228,1150,660,1625,39642
LGA18020,0,0,3,0,0,0,0,0,0,0,0,0,0,0,0,3,0,0,0,4,0,3,0,0,4,0,0,0,0,0,0,11,0,0,3,0,0,0,0,0,0,0,0,0,0,0,0,3,0,0,0,0,0,0,0,0,0,0,0,0,0,0,0,0,0,0,0,0,0,0,0,0,0,0,0,0,0,0,0,0,0,0,0,0,0,0,0,0,0,0,0,0,0,0,0,0,6,24,38,63,31,7,14,3,4,3,0,0,3,3,7,206,0,0,0,0,0,0,3,6,0,0,0,3,0,0,4,16,0,0,0,0,0,3,0,0,0,0,0,0,0,0,0,3,0,5,14,18,7,9,10,5,0,0,0,0,0,0,4,72,9,49,84,123,63,39,48,49,8,3,8,7,3,6,26,525
LGA18050,0,0,20,31,38,26,24,16,4,3,9,3,10,0,6,190,0,3,4,30,202,633,953,450,42,69,96,64,60,28,65,2699,4,3,5,27,10,5,6,3,0,0,0,0,0,0,0,63,0,3,0,4,17,16,7,0,0,0,0,0,0,0,3,50,0,0,0,3,9,22,38,40,10,12,13,10,10,4,7,178,0,0,8,6,15,9,13,7,3,5,0,3,4,0,3,76,15,96,168,418,408,434,668,836,227,260,304,343,382,213,202,4974,0,3,3,28,59,75,118,113,31,51,47,86,90,41,28,773,0,0,0,0,29,23,11,4,0,0,0,0,3,3,4,77,37,221,522,421,1028,882,934,677,228,254,264,332,339,200,274,6613,141,535,1306,1688,2512,3228,3858,3116,833,1004,1183,1330,1437,847,985,24003
LGA18100,0,0,0,0,0,0,0,0,0,0,0,0,0,0,0,0,0,0,0,0,0,0,0,0,0,0,0,0,0,0,0,0,0,0,0,0,0,0,0,0,0,0,0,0,0,0,0,0,0,0,0,0,0,0,0,4,0,0,0,0,0,0,0,4,0,0,0,0,0,0,0,0,0,0,0,0,0,0,0,0,0,0,0,0,0,0,0,0,0,0,0,0,0,0,0,0,4,9,19,27,7,0,7,0,0,0,0,3,0,0,3,79,0,0,0,3,0,3,0,0,3,0,0,0,0,0,0,9,0,0,0,0,0,0,0,0,0,0,0,0,0,0,0,0,0,3,3,4,0,0,0,0,0,0,0,0,0,0,0,10,4,17,45,41,25,12,10,8,7,0,0,3,0,0,10,182
LGA18150,0,0,0,0,0,0,0,0,0,0,0,0,0,0,0,0,0,3,0,3,3,4,3,4,0,3,0,0,0,0,3,26,0,0,0,0,0,0,0,0,0,0,0,0,0,0,0,0,0,0,0,0,0,0,0,0,3,0,0,0,0,3,0,6,0,0,0,0,0,0,0,0,0,3,0,0,0,0,0,3,0,0,0,0,0,0,0,0,0,0,0,0,0,0,0,0,3,12,25,40,17,5,3,4,0,0,0,0,0,0,13,122,0,0,0,3,3,0,0,0,0,0,0,0,0,0,3,9,0,0,0,0,0,0,3,0,0,0,0,0,0,0,7,10,3,3,11,16,10,5,6,3,3,0,0,0,0,0,28,88,6,31,67,80,50,60,33,28,9,6,0,3,0,3,90,466
LGA18200,0,0,0,0,0,0,0,0,0,0,0,0,0,0,0,0,0,0,0,0,0,0,5,0,0,0,0,0,0,0,0,5,0,0,0,0,0,0,0,0,0,0,0,0,0,0,0,0,0,0,0,0,0,0,0,0,0,0,0,0,0,0,0,0,0,0,0,0,0,0,0,0,0,0,0,0,0,0,0,0,0,0,0,0,0,3,0,0,0,0,0,0,0,0,0,3,3,7,15,33,19,12,8,5,3,0,8,0,0,3,3,119,0,0,0,0,3,3,0,5,0,0,3,0,0,0,0,14,0,0,0,0,0,0,0,0,0,0,0,0,0,0,4,4,0,3,5,0,4,0,11,0,0,0,4,3,0,0,0,30,3,20,76,65,39,41,32,15,6,3,18,6,0,3,23,350
LGA18250,0,0,4,15,55,83,60,72,23,18,22,23,15,15,24,429,0,0,11,29,82,151,133,106,20,17,46,14,31,20,19,679,0,0,5,6,10,8,22,4,0,0,0,0,0,0,3,58,0,0,9,4,32,21,38,12,3,0,6,5,13,3,4,150,0,0,0,3,13,54,62,74,27,22,34,24,16,9,18,356,0,0,0,15,40,13,3,9,3,0,6,0,0,0,10,99,21,85,212,441,416,461,486,411,104,98,133,85,134,78,136,3301,4,4,5,29,66,82,84,86,26,27,15,24,55,39,23,569,0,0,0,0,102,65,24,16,0,8,3,8,7,0,6,239,25,115,210,317,494,759,820,477,149,208,226,201,220,102,155,4478,115,369,1051,1915,2571,4726,5433,3826,1039,1189,1555,1253,1530,828,1152,28552
LGA18350,0,0,3,4,7,5,0,4,3,3,0,4,0,0,0,33,0,3,10,9,35,29,44,26,15,4,4,0,3,0,9,191,0,3,8,14,4,0,0,0,0,0,0,0,0,0,0,29,0,0,3,6,3,4,0,0,0,0,0,0,0,0,0,16,0,0,0,0,3,5,5,4,0,0,3,3,0,0,3,26,0,0,0,3,3,0,0,0,0,0,0,0,0,0,3,9,45,121,427,1004,578,290,185,153,26,16,17,34,16,18,177,3107,0,0,5,29,42,16,44,23,7,4,3,6,3,0,16,198,0,0,0,0,0,4,0,5,0,3,0,0,0,0,12,24,4,50,103,147,167,86,78,51,16,9,10,16,8,5,42,792,69,314,945,1638,1190,761,556,381,101,77,67,108,66,56,409,6738
LGA18400,0,0,0,7,4,3,3,3,3,4,0,0,0,0,0,27,0,0,3,4,23,14,31,11,4,3,10,3,3,0,3,112,0,0,3,29,5,0,0,0,0,0,0,0,0,0,0,37,0,0,0,0,0,4,4,0,0,0,0,4,0,0,4,16,0,0,0,0,0,3,8,3,3,0,0,6,3,0,0,26,0,0,0,0,4,0,3,0,0,0,0,0,0,0,0,7,9,64,266,742,504,285,169,74,19,22,26,4,0,3,101,2288,0,0,4,11,13,13,23,14,5,5,0,4,3,0,3,98,0,0,0,0,7,7,3,0,3,0,0,0,0,3,3,26,3,87,81,147,156,98,59,32,0,0,7,9,5,4,33,721,18,238,724,1355,1026,719,498,231,71,50,75,56,45,20,246,5372
LGA18450,3,6,4,7,21,7,13,22,3,3,5,6,8,4,0,112,0,3,3,28,65,82,112,105,23,10,22,23,7,4,15,502,0,12,65,176,106,19,80,24,3,0,0,3,0,0,19,507,0,3,3,14,21,37,44,11,5,20,20,13,23,9,4,227,0,0,0,0,16,35,61,80,27,24,51,67,40,44,34,479,0,3,0,34,302,114,69,20,5,3,6,12,5,4,16,593,154,373,1621,3732,1788,953,564,411,112,112,93,98,68,44,483,10606,0,3,3,29,85,74,102,83,30,32,24,28,33,35,23,584,0,0,0,0,195,202,91,34,5,22,25,18,42,23,22,679,13,221,577,1040,1520,802,652,445,172,245,251,317,475,216,306,7252,226,1172,5786,8934,6767,4202,3858,2465,686,898,1205,1532,1539,815,1851,41936
LGA18500,3,0,6,17,21,44,37,25,9,3,10,13,6,7,11,212,3,3,5,48,220,543,548,264,43,61,56,78,39,28,40,1979,0,3,7,6,5,3,18,0,0,0,4,0,0,0,4,50,0,0,0,10,15,19,4,0,0,0,3,3,4,0,0,58,0,0,0,8,6,15,23,15,11,0,9,0,4,0,6,97,0,0,0,0,11,9,0,11,5,0,4,0,5,0,4,49,45,133,201,396,414,386,495,527,140,174,186,197,220,129,176,3819,4,7,16,29,60,84,130,145,31,38,61,43,71,42,34,795,0,0,0,0,12,6,10,3,0,0,3,4,0,3,4,45,59,358,435,267,475,416,418,312,95,119,116,117,105,86,109,3487,241,800,1175,1337,1841,2430,2482,1864,512,557,672,699,760,494,650,16514
LGA18550,0,0,3,8,13,10,3,3,3,0,3,3,0,0,3,52,0,3,7,34,71,80,72,54,10,3,20,12,9,5,9,389,0,9,19,23,15,8,9,3,0,0,0,0,0,0,0,86,0,0,0,14,8,7,4,3,0,0,3,0,0,0,3,42,0,0,0,3,3,21,17,32,6,15,9,7,5,3,10,131,0,0,0,12,6,4,8,3,0,0,0,4,0,3,0,40,99,347,982,2290,1246,814,503,324,105,69,50,65,66,19,404,7383,0,3,8,37,47,48,79,61,9,8,5,11,11,3,12,342,0,0,0,3,13,22,15,0,0,3,5,0,0,3,9,73,13,108,183,361,460,303,249,129,26,20,50,49,27,21,76,2075,164,767,2210,3904,2939,2581,1988,1119,292,251,286,255,254,136,898,18044
LGA18710,0,0,0,3,3,3,3,0,0,0,0,0,0,0,0,12,0,0,0,3,3,3,0,4,0,3,0,9,3,0,4,32,0,3,0,7,0,0,3,0,0,0,0,0,0,0,0,13,0,0,0,0,3,3,0,0,0,0,3,0,3,0,0,12,0,0,0,0,0,0,0,0,3,0,0,0,0,0,0,3,0,0,0,0,0,0,0,0,0,0,0,0,0,0,0,0,3,28,89,163,138,72,53,41,6,17,5,3,0,0,40,658,0,0,3,9,17,9,12,11,3,0,3,3,0,0,0,70,0,0,0,0,3,6,3,0,0,0,0,8,0,0,0,20,0,6,19,39,43,21,20,28,0,0,3,3,8,0,14,204,3,60,182,314,295,207,173,125,21,30,38,35,23,9,87,1602
LGA18750,0,0,0,0,0,0,0,0,0,0,0,5,0,0,0,5,0,0,0,0,0,0,0,0,0,0,0,0,0,0,0,0,0,0,3,6,0,0,0,0,0,5,0,0,0,0,3,17,0,0,0,0,0,3,0,0,0,0,0,0,0,0,0,3,0,0,0,0,0,0,0,3,0,0,0,0,0,0,0,3,0,0,0,0,0,0,0,0,0,0,0,0,0,0,0,0,3,23,42,72,30,10,4,13,0,0,4,0,5,0,10,216,0,0,6,6,0,0,7,0,0,0,0,0,0,0,0,19,0,0,0,0,0,4,0,0,0,0,0,0,0,0,0,4,0,6,3,14,15,17,3,6,3,4,0,0,3,5,6,85,10,39,106,127,78,87,72,64,9,9,16,11,20,9,41,698
LGA19399,0,0,0,0,0,0,0,0,0,0,0,0,0,0,0,0,0,0,0,0,3,3,0,0,0,0,0,0,0,0,0,6,0,0,0,3,0,0,0,0,0,0,0,0,0,0,0,3,0,0,0,0,0,0,0,0,0,0,0,0,0,0,0,0,0,0,0,0,0,0,0,0,0,0,0,0,0,0,0,0,0,0,0,0,0,0,0,0,0,0,0,0,0,0,0,0,0,4,0,13,5,8,0,0,0,0,0,0,0,0,0,30,0,0,0,0,0,0,0,0,0,0,0,3,0,0,0,3,0,0,0,0,0,0,0,0,0,0,0,0,0,0,0,0,0,0,4,3,0,3,3,4,0,0,0,0,0,0,3,20,0,10,13,31,13,23,16,4,0,3,0,6,4,0,13,136
LGA19499,0,0,0,0,3,0,3,3,0,0,3,0,3,7,3,25,0,0,0,0,5,18,3,8,0,0,3,0,0,15,13,65,0,0,0,4,0,0,0,0,0,0,0,0,0,0,4,8,0,0,0,0,0,6,0,0,0,0,0,5,0,0,0,11,0,0,0,0,0,0,4,4,3,3,6,0,0,4,0,24,0,0,0,3,5,6,5,4,0,0,0,0,0,0,6,29,4,15,56,130,83,55,29,22,8,7,21,13,42,126,78,689,0,0,0,0,6,6,13,7,7,3,8,3,10,29,11,103,0,0,0,0,6,22,10,4,5,3,7,0,7,3,17,84,0,8,6,18,50,61,64,56,13,16,25,36,50,84,118,605,7,42,122,246,257,334,280,240,64,91,135,140,218,461,483,3120
