region_id,SEO_Males,SEO_Females,SEO_Persons,SOL_Arabic_M,SOL_Arabic_F,SOL_Arabic_P,SOL_Assyrian_M,SOL_Assyrian_F,SOL_Assyrian_P,SOL_Aus_Indig_Lang_M,SOL_Aus_Indig_Lang_F,SOL_Aus_Indig_Lang_P,SOL_Chin_lang_Cant_M,SOL_Chin_lang_Cant_F,SOL_Chin_lang_Cant_P,SOL_Chin_lang_Mand_M,SOL_Chin_lang_Mand_F,SOL_Chin_lang_Mand_P,SOL_Chin_lang_Other_M,SOL_Chin_lang_Other_F,SOL_Chin_lang_Other_P,SOL_Chin_lang_Tot_M,SOL_Chin_lang_Tot_F,SOL_Chin_lang_Tot_P,SOL_Croatian_M,SOL_Croatian_F,SOL_Croatian_P,SOL_Dutch_M,SOL_Dutch_F,SOL_Dutch_P,SOL_French_M,SOL_French_F,SOL_French_P,SOL_German_M,SOL_German_F,SOL_German_P,SOL_Greek_M,SOL_Greek_F,SOL_Greek_P,SOL_Hungarian_M,SOL_Hungarian_F,SOL_Hungarian_P,SOL_In_Ar_Lang_Beng_M,SOL_In_Ar_Lang_Beng_F,SOL_In_Ar_Lang_Beng_P,SOL_In_Ar_Lang_Hind_M,SOL_In_Ar_Lang_Hind_F,SOL_In_Ar_Lang_Hind_P,SOL_In_Ar_Lang_Punj_M,SOL_In_Ar_Lang_Punj_F,SOL_In_Ar_Lang_Punj_P,SOL_In_Ar_Lang_Sinh_M,SOL_In_Ar_Lang_Sinh_F,SOL_In_Ar_Lang_Sinh_P,SOL_In_Ar_Lang_Urdu_M,SOL_In_Ar_Lang_Urdu_F,SOL_In_Ar_Lang_Urdu_P,SOL_In_Ar_Lang_Othr_M,SOL_In_Ar_Lang_Othr_F,SOL_In_Ar_Lang_Othr_P,SOL_In_Ar_Lang_Tot_M,SOL_In_Ar_Lang_Tot_F,SOL_In_Ar_Lang_Tot_P,SOL_Ir_Lang_Dari_M,SOL_Ir_Lang_Dari_F,SOL_Ir_Lang_Dari_P,SOL_Ir_La_Pe_excl_Da_M,SOL_Ir_La_Pe_excl_Da_F,SOL_Ir_La_Pe_excl_Da_P,SOL_Irani_Lan_Othr_M,SOL_Irani_Lan_Othr_F,SOL_Irani_Lan_Othr_P,SOL_Iran_Lan_Tot_M,SOL_Iran_Lan_Tot_F,SOL_Iran_Lan_Tot_P,SOL_Italian_M,SOL_Italian_F,SOL_Italian_P,SOL_Japanese_M,SOL_Japanese_F,SOL_Japanese_P,SOL_Khmer_M,SOL_Khmer_F,SOL_Khmer_P,SOL_Korean_M,SOL_Korean_F,SOL_Korean_P,SOL_Macedonian_M,SOL_Macedonian_F,SOL_Macedonian_P,SOL_Maltese_M,SOL_Maltese_F,SOL_Maltese_P,SOL_Polish_M,SOL_Polish_F,SOL_Polish_P,SOL_Portuguese_M,SOL_Portuguese_F,SOL_Portuguese_P,SOL_Russian_M,SOL_Russian_F,SOL_Russian_P,SOL_Samoan_M,SOL_Samoan_F,SOL_Samoan_P,SOL_Serbian_M,SOL_Serbian_F,SOL_Serbian_P,SOL_Se_As_A_L_Filipino_M,SOL_Se_As_A_L_Filipino_F,SOL_Se_As_A_L_Filipino_P,SOL_Se_As_A_L_Indon_M,SOL_Se_As_A_L_Indon_F,SOL_Se_As_A_L_Indon_P,SOL_Se_As_A_L_Tagal_M,SOL_Se_As_A_L_Tagal_F,SOL_Se_As_A_L_Tagal_P,SOL_Se_As_A_L_Othr_M,SOL_Se_As_A_L_Othr_F,SOL_Se_As_A_L_Othr_P,SOL_Se_As_A_L_Tot_M,SOL_Se_As_A_L_Tot_F,SOL_Se_As_A_L_Tot_P,SOL_Spanish_M,SOL_Spanish_F,SOL_Spanish_P,SOL_Tamil_M,SOL_Tamil_F,SOL_Tamil_P,SOL_Thai_M,SOL_Thai_F,SOL_Thai_P,SOL_Turkish_M,SOL_Turkish_F,SOL_Turkish_P,SOL_Vietnamese_M,SOL_Vietnamese_F,SOL_Vietnamese_P,SOL_Other_M,SOL_Other_F,SOL_Other_P,SOL_Tot_M,SOL_Tot_F,SOL_Tot_P,Language_spoken_home_ns_M,Language_spoken_home_ns_F,Language_spoken_home_ns_P,Total_M,Total_F,Total_P
LGA10050,20742,22457,43199,53,32,85,0,0,0,5,5,10,27,25,52,32,30,62,3,4,7,62,59,121,27,24,51,27,32,59,25,32,57,59,83,142,83,88,171,9,7,16,56,36,92,60,52,112,50,33,83,13,10,23,13,7,20,173,156,329,365,294,659,0,0,0,10,6,16,3,3,6,13,9,22,73,72,145,5,7,12,4,3,7,8,17,25,4,0,4,0,0,0,17,21,38,3,10,13,13,13,26,0,0,0,17,18,35,28,49,77,3,12,15,24,57,81,7,15,22,62,133,195,30,24,54,13,14,27,7,37,44,0,0,0,13,7,20,244,255,499,1241,1296,2537,1089,986,2075,23072,24739,47811
LGA10110,10113,11129,21242,123,79,202,0,0,0,3,4,7,30,32,62,77,73,150,46,48,94,153,153,306,0,0,0,8,13,21,18,29,47,50,51,101,15,9,24,3,3,6,29,34,63,17,15,32,8,6,14,13,10,23,10,10,20,21,17,38,98,92,190,4,0,4,19,16,35,10,4,14,33,20,53,8,19,27,17,27,44,0,0,0,5,6,11,0,0,0,3,0,3,4,4,8,0,0,0,9,9,18,0,6,6,0,3,3,5,14,19,21,19,40,3,12,15,4,8,12,33,53,86,7,22,29,3,8,11,19,19,38,0,0,0,32,21,53,141,121,262,785,771,1556,617,690,1307,11515,12590,24105
LGA10150,9958,10390,20348,378,324,702,5,4,9,4,0,4,825,1039,1864,1730,2010,3740,181,214,395,2736,3263,5999,81,91,172,12,18,30,75,71,146,44,65,109,445,482,927,33,35,68,173,105,278,246,213,459,40,18,58,15,19,34,13,18,31,934,677,1611,1421,1050,2471,4,0,4,33,21,54,4,5,9,41,26,67,1298,1507,2805,60,107,167,11,7,18,207,303,510,4,6,10,17,21,38,117,147,264,105,127,232,44,70,114,13,10,23,54,50,104,96,162,258,78,108,186,159,252,411,14,18,32,347,540,887,304,309,613,94,82,176,97,175,272,86,73,159,141,175,316,449,444,893,8723,9582,18305,1352,1210,2562,20033,21182,41215
LGA10200,7922,7203,15125,4028,3835,7863,27,19,46,0,0,0,3495,3808,7303,3299,3496,6795,426,447,873,7220,7751,14971,339,319,658,9,7,16,48,51,99,39,35,74,231,235,466,18,25,43,311,197,508,539,484,1023,414,279,693,66,60,126,980,695,1675,1075,775,1850,3385,2490,5875,516,405,921,835,534,1369,114,87,201,1465,1026,2491,294,292,586,43,47,90,12,16,28,1791,1924,3715,42,33,75,30,36,66,64,81,145,49,42,91,162,181,343,76,108,184,54,67,121,197,270,467,225,242,467,337,453,790,29,47,76,788,1012,1800,260,289,549,804,811,1615,61,115,176,2458,2449,4907,910,1004,1914,1677,1692,3369,26384,25992,52376,3918,2318,6236,38224,35513,73737
LGA10250,17534,19011,36545,7,0,7,0,0,0,14,8,22,24,24,48,17,23,40,3,5,8,44,52,96,13,14,27,38,48,86,22,29,51,53,66,119,17,14,31,7,13,20,0,0,0,4,5,9,8,5,13,5,0,5,3,4,7,6,5,11,26,19,45,0,0,0,6,13,19,0,0,0,6,13,19,65,83,148,34,36,70,0,0,0,7,3,10,0,0,0,9,9,18,11,4,15,14,16,30,0,4,4,0,3,3,5,0,5,8,18,26,4,10,14,5,22,27,0,3,3,17,53,70,33,40,73,9,3,12,22,34,56,0,0,0,16,18,34,100,114,214,589,696,1285,718,723,1441,18841,20430,39271
LGA10300,992,947,1939,3,5,8,0,0,0,0,0,0,0,5,5,3,6,9,0,0,0,3,11,14,0,0,0,0,0,0,0,4,4,0,0,0,0,3,3,0,0,0,0,0,0,3,0,3,0,0,0,0,0,0,0,0,0,0,0,0,3,0,3,0,0,0,0,0,0,3,0,3,3,0,3,51,50,101,0,0,0,0,0,0,0,3,3,0,0,0,3,0,3,3,0,3,0,0,0,0,0,0,0,0,0,0,0,0,0,0,0,0,0,0,0,0,0,0,0,0,0,0,0,0,0,0,0,0,0,0,4,4,0,0,0,3,0,3,9,15,24,81,95,176,103,66,169,1176,1108,2284
LGA10350,35691,36735,72426,19475,19165,38640,122,122,244,5,0,5,2790,3056,5846,1959,2190,4149,244,293,537,4993,5539,10532,340,354,694,46,60,106,221,265,486,161,219,380,3201,3364,6565,69,96,165,417,390,807,574,664,1238,210,179,389,72,80,152,806,691,1497,236,201,437,2315,2205,4520,83,65,148,186,146,332,89,92,181,358,303,661,1467,1574,3041,57,91,148,71,85,156,622,687,1309,1659,1610,3269,128,151,279,283,376,659,223,240,463,110,147,257,416,497,913,195,198,393,167,252,419,510,596,1106,340,486,826,45,64,109,1062,1398,2460,650,726,1376,107,120,227,115,192,307,331,328,659,7988,8606,16594,2096,2188,4284,48886,50906,99792,5351,4783,10134,89928,92424,182352
LGA10470,17152,17731,34883,64,36,100,0,0,0,8,4,12,38,29,67,46,45,91,5,4,9,89,78,167,12,7,19,25,22,47,18,23,41,43,41,84,16,20,36,3,6,9,14,11,25,20,22,42,0,3,3,5,9,14,6,7,13,7,4,11,52,56,108,4,0,4,3,11,14,7,9,16,14,20,34,30,31,61,13,16,29,5,4,9,4,8,12,4,0,4,7,8,15,0,8,8,0,3,3,9,12,21,5,0,5,15,11,26,8,13,21,0,7,7,10,20,30,0,5,5,18,45,63,19,17,36,8,9,17,5,13,18,8,6,14,18,19,37,122,104,226,634,627,1261,1540,833,2373,19326,19191,38517
LGA10550,14608,15137,29745,6,3,9,0,0,0,3,4,7,14,10,24,8,3,11,3,4,7,25,17,42,5,11,16,44,58,102,22,26,48,80,99,179,21,17,38,11,13,24,0,0,0,3,0,3,0,0,0,0,0,0,0,0,0,0,3,3,3,3,6,0,0,0,0,3,3,0,0,0,0,3,3,46,27,73,12,15,27,0,0,0,3,3,6,0,3,3,6,5,11,13,12,25,4,0,4,5,5,10,3,3,6,4,5,9,4,12,16,0,7,7,7,21,28,3,4,7,14,44,58,20,18,38,0,4,4,0,14,14,0,0,0,10,13,23,63,67,130,423,492,915,653,637,1290,15684,16266,31950
LGA10600,5703,6074,11777,3,5,8,0,0,0,4,3,7,10,8,18,0,0,0,0,3,3,10,11,21,4,0,4,23,24,47,13,19,32,31,51,82,0,0,0,0,5,5,3,0,3,0,0,0,0,0,0,0,0,0,0,0,0,3,0,3,6,0,6,0,0,0,0,0,0,0,0,0,0,0,0,6,5,11,5,10,15,3,0,3,0,0,0,0,0,0,0,0,0,0,6,6,3,0,3,0,0,0,0,0,0,0,0,0,3,0,3,7,9,16,0,7,7,0,0,0,10,16,26,23,13,36,0,0,0,3,5,8,0,0,0,4,0,4,32,38,70,183,211,394,190,157,347,6076,6442,12518
LGA10650,3732,3802,7534,6,3,9,0,0,0,0,0,0,9,4,13,0,3,3,0,0,0,9,7,16,0,0,0,5,8,13,5,3,8,7,14,21,3,3,6,0,0,0,0,0,0,4,0,4,0,0,0,0,0,0,0,0,0,0,0,0,4,0,4,0,0,0,0,0,0,0,0,0,0,0,0,19,10,29,0,0,0,4,4,8,4,0,4,0,0,0,0,0,0,0,3,3,0,0,0,0,0,0,0,0,0,0,0,0,0,3,3,0,0,0,4,3,7,0,3,3,4,9,13,0,0,0,0,3,3,0,0,0,0,0,0,0,0,0,23,20,43,93,87,180,175,175,350,4000,4064,8064
LGA10750,88259,88809,177068,4903,4834,9737,506,481,987,22,28,50,1546,1672,3218,1291,1494,2785,142,162,304,2979,3328,6307,812,849,1661,122,165,287,337,419,756,307,401,708,1057,1047,2104,267,334,601,1071,1017,2088,5308,5452,10760,3851,3124,6975,840,818,1658,1792,1724,3516,1744,1616,3360,14606,13751,28357,774,766,1540,728,752,1480,392,388,780,1894,1906,3800,1122,1218,2340,57,95,152,43,66,109,696,742,1438,146,157,303,1341,1389,2730,576,734,1310,207,233,440,245,305,550,1705,1820,3525,525,489,1014,2952,3397,6349,677,773,1450,5499,6471,11970,212,260,472,9340,10901,20241,1377,1655,3032,1608,1588,3196,139,284,423,1137,1155,2292,528,647,1175,5618,5940,11558,54222,56961,111183,7065,5783,12848,149546,151553,301099
LGA10800,2794,2844,5638,0,0,0,0,0,0,0,6,6,8,5,13,0,3,3,3,0,3,11,8,19,0,0,0,4,0,4,0,0,0,4,0,4,0,5,5,0,0,0,0,0,0,0,0,0,0,0,0,0,0,0,0,0,0,0,0,0,0,0,0,0,0,0,0,0,0,0,0,0,0,0,0,6,3,9,0,0,0,0,0,0,0,0,0,0,0,0,0,0,0,0,0,0,0,0,0,0,0,0,0,0,0,0,0,0,0,6,6,0,0,0,0,0,0,0,0,0,0,6,6,0,0,0,0,0,0,0,0,0,0,0,0,0,0,0,10,7,17,35,35,70,90,66,156,2919,2945,5864
LGA10850,3254,3293,6547,4,8,12,0,0,0,3,0,3,3,3,6,0,4,4,0,0,0,3,7,10,0,0,0,3,6,9,3,3,6,3,3,6,3,4,7,0,0,0,4,0,4,0,0,0,0,0,0,0,0,0,4,0,4,0,0,0,8,0,8,0,0,0,0,0,0,0,0,0,0,0,0,4,0,4,3,0,3,0,0,0,0,0,0,0,0,0,3,3,6,3,3,6,0,0,0,0,0,0,0,0,0,0,0,0,4,6,10,0,0,0,0,0,0,0,0,0,4,6,10,3,5,8,3,0,3,3,5,8,0,0,0,0,0,0,3,8,11,59,61,120,177,141,318,3490,3495,6985
LGA10900,33180,35421,68601,51,52,103,6,9,15,7,7,14,46,74,120,51,76,127,11,14,25,108,164,272,33,41,74,92,117,209,90,112,202,203,239,442,114,109,223,59,60,119,3,7,10,26,26,52,3,4,7,3,3,6,5,7,12,6,5,11,46,52,98,0,0,0,7,7,14,0,3,3,7,10,17,118,125,243,41,77,118,10,15,25,21,34,55,0,0,0,15,22,37,82,89,171,24,24,48,62,71,133,4,10,14,16,10,26,9,21,30,7,21,28,17,52,69,3,18,21,36,112,148,144,174,318,5,0,5,22,52,74,6,7,13,25,36,61,284,302,586,1731,2132,3863,1799,1679,3478,36710,39232,75942
LGA10950,1346,1310,2656,0,0,0,0,0,0,0,0,0,3,3,6,3,3,6,0,0,0,6,6,12,0,0,0,0,0,0,0,0,0,0,3,3,0,0,0,0,0,0,0,0,0,0,0,0,0,0,0,0,0,0,7,3,10,5,0,5,12,3,15,0,0,0,0,0,0,0,0,0,0,0,0,0,4,4,0,0,0,0,0,0,0,0,0,0,0,0,0,0,0,0,0,0,0,0,0,0,0,0,0,0,0,0,0,0,0,0,0,7,6,13,0,0,0,0,0,0,7,6,13,0,0,0,0,0,0,0,0,0,0,0,0,0,0,0,8,3,11,33,25,58,99,86,185,1478,1421,2899
LGA11000,1152,1139,2291,0,0,0,0,0,0,0,0,0,0,3,3,0,0,0,3,0,3,3,3,6,0,0,0,0,0,0,4,0,4,6,4,10,3,3,6,0,0,0,0,0,0,0,3,3,0,0,0,0,0,0,0,0,0,0,0,0,0,3,3,0,0,0,0,0,0,0,0,0,0,0,0,0,0,0,0,0,0,0,0,0,0,0,0,0,0,0,0,0,0,0,0,0,0,0,0,0,7,7,0,0,0,0,0,0,0,0,0,0,0,0,0,3,3,0,0,0,0,3,3,0,0,0,0,0,0,0,0,0,0,0,0,0,0,0,8,0,8,24,23,47,42,30,72,1218,1192,2410
LGA11050,1151,1145,2296,0,0,0,0,0,0,0,0,0,4,4,8,0,0,0,0,0,0,4,4,8,0,0,0,0,0,0,0,5,5,5,0,5,0,0,0,0,0,0,0,0,0,0,0,0,0,0,0,0,0,0,0,0,0,0,0,0,0,0,0,0,0,0,0,0,0,0,0,0,0,0,0,0,0,0,0,0,0,0,0,0,0,0,0,0,0,0,0,0,0,0,0,0,0,0,0,0,5,5,0,0,0,0,0,0,0,0,0,0,0,0,0,0,0,0,0,0,0,0,0,0,0,0,0,0,0,0,0,0,0,0,0,0,0,0,6,5,11,15,19,34,38,31,69,1204,1195,2399
LGA11100,10008,9767,19775,378,444,822,211,196,407,0,0,0,539,627,1166,545,638,1183,96,95,191,1180,1360,2540,145,155,300,15,11,26,68,75,143,49,52,101,1091,1188,2279,34,52,86,791,630,1421,189,180,369,35,38,73,50,55,105,70,53,123,86,74,160,1221,1030,2251,19,19,38,62,63,125,3,3,6,84,85,169,332,353,685,42,65,107,11,20,31,59,75,134,54,60,114,84,97,181,58,66,124,144,158,302,222,286,508,25,17,42,122,132,254,114,153,267,603,645,1248,183,251,434,98,82,180,998,1131,2129,582,662,1244,46,41,87,62,144,206,427,421,848,89,107,196,518,523,1041,8351,9006,17357,1134,1090,2224,19493,19863,39356
LGA11150,1218,1197,2415,3,0,3,0,0,0,0,3,3,3,0,3,3,0,3,0,0,0,6,0,6,0,0,0,0,0,0,3,3,6,0,3,3,0,0,0,0,0,0,0,0,0,0,3,3,0,0,0,0,0,0,3,0,3,0,0,0,3,3,6,0,0,0,0,0,0,0,0,0,0,0,0,0,0,0,0,0,0,0,0,0,0,0,0,0,0,0,0,0,0,0,0,0,0,0,0,0,0,0,0,0,0,0,0,0,0,0,0,3,0,3,0,3,3,0,0,0,3,3,6,0,4,4,0,0,0,0,4,4,0,0,0,0,0,0,0,5,5,18,28,46,224,184,408,1460,1409,2869
LGA11200,808,817,1625,3,3,6,0,0,0,3,4,7,0,0,0,0,0,0,0,0,0,0,0,0,0,0,0,0,0,0,0,0,0,0,3,3,0,0,0,0,0,0,0,0,0,0,0,0,0,0,0,3,0,3,0,0,0,0,0,0,3,0,3,0,0,0,0,0,0,0,0,0,0,0,0,0,4,4,0,0,0,0,0,0,0,0,0,0,0,0,0,0,0,0,0,0,0,0,0,0,0,0,0,0,0,0,0,0,0,0,0,0,0,0,0,0,0,3,0,3,3,0,3,0,0,0,0,0,0,0,0,0,3,0,3,0,0,0,3,4,7,18,18,36,59,48,107,885,883,1768
LGA11250,8216,8701,16917,3,0,3,0,0,0,10,12,22,7,5,12,6,10,16,0,0,0,13,15,28,5,5,10,5,0,5,3,0,3,5,9,14,19,17,36,0,0,0,3,0,3,6,10,16,0,3,3,7,6,13,0,0,0,4,0,4,20,19,39,0,0,0,0,0,0,3,0,3,3,0,3,37,37,74,0,0,0,0,0,0,0,3,3,0,0,0,8,12,20,0,0,0,3,0,3,0,0,0,0,0,0,4,0,4,5,15,20,0,0,0,3,3,6,4,5,9,12,23,35,9,4,13,5,5,10,0,7,7,3,0,3,4,3,7,39,34,73,210,205,415,593,593,1186,9019,9499,18518
LGA11300,5761,5845,11606,709,704,1413,33,32,65,0,0,0,1296,1561,2857,1790,2336,4126,253,271,524,3339,4168,7507,143,134,277,4,5,9,50,46,96,24,31,55,497,517,1014,13,20,33,89,39,128,249,184,433,71,36,107,28,25,53,49,31,80,788,411,1199,1274,726,2000,0,0,0,17,17,34,3,0,3,20,17,37,846,991,1837,25,42,67,8,9,17,685,772,1457,12,16,28,14,19,33,63,91,154,60,55,115,62,117,179,11,15,26,24,35,59,37,54,91,80,87,167,55,117,172,7,12,19,179,270,449,162,148,310,146,142,288,44,87,131,36,42,78,165,219,384,579,488,1067,9227,9958,19185,922,709,1631,15910,16512,32422
LGA11350,12577,13207,25784,16,13,29,0,3,3,4,3,7,12,10,22,12,13,25,3,3,6,27,26,53,4,7,11,35,45,80,92,113,205,145,180,325,26,29,55,0,5,5,0,0,0,3,0,3,24,25,49,3,0,3,0,0,0,4,0,4,34,25,59,0,0,0,3,3,6,0,0,0,3,3,6,85,70,155,39,74,113,3,3,6,5,4,9,3,4,7,0,4,4,9,12,21,30,30,60,8,11,19,0,3,3,4,0,4,4,10,14,16,15,31,6,12,18,4,3,7,30,40,70,60,71,131,0,0,0,14,14,28,0,0,0,13,14,27,167,183,350,856,989,1845,853,727,1580,14286,14923,29209
LGA11400,6148,6111,12259,6,0,6,0,0,0,3,0,3,4,3,7,0,0,0,0,3,3,4,6,10,3,6,9,0,5,5,10,9,19,20,21,41,0,0,0,3,0,3,0,0,0,0,0,0,0,4,4,0,0,0,0,0,0,0,0,0,0,4,4,0,0,0,3,0,3,0,0,0,3,0,3,9,10,19,3,3,6,0,3,3,0,0,0,0,0,0,0,0,0,0,0,0,0,0,0,4,5,9,3,0,3,5,4,9,0,3,3,0,0,0,0,7,7,0,0,0,0,10,10,0,0,0,0,3,3,4,3,7,0,0,0,3,0,3,20,32,52,103,124,227,154,181,335,6405,6416,12821
LGA11450,24020,24953,48973,245,226,471,40,24,64,0,0,0,169,157,326,68,83,151,10,5,15,247,245,492,107,116,223,24,24,48,45,54,99,63,89,152,116,95,211,21,28,49,5,10,15,104,94,198,37,26,63,19,20,39,29,32,61,5,8,13,199,190,389,18,17,35,17,22,39,9,4,13,44,43,87,468,405,873,3,11,14,16,19,35,4,13,17,54,38,92,127,126,253,56,66,122,23,26,49,35,42,77,34,36,70,111,121,232,28,45,73,20,22,42,36,75,111,0,3,3,84,145,229,244,287,531,8,14,22,26,56,82,19,15,34,41,51,92,327,358,685,2831,2963,5794,1028,925,1953,27879,28841,56720
LGA11500,50010,51853,101863,2074,1930,4004,30,49,79,8,5,13,460,521,981,412,501,913,50,67,117,922,1089,2011,290,285,575,54,50,104,231,251,482,143,182,325,408,417,825,78,88,166,1313,1248,2561,1460,1584,3044,375,302,677,142,154,296,388,336,724,525,474,999,4203,4098,8301,85,86,171,118,99,217,22,31,53,225,216,441,428,408,836,15,37,52,219,277,496,46,63,109,151,183,334,87,99,186,273,290,563,101,99,200,125,183,308,1444,1603,3047,190,184,374,432,605,1037,228,273,501,877,1174,2051,85,116,201,1622,2168,3790,1220,1331,2551,210,218,428,118,229,347,79,60,139,423,475,898,2305,2490,4795,17722,19057,36779,3609,3718,7327,71341,74628,145969
LGA11520,21615,22571,44186,652,599,1251,36,40,76,3,3,6,1286,1516,2802,1751,2082,3833,234,224,458,3271,3822,7093,115,153,268,47,47,94,107,141,248,123,145,268,1029,1086,2115,46,55,101,56,26,82,322,267,589,48,34,82,34,27,61,53,42,95,244,165,409,757,561,1318,5,6,11,72,63,135,11,6,17,88,75,163,3125,3549,6674,67,120,187,9,17,26,1116,1266,2382,23,47,70,53,62,115,73,100,173,101,120,221,90,143,233,10,7,17,97,108,205,62,100,162,117,157,274,82,144,226,22,24,46,283,425,708,348,424,772,136,142,278,80,127,207,159,198,357,189,250,439,534,514,1048,12767,14346,27113,2423,2042,4465,36805,38959,75764
LGA11550,20581,20223,40804,9244,8931,18175,60,52,112,0,5,5,3540,3998,7538,3640,4056,7696,379,434,813,7559,8488,16047,174,177,351,17,29,46,198,193,391,94,103,197,6557,6854,13411,77,78,155,2785,2124,4909,755,763,1518,343,224,567,40,37,77,1312,931,2243,973,745,1718,6208,4824,11032,21,16,37,84,69,153,121,81,202,226,166,392,1856,2069,3925,81,113,194,34,33,67,1367,1494,2861,297,300,597,70,82,152,103,127,230,1036,991,2027,51,92,143,268,284,552,139,154,293,201,284,485,1148,1239,2387,488,683,1171,73,86,159,1910,2292,4202,714,726,1440,148,146,294,135,261,396,300,297,597,2413,2745,5158,2143,2208,4351,43479,44314,87793,4650,4206,8856,68710,68743,137453
LGA11600,1265,1139,2404,3,3,6,0,0,0,0,0,0,0,4,4,0,0,0,0,0,0,0,4,4,0,0,0,0,0,0,0,3,3,3,0,3,3,0,3,0,0,0,0,0,0,3,3,6,5,3,8,0,0,0,0,0,0,3,3,6,11,9,20,0,0,0,0,0,0,0,0,0,0,0,0,3,7,10,3,0,3,0,0,0,8,4,12,0,0,0,3,0,3,0,0,0,0,0,0,0,3,3,0,0,0,0,0,0,3,3,6,0,0,0,3,3,6,3,0,3,9,6,15,0,0,0,0,0,0,0,0,0,0,0,0,0,0,0,8,6,14,54,45,99,47,37,84,1366,1221,2587
LGA11700,923,872,1795,0,0,0,0,0,0,4,11,15,3,0,3,0,3,3,0,0,0,3,3,6,0,0,0,0,0,0,3,0,3,0,0,0,0,0,0,0,0,0,0,0,0,3,0,3,0,0,0,0,0,0,0,0,0,0,0,0,3,0,3,0,0,0,0,0,0,0,0,0,0,0,0,6,0,6,0,0,0,0,0,0,0,0,0,0,0,0,0,0,0,0,0,0,0,0,0,3,0,3,3,3,6,0,0,0,0,3,3,0,0,0,0,0,0,0,0,0,0,3,3,0,3,3,0,0,0,0,0,0,0,0,0,0,0,0,4,5,9,29,28,57,93,45,138,1045,945,1990
LGA11720,23263,24013,47276,11,9,20,0,0,0,3,3,6,23,23,46,16,15,31,0,4,4,39,42,81,7,6,13,17,21,38,25,17,42,31,47,78,13,10,23,3,0,3,7,4,11,7,9,16,5,4,9,3,3,6,11,9,20,3,3,6,36,32,68,0,0,0,3,0,3,3,0,3,6,0,6,22,18,40,3,8,11,0,0,0,0,0,0,0,3,3,8,9,17,14,22,36,0,0,0,5,12,17,0,0,0,3,3,6,7,21,28,3,8,11,8,39,47,3,4,7,21,72,93,25,11,36,4,3,7,10,27,37,4,0,4,9,10,19,99,79,178,418,464,882,1576,1107,2683,25257,25584,50841
LGA11730,22906,23757,46663,12,3,15,0,0,0,31,24,55,28,25,53,12,25,37,3,0,3,43,50,93,0,0,0,41,39,80,13,20,33,60,52,112,3,6,9,0,4,4,3,3,6,7,4,11,10,16,26,3,3,6,9,3,12,3,0,3,35,29,64,0,0,0,3,0,3,0,0,0,3,0,3,44,22,66,3,18,21,0,0,0,5,6,11,0,0,0,4,3,7,3,0,3,0,3,3,4,3,7,0,0,0,0,0,0,4,33,37,6,7,13,4,20,24,0,11,11,14,71,85,16,31,47,3,0,3,0,6,6,0,0,0,7,9,16,94,89,183,438,488,926,1172,906,2078,24516,25151,49667
LGA11750,2196,2024,4220,0,0,0,0,0,0,0,0,0,4,3,7,0,3,3,0,0,0,4,6,10,0,3,3,0,0,0,0,0,0,3,3,6,0,3,3,0,0,0,0,0,0,4,8,12,0,0,0,0,0,0,0,0,0,5,3,8,9,11,20,0,0,0,0,0,0,0,0,0,0,0,0,6,4,10,0,0,0,0,0,0,0,0,0,0,3,3,0,0,0,0,0,0,6,7,13,0,0,0,0,0,0,0,0,0,3,3,6,0,0,0,6,4,10,0,0,0,9,7,16,7,6,13,0,0,0,0,0,0,0,0,0,0,4,4,28,20,48,72,77,149,194,149,343,2462,2250,4712
LGA11800,29984,31782,61766,60,50,110,0,0,0,19,8,27,43,43,86,59,73,132,22,21,43,124,137,261,10,14,24,54,68,122,58,88,146,140,196,336,24,20,44,14,18,32,9,4,13,14,25,39,469,436,905,4,5,9,6,0,6,7,5,12,509,475,984,3,0,3,0,3,3,0,0,0,3,3,6,115,130,245,20,36,56,0,0,0,11,8,19,0,0,0,8,10,18,20,29,49,8,7,15,7,12,19,5,12,17,6,14,20,6,37,43,5,25,30,14,62,76,12,16,28,37,140,177,59,69,128,11,9,20,22,35,57,5,5,10,9,20,29,447,477,924,1805,2090,3895,1413,1340,2753,33202,35212,68414
LGA11860,781,703,1484,0,0,0,0,0,0,0,0,0,0,0,0,0,0,0,0,0,0,0,0,0,0,0,0,3,0,3,0,0,0,0,0,0,0,0,0,0,0,0,0,0,0,0,0,0,0,0,0,0,0,0,0,0,0,0,0,0,0,0,0,0,0,0,0,0,0,0,0,0,0,0,0,6,3,9,0,0,0,0,0,0,0,0,0,0,0,0,0,0,0,0,0,0,0,0,0,0,0,0,0,0,0,0,0,0,0,0,0,0,0,0,0,0,0,0,0,0,0,0,0,0,3,3,0,0,0,0,0,0,0,0,0,0,0,0,0,3,3,9,9,18,27,12,39,817,724,1541
LGA12000,1892,1980,3872,3,0,3,0,0,0,3,0,3,3,0,3,0,0,0,0,0,0,3,0,3,0,0,0,3,3,6,0,0,0,0,3,3,0,3,3,0,0,0,0,0,0,0,3,3,0,3,3,0,0,0,3,3,6,0,0,0,3,9,12,0,0,0,0,0,0,0,0,0,0,0,0,0,0,0,3,3,6,0,0,0,0,0,0,0,0,0,0,0,0,0,0,0,0,0,0,0,0,0,0,0,0,0,0,0,0,0,0,0,0,0,0,0,0,0,0,0,0,0,0,0,3,3,0,0,0,0,0,0,3,0,3,0,0,0,3,4,7,24,28,52,90,87,177,2006,2095,4101
LGA12050,4296,4379,8675,28,14,42,0,0,0,3,3,6,5,3,8,5,10,15,3,3,6,13,16,29,3,5,8,11,21,32,10,10,20,62,58,120,8,18,26,9,7,16,0,0,0,4,3,7,0,0,0,5,6,11,0,0,0,4,3,7,13,12,25,0,0,0,0,0,0,0,0,0,0,0,0,34,31,65,5,3,8,0,0,0,0,3,3,3,0,3,0,0,0,6,6,12,0,0,0,6,8,14,0,0,0,4,3,7,3,3,6,3,9,12,0,4,4,3,0,3,9,16,25,14,14,28,0,0,0,3,4,7,0,3,3,4,4,8,39,59,98,287,318,605,318,173,491,4901,4870,9771
LGA12150,1902,1876,3778,0,0,0,0,0,0,0,0,0,0,0,0,0,0,0,0,0,0,0,0,0,0,0,0,0,0,0,0,0,0,0,5,5,0,4,4,0,0,0,0,0,0,0,0,0,0,0,0,0,3,3,0,0,0,0,0,0,0,3,3,0,4,4,0,0,0,0,0,0,0,4,4,5,3,8,0,0,0,0,0,0,0,0,0,0,0,0,0,0,0,0,4,4,0,0,0,0,0,0,0,0,0,0,0,0,0,0,0,0,0,0,0,0,0,0,0,0,0,0,0,0,0,0,0,0,0,0,0,0,0,0,0,0,0,0,9,4,13,14,27,41,115,97,212,2031,2000,4031
LGA12200,3323,3561,6884,0,0,0,0,0,0,0,0,0,4,5,9,0,4,4,0,0,0,4,9,13,0,0,0,0,3,3,3,0,3,3,3,6,3,3,6,0,0,0,0,0,0,3,0,3,0,0,0,0,0,0,0,0,0,3,3,6,6,3,9,0,0,0,0,0,0,3,0,3,3,0,3,0,7,7,0,0,0,0,0,0,3,0,3,0,0,0,0,0,0,0,0,0,0,0,0,0,0,0,0,0,0,0,0,0,0,3,3,3,0,3,0,0,0,3,4,7,6,7,13,3,4,7,0,0,0,0,0,0,0,0,0,3,8,11,9,11,20,46,58,104,186,159,345,3555,3778,7333
LGA12300,5197,5228,10425,0,0,0,0,0,0,4,0,4,5,9,14,5,0,5,0,0,0,10,9,19,0,0,0,3,7,10,3,3,6,11,6,17,4,0,4,3,4,7,3,4,7,0,0,0,0,0,0,0,0,0,0,0,0,0,0,0,3,4,7,0,0,0,0,0,0,0,0,0,0,0,0,15,10,25,0,5,5,0,0,0,0,0,0,0,0,0,0,0,0,0,9,9,0,0,0,0,0,0,0,0,0,0,0,0,4,8,12,0,5,5,7,14,21,0,0,0,11,27,38,0,0,0,0,0,0,0,0,0,0,0,0,0,3,3,15,11,26,82,98,180,206,188,394,5485,5514,10999
LGA12350,5537,5622,11159,11,4,15,0,0,0,3,3,6,3,6,9,5,9,14,0,0,0,8,15,23,4,3,7,0,4,4,0,3,3,0,9,9,21,14,35,3,0,3,0,0,0,0,0,0,0,0,0,3,3,6,0,0,0,0,0,0,3,3,6,0,0,0,0,0,0,0,0,0,0,0,0,13,6,19,3,0,3,4,3,7,0,3,3,0,0,0,3,7,10,0,3,3,0,0,0,0,0,0,0,0,0,7,5,12,0,0,0,0,3,3,6,4,10,0,0,0,6,7,13,4,3,7,3,3,6,4,0,4,0,0,0,4,0,4,40,28,68,144,126,270,373,344,717,6054,6092,12146
LGA12500,3167,3396,6563,4,0,4,0,0,0,0,0,0,6,15,21,0,0,0,5,0,5,11,15,26,0,0,0,3,3,6,0,0,0,4,3,7,6,3,9,0,0,0,0,0,0,0,3,3,0,3,3,3,3,6,0,0,0,0,0,0,3,9,12,0,0,0,0,0,0,0,0,0,0,0,0,11,17,28,0,3,3,0,0,0,0,0,0,0,0,0,0,0,0,0,0,0,0,0,0,0,0,0,0,0,0,0,0,0,0,0,0,0,3,3,0,3,3,0,3,3,0,9,9,0,0,0,7,3,10,0,0,0,0,0,0,0,0,0,35,20,55,84,85,169,202,185,387,3453,3666,7119
LGA12600,17303,18751,36054,44,37,81,0,0,0,7,8,15,44,46,90,29,30,59,4,4,8,77,80,157,4,0,4,6,8,14,13,16,29,14,10,24,23,33,56,3,4,7,11,9,20,20,26,46,6,0,6,18,20,38,0,0,0,19,19,38,74,74,148,6,3,9,4,3,7,6,3,9,16,9,25,21,36,57,4,5,9,0,0,0,7,6,13,4,3,7,3,0,3,5,7,12,3,4,7,5,8,13,0,0,0,3,0,3,11,18,29,3,4,7,23,28,51,3,5,8,40,55,95,12,21,33,29,29,58,7,17,24,3,0,3,12,13,25,119,120,239,558,603,1161,868,724,1592,18729,20078,38807
LGA12700,3976,3927,7903,3,0,3,0,0,0,3,0,3,0,0,0,0,5,5,0,0,0,0,5,5,3,0,3,3,0,3,3,4,7,5,11,16,0,0,0,0,0,0,0,0,0,0,0,0,0,0,0,0,0,0,0,0,0,0,0,0,0,0,0,0,0,0,0,0,0,0,0,0,0,0,0,3,5,8,0,0,0,0,0,0,0,0,0,0,0,0,0,0,0,0,0,0,0,0,0,0,0,0,0,0,0,0,0,0,0,0,0,3,0,3,3,4,7,0,3,3,6,7,13,0,0,0,0,0,0,0,0,0,0,0,0,0,0,0,14,19,33,43,51,94,170,152,322,4189,4130,8319
LGA12750,15997,16597,32594,6,3,9,0,0,0,17,16,33,13,17,30,3,12,15,3,0,3,19,29,48,57,67,124,26,40,66,33,32,65,84,118,202,54,36,90,11,9,20,0,0,0,0,3,3,0,0,0,0,0,0,0,0,0,6,0,6,6,3,9,0,0,0,0,3,3,0,0,0,0,3,3,75,52,127,3,11,14,0,0,0,0,0,0,4,6,10,13,3,16,13,13,26,4,5,9,4,7,11,0,8,8,24,14,38,0,18,18,0,6,6,6,14,20,0,8,8,6,46,52,25,32,57,3,5,8,11,19,30,4,4,8,30,22,52,82,88,170,614,691,1305,967,874,1841,17578,18162,35740
LGA12850,24993,23627,48620,7008,6736,13744,7098,7469,14567,3,3,6,4471,4863,9334,2251,2360,4611,1658,1794,3452,8380,9017,17397,1559,1632,3191,39,43,82,143,143,286,179,191,370,619,616,1235,101,96,197,26,27,53,686,764,1450,90,52,142,23,27,50,123,135,258,82,61,143,1030,1066,2096,63,73,136,239,250,489,90,78,168,392,401,793,3104,3352,6456,15,26,41,3193,3512,6705,43,62,105,711,765,1476,505,564,1069,312,414,726,149,149,298,193,319,512,680,740,1420,2072,2101,4173,278,397,675,166,202,368,556,700,1256,95,111,206,1095,1410,2505,3460,3712,7172,35,43,78,294,442,736,638,611,1249,17121,18719,35840,3252,3385,6637,63423,67739,131162,4105,3878,7983,92521,95244,187765
LGA12900,4327,4399,8726,3,0,3,0,0,0,3,5,8,0,0,0,6,6,12,0,0,0,6,6,12,0,0,0,0,0,0,3,3,6,3,7,10,3,0,3,0,0,0,3,0,3,0,0,0,0,0,0,3,0,3,0,0,0,3,4,7,9,4,13,0,0,0,0,0,0,0,0,0,0,0,0,13,12,25,3,0,3,0,6,6,0,0,0,0,4,4,0,0,0,0,0,0,0,0,0,0,0,0,0,0,0,0,0,0,4,4,8,0,0,0,0,4,4,0,0,0,4,8,12,0,0,0,0,0,0,3,3,6,0,0,0,0,5,5,8,13,21,61,76,137,159,147,306,4547,4622,9169
LGA12950,1943,2104,4047,3,0,3,0,0,0,3,3,6,4,0,4,0,3,3,0,0,0,4,3,7,0,0,0,0,0,0,0,0,0,0,3,3,3,3,6,3,0,3,0,0,0,3,3,6,3,0,3,0,0,0,0,0,0,0,0,0,6,3,9,0,0,0,0,0,0,0,0,0,0,0,0,3,0,3,0,0,0,0,0,0,0,0,0,0,0,0,3,0,3,0,0,0,0,0,0,0,0,0,0,0,0,0,0,0,0,0,0,0,0,0,0,4,4,0,3,3,0,7,7,0,0,0,0,0,0,0,0,0,0,0,0,0,3,3,6,12,18,34,37,71,128,122,250,2105,2263,4368
LGA13010,3918,4132,8050,0,0,0,0,0,0,0,0,0,3,3,6,5,4,9,0,0,0,8,7,15,0,0,0,9,9,18,3,5,8,4,7,11,0,0,0,3,3,6,0,0,0,4,0,4,4,3,7,0,0,0,0,0,0,0,0,0,8,3,11,0,0,0,0,0,0,0,0,0,0,0,0,0,3,3,4,5,9,0,0,0,4,0,4,0,0,0,0,0,0,0,0,0,0,0,0,0,5,5,0,0,0,0,0,0,0,0,0,0,3,3,0,3,3,3,3,6,3,9,12,0,4,4,0,0,0,0,0,0,0,0,0,0,0,0,22,15,37,68,75,143,300,164,464,4286,4371,8657
LGA13050,2324,2360,4684,0,0,0,0,0,0,0,0,0,6,4,10,0,0,0,0,0,0,6,4,10,0,0,0,0,6,6,5,3,8,8,7,15,0,0,0,0,0,0,0,0,0,0,0,0,0,0,0,0,0,0,0,0,0,0,0,0,0,0,0,0,0,0,0,0,0,0,0,0,0,0,0,0,6,6,4,3,7,0,0,0,5,0,5,0,0,0,0,0,0,0,0,0,0,0,0,0,0,0,0,0,0,0,0,0,0,0,0,0,3,3,0,0,0,0,0,0,0,3,3,0,0,0,0,0,0,0,3,3,0,0,0,0,0,0,0,6,6,28,41,69,77,48,125,2429,2449,4878
LGA13100,70446,75657,146103,140,122,262,9,8,17,16,11,27,208,250,458,177,269,446,21,34,55,406,553,959,74,68,142,151,166,317,132,179,311,276,309,585,203,220,423,36,56,92,25,27,52,76,80,156,44,23,67,22,21,43,11,16,27,38,36,74,216,203,419,0,0,0,30,24,54,5,4,9,35,28,63,324,292,616,78,110,188,12,9,21,103,130,233,8,6,14,77,76,153,83,103,186,54,72,126,87,126,213,9,12,21,36,54,90,54,132,186,43,64,107,55,154,209,26,29,55,178,379,557,317,346,663,27,25,52,72,137,209,29,29,58,54,56,110,723,762,1485,3965,4647,8612,3913,3809,7722,78324,84113,162437
LGA13310,12283,12611,24894,29,16,45,0,0,0,0,0,0,18,16,34,18,23,41,0,0,0,36,39,75,6,8,14,8,12,20,11,8,19,37,26,63,53,34,87,6,3,9,3,4,7,8,10,18,5,3,8,3,0,3,3,3,6,11,7,18,33,27,60,3,4,7,3,0,3,0,0,0,6,4,10,43,37,80,0,0,0,6,7,13,6,5,11,3,3,6,8,5,13,7,13,20,0,0,0,3,6,9,0,4,4,9,3,12,0,16,16,3,3,6,12,15,27,3,3,6,18,37,55,19,17,36,6,3,9,13,19,32,7,6,13,7,8,15,98,82,180,478,432,910,1120,558,1678,13881,13601,27482
LGA13320,15593,16291,31884,18,9,27,0,0,0,0,4,4,22,27,49,10,9,19,0,0,0,32,36,68,15,9,24,24,24,48,18,25,43,66,66,132,19,9,28,0,3,3,9,5,14,6,8,14,0,3,3,4,0,4,0,0,0,0,4,4,19,20,39,0,0,0,4,0,4,0,0,0,4,0,4,48,50,98,3,4,7,0,3,3,3,0,3,0,0,0,7,8,15,15,16,31,5,4,9,0,4,4,0,0,0,6,7,13,0,9,9,8,5,13,8,13,21,0,3,3,16,30,46,15,19,34,0,0,0,6,17,23,0,5,5,5,6,11,57,59,116,401,437,838,866,843,1709,16860,17571,34431
LGA13340,4668,4565,9233,6,6,12,0,0,0,0,0,0,3,3,6,0,0,0,0,0,0,3,3,6,3,3,6,7,8,15,0,7,7,8,17,25,0,0,0,3,0,3,0,0,0,0,0,0,0,0,0,0,0,0,3,3,6,0,0,0,3,3,6,0,0,0,0,0,0,0,0,0,0,0,0,3,5,8,0,0,0,0,0,0,0,0,0,3,0,3,0,0,0,0,0,0,0,0,0,3,6,9,0,0,0,0,0,0,0,3,3,0,0,0,3,3,6,0,0,0,3,6,9,4,7,11,0,0,0,3,3,6,0,0,0,0,0,0,24,20,44,76,94,170,214,198,412,4958,4857,9815
LGA13380,21140,22283,43423,21,15,36,0,0,0,8,13,21,22,25,47,14,19,33,3,7,10,39,51,90,5,9,14,24,37,61,19,23,42,60,60,120,18,14,32,3,4,7,0,0,0,12,8,20,3,3,6,6,8,14,3,4,7,7,4,11,31,27,58,0,0,0,0,0,0,0,4,4,0,4,4,33,25,58,6,16,22,0,3,3,7,7,14,0,0,0,13,16,29,10,9,19,5,6,11,0,3,3,3,3,6,3,4,7,6,24,30,0,6,6,7,27,34,3,3,6,16,60,76,16,22,38,4,4,8,7,19,26,0,3,3,4,9,13,102,99,201,457,565,1022,1059,1034,2093,22656,23882,46538
LGA13450,8932,8970,17902,23,25,48,0,0,0,3,3,6,20,20,40,24,17,41,0,5,5,44,42,86,0,0,0,9,12,21,0,8,8,12,15,27,3,6,9,0,3,3,5,8,13,34,29,63,396,354,750,0,0,0,27,27,54,76,65,141,538,483,1021,36,18,54,3,3,6,15,6,21,54,27,81,1164,1186,2350,0,3,3,0,0,0,4,4,8,4,3,7,8,10,18,5,0,5,3,3,6,0,0,0,117,118,235,0,0,0,13,38,51,0,0,0,27,48,75,5,6,11,45,92,137,50,43,93,16,16,32,6,24,30,70,61,131,4,3,7,329,319,648,2511,2509,5020,792,649,1441,12235,12128,24363
LGA13500,1781,1721,3502,3,0,3,0,0,0,3,0,3,5,4,9,0,0,0,0,0,0,5,4,9,0,0,0,0,0,0,0,0,0,3,3,6,0,6,6,0,0,0,3,0,3,0,0,0,0,0,0,0,0,0,0,0,0,0,0,0,3,0,3,0,0,0,0,0,0,0,0,0,0,0,0,0,3,3,0,0,0,0,0,0,0,3,3,0,0,0,0,0,0,0,0,0,0,0,0,0,0,0,0,0,0,0,0,0,3,0,3,0,0,0,3,3,6,0,0,0,6,3,9,0,0,0,0,0,0,0,0,0,0,0,0,0,3,3,5,3,8,28,28,56,61,44,105,1870,1793,3663
LGA13550,5598,5608,11206,0,0,0,0,0,0,4,0,4,6,8,14,17,9,26,0,0,0,23,17,40,0,0,0,6,3,9,0,0,0,7,9,16,0,6,6,0,0,0,3,3,6,0,0,0,0,0,0,0,0,0,0,0,0,0,0,0,3,3,6,0,0,0,0,0,0,0,0,0,0,0,0,5,5,10,0,4,4,0,0,0,0,0,0,0,0,0,0,0,0,0,0,0,8,5,13,0,0,0,4,4,8,0,0,0,0,3,3,0,0,0,0,6,6,0,3,3,0,12,12,0,0,0,0,0,0,0,0,0,0,0,0,5,3,8,20,18,38,85,89,174,349,335,684,6032,6032,12064
LGA13650,2094,2075,4169,0,0,0,0,0,0,0,0,0,3,0,3,0,3,3,0,0,0,3,3,6,0,0,0,0,0,0,0,0,0,3,6,9,0,0,0,0,4,4,0,0,0,0,0,0,0,0,0,3,3,6,0,0,0,0,0,0,3,3,6,0,0,0,0,0,0,0,0,0,0,0,0,3,0,3,0,0,0,0,0,0,0,0,0,0,0,0,0,0,0,0,0,0,0,0,0,0,0,0,0,0,0,0,0,0,0,0,0,0,0,0,0,0,0,0,0,0,0,0,0,0,0,0,0,0,0,0,4,4,0,0,0,0,0,0,6,8,14,18,28,46,92,90,182,2204,2193,4397
LGA13660,2437,2368,4805,0,0,0,0,0,0,0,0,0,0,3,3,0,0,0,0,0,0,0,3,3,0,0,0,0,4,4,0,0,0,0,6,6,0,0,0,0,0,0,0,0,0,0,5,5,0,0,0,0,0,0,0,0,0,0,0,0,0,5,5,0,0,0,0,0,0,0,0,0,0,0,0,5,0,5,0,0,0,0,0,0,0,0,0,0,0,0,0,0,0,0,0,0,0,3,3,0,0,0,0,0,0,0,0,0,0,5,5,0,0,0,0,0,0,0,0,0,0,5,5,0,0,0,0,0,0,0,0,0,0,0,0,4,0,4,10,3,13,19,29,48,57,56,113,2513,2453,4966
LGA13700,1660,1710,3370,13,9,22,0,0,0,3,3,6,3,4,7,0,0,0,0,0,0,3,4,7,0,0,0,3,0,3,3,0,3,0,3,3,0,3,3,0,0,0,0,0,0,0,0,0,0,0,0,0,0,0,0,0,0,0,0,0,0,0,0,0,0,0,0,0,0,0,0,0,0,0,0,3,3,6,0,0,0,0,0,0,0,0,0,0,0,0,0,0,0,3,0,3,0,0,0,0,0,0,0,0,0,4,4,8,0,3,3,0,0,0,0,0,0,0,0,0,0,3,3,0,0,0,0,0,0,0,0,0,0,0,0,3,0,3,5,9,14,43,41,84,73,57,130,1776,1808,3584
LGA13800,28014,28329,56343,96,79,175,5,10,15,5,3,8,76,92,168,48,52,100,3,9,12,127,153,280,43,43,86,45,68,113,36,39,75,79,105,184,92,74,166,15,31,46,13,0,13,20,27,47,17,11,28,10,8,18,14,20,34,7,6,13,81,72,153,3,0,3,13,6,19,0,0,0,16,6,22,175,141,316,8,19,27,9,4,13,11,13,24,98,100,198,268,223,491,30,37,67,11,9,20,7,8,15,5,4,9,24,18,42,13,43,56,5,8,13,22,60,82,3,6,9,43,117,160,64,72,136,10,9,19,7,24,31,4,5,9,23,22,45,161,178,339,1598,1686,3284,1444,1281,2725,31056,31296,62352
LGA13850,1372,1383,2755,0,0,0,0,0,0,0,0,0,3,0,3,0,3,3,3,0,3,6,3,9,0,0,0,3,0,3,0,0,0,0,0,0,0,3,3,0,0,0,0,0,0,0,0,0,3,3,6,0,0,0,0,0,0,0,0,0,3,3,6,0,0,0,0,0,0,0,0,0,0,0,0,14,20,34,0,0,0,0,0,0,0,0,0,0,0,0,0,0,0,0,0,0,0,0,0,0,0,0,0,0,0,3,0,3,0,0,0,0,0,0,0,3,3,0,0,0,0,3,3,0,0,0,4,6,10,0,0,0,0,0,0,0,3,3,11,5,16,44,46,90,63,49,112,1479,1478,2957
LGA13950,21180,21665,42845,6200,6151,12351,124,153,277,0,3,3,1098,1234,2332,1129,1306,2435,124,128,252,2351,2668,5019,469,513,982,22,19,41,117,145,262,75,75,150,630,627,1257,41,47,88,209,188,397,1461,1407,2868,774,535,1309,191,192,383,280,232,512,1466,1288,2754,4381,3842,8223,654,631,1285,688,645,1333,193,184,377,1535,1460,2995,698,810,1508,25,44,69,35,42,77,277,288,565,20,42,62,645,709,1354,120,184,304,46,50,96,81,117,198,139,134,273,193,213,406,269,382,651,158,184,342,421,644,1065,30,39,69,878,1249,2127,494,641,1135,1745,1670,3415,57,121,178,815,832,1647,393,502,895,2326,2245,4571,24932,25596,50528,2992,2799,5791,49104,50060,99164
LGA14000,53126,54996,108122,804,809,1613,11,11,22,3,9,12,3862,4225,8087,3504,4121,7625,315,362,677,7681,8708,16389,112,106,218,158,178,336,171,199,370,306,351,657,237,247,484,79,89,168,175,173,348,1183,1124,2307,316,243,559,605,600,1205,251,214,465,580,563,1143,3110,2917,6027,100,104,204,774,794,1568,25,22,47,899,920,1819,631,637,1268,277,388,665,7,17,24,2055,2241,4296,18,17,35,25,34,59,226,259,485,74,71,145,314,347,661,13,17,30,69,82,151,233,304,537,326,357,683,301,430,731,33,47,80,893,1138,2031,552,694,1246,533,591,1124,112,210,322,53,79,132,227,284,511,1557,1725,3282,21207,23375,44582,2124,2019,4143,76457,80390,156847
LGA14100,5191,5146,10337,53,57,110,3,3,6,0,0,0,145,187,332,119,144,263,11,19,30,275,350,625,19,21,40,8,22,30,35,21,56,33,50,83,143,126,269,18,19,37,3,0,3,20,25,45,9,7,16,0,3,3,0,5,5,13,7,20,45,47,92,3,5,8,14,28,42,0,0,0,17,33,50,156,168,324,11,16,27,0,0,0,27,44,71,7,5,12,4,5,9,12,20,32,5,6,11,10,44,54,0,0,0,13,15,28,0,11,11,14,12,26,5,13,18,5,0,5,24,36,60,32,39,71,4,5,9,9,12,21,11,20,31,16,26,42,101,105,206,1091,1315,2406,256,217,473,6538,6678,13216
LGA14150,18272,19085,37357,1630,1566,3196,5,3,8,3,6,9,4171,4642,8813,4030,4695,8725,389,396,785,8590,9733,18323,348,359,707,12,23,35,55,70,125,52,63,115,1839,1987,3826,44,52,96,146,115,261,285,284,569,83,53,136,34,31,65,93,83,176,697,549,1246,1338,1115,2453,3,0,3,35,40,75,3,3,6,41,43,84,569,606,1175,74,130,204,8,20,28,150,182,332,1035,1009,2044,45,44,89,53,52,105,125,122,247,65,92,157,55,57,112,109,88,197,78,141,219,429,501,930,198,320,518,21,32,53,726,994,1720,354,420,774,47,53,100,78,124,202,50,40,90,264,323,587,702,749,1451,18466,20125,38591,1490,1418,2908,38228,40628,78856
LGA14200,7428,7769,15197,3,7,10,0,0,0,3,3,6,3,3,6,10,10,20,0,0,0,13,13,26,0,0,0,3,4,7,3,3,6,12,11,23,5,0,5,3,4,7,0,0,0,0,0,0,0,0,0,0,0,0,3,0,3,0,3,3,3,3,6,0,0,0,0,3,3,0,0,0,0,3,3,25,19,44,0,12,12,0,0,0,7,6,13,0,0,0,3,0,3,4,0,4,23,17,40,0,0,0,3,0,3,0,0,0,10,15,25,0,0,0,12,14,26,0,0,0,22,29,51,3,5,8,0,0,0,4,3,7,0,0,0,4,13,17,26,28,54,172,183,355,300,225,525,7900,8177,16077
LGA14250,725,654,1379,0,0,0,0,0,0,4,0,4,0,5,5,0,0,0,0,0,0,0,5,5,0,0,0,0,0,0,0,0,0,0,0,0,0,0,0,0,0,0,0,0,0,4,4,8,0,0,0,0,0,0,0,0,0,0,0,0,4,4,8,0,0,0,0,0,0,0,0,0,0,0,0,8,6,14,0,0,0,0,0,0,0,0,0,0,0,0,0,0,0,0,0,0,0,0,0,0,0,0,0,0,0,0,0,0,0,0,0,0,0,0,0,0,0,0,0,0,0,0,0,0,0,0,0,0,0,0,0,0,0,0,0,0,0,0,6,0,6,22,15,37,52,27,79,799,696,1495
LGA14300,2434,2403,4837,9,3,12,0,0,0,0,0,0,5,3,8,4,3,7,0,0,0,9,6,15,0,0,0,0,3,3,0,0,0,0,0,0,0,3,3,0,0,0,0,3,3,0,0,0,0,0,0,0,0,0,3,3,6,0,0,0,3,6,9,0,0,0,0,0,0,0,0,0,0,0,0,0,0,0,0,3,3,0,0,0,0,0,0,0,0,0,0,0,0,0,0,0,0,0,0,0,0,0,0,0,0,0,0,0,0,3,3,0,0,0,0,0,0,0,0,0,0,3,3,0,4,4,0,0,0,0,0,0,0,0,0,0,0,0,9,4,13,30,35,65,874,104,978,3338,2542,5880
LGA14350,12795,13057,25852,10,7,17,0,0,0,13,14,27,13,17,30,10,17,27,4,0,4,27,34,61,0,0,0,11,14,25,13,13,26,27,41,68,4,10,14,0,0,0,5,3,8,6,6,12,0,0,0,0,0,0,3,3,6,0,3,3,14,15,29,0,0,0,3,0,3,0,0,0,3,0,3,12,10,22,0,4,4,0,0,0,0,0,0,3,0,3,9,11,20,3,7,10,3,3,6,3,0,3,0,0,0,0,0,0,0,21,21,0,0,0,6,30,36,0,4,4,6,55,61,13,8,21,0,0,0,4,12,16,0,0,0,11,8,19,50,34,84,239,300,539,1079,664,1743,14113,14021,28134
LGA14400,9142,9523,18665,8,10,18,0,0,0,0,0,0,16,18,34,12,11,23,0,0,0,28,29,57,3,9,12,12,15,27,19,18,37,35,34,69,30,38,68,3,0,3,0,0,0,0,0,0,0,4,4,0,0,0,0,0,0,0,0,0,0,4,4,0,0,0,6,4,10,0,0,0,6,4,10,63,60,123,0,5,5,0,0,0,4,3,7,12,16,28,7,13,20,5,7,12,0,0,0,3,4,7,0,5,5,3,15,18,3,5,8,0,0,0,3,7,10,0,4,4,6,16,22,24,16,40,0,0,0,12,21,33,0,0,0,4,8,12,48,63,111,335,413,748,315,258,573,9792,10194,19986
LGA14450,12770,13072,25842,1041,973,2014,16,12,28,5,4,9,2256,2597,4853,2725,3128,5853,279,298,577,5260,6023,11283,342,371,713,13,16,29,58,60,118,45,65,110,2214,2327,4541,16,28,44,210,136,346,158,144,302,61,51,112,15,15,30,42,45,87,600,436,1036,1086,827,1913,3,3,6,14,16,30,0,0,0,17,19,36,477,518,995,63,94,157,0,6,6,78,126,204,644,652,1296,27,52,79,50,48,98,119,128,247,154,163,317,17,12,29,136,130,266,84,120,204,205,229,434,127,211,338,8,11,19,424,571,995,322,358,680,55,63,118,60,124,184,52,55,107,104,141,245,469,478,947,13364,14444,27808,1113,1043,2156,27247,28559,55806
LGA14500,39925,42680,82605,166,161,327,0,5,5,0,3,3,2472,2899,5371,1852,2313,4165,159,211,370,4483,5423,9906,45,56,101,138,153,291,182,207,389,357,411,768,218,231,449,55,72,127,37,31,68,308,326,634,143,140,283,118,116,234,58,52,110,120,144,264,784,809,1593,3,0,3,418,399,817,14,14,28,435,413,848,307,321,628,331,445,776,3,5,8,1094,1243,2337,18,20,38,3,10,13,82,105,187,39,73,112,115,173,288,4,8,12,36,43,79,41,60,101,143,175,318,43,98,141,7,21,28,234,354,588,253,336,589,99,98,197,49,79,128,29,48,77,95,141,236,888,983,1871,10542,12429,22971,1793,1928,3721,52260,57037,109297
LGA14550,4311,4264,8575,3,0,3,0,0,0,4,0,4,3,6,9,0,0,0,0,0,0,3,6,9,0,0,0,3,6,9,5,13,18,19,29,48,3,0,3,0,0,0,0,0,0,0,5,5,0,7,7,0,0,0,0,0,0,0,0,0,0,12,12,0,0,0,3,0,3,0,0,0,3,0,3,6,15,21,3,3,6,0,0,0,0,0,0,0,0,0,0,0,0,0,3,3,0,0,0,0,0,0,3,4,7,0,0,0,0,0,0,7,0,7,0,5,5,0,0,0,7,5,12,7,4,11,3,0,3,3,0,3,0,0,0,0,5,5,32,28,60,107,133,240,224,187,411,4642,4584,9226
LGA14600,3060,3057,6117,3,4,7,0,0,0,5,3,8,3,3,6,0,0,0,0,0,0,3,3,6,0,3,3,0,3,3,0,0,0,3,3,6,4,3,7,0,0,0,0,0,0,0,4,4,4,0,4,0,0,0,0,0,0,0,0,0,4,4,8,0,0,0,0,0,0,0,0,0,0,0,0,3,3,6,0,0,0,0,0,0,5,0,5,0,0,0,0,0,0,0,0,0,0,0,0,0,0,0,0,0,0,0,0,0,0,4,4,0,0,0,0,3,3,0,0,0,0,7,7,0,0,0,0,0,0,0,3,3,0,0,0,0,0,0,14,11,25,44,50,94,143,121,264,3247,3228,6475
LGA14650,85868,89849,175717,95,79,174,0,0,0,9,4,13,176,169,345,115,125,240,25,29,54,316,323,639,58,55,113,91,138,229,92,96,188,205,266,471,163,136,299,28,40,68,32,28,60,83,81,164,30,33,63,35,31,66,26,18,44,31,26,57,237,217,454,0,0,0,20,16,36,3,5,8,23,21,44,307,289,596,30,55,85,25,26,51,50,50,100,243,253,496,17,21,38,113,164,277,20,30,50,38,60,98,124,106,230,52,48,100,19,86,105,40,63,103,39,125,164,15,26,41,113,300,413,160,162,322,43,44,87,53,95,148,16,14,30,27,56,83,585,666,1251,3333,3814,7147,3110,3032,6142,92311,96695,189006
LGA14700,11590,11973,23563,66,54,120,4,3,7,0,0,0,419,545,964,388,515,903,39,63,102,846,1123,1969,52,58,110,27,32,59,67,82,149,86,86,172,114,154,268,19,36,55,60,43,103,140,105,245,17,19,36,30,23,53,20,13,33,124,112,236,391,315,706,0,0,0,119,113,232,0,4,4,119,117,236,150,147,297,123,173,296,0,5,5,87,117,204,14,15,29,3,4,7,56,79,135,33,44,77,62,88,150,4,3,7,25,39,64,43,57,100,38,70,108,37,59,96,9,19,28,127,205,332,157,187,344,33,30,63,41,72,113,12,15,27,28,32,60,376,395,771,3122,3710,6832,547,569,1116,15259,16252,31511
LGA14750,4819,4952,9771,5,0,5,0,0,0,6,5,11,6,13,19,3,3,6,0,0,0,9,16,25,0,0,0,0,0,0,0,3,3,3,0,3,8,4,12,0,0,0,3,6,9,0,0,0,34,25,59,0,0,0,3,3,6,3,0,3,43,34,77,3,0,3,5,0,5,0,0,0,8,0,8,202,183,385,0,8,8,3,0,3,7,4,11,0,0,0,0,0,0,0,0,0,0,0,0,3,3,6,11,9,20,0,0,0,0,6,6,0,0,0,0,0,0,0,0,0,0,6,6,0,0,0,7,5,12,0,4,4,0,0,0,5,5,10,24,21,45,344,310,654,276,337,613,5439,5599,11038
LGA14800,19688,21769,41457,119,125,244,13,4,17,3,3,6,170,259,429,131,248,379,21,51,72,322,558,880,54,54,108,52,68,120,171,187,358,162,203,365,341,389,730,23,31,54,15,12,27,61,50,111,14,15,29,13,16,29,5,3,8,20,31,51,128,127,255,4,3,7,43,43,86,0,0,0,47,46,93,762,825,1587,64,145,209,5,0,5,54,72,126,36,43,79,33,49,82,45,58,103,88,94,182,30,58,88,8,4,12,53,81,134,19,36,55,50,68,118,29,65,94,10,18,28,108,187,295,243,287,530,17,12,29,75,99,174,50,63,113,85,110,195,352,367,719,3543,4349,7892,1497,1351,2848,24728,27469,52197
LGA14850,19180,20175,39355,18,11,29,0,0,0,19,23,42,15,11,26,54,47,101,11,3,14,80,61,141,3,5,8,22,30,52,46,35,81,92,124,216,16,14,30,8,6,14,3,3,6,5,12,17,22,15,37,5,6,11,6,3,9,7,10,17,48,49,97,0,0,0,4,4,8,0,0,0,4,4,8,179,187,366,25,27,52,4,3,7,0,4,4,3,3,6,3,4,7,6,9,15,9,5,14,10,8,18,5,3,8,0,5,5,11,27,38,10,11,21,9,35,44,4,8,12,34,81,115,31,37,68,3,3,6,14,25,39,0,0,0,19,11,30,179,168,347,880,945,1825,844,742,1586,20904,21862,42766
LGA14870,9179,9112,18291,16,12,28,0,0,0,3,4,7,17,25,42,7,12,19,4,7,11,28,44,72,14,10,24,15,10,25,6,6,12,22,30,52,11,3,14,6,6,12,5,0,5,0,5,5,7,0,7,0,0,0,0,4,4,0,3,3,12,12,24,0,0,0,0,0,0,0,0,0,0,0,0,27,27,54,6,0,6,0,0,0,3,3,6,4,6,10,7,0,7,3,3,6,0,4,4,5,0,5,0,0,0,9,6,15,4,7,11,5,3,8,4,23,27,0,0,0,13,33,46,12,16,28,3,3,6,0,15,15,3,5,8,5,8,13,56,39,95,289,305,594,822,452,1274,10290,9869,20159
LGA14900,40381,39664,80045,8607,8587,17194,1410,1472,2882,8,12,20,1280,1385,2665,803,909,1712,332,344,676,2415,2638,5053,821,812,1633,37,50,87,224,266,490,141,178,319,1439,1506,2945,79,103,182,272,241,513,3920,4123,8043,304,258,562,158,157,315,687,714,1401,657,643,1300,5998,6136,12134,91,89,180,236,221,457,335,341,676,662,651,1313,2457,2649,5106,28,49,77,703,802,1505,46,59,105,943,956,1899,349,353,702,490,575,1065,273,271,544,94,126,220,820,923,1743,2467,2596,5063,443,615,1058,326,353,679,969,1201,2170,123,144,267,1861,2313,4174,2405,2663,5068,430,426,856,144,255,399,805,765,1570,3782,4061,7843,3711,3864,7575,43649,46117,89766,5292,5040,10332,89322,90821,180143
LGA14920,3556,3514,7070,3,0,3,0,0,0,0,0,0,8,3,11,0,0,0,0,0,0,8,3,11,0,0,0,0,4,4,0,3,3,3,5,8,0,0,0,3,0,3,0,0,0,0,0,0,0,0,0,0,0,0,0,4,4,4,0,4,4,4,8,0,0,0,0,0,0,0,0,0,0,0,0,3,7,10,0,0,0,0,0,0,0,0,0,0,0,0,4,0,4,0,0,0,0,0,0,0,0,0,0,0,0,0,0,0,3,0,3,0,0,0,0,4,4,0,0,0,3,4,7,0,0,0,0,0,0,0,0,0,3,0,3,4,3,7,16,17,33,54,50,104,162,143,305,3772,3707,7479
LGA14950,1456,1402,2858,0,0,0,0,0,0,0,0,0,5,0,5,0,3,3,0,0,0,5,3,8,0,0,0,0,0,0,0,3,3,5,3,8,0,3,3,0,3,3,0,0,0,0,0,0,0,0,0,0,0,0,3,3,6,0,0,0,3,3,6,0,0,0,0,0,0,0,0,0,0,0,0,0,0,0,0,0,0,0,0,0,0,0,0,0,0,0,0,0,0,0,0,0,0,0,0,0,0,0,0,0,0,0,0,0,0,0,0,0,0,0,0,0,0,0,0,0,0,0,0,0,3,3,0,0,0,0,0,0,0,0,0,0,0,0,0,3,3,13,24,37,55,48,103,1524,1474,2998
LGA15050,30760,32158,62918,36,33,69,0,0,0,3,4,7,83,79,162,38,48,86,5,10,15,126,137,263,8,10,18,17,17,34,24,20,44,52,62,114,17,24,41,3,5,8,10,16,26,13,15,28,41,27,68,6,0,6,17,20,37,20,11,31,107,89,196,0,0,0,7,5,12,0,0,0,7,5,12,50,31,81,6,9,15,0,0,0,12,12,24,10,6,16,4,5,9,40,73,113,12,24,36,9,11,20,12,22,34,10,17,27,8,41,49,6,16,22,18,79,97,3,3,6,35,139,174,46,47,93,7,5,12,12,37,49,3,3,6,19,14,33,276,274,550,963,1135,2098,1283,1180,2463,33006,34473,67479
LGA15150,15941,16627,32568,32,29,61,0,0,0,3,0,3,109,141,250,122,170,292,9,21,30,240,332,572,36,56,92,79,83,162,206,236,442,188,213,401,139,171,310,13,24,37,8,4,12,19,14,33,9,9,18,3,5,8,0,0,0,25,16,41,64,48,112,0,3,3,13,21,34,0,0,0,13,24,37,185,174,359,57,111,168,4,0,4,69,91,160,12,6,18,3,5,8,27,41,68,139,162,301,29,51,80,4,0,4,28,31,59,6,20,26,28,26,54,21,35,56,3,3,6,58,84,142,149,158,307,3,3,6,30,62,92,14,19,33,24,24,48,399,394,793,2247,2632,4879,1219,1080,2299,19407,20339,39746
LGA15200,23467,24233,47700,892,899,1791,20,19,39,13,22,35,618,655,1273,419,558,977,69,77,146,1106,1290,2396,90,127,217,45,44,89,175,184,359,154,150,304,2056,2179,4235,54,49,103,292,163,455,154,141,295,48,25,73,25,23,48,29,25,54,496,299,795,1044,676,1720,3,3,6,60,46,106,3,0,3,66,49,115,557,634,1191,135,204,339,21,31,52,60,96,156,215,215,430,44,52,96,72,100,172,741,773,1514,47,69,116,36,29,65,124,132,256,98,143,241,205,250,455,171,214,385,37,44,81,511,651,1162,582,618,1200,38,36,74,225,271,496,186,182,368,1370,1457,2827,797,799,1596,11476,12037,23513,2893,2393,5286,37836,38663,76499
LGA15270,10335,10242,20577,13,6,19,0,0,0,3,3,6,9,16,25,5,12,17,0,0,0,14,28,42,13,4,17,11,14,25,6,11,17,21,37,58,15,15,30,4,5,9,0,0,0,4,5,9,9,3,12,0,0,0,0,4,4,4,0,4,17,12,29,0,0,0,0,0,0,0,0,0,0,0,0,28,23,51,0,4,4,0,0,0,0,0,0,0,0,0,9,3,12,3,8,11,0,4,4,0,7,7,3,0,3,0,0,0,5,17,22,5,5,10,6,16,22,0,0,0,16,38,54,22,24,46,3,0,3,5,11,16,0,4,4,10,15,25,53,50,103,269,326,595,681,466,1147,11285,11034,22319
LGA15300,6078,5924,12002,0,0,0,0,0,0,11,14,25,11,11,22,3,6,9,0,0,0,14,17,31,6,7,13,4,5,9,3,3,6,7,0,7,4,0,4,3,3,6,3,3,6,9,7,16,0,0,0,0,0,0,0,0,0,0,3,3,12,13,25,0,0,0,0,0,0,0,0,0,0,0,0,4,7,11,0,0,0,3,0,3,3,0,3,0,0,0,0,0,0,4,4,8,0,0,0,3,3,6,3,3,6,9,7,16,3,4,7,3,0,3,0,5,5,0,0,0,6,9,15,3,3,6,14,14,28,4,8,12,0,0,0,3,5,8,44,40,84,167,165,332,582,513,1095,6827,6602,13429
LGA15350,10319,11778,22097,23,33,56,0,0,0,0,0,0,100,130,230,93,139,232,13,17,30,206,286,492,17,31,48,67,65,132,115,156,271,129,146,275,88,94,182,26,18,44,15,15,30,35,30,65,0,4,4,3,5,8,10,5,15,66,44,110,129,103,232,0,0,0,28,32,60,0,0,0,28,32,60,136,150,286,86,137,223,0,0,0,24,47,71,11,13,24,3,5,8,35,46,81,36,44,80,31,44,75,0,0,0,19,21,40,8,29,37,21,25,46,22,33,55,6,9,15,57,96,153,84,107,191,4,3,7,19,31,50,14,14,28,16,27,43,156,176,332,1559,1925,3484,942,931,1873,12820,14634,27454
LGA15500,3273,3268,6541,3,3,6,0,0,0,5,0,5,4,6,10,3,0,3,0,0,0,7,6,13,0,0,0,0,3,3,3,3,6,0,0,0,5,3,8,0,0,0,0,0,0,0,0,0,0,0,0,5,0,5,0,0,0,0,0,0,5,0,5,0,0,0,0,0,0,0,0,0,0,0,0,14,13,27,0,3,3,0,0,0,0,0,0,0,0,0,0,3,3,0,3,3,3,3,6,0,4,4,0,0,0,3,0,3,0,0,0,0,0,0,0,0,0,0,0,0,0,0,0,3,0,3,0,0,0,4,3,7,0,0,0,0,3,3,7,16,23,62,69,131,158,127,285,3493,3464,6957
LGA15550,1098,982,2080,0,0,0,0,0,0,0,0,0,3,3,6,0,0,0,0,0,0,3,3,6,0,0,0,0,0,0,0,0,0,4,3,7,0,0,0,0,0,0,0,0,0,3,5,8,3,0,3,0,0,0,0,0,0,0,0,0,6,5,11,0,0,0,0,0,0,0,0,0,0,0,0,4,4,8,0,0,0,0,0,0,0,3,3,0,0,0,0,0,0,0,0,0,0,0,0,0,0,0,0,0,0,0,0,0,0,0,0,0,0,0,6,5,11,0,0,0,6,5,11,0,0,0,0,0,0,0,0,0,0,0,0,0,0,0,6,3,9,29,26,55,66,59,125,1193,1067,2260
LGA15650,7177,6990,14167,6,3,9,0,0,0,3,8,11,17,15,32,9,10,19,0,0,0,26,25,51,4,0,4,8,3,11,3,3,6,6,4,10,6,9,15,0,0,0,0,4,4,7,3,10,6,0,6,5,3,8,4,3,7,0,3,3,22,16,38,0,0,0,0,0,0,0,0,0,0,0,0,10,10,20,3,4,7,0,0,0,3,3,6,0,0,0,10,0,10,0,3,3,6,7,13,0,0,0,0,0,0,0,5,5,10,7,17,0,3,3,5,10,15,0,3,3,15,23,38,4,3,7,5,5,10,7,13,20,4,3,7,0,0,0,71,69,140,222,219,441,765,418,1183,8164,7627,15791
LGA15700,8538,8950,17488,9,4,13,0,0,0,23,30,53,9,11,20,3,8,11,0,0,0,12,19,31,0,0,0,11,17,28,16,15,31,18,20,38,6,6,12,6,5,11,0,0,0,3,7,10,0,0,0,3,3,6,0,0,0,0,0,0,6,10,16,0,0,0,0,0,0,0,0,0,0,0,0,9,15,24,0,3,3,0,0,0,0,0,0,0,0,0,0,3,3,5,3,8,0,3,3,0,0,0,0,0,0,0,3,3,0,9,9,3,10,13,0,3,3,3,6,9,6,28,34,6,14,20,0,0,0,4,6,10,0,0,0,0,7,7,52,34,86,189,245,434,365,356,721,9092,9551,18643
LGA15750,6065,6030,12095,5,0,5,0,0,0,0,0,0,16,12,28,3,4,7,0,3,3,19,19,38,0,0,0,0,0,0,4,0,4,6,12,18,0,0,0,3,0,3,4,3,7,0,0,0,0,0,0,0,0,0,0,0,0,0,5,5,4,8,12,0,0,0,0,0,0,0,0,0,0,0,0,0,0,0,4,0,4,0,0,0,3,0,3,0,0,0,4,0,4,0,0,0,0,0,0,0,0,0,0,0,0,3,6,9,8,12,20,0,0,0,4,6,10,0,0,0,12,18,30,5,7,12,0,0,0,0,0,0,0,6,6,3,0,3,25,21,46,100,97,197,315,318,633,6480,6445,12925
LGA15800,2673,2727,5400,3,0,3,0,0,0,0,0,0,3,0,3,3,7,10,0,0,0,6,7,13,0,4,4,6,5,11,0,0,0,6,0,6,3,3,6,0,0,0,0,4,4,0,0,0,0,4,4,0,0,0,0,0,0,3,0,3,3,8,11,0,0,0,0,0,0,0,0,0,0,0,0,5,3,8,3,6,9,0,0,0,0,4,4,0,0,0,0,0,0,0,0,0,3,0,3,0,0,0,0,0,0,0,0,0,0,3,3,0,0,0,3,3,6,0,3,3,3,9,12,7,6,13,0,0,0,0,0,0,3,0,3,0,0,0,20,11,31,71,66,137,178,187,365,2922,2980,5902
LGA15850,3092,3104,6196,5,7,12,0,0,0,0,3,3,7,4,11,3,0,3,0,0,0,10,4,14,0,0,0,4,3,7,0,0,0,0,5,5,0,0,0,0,0,0,0,0,0,3,3,6,0,0,0,6,0,6,0,0,0,0,0,0,9,3,12,0,0,0,0,0,0,0,0,0,0,0,0,6,3,9,0,0,0,0,0,0,0,0,0,0,0,0,0,3,3,0,0,0,0,0,0,3,3,6,0,0,0,0,0,0,0,0,0,0,0,0,0,0,0,0,0,0,0,0,0,0,3,3,0,0,0,0,5,5,0,0,0,0,0,0,8,5,13,45,47,92,155,142,297,3292,3293,6585
LGA15900,63602,65993,129595,366,272,638,3,3,6,10,13,23,227,251,478,421,509,930,78,72,150,726,832,1558,127,128,255,49,64,113,103,121,224,174,212,386,432,454,886,21,30,51,76,86,162,100,98,198,46,24,70,40,43,83,62,52,114,81,62,143,405,365,770,11,10,21,81,62,143,8,18,26,100,90,190,474,495,969,48,68,116,14,13,27,212,183,395,638,603,1241,5,8,13,124,208,332,52,46,98,33,53,86,66,47,113,132,119,251,49,114,163,82,75,157,78,178,256,64,112,176,273,479,752,191,204,395,73,65,138,49,106,155,27,12,39,138,136,274,950,896,1846,6015,6325,12340,3535,3066,6601,73152,75384,148536
LGA15950,21504,23355,44859,75,69,144,6,8,14,0,0,0,705,957,1662,591,904,1495,59,78,137,1355,1939,3294,33,41,74,78,78,156,275,288,563,217,218,435,110,147,257,46,63,109,63,39,102,203,160,363,28,30,58,25,29,54,30,16,46,278,169,447,627,443,1070,0,0,0,111,104,215,5,5,10,116,109,225,214,203,417,486,689,1175,7,5,12,175,296,471,28,30,58,3,3,6,77,105,182,74,101,175,103,176,279,4,3,7,33,50,83,55,86,141,68,85,153,76,96,172,8,21,29,207,288,495,318,384,702,74,54,128,122,222,344,35,27,62,52,97,149,516,611,1127,5466,6747,12213,2696,2520,5216,29666,32622,62288
LGA16100,2387,2234,4621,3,0,3,0,0,0,0,0,0,0,0,0,0,0,0,0,0,0,0,0,0,0,0,0,3,0,3,0,3,3,11,3,14,3,3,6,0,3,3,0,0,0,0,3,3,3,3,6,0,0,0,0,0,0,0,0,0,3,6,9,0,0,0,0,0,0,0,0,0,0,0,0,8,5,13,0,3,3,0,3,3,0,0,0,0,0,0,0,0,0,0,0,0,0,0,0,4,3,7,0,0,0,3,0,3,0,3,3,0,0,0,0,0,0,0,0,0,0,3,3,0,3,3,0,0,0,0,0,0,0,0,0,0,3,3,37,26,63,75,67,142,194,82,276,2656,2383,5039
LGA16150,16614,17615,34229,61,58,119,0,0,0,6,3,9,33,32,65,32,41,73,6,3,9,71,76,147,22,18,40,10,11,21,13,14,27,28,36,64,49,34,83,8,10,18,0,3,3,20,25,45,11,17,28,3,4,7,10,8,18,9,8,17,53,65,118,0,0,0,12,9,21,3,0,3,15,9,24,84,80,164,3,11,14,0,0,0,14,15,29,4,7,11,3,0,3,5,28,33,12,11,23,39,45,84,0,0,0,7,8,15,14,33,47,6,9,15,11,25,36,6,5,11,37,72,109,26,35,61,11,11,22,17,20,37,15,18,33,9,11,20,268,269,537,890,975,1865,1078,885,1963,18582,19475,38057
LGA16180,6513,6476,12989,4,3,7,0,0,0,3,3,6,3,7,10,6,11,17,0,3,3,9,21,30,14,26,40,7,15,22,21,26,47,26,30,56,12,4,16,7,6,13,0,0,0,0,3,3,0,0,0,0,0,0,0,0,0,0,0,0,0,3,3,0,0,0,0,0,0,0,0,0,0,0,0,48,30,78,0,3,3,0,3,3,6,3,9,13,6,19,0,4,4,6,8,14,3,3,6,3,5,8,0,0,0,3,4,7,4,11,15,4,3,7,0,0,0,0,0,0,8,14,22,23,22,45,0,0,0,0,0,0,0,0,0,0,5,5,48,62,110,264,309,573,416,374,790,7193,7159,14352
LGA16200,6599,6794,13393,9,18,27,3,0,3,8,3,11,15,18,33,4,0,4,0,0,0,19,18,37,0,3,3,0,6,6,5,3,8,3,3,6,0,0,0,0,0,0,0,0,0,5,10,15,0,0,0,6,0,6,0,0,0,0,0,0,11,10,21,0,0,0,4,0,4,0,0,0,4,0,4,6,15,21,4,6,10,3,0,3,0,3,3,0,0,0,3,0,3,3,7,10,0,0,0,3,0,3,0,0,0,0,0,0,10,7,17,0,0,0,6,9,15,0,0,0,16,16,32,4,9,13,0,0,0,0,8,8,0,0,0,7,3,10,36,47,83,147,178,325,448,426,874,7194,7398,14592
LGA16250,36030,36405,72435,8723,8487,17210,62,67,129,4,6,10,3994,4415,8409,4608,5301,9909,431,498,929,9033,10214,19247,277,331,608,47,73,120,173,185,358,155,183,338,675,676,1351,59,83,142,584,503,1087,2349,2070,4419,1245,796,2041,416,380,796,506,435,941,3142,2620,5762,8242,6804,15046,493,507,1000,972,889,1861,190,166,356,1655,1562,3217,651,663,1314,108,163,271,36,49,85,2178,2262,4440,46,59,105,140,169,309,223,294,517,79,92,171,209,240,449,156,179,335,221,211,432,324,473,797,344,391,735,641,865,1506,45,68,113,1354,1797,3151,669,813,1482,1291,1182,2473,119,248,367,763,776,1539,726,790,1516,3614,3485,7099,41688,42143,83831,5842,4751,10593,83560,83299,166859
LGA16350,71308,73076,144384,1429,1348,2777,108,111,219,16,6,22,267,301,568,269,400,669,41,43,84,577,744,1321,553,560,1113,130,132,262,133,151,284,185,234,419,585,579,1164,130,139,269,102,91,193,665,724,1389,478,405,883,180,180,360,298,267,565,211,213,424,1934,1880,3814,71,76,147,133,125,258,44,49,93,248,250,498,757,721,1478,31,48,79,51,63,114,64,94,158,89,92,181,708,694,1402,230,246,476,53,67,120,58,91,149,406,429,835,205,220,425,394,504,898,76,112,188,731,1020,1751,34,75,109,1235,1711,2946,553,646,1199,163,188,351,67,155,222,318,282,600,129,177,306,1378,1400,2778,12523,13458,25981,4257,3844,8101,88088,90378,178466
LGA16370,24828,25869,50697,33,27,60,0,0,0,0,0,0,41,65,106,68,84,152,3,15,18,112,164,276,121,147,268,96,127,223,119,117,236,274,309,583,49,57,106,19,24,43,7,6,13,16,17,33,43,21,64,3,4,7,4,0,4,8,11,19,81,59,140,3,3,6,19,18,37,3,0,3,25,21,46,207,222,429,38,63,101,5,7,12,26,31,57,4,0,4,0,7,7,23,40,63,83,105,188,28,36,64,0,3,3,136,156,292,8,22,30,11,11,22,13,38,51,3,5,8,35,76,111,117,153,270,5,4,9,21,44,65,8,12,20,19,31,50,266,302,568,1950,2344,4294,1133,1030,2163,27911,29243,57154
LGA16380,32682,35461,68143,19,16,35,4,0,4,11,10,21,31,39,70,31,21,52,3,3,6,65,63,128,18,20,38,59,65,124,43,41,84,85,99,184,18,20,38,18,13,31,9,6,15,16,14,30,11,8,19,3,0,3,4,0,4,9,12,21,52,40,92,0,0,0,10,4,14,3,0,3,13,4,17,71,56,127,17,30,47,0,0,0,6,9,15,0,3,3,10,6,16,9,19,28,3,7,10,6,19,25,0,7,7,5,3,8,11,16,27,5,10,15,8,35,43,4,15,19,28,76,104,38,44,82,5,5,10,21,36,57,8,9,17,19,20,39,146,162,308,797,902,1699,1455,1400,2855,34934,37763,72697
LGA16400,29397,30381,59778,23,9,32,5,3,8,5,0,5,39,29,68,17,29,46,4,7,11,60,65,125,49,51,100,40,54,94,44,49,93,72,88,160,59,53,112,13,19,32,0,0,0,13,18,31,14,6,20,0,3,3,13,3,16,15,21,36,55,51,106,0,0,0,3,3,6,0,0,0,3,3,6,84,85,169,12,25,37,0,3,3,9,15,24,14,16,30,16,8,24,17,27,44,14,11,25,10,8,18,15,14,29,7,5,12,12,29,41,3,7,10,19,58,77,6,13,19,40,107,147,39,54,93,3,3,6,12,41,53,4,5,9,13,13,26,133,142,275,870,1027,1897,1639,1491,3130,31906,32899,64805
LGA16470,15368,15463,30831,67,56,123,0,4,4,0,3,3,48,61,109,73,80,153,12,14,26,133,155,288,131,119,250,21,17,38,25,35,60,59,72,131,124,123,247,26,23,49,52,33,85,97,96,193,96,71,167,22,29,51,45,34,79,56,55,111,368,318,686,0,0,0,19,12,31,5,8,13,24,20,44,297,295,592,10,17,27,4,5,9,17,13,30,489,443,932,23,18,41,58,65,123,28,28,56,22,35,57,41,38,79,148,132,280,37,64,101,34,54,88,53,81,134,5,15,20,129,214,343,61,57,118,18,17,35,20,37,57,18,11,29,35,48,83,294,306,600,2690,2724,5414,978,769,1747,19036,18956,37992
LGA16550,39107,40809,79916,642,581,1223,93,100,193,8,3,11,2032,2388,4420,2859,3267,6126,357,387,744,5248,6042,11290,141,164,305,79,114,193,661,699,1360,335,411,746,2305,2643,4948,149,230,379,249,191,440,191,198,389,54,39,93,70,71,141,93,40,133,161,139,300,818,678,1496,12,7,19,187,148,335,5,0,5,204,155,359,797,864,1661,197,301,498,23,19,42,277,307,584,17,16,33,111,134,245,238,310,548,442,473,915,806,986,1792,25,18,43,130,171,301,92,161,253,1247,1241,2488,144,260,404,179,223,402,1662,1885,3547,922,1053,1975,98,71,169,239,362,601,117,117,234,273,317,590,1221,1258,2479,18278,20482,38760,5983,4330,10313,63368,65621,128989
LGA16610,10229,10446,20675,3,0,3,0,0,0,11,17,28,7,7,14,0,4,4,0,0,0,7,11,18,0,0,0,16,18,34,0,4,4,16,9,25,11,9,20,3,5,8,0,0,0,0,0,0,0,0,0,0,5,5,0,0,0,0,0,0,0,5,5,0,0,0,0,0,0,0,0,0,0,0,0,33,26,59,3,3,6,0,0,0,0,4,4,0,5,5,0,0,0,3,3,6,10,4,14,0,0,0,0,0,0,0,0,0,0,23,23,0,3,3,0,22,22,0,3,3,0,51,51,8,8,16,3,0,3,0,12,12,0,0,0,0,3,3,35,24,59,162,221,383,514,465,979,10905,11132,22037
LGA16650,19089,19556,38645,4403,4370,8773,68,58,126,3,3,6,2082,2352,4434,2323,2678,5001,239,282,521,4644,5312,9956,241,261,502,23,42,65,92,117,209,88,103,191,4336,4578,8914,58,72,130,1113,610,1723,437,399,836,111,66,177,26,21,47,130,110,240,1501,996,2497,3318,2202,5520,11,9,20,71,77,148,5,3,8,87,89,176,958,1090,2048,132,214,346,8,18,26,129,151,280,2436,2450,4886,118,169,287,102,111,213,370,355,725,251,313,564,87,81,168,328,375,703,198,263,461,382,487,869,343,479,822,40,46,86,963,1275,2238,931,1065,1996,52,46,98,176,342,518,207,221,428,398,427,825,933,1050,1983,25940,26960,52900,3079,2716,5795,48108,49232,97340
LGA16700,27261,28050,55311,846,854,1700,13,11,24,0,0,0,3424,3867,7291,3932,4889,8821,406,517,923,7762,9273,17035,236,210,446,51,51,102,140,135,275,172,188,360,639,659,1298,58,79,137,175,135,310,544,482,1026,213,152,365,220,208,428,150,111,261,344,283,627,1646,1371,3017,107,122,229,340,367,707,25,26,51,472,515,987,1394,1533,2927,243,370,613,13,22,35,2005,2026,4031,78,92,170,49,50,99,135,178,313,65,67,132,136,191,327,4,0,4,151,177,328,237,350,587,484,480,964,300,389,689,63,101,164,1084,1320,2404,402,487,889,382,350,732,121,227,348,100,88,188,226,274,500,1916,1961,3877,20539,22759,43298,2261,2169,4430,50061,52978,103039
LGA16900,26920,27887,54807,74,64,138,0,5,5,5,0,5,29,47,76,34,46,80,15,16,31,78,109,187,137,144,281,35,54,89,15,24,39,161,217,378,159,177,336,49,54,103,7,9,16,19,21,40,9,10,19,6,13,19,17,17,34,3,3,6,61,73,134,0,0,0,15,14,29,3,0,3,18,14,32,299,282,581,13,11,24,5,10,15,4,10,14,836,814,1650,108,126,234,41,67,108,104,115,219,0,5,5,3,3,6,154,147,301,24,63,87,3,11,14,28,65,93,8,15,23,63,154,217,382,448,830,3,4,7,28,61,89,151,161,312,61,50,111,223,210,433,3270,3613,6883,970,946,1916,31160,32446,63606
LGA16950,41332,43150,84482,36,31,67,0,4,4,12,9,21,76,70,146,35,41,76,6,8,14,117,119,236,75,65,140,58,89,147,48,65,113,138,202,340,149,107,256,29,24,53,0,4,4,13,12,25,9,3,12,0,9,9,10,3,13,6,11,17,38,42,80,0,0,0,6,13,19,0,0,0,6,13,19,211,183,394,21,21,42,4,6,10,9,12,21,17,17,34,64,51,115,25,38,63,11,18,29,20,26,46,8,3,11,21,27,48,9,39,48,12,20,32,25,73,98,0,9,9,46,141,187,66,90,156,9,3,12,17,47,64,15,9,24,16,27,43,202,193,395,1488,1682,3170,2890,2268,5158,45710,47100,92810
LGA17000,10835,10381,21216,10,3,13,0,0,0,0,0,0,14,19,33,8,3,11,3,3,6,25,25,50,0,4,4,7,3,10,11,10,21,14,20,34,4,7,11,0,0,0,7,3,10,6,10,16,3,0,3,8,3,11,7,5,12,4,4,8,35,25,60,0,0,0,3,0,3,3,3,6,6,3,9,22,10,32,4,3,7,0,0,0,6,3,9,0,3,3,9,6,15,3,6,9,0,0,0,4,0,4,0,0,0,3,0,3,10,19,29,7,14,21,8,21,29,0,3,3,25,57,82,13,13,26,0,0,0,7,11,18,0,4,4,9,6,15,98,69,167,315,291,606,498,375,873,11648,11047,22695
LGA17050,3282,2925,6207,6,5,11,0,0,0,3,0,3,7,0,7,3,14,17,0,3,3,10,17,27,3,3,6,5,8,13,21,13,34,37,47,84,0,4,4,0,4,4,0,0,0,3,0,3,0,0,0,0,0,0,0,0,0,3,3,6,6,3,9,0,0,0,0,0,0,0,0,0,0,0,0,20,10,30,0,5,5,0,0,0,3,0,3,5,3,8,0,3,3,5,0,5,0,0,0,5,0,5,0,0,0,0,0,0,0,0,0,0,0,0,3,0,3,0,0,0,3,0,3,7,3,10,0,0,0,9,8,17,3,8,11,3,0,3,27,35,62,181,179,360,553,390,943,4016,3494,7510
LGA17100,5846,5463,11309,1003,996,1999,13,8,21,0,0,0,1339,1491,2830,1288,1534,2822,137,179,316,2764,3204,5968,84,97,181,3,15,18,26,34,60,28,22,50,307,323,630,27,30,57,111,76,187,523,420,943,165,95,260,40,38,78,138,109,247,626,399,1025,1603,1137,2740,5,6,11,24,29,53,19,12,31,48,47,95,408,480,888,16,36,52,9,11,20,1515,1618,3133,5,12,17,9,9,18,38,53,91,33,36,69,79,128,207,14,12,26,52,41,93,37,56,93,100,114,214,67,89,156,3,7,10,207,266,473,156,182,338,918,959,1877,37,53,90,87,84,171,294,315,609,749,670,1419,10532,10878,21410,1281,1188,2469,17659,17529,35188
LGA17150,88226,91449,179675,1003,993,1996,12,15,27,4,4,8,915,1075,1990,675,907,1582,106,103,209,1696,2085,3781,301,329,630,135,211,346,238,257,495,332,407,739,1982,2105,4087,59,93,152,52,51,103,178,188,366,84,52,136,27,32,59,58,62,120,127,153,280,526,538,1064,0,0,0,44,43,87,6,0,6,50,43,93,925,1012,1937,127,198,325,18,31,49,66,105,171,512,518,1030,86,139,225,189,208,397,191,210,401,307,381,688,41,25,66,145,162,307,87,166,253,140,197,337,126,262,388,17,31,48,370,656,1026,603,697,1300,34,38,72,70,213,283,105,76,181,203,241,444,989,1043,2032,11319,13033,24352,3622,3214,6836,103167,107696,210863
LGA17200,52579,44281,96860,911,569,1480,8,16,24,26,22,48,2558,2908,5466,3734,4971,8705,546,661,1207,6838,8540,15378,139,139,278,173,160,333,928,751,1679,585,533,1118,1133,1023,2156,113,110,223,251,78,329,511,343,854,57,43,100,57,44,101,96,43,139,470,266,736,1442,817,2259,12,7,19,261,195,456,6,8,14,279,210,489,874,560,1434,620,799,1419,31,31,62,1254,1498,2752,87,89,176,62,46,108,238,283,521,426,372,798,745,1101,1846,31,30,61,213,219,432,154,194,348,1587,1584,3171,230,308,538,108,117,225,2079,2203,4282,1164,1061,2225,126,77,203,1442,2061,3503,309,256,565,869,1044,1913,1515,1405,2920,24660,26025,50685,12327,9634,21961,89566,79940,169506
LGA17310,25606,27002,52608,17,18,35,0,0,0,10,9,19,45,33,78,30,36,66,4,7,11,79,76,155,4,3,7,20,17,37,7,12,19,34,20,54,14,20,34,8,3,11,3,5,8,21,16,37,6,3,9,5,4,9,8,5,13,19,15,34,62,48,110,0,0,0,5,3,8,0,0,0,5,3,8,30,26,56,4,3,7,4,0,4,27,7,34,3,0,3,8,5,13,4,3,7,0,3,3,5,12,17,6,10,16,3,3,6,10,22,32,6,5,11,37,40,77,0,7,7,53,74,127,19,18,37,7,5,12,9,13,22,3,3,6,8,3,11,128,112,240,581,529,1110,1335,1238,2573,27522,28769,56291
LGA17350,2728,2768,5496,3,0,3,0,0,0,0,0,0,4,4,8,3,0,3,0,0,0,7,4,11,0,4,4,3,0,3,0,0,0,3,3,6,3,0,3,0,0,0,0,0,0,0,0,0,0,0,0,0,0,0,0,0,0,0,0,0,0,0,0,0,0,0,3,3,6,0,0,0,3,3,6,3,6,9,0,0,0,0,0,0,0,0,0,0,0,0,0,0,0,0,0,0,0,0,0,0,0,0,0,0,0,3,0,3,3,7,10,0,0,0,7,7,14,0,0,0,10,14,24,3,3,6,0,0,0,0,0,0,0,0,0,9,4,13,7,7,14,57,48,105,88,87,175,2873,2903,5776
LGA17400,3106,3174,6280,0,0,0,0,0,0,4,12,16,3,0,3,3,0,3,0,0,0,6,0,6,0,0,0,3,3,6,3,3,6,13,13,26,3,0,3,0,0,0,3,3,6,0,0,0,0,0,0,0,0,0,0,0,0,0,0,0,3,3,6,0,0,0,0,0,0,0,0,0,0,0,0,20,11,31,0,6,6,0,0,0,3,0,3,0,0,0,0,0,0,3,3,6,0,0,0,0,0,0,3,0,3,0,0,0,3,3,6,0,3,3,3,3,6,0,3,3,6,12,18,0,3,3,0,0,0,3,0,3,0,3,3,0,0,0,8,5,13,81,77,158,203,170,373,3390,3421,6811
LGA17420,58265,58769,117034,1629,1627,3256,34,63,97,0,0,0,3599,3927,7526,3166,3464,6630,281,331,612,7046,7722,14768,357,389,746,130,145,275,183,213,396,295,298,593,641,723,1364,101,105,206,200,191,391,1083,1174,2257,491,486,977,646,692,1338,355,307,662,403,396,799,3178,3246,6424,159,169,328,802,784,1586,91,88,179,1052,1041,2093,1054,1090,2144,91,145,236,21,24,45,1782,1815,3597,39,46,85,235,229,464,305,345,650,77,83,160,190,230,420,20,18,38,141,167,308,285,393,678,392,388,780,485,645,1130,51,39,90,1213,1465,2678,653,745,1398,758,765,1523,87,134,221,243,263,506,316,324,640,1547,1605,3152,23418,25065,48483,2303,2053,4356,83986,85887,169873
LGA17450,1549,1478,3027,6,5,11,0,0,0,0,0,0,7,3,10,0,3,3,0,0,0,7,6,13,0,0,0,0,0,0,3,0,3,4,9,13,0,0,0,0,0,0,0,0,0,0,0,0,0,0,0,0,0,0,0,0,0,0,0,0,0,0,0,0,0,0,0,0,0,0,0,0,0,0,0,0,3,3,0,0,0,0,0,0,0,0,0,0,0,0,0,0,0,0,5,5,0,0,0,0,0,0,3,0,3,0,0,0,0,0,0,0,0,0,0,0,0,0,0,0,0,0,0,3,3,6,0,3,3,0,0,0,0,0,0,0,0,0,21,19,40,47,53,100,189,43,232,1785,1574,3359
LGA17500,5133,5040,10173,3,3,6,0,0,0,0,6,6,13,12,25,8,4,12,0,0,0,21,16,37,8,5,13,14,4,18,4,0,4,14,13,27,4,5,9,0,0,0,0,0,0,3,4,7,4,3,7,0,0,0,0,0,0,6,4,10,13,11,24,0,0,0,4,0,4,0,0,0,4,0,4,6,8,14,0,0,0,0,0,0,0,0,0,0,0,0,0,0,0,3,5,8,4,6,10,3,3,6,0,0,0,0,0,0,10,10,20,0,0,0,3,8,11,0,0,0,13,18,31,4,3,7,0,0,0,0,7,7,0,0,0,3,3,6,64,51,115,185,167,352,208,202,410,5526,5409,10935
LGA17550,37572,40422,77994,32,17,49,0,0,0,12,19,31,53,53,106,62,93,155,21,25,46,136,171,307,13,21,34,66,66,132,92,90,182,142,169,311,34,25,59,9,13,22,9,4,13,15,14,29,78,79,157,3,4,7,6,0,6,10,3,13,121,104,225,0,0,0,5,7,12,0,0,0,5,7,12,115,128,243,72,90,162,0,0,0,10,15,25,4,3,7,15,13,28,15,32,47,49,42,91,15,25,40,16,11,27,4,9,13,12,37,49,24,35,59,27,97,124,12,10,22,75,179,254,78,84,162,0,4,4,27,69,96,5,6,11,19,18,37,263,251,514,1444,1681,3125,1996,1990,3986,41012,44093,85105
LGA17620,6449,6464,12913,6,9,15,0,0,0,3,0,3,12,10,22,19,14,33,0,0,0,31,24,55,0,0,0,0,4,4,3,3,6,7,4,11,0,4,4,0,0,0,3,3,6,3,3,6,0,0,0,0,0,0,3,4,7,3,3,6,12,13,25,0,0,0,0,0,0,0,0,0,0,0,0,6,4,10,0,4,4,0,5,5,9,3,12,0,0,0,0,0,0,0,4,4,16,10,26,4,3,7,0,0,0,0,0,0,0,3,3,3,0,3,3,10,13,0,0,0,6,13,19,0,0,0,3,0,3,0,3,3,0,0,0,4,0,4,20,25,45,130,135,265,285,290,575,6864,6889,13753
LGA17640,3389,3380,6769,3,0,3,0,0,0,0,0,0,4,0,4,0,5,5,0,0,0,4,5,9,3,8,11,5,0,5,0,0,0,13,6,19,16,12,28,0,0,0,0,0,0,0,0,0,0,0,0,0,0,0,0,0,0,0,0,0,0,0,0,0,0,0,0,0,0,0,0,0,0,0,0,3,8,11,0,0,0,0,0,0,0,0,0,3,0,3,0,0,0,3,0,3,0,0,0,0,0,0,0,0,0,0,0,0,0,0,0,3,4,7,0,0,0,3,0,3,6,4,10,3,6,9,0,0,0,3,4,7,0,0,0,0,0,0,16,11,27,81,64,145,134,144,278,3604,3588,7192
LGA17650,2795,2885,5680,0,0,0,0,0,0,0,0,0,3,0,3,3,5,8,0,0,0,6,5,11,0,0,0,5,5,10,6,9,15,0,8,8,0,0,0,0,0,0,3,3,6,0,0,0,0,0,0,0,0,0,0,0,0,0,0,0,3,3,6,0,0,0,0,0,0,0,0,0,0,0,0,9,5,14,3,4,7,0,0,0,0,0,0,0,0,0,0,0,0,0,0,0,3,0,3,0,0,0,0,0,0,0,0,0,0,0,0,0,0,0,0,0,0,0,0,0,0,0,0,4,0,4,3,0,3,0,0,0,0,0,0,3,4,7,14,19,33,59,62,121,126,107,233,2980,3054,6034
LGA17700,569,503,1072,0,0,0,0,0,0,0,0,0,0,0,0,0,0,0,0,0,0,0,0,0,0,0,0,0,3,3,0,0,0,0,3,3,0,0,0,0,0,0,0,0,0,0,0,0,0,0,0,0,0,0,0,0,0,0,0,0,0,0,0,0,0,0,0,0,0,0,0,0,0,0,0,3,3,6,0,0,0,0,0,0,0,0,0,0,0,0,0,0,0,0,3,3,0,0,0,0,0,0,0,0,0,0,0,0,0,3,3,0,0,0,0,0,0,0,0,0,0,3,3,0,0,0,0,0,0,0,0,0,0,0,0,0,0,0,0,0,0,3,15,18,31,34,65,603,552,1155
LGA17750,26671,28128,54799,146,123,269,3,0,3,10,14,24,64,60,124,116,127,243,6,6,12,186,193,379,5,5,10,11,27,38,28,32,60,38,59,97,32,36,68,3,5,8,23,11,34,59,47,106,18,19,37,31,24,55,29,32,61,29,34,63,189,167,356,13,3,16,33,16,49,4,3,7,50,22,72,48,42,90,11,11,22,0,0,0,20,22,42,0,0,0,8,5,13,6,16,22,7,7,14,11,4,15,8,15,23,10,12,22,23,40,63,4,18,22,27,34,61,6,9,15,60,101,161,31,36,67,27,29,56,8,21,29,3,4,7,26,30,56,354,375,729,1339,1413,2752,970,939,1909,28980,30480,59460
LGA17800,1835,1775,3610,3,0,3,0,0,0,0,0,0,0,5,5,0,0,0,0,0,0,0,5,5,0,0,0,6,6,12,0,4,4,5,4,9,3,0,3,0,0,0,0,0,0,0,0,0,4,5,9,0,0,0,0,0,0,3,0,3,7,5,12,0,0,0,0,0,0,0,0,0,0,0,0,14,12,26,0,0,0,3,0,3,4,0,4,0,0,0,0,0,0,0,0,0,0,0,0,0,0,0,0,0,0,0,0,0,7,9,16,0,0,0,0,5,5,0,0,0,7,14,21,3,0,3,0,0,0,0,0,0,0,0,0,0,0,0,8,6,14,63,56,119,128,105,233,2026,1936,3962
LGA17850,1445,1454,2899,0,0,0,0,0,0,0,0,0,0,0,0,4,5,9,0,0,0,4,5,9,0,0,0,0,0,0,0,0,0,3,6,9,0,0,0,3,0,3,0,0,0,0,0,0,0,0,0,0,0,0,0,0,0,3,0,3,3,0,3,0,0,0,0,0,0,0,0,0,0,0,0,3,3,6,0,0,0,0,0,0,0,0,0,0,0,0,0,0,0,0,0,0,0,0,0,3,4,7,0,0,0,0,0,0,0,0,0,0,0,0,0,0,0,0,0,0,0,0,0,0,0,0,0,0,0,0,0,0,0,0,0,0,0,0,3,9,12,22,27,49,38,35,73,1505,1516,3021
LGA17900,2948,2590,5538,0,3,3,0,0,0,3,4,7,8,3,11,0,0,0,0,0,0,8,3,11,27,13,40,0,5,5,4,0,4,14,15,29,5,5,10,8,8,16,0,0,0,0,0,0,3,0,3,0,0,0,3,5,8,5,0,5,11,5,16,0,0,0,0,0,0,0,0,0,0,0,0,13,0,13,4,0,4,0,0,0,0,4,4,0,0,0,4,0,4,0,4,4,0,0,0,3,0,3,0,0,0,32,12,44,3,5,8,3,3,6,6,14,20,0,0,0,12,22,34,4,8,12,0,0,0,0,0,0,0,0,0,0,0,0,56,39,95,208,150,358,331,225,556,3487,2965,6452
LGA17950,1310,1305,2615,0,0,0,0,0,0,0,0,0,3,3,6,0,0,0,0,0,0,3,3,6,0,0,0,0,0,0,0,3,3,3,0,3,0,0,0,0,0,0,0,0,0,0,0,0,0,0,0,0,0,0,0,0,0,0,0,0,0,0,0,0,0,0,0,0,0,0,0,0,0,0,0,0,0,0,0,0,0,0,0,0,0,0,0,0,0,0,3,0,3,0,0,0,0,0,0,0,5,5,0,0,0,0,0,0,0,0,0,0,0,0,0,0,0,0,0,0,0,0,0,3,3,6,0,0,0,0,6,6,0,0,0,3,0,3,3,3,6,18,23,41,60,42,102,1388,1370,2758
LGA18000,55661,57022,112683,217,175,392,5,7,12,6,8,14,667,788,1455,749,935,1684,86,99,185,1502,1822,3324,203,229,432,221,279,500,461,498,959,504,598,1102,308,312,620,81,86,167,22,18,40,172,154,326,229,122,351,16,17,33,24,25,49,160,112,272,623,448,1071,5,9,14,176,172,348,19,11,30,200,192,392,1355,1397,2752,334,507,841,13,14,27,284,343,627,40,53,93,12,16,28,127,162,289,524,566,1090,129,152,281,18,32,50,409,451,860,103,175,278,157,155,312,235,330,565,14,35,49,509,695,1204,468,544,1012,25,21,46,115,255,370,41,48,89,143,149,292,1793,1921,3714,10670,11980,22650,2781,2628,5409,69112,71630,140742
LGA18020,4417,4420,8837,4,4,8,0,0,0,5,6,11,7,3,10,0,3,3,3,3,6,10,9,19,0,3,3,10,3,13,3,3,6,10,22,32,5,0,5,3,3,6,3,0,3,0,0,0,0,0,0,0,0,0,0,0,0,0,0,0,3,0,3,0,0,0,0,0,0,0,0,0,0,0,0,4,3,7,0,0,0,0,3,3,0,0,0,0,0,0,0,4,4,7,3,10,3,3,6,0,0,0,0,0,0,3,0,3,0,3,3,0,3,3,0,3,3,0,0,0,0,9,9,6,5,11,0,0,0,0,0,0,0,0,0,3,0,3,13,10,23,92,93,185,295,271,566,4804,4784,9588
LGA18050,22122,22625,44747,128,97,225,3,9,12,3,3,6,160,238,398,225,269,494,24,33,57,409,540,949,48,57,105,64,70,134,402,418,820,301,340,641,380,418,798,157,283,440,30,15,45,26,35,61,13,11,24,7,9,16,4,4,8,34,41,75,114,115,229,0,0,0,35,41,76,0,0,0,35,41,76,429,439,868,106,166,272,0,0,0,93,136,229,13,11,24,28,22,50,90,135,225,314,332,646,737,890,1627,4,0,4,50,59,109,19,50,69,52,65,117,55,88,143,16,17,33,142,220,362,392,431,823,3,6,9,56,110,166,34,29,63,38,47,85,994,996,1990,5567,6420,11987,3573,3179,6752,31262,32224,63486
LGA18100,1754,1720,3474,3,0,3,0,0,0,0,0,0,0,5,5,0,0,0,0,0,0,0,5,5,0,0,0,0,3,3,0,0,0,0,0,0,0,4,4,3,3,6,0,0,0,0,0,0,0,0,0,3,0,3,0,0,0,0,0,0,3,0,3,0,0,0,0,0,0,0,0,0,0,0,0,0,0,0,0,0,0,0,0,0,0,0,0,0,0,0,0,0,0,0,0,0,0,0,0,0,0,0,0,0,0,0,0,0,0,4,4,0,0,0,0,0,0,0,0,0,0,4,4,0,0,0,3,3,6,0,0,0,0,0,0,0,0,0,3,0,3,15,22,37,90,64,154,1859,1806,3665
LGA18150,3726,3749,7475,4,3,7,0,0,0,0,8,8,10,3,13,0,3,3,0,0,0,10,6,16,0,0,0,5,7,12,0,3,3,4,4,8,4,0,4,3,3,6,0,0,0,3,0,3,0,0,0,0,0,0,0,0,0,0,0,0,3,0,3,0,0,0,0,0,0,0,0,0,0,0,0,5,5,10,0,0,0,0,0,0,0,3,3,0,0,0,0,0,0,0,3,3,0,0,0,4,0,4,0,0,0,0,0,0,4,5,9,0,0,0,0,10,10,0,0,0,4,15,19,3,3,6,0,4,4,0,0,0,0,0,0,3,3,6,13,24,37,65,94,159,635,226,861,4426,4069,8495
LGA18200,3141,2957,6098,3,0,3,0,0,0,3,11,14,0,0,0,0,4,4,0,0,0,0,4,4,3,0,3,3,0,3,3,0,3,3,3,6,3,5,8,0,0,0,0,0,0,0,0,0,4,0,4,0,0,0,0,0,0,0,4,4,4,4,8,0,0,0,0,0,0,0,0,0,0,0,0,58,47,105,3,0,3,0,0,0,0,0,0,3,0,3,0,0,0,0,0,0,0,0,0,0,0,0,0,0,0,0,0,0,0,0,0,0,0,0,0,0,0,0,5,5,0,5,5,3,3,6,0,0,0,0,5,5,0,0,0,3,0,3,12,0,12,107,87,194,185,132,317,3433,3176,6609
LGA18250,20178,20507,40685,233,236,469,7,4,11,0,0,0,2187,2873,5060,2101,2770,4871,186,234,420,4474,5877,10351,211,200,411,63,57,120,152,168,320,155,172,327,240,223,463,60,79,139,42,36,78,257,207,464,40,31,71,25,29,54,39,32,71,267,231,498,670,566,1236,3,5,8,221,217,438,6,4,10,230,226,456,387,399,786,684,862,1546,4,5,9,1055,1343,2398,46,49,95,0,0,0,56,79,135,56,63,119,100,132,232,3,4,7,59,60,119,90,128,218,215,261,476,126,161,287,11,27,38,442,577,1019,192,211,403,81,54,135,130,223,353,26,23,49,80,96,176,837,922,1759,10733,12910,23643,1552,1476,3028,32463,34893,67356
LGA18350,19492,21073,40565,27,20,47,0,0,0,3,8,11,36,49,85,35,55,90,3,6,9,74,110,184,20,22,42,36,62,98,29,58,87,83,109,192,79,82,161,20,28,48,0,7,7,20,24,44,9,9,18,0,0,0,0,0,0,9,4,13,38,44,82,0,0,0,3,3,6,0,0,0,3,3,6,138,138,276,12,18,30,0,3,3,3,7,10,27,18,45,10,7,17,29,33,62,13,17,30,3,11,14,4,4,8,17,20,37,0,8,8,6,10,16,14,16,30,3,8,11,23,42,65,43,62,105,3,3,6,14,21,35,10,11,21,7,5,12,113,134,247,881,1100,1981,898,952,1850,21271,23125,44396
LGA18400,19715,19740,39455,106,90,196,3,3,6,4,9,13,23,29,52,23,33,56,3,0,3,49,62,111,65,54,119,29,33,62,24,24,48,49,75,124,74,74,148,13,15,28,0,0,0,6,6,12,4,5,9,5,0,5,11,7,18,0,0,0,26,18,44,3,0,3,3,0,3,0,0,0,6,0,6,174,174,348,6,0,6,4,4,8,9,8,17,12,15,27,103,77,180,16,24,40,11,8,19,11,28,39,7,0,7,33,36,69,3,14,17,0,3,3,7,17,24,8,4,12,18,38,56,41,52,93,0,0,0,4,18,22,10,14,24,18,16,34,141,191,332,1066,1160,2226,828,749,1577,21609,21649,43258
LGA18450,75426,77269,152695,1128,1043,2171,36,17,53,4,6,10,318,337,655,1149,914,2063,357,246,603,1824,1497,3321,422,447,869,143,214,357,149,131,280,329,445,774,866,949,1815,65,87,152,50,39,89,145,148,293,21,14,35,79,81,160,100,69,169,98,97,195,493,448,941,4,3,7,187,165,352,19,16,35,210,184,394,2001,2169,4170,75,111,186,12,13,25,84,112,196,2665,2579,5244,148,181,329,178,242,420,519,534,1053,58,66,124,34,26,60,749,759,1508,67,161,228,134,139,273,103,241,344,55,70,125,359,611,970,778,865,1643,72,49,121,130,253,383,520,468,988,401,431,832,1335,1370,2705,15787,16307,32094,4035,3593,7628,95248,97169,192417
LGA18500,18647,21169,39816,55,58,113,7,6,13,3,0,3,252,339,591,198,241,439,25,17,42,475,597,1072,17,35,52,44,64,108,254,301,555,146,176,322,340,363,703,132,214,346,14,5,19,36,39,75,6,8,14,5,4,9,7,9,16,19,13,32,87,78,165,0,0,0,47,39,86,0,0,0,47,39,86,264,279,543,82,113,195,0,3,3,52,65,117,6,8,14,6,10,16,50,87,137,78,101,179,166,213,379,0,3,3,43,48,91,19,29,48,36,32,68,12,48,60,9,9,18,76,118,194,192,231,423,11,7,18,29,41,70,39,31,70,25,30,55,469,459,928,3195,3778,6973,2719,2649,5368,24561,27596,52157
LGA18550,66531,70984,137515,124,94,218,6,9,15,15,11,26,127,160,287,81,130,211,15,18,33,223,308,531,50,52,102,101,138,239,51,89,140,139,151,290,161,169,330,39,44,83,6,18,24,51,60,111,20,11,31,7,3,10,27,32,59,40,36,76,151,160,311,3,3,6,23,20,43,4,5,9,30,28,58,327,274,601,39,50,89,7,8,15,22,32,54,11,14,25,126,130,256,29,50,79,34,38,72,43,59,102,26,28,54,59,59,118,40,120,160,38,55,93,48,174,222,12,15,27,138,364,502,219,236,455,12,22,34,27,84,111,20,26,46,41,39,80,465,482,947,2735,3248,5983,3111,3138,6249,72377,77370,149747
LGA18710,6804,6961,13765,14,14,28,0,0,0,3,3,6,3,6,9,7,13,20,8,4,12,18,23,41,28,15,43,21,18,39,6,16,22,29,19,48,16,15,31,0,0,0,0,0,0,7,3,10,0,0,0,0,4,4,4,3,7,0,0,0,11,10,21,0,0,0,0,0,0,0,0,0,0,0,0,24,21,45,4,0,4,0,3,3,0,3,3,0,0,0,3,4,7,10,8,18,4,4,8,0,0,0,0,0,0,5,3,8,0,7,7,3,0,3,0,6,6,4,3,7,7,16,23,20,11,31,3,0,3,3,3,6,3,3,6,8,18,26,43,42,85,283,272,555,363,337,700,7450,7570,15020
LGA18750,5495,5780,11275,45,36,81,0,0,0,0,0,0,3,4,7,9,11,20,0,0,0,12,15,27,0,0,0,6,12,18,3,0,3,8,5,13,5,0,5,3,0,3,0,0,0,4,3,7,0,0,0,0,0,0,3,3,6,3,3,6,10,9,19,0,0,0,0,0,0,0,0,0,0,0,0,9,13,22,0,0,0,3,3,6,3,3,6,6,0,6,3,4,7,0,0,0,0,0,0,3,3,6,0,0,0,15,15,30,3,3,6,3,0,3,9,14,23,3,3,6,18,20,38,8,7,15,0,0,0,0,0,0,0,0,0,0,3,3,15,15,30,175,163,338,299,323,622,5969,6266,12235
LGA19399,582,515,1097,0,0,0,0,0,0,0,0,0,0,0,0,3,3,6,0,0,0,3,3,6,3,0,3,0,0,0,0,0,0,3,3,6,0,0,0,0,0,0,0,0,0,0,0,0,0,0,0,0,0,0,0,0,0,0,0,0,0,0,0,0,0,0,0,0,0,0,0,0,0,0,0,3,8,11,0,0,0,0,0,0,0,0,0,0,0,0,0,0,0,0,0,0,0,0,0,0,0,0,3,0,3,0,0,0,0,0,0,0,0,0,0,0,0,0,0,0,0,0,0,0,0,0,0,0,0,0,0,0,0,0,0,0,0,0,5,4,9,20,18,38,19,16,35,621,549,1170
LGA19499,4851,3767,8618,101,82,183,7,7,14,4,10,14,48,49,97,81,101,182,17,12,29,146,162,308,15,6,21,9,12,21,29,18,47,17,31,48,23,19,42,3,4,7,10,3,13,24,23,47,5,3,8,3,4,7,13,7,20,15,9,24,70,49,119,0,0,0,22,13,35,0,0,0,22,13,35,40,30,70,9,19,28,0,0,0,21,28,49,8,4,12,3,5,8,6,6,12,14,12,26,9,19,28,23,17,40,9,5,14,9,10,19,10,8,18,14,12,26,0,9,9,33,39,72,56,45,101,3,3,6,6,14,20,18,7,25,54,42,96,133,116,249,891,824,1715,1850,735,2585,7592,5326,12918
