region_id,Indonesia_2006,Indonesia_2007,Indonesia_2008,Indonesia_2009,Indonesia_2010,Indonesia_2011,Indonesia_Yr_arrival_ns,Indonesia_Tot,Iraq_Before_1941,Iraq_1941_1950,Iraq_1951_1960,Iraq_1961_1970,Iraq_1971_1980,Iraq_1981_1990,Iraq_1991_2000,Iraq_2001_2005,Iraq_2006,Iraq_2007,Iraq_2008,Iraq_2009,Iraq_2010,Iraq_2011,Iraq_Yr_arrival_NS,Iraq_Tot,Ireland_Before_1941,Ireland_1941_1950,Ireland_1951_1960,Ireland_1961_1970,Ireland_1971_1980,Ireland_1981_1990,Ireland_1991_2000,Ireland_2001_2005,Ireland_2006,Ireland_2007,Ireland_2008,Ireland_2009,Ireland_2010,Ireland_2011,Ireland_Yr_arrival_NS,Ireland_Tot,Italy_Before_1941,Italy_1941_1950,Italy_1951_1960,Italy_1961_1970,Italy_1971_1980,Italy_1981_1990,Italy_1991_2000,Italy_2001_2005,Italy_2006,Italy_2007,Italy_2008,Italy_2009,Italy_2010,Italy_2011,Italy_Yr_arrival_NS,Italy_Tot,Japan_Before_1941,Japan_1941_1950,Japan_1951_1960,Japan_1961_1970,Japan_1971_1980,Japan_1981_1990,Japan_1991_2000,Japan_2001_2005,Japan_2006,Japan_2007,Japan_2008,Japan_2009,Japan_2010,Japan_2011,Japan_Yr_arrival_NS,Japan_Tot,Korea_Rep_Sth_Before_1941,Korea_Rep_Sth_1941_1950,Korea_Rep_Sth_1951_1960,Korea_Rep_Sth_1961_1970,Korea_Rep_Sth_1971_1980,Korea_Rep_Sth_1981_1990,Korea_Rep_Sth_1991_2000,Korea_Rep_Sth_2001_2005,Korea_Republic_South_2006,Korea_Republic_South_2007,Korea_Republic_South_2008,Korea_Republic_South_2009,Korea_Republic_South_2010,Korea_Republic_South_2011,Korea_Repub_Sth_arrival_ns,Korea_Republic_South_Tot,Lebanon_Before_1941,Lebanon_1941_1950,Lebanon_1951_1960,Lebanon_1961_1970,Lebanon_1971_1980,Lebanon_1981_1990,Lebanon_1991_2000,Lebanon_2001_2005,Lebanon_2006,Lebanon_2007,Lebanon_2008,Lebanon_2009,Lebanon_2010,Lebanon_2011,Lebanon_Yr_arrival_NS,Lebanon_Tot,Malaysia_Before_1941,Malaysia_1941_1950,Malaysia_1951_1960,Malaysia_1961_1970,Malaysia_1971_1980,Malaysia_1981_1990,Malaysia_1991_2000,Malaysia_2001_2005,Malaysia_2006,Malaysia_2007,Malaysia_2008,Malaysia_2009,Malaysia_2010,Malaysia_2011,Malaysia_Yr_arrival_ns,Malaysia_Tot,Malta_Before_1941,Malta_1941_1950,Malta_1951_1960,Malta_1961_1970,Malta_1971_1980,Malta_1981_1990,Malta_1991_2000,Malta_2001_2005,Malta_2006,Malta_2007,Malta_2008,Malta_2009,Malta_2010,Malta_2011,Malta_Yr_arrival_NS,Malta_Tot,Netherlands_Before_1941,Netherlands_1941_1950,Netherlands_1951_1960,Netherlands_1961_1970,Netherlands_1971_1980,Netherlands_1981_1990,Netherlands_1991_2000,Netherlands_2001_2005,Netherlands_2006,Netherlands_2007,Netherlands_2008,Netherlands_2009,Netherlands_2010,Netherlands_2011,Netherlands_Yr_arrival_ns,Netherlands_Tot,New_Zealand_Before_1941,New_Zealand_1941_1950,New_Zealand_1951_1960,New_Zealand_1961_1970,New_Zealand_1971_1980,New_Zealand_1981_1990,New_Zealand_1991_2000,New_Zealand_2001_2005,New_Zealand_2006,New_Zealand_2007,New_Zealand_2008,New_Zealand_2009,New_Zealand_2010,New_Zealand_2011,New_Zealand_Yr_arrival_ns,New_Zealand_Tot,Philippines_Before_1941,Philippines_1941_1950,Philippines_1951_1960,Philippines_1961_1970,Philippines_1971_1980,Philippines_1981_1990,Philippines_1991_2000,Philippines_2001_2005,Philippines_2006,Philippines_2007,Philippines_2008,Philippines_2009,Philippines_2010,Philippines_2011,Philippines_Yr_arrival_ns,Philippines_Tot,Poland_Before_1941,Poland_1941_1950,Poland_1951_1960,Poland_1961_1970,Poland_1971_1980,Poland_1981_1990,Poland_1991_2000,Poland_2001_2005,Poland_2006,Poland_2007,Poland_2008,Poland_2009,Poland_2010,Poland_2011,Poland_Yr_arrival_NS,Poland_Tot
LGA10050,0,3,3,0,0,0,0,22,0,0,0,0,0,0,0,0,0,0,0,0,0,0,0,0,0,4,8,16,8,8,6,3,3,0,3,3,3,4,3,72,0,4,40,19,4,5,3,4,0,0,0,4,0,0,7,90,0,0,0,0,6,0,4,0,0,0,0,0,0,0,0,10,0,0,0,0,0,4,3,0,0,0,6,4,10,6,3,36,0,3,3,5,3,3,3,4,0,0,0,0,0,0,3,27,0,0,0,3,5,5,5,0,4,3,0,0,3,0,0,28,0,0,6,0,0,0,5,0,0,0,0,0,0,0,0,11,0,16,111,35,13,5,5,0,0,0,0,0,0,0,6,191,0,0,17,35,90,98,81,37,3,11,15,6,32,15,37,477,0,0,0,4,3,59,33,35,3,5,24,32,4,11,6,219,0,18,5,5,0,14,0,0,0,0,0,0,0,0,5,47
LGA10110,0,0,3,11,4,3,0,41,0,0,0,0,0,0,3,0,0,0,6,0,3,7,0,19,0,0,3,3,0,4,4,4,0,0,0,0,0,0,0,18,0,4,4,6,0,0,0,4,0,0,0,0,0,0,5,23,0,0,0,0,0,4,4,10,0,0,0,0,0,0,7,25,0,0,0,0,0,3,3,3,0,0,3,3,0,3,0,18,0,4,3,0,0,0,0,0,0,0,0,0,0,0,0,7,0,0,3,4,0,9,6,3,3,0,3,0,0,3,3,37,0,0,0,0,0,0,0,0,0,0,0,0,0,0,0,0,0,3,29,8,3,5,7,0,0,3,0,0,0,0,0,58,3,3,6,30,41,50,49,9,3,9,8,5,6,3,11,236,0,0,0,0,3,14,15,4,3,0,3,3,10,3,3,61,0,3,3,3,3,0,0,0,0,0,0,0,0,0,0,12
LGA10150,7,10,14,14,10,8,14,230,0,0,0,5,0,0,0,0,0,0,0,0,0,0,0,5,0,4,13,23,26,27,36,24,3,4,5,0,7,4,8,184,6,58,677,696,116,29,30,20,7,8,3,7,0,3,108,1768,0,0,0,3,3,18,43,36,7,5,6,11,9,4,6,151,0,0,0,0,56,96,106,72,15,11,11,19,24,20,23,453,0,7,28,105,91,29,21,9,0,0,3,0,0,0,16,309,0,0,0,14,40,78,37,35,8,7,11,6,4,3,8,251,0,5,13,20,12,0,3,0,0,0,0,0,0,0,6,59,0,3,10,5,11,11,7,4,0,0,3,0,3,0,0,57,4,3,9,50,106,155,170,107,20,15,19,25,25,16,46,770,0,0,0,5,58,215,154,107,37,36,50,45,30,23,28,788,0,18,12,14,23,78,31,23,4,9,5,4,3,0,7,231
LGA10200,27,21,20,13,14,9,76,558,0,0,0,4,9,7,394,202,25,47,34,39,35,24,42,862,0,4,6,16,19,12,3,12,3,0,7,3,10,0,3,98,0,12,132,124,36,13,3,4,0,6,3,0,0,0,34,367,0,0,0,0,4,11,23,24,0,3,8,0,0,0,5,78,0,0,0,0,115,461,818,654,189,143,167,173,156,89,120,3085,0,7,27,292,651,382,267,154,34,28,37,41,28,13,165,2126,0,0,0,5,42,132,109,57,17,25,16,18,13,15,16,465,0,14,41,25,8,8,0,0,0,0,0,0,0,0,4,100,0,0,14,3,0,0,3,3,3,0,3,0,3,0,0,32,4,0,7,23,64,128,230,168,30,17,32,33,31,19,99,885,0,0,0,7,109,450,377,97,33,42,56,48,42,45,53,1359,0,25,10,9,17,35,7,7,3,6,0,0,0,3,5,127
LGA10250,3,0,0,3,3,0,0,25,0,0,0,0,0,0,0,0,0,0,0,0,0,0,0,0,3,0,8,9,19,3,12,3,3,0,0,4,0,0,0,64,4,10,32,17,11,5,0,0,0,0,0,0,0,0,10,89,0,0,3,3,0,4,9,13,3,3,4,6,0,0,0,48,0,0,0,0,0,3,7,0,0,0,0,0,3,0,0,13,0,0,0,3,0,0,0,0,0,0,0,0,0,0,0,3,0,0,3,9,11,5,3,0,0,3,0,3,0,0,3,40,0,7,12,8,0,0,0,0,0,0,0,0,0,0,0,27,0,5,80,7,9,17,13,14,3,0,3,0,0,0,10,161,7,9,13,75,125,134,91,46,14,15,13,15,15,5,23,600,0,0,0,4,4,27,11,16,3,6,3,6,5,4,3,92,3,3,3,0,3,3,0,0,0,0,0,0,0,0,3,18
LGA10300,0,0,0,0,0,0,0,0,0,0,0,0,0,0,0,0,0,0,0,0,0,0,0,0,0,0,0,0,0,0,0,0,0,0,0,0,0,0,0,0,3,4,22,8,0,0,0,0,0,0,0,0,0,0,5,42,0,0,0,0,0,0,0,0,0,0,0,0,0,0,0,0,0,0,0,0,0,0,0,3,0,0,0,0,0,0,0,3,0,0,0,0,0,0,0,0,0,0,0,0,0,0,0,0,0,0,0,0,0,0,0,0,0,0,0,0,0,0,0,0,0,0,0,0,0,0,0,0,0,0,0,0,0,0,3,3,0,0,0,0,0,0,0,0,0,0,0,0,0,0,0,0,0,0,0,0,3,4,3,4,0,0,0,0,0,0,3,17,0,0,0,0,0,0,0,0,0,3,0,0,0,0,0,3,0,0,0,0,0,0,0,0,0,0,0,0,0,0,0,0
LGA10350,34,12,45,34,25,8,38,987,0,0,0,12,17,25,418,259,67,56,41,47,32,38,71,1083,3,0,16,60,60,58,38,17,4,3,6,11,9,0,11,296,19,87,739,715,165,47,24,8,0,3,3,7,3,0,132,1952,0,0,3,0,6,29,36,25,5,4,0,4,0,0,5,117,0,0,0,3,124,281,285,122,36,23,28,14,20,14,54,1004,3,34,225,1473,3728,2886,1920,1096,235,192,192,143,140,85,643,12995,0,0,7,19,72,193,92,53,10,16,26,6,8,4,18,524,0,51,195,102,39,9,3,6,0,0,0,0,0,0,30,435,0,19,82,24,11,8,9,3,0,0,0,0,0,0,12,168,16,4,22,71,212,410,654,391,85,89,96,78,56,40,165,2389,0,0,0,19,93,462,396,195,60,38,52,30,45,31,59,1480,3,159,53,58,63,160,47,15,3,0,0,3,0,0,34,598
LGA10470,0,0,0,0,0,0,4,12,0,0,0,0,0,0,6,0,0,0,0,0,0,0,3,9,0,0,3,16,6,6,3,4,5,0,0,6,0,3,0,52,0,3,17,16,0,0,4,0,0,0,0,0,0,0,4,44,0,0,3,3,0,0,6,3,0,0,0,0,0,0,3,18,0,0,0,0,0,3,0,0,0,3,3,0,3,0,5,17,0,0,0,12,5,8,5,0,0,0,0,0,0,0,12,42,0,0,0,6,3,7,8,4,3,0,0,0,0,0,3,34,0,3,5,7,4,0,3,0,0,0,0,0,0,0,3,25,0,11,54,17,10,11,4,0,0,0,0,0,0,0,8,115,0,3,7,29,75,81,66,52,9,13,15,20,26,10,52,458,0,0,0,0,4,23,22,11,0,5,3,8,3,6,6,91,0,3,0,0,4,5,0,0,0,0,0,0,0,0,3,15
LGA10550,0,3,0,0,0,0,0,11,0,0,0,3,0,0,0,0,0,0,0,0,0,0,0,3,0,4,9,13,7,4,4,4,0,0,3,3,0,0,0,51,0,5,24,6,9,5,5,0,0,0,0,5,0,0,0,59,0,5,0,0,0,0,3,8,4,0,0,0,3,0,5,28,0,0,0,0,3,3,0,3,0,0,0,0,0,0,0,9,0,0,3,0,0,0,0,0,0,0,0,0,0,0,0,3,0,0,4,5,0,6,0,0,4,0,0,0,0,0,0,19,0,4,25,3,3,3,0,0,0,0,0,0,0,0,0,38,0,23,123,29,15,12,12,4,0,0,0,0,0,0,8,226,4,3,12,42,113,75,48,18,3,6,4,5,3,9,38,383,0,0,0,3,3,20,22,10,0,3,4,0,7,3,4,79,0,6,3,3,3,3,3,0,3,0,0,0,0,0,0,24
LGA10600,4,0,0,0,0,0,0,13,0,0,0,0,0,0,0,0,0,0,0,0,0,0,0,0,0,3,0,7,4,0,0,0,0,0,0,0,5,0,0,19,0,0,7,0,0,0,0,0,0,0,0,0,0,0,0,7,0,0,0,0,0,0,0,0,0,0,7,0,0,0,0,7,0,0,0,0,0,0,0,0,0,0,0,0,0,0,0,0,4,0,0,0,0,0,0,0,0,0,0,0,0,0,0,4,0,0,0,4,0,3,0,0,0,0,0,0,0,0,0,7,0,3,0,0,0,0,0,0,0,0,0,0,0,0,0,3,0,3,24,14,3,5,3,3,13,0,0,0,0,0,0,68,0,3,5,16,45,40,22,11,3,6,3,3,11,11,10,189,0,0,0,0,0,9,0,0,6,0,0,0,0,0,0,15,0,0,0,0,3,4,0,0,0,0,0,0,0,0,0,7
LGA10650,0,0,0,0,0,0,0,0,0,0,0,0,0,0,3,4,0,0,0,0,0,0,0,7,0,0,0,3,0,0,0,0,0,0,0,0,0,0,0,3,0,0,7,0,0,0,0,0,0,0,0,0,0,0,0,7,0,0,0,0,0,0,0,0,0,0,0,0,0,0,0,0,0,0,0,0,0,0,0,0,0,0,0,3,0,0,0,3,0,0,0,0,0,0,0,0,0,0,0,0,0,0,0,0,0,0,0,0,0,0,0,0,0,0,0,0,0,0,0,0,0,0,3,0,0,0,0,0,0,0,0,0,0,0,0,3,0,0,29,3,3,3,6,0,0,0,0,0,0,0,0,44,3,0,0,4,12,21,22,6,3,0,0,5,4,6,9,95,0,3,0,3,0,3,3,3,3,0,3,0,0,0,0,21,0,0,0,0,0,0,0,0,0,0,0,0,0,0,0,0
LGA10750,50,12,24,44,26,19,39,1357,0,0,0,14,31,45,580,246,52,56,102,91,48,45,40,1350,0,7,30,139,117,136,49,32,14,8,11,12,18,11,21,605,6,51,545,524,172,46,38,14,5,3,0,3,3,4,78,1492,0,0,4,4,6,19,44,30,4,0,5,0,4,7,9,136,0,0,3,0,100,324,346,191,36,26,40,37,22,9,54,1188,0,11,32,258,449,428,284,113,31,11,20,11,14,7,114,1783,0,3,8,51,144,438,213,139,38,50,48,31,16,7,28,1214,4,169,770,918,394,184,41,3,5,6,0,3,4,3,112,2616,0,31,345,112,42,22,17,10,0,9,3,5,8,0,21,625,5,0,36,164,529,1202,2040,1335,320,279,331,269,302,149,458,7419,3,3,4,67,881,6064,5952,2410,651,708,740,609,444,261,564,19361,3,173,53,73,73,399,158,49,5,6,5,3,8,3,103,1114
LGA10800,0,0,0,0,0,0,0,0,0,0,0,0,0,0,0,0,0,0,0,0,0,0,0,0,0,3,0,0,0,0,0,0,0,0,0,0,0,0,0,3,0,0,3,0,0,0,0,0,0,0,0,0,0,0,0,3,0,0,0,0,0,0,0,0,0,0,0,0,0,0,0,0,0,0,0,0,0,0,0,0,0,0,0,0,0,0,0,0,0,0,0,0,0,0,0,0,0,0,0,0,0,0,0,0,0,0,0,0,0,0,0,0,0,0,0,0,0,0,0,0,0,0,0,3,0,0,0,0,0,0,0,0,0,0,3,6,0,0,6,0,0,0,0,0,0,0,0,0,0,0,0,6,0,0,3,0,4,12,10,3,0,0,0,0,3,3,3,41,0,0,0,0,0,3,0,0,0,0,0,4,3,0,0,10,0,3,0,0,0,0,0,0,0,0,0,0,0,0,0,3
LGA10850,0,0,0,0,0,0,0,3,0,0,0,0,0,0,0,0,3,0,0,0,0,0,0,3,0,0,0,3,3,0,0,3,0,0,0,0,0,0,0,9,0,0,0,0,0,0,0,0,0,0,0,0,0,0,0,0,0,0,0,0,0,0,0,5,0,0,0,0,0,0,0,5,0,0,0,0,0,0,0,0,0,0,0,0,0,0,0,0,0,0,0,0,0,0,0,0,0,0,0,0,0,0,0,0,0,0,0,0,0,0,0,0,0,0,0,0,0,0,0,0,0,3,0,3,0,0,0,0,0,0,0,0,0,0,0,6,0,3,10,3,3,3,0,0,0,0,0,0,0,0,0,22,0,3,0,12,18,13,9,9,3,3,3,0,3,0,5,81,0,0,0,0,0,0,6,0,3,0,0,0,0,0,0,9,0,3,0,3,0,3,0,0,0,0,0,0,0,0,0,9
LGA10900,0,0,0,5,8,0,5,81,0,0,0,3,3,0,6,0,0,0,0,3,0,0,0,15,3,3,22,70,55,59,39,20,5,3,4,8,3,5,10,309,0,13,67,55,13,0,5,5,4,0,0,0,0,0,4,166,0,0,4,0,8,27,18,11,3,5,0,5,0,4,0,85,0,0,0,0,3,12,13,12,3,3,4,6,10,0,0,66,0,6,0,13,13,8,0,0,0,0,0,0,0,0,0,40,3,0,4,25,41,35,17,4,0,0,4,0,0,0,5,138,0,8,34,20,3,5,0,0,0,0,0,0,0,0,3,73,0,31,198,62,23,39,22,10,0,0,4,3,0,0,11,403,9,11,37,135,306,276,185,63,17,17,13,10,9,9,49,1146,0,0,0,5,19,65,42,23,5,3,7,13,10,0,3,195,0,20,8,20,14,68,17,5,3,3,0,0,0,0,5,163
LGA10950,0,0,5,0,0,3,0,8,0,0,0,0,0,0,0,0,0,0,0,0,0,0,0,0,0,0,0,0,0,0,0,0,0,0,0,0,0,0,0,0,0,0,0,0,0,0,0,0,0,0,0,0,0,0,0,0,0,0,0,0,0,0,0,0,0,0,0,0,0,0,0,0,0,0,0,0,0,0,0,0,0,0,0,0,0,0,0,0,0,0,0,0,0,0,0,0,0,0,0,0,0,0,0,0,3,0,0,0,0,3,0,0,0,0,0,0,0,0,0,6,0,0,3,0,0,0,0,0,0,0,0,0,0,0,0,3,0,3,0,0,0,0,0,0,0,0,0,0,0,0,0,3,0,0,0,4,3,5,0,3,3,0,0,0,0,0,0,18,0,0,0,0,0,3,0,0,3,0,0,0,0,0,3,9,0,0,0,0,0,0,0,0,0,0,0,0,0,0,0,0
LGA11000,0,0,0,0,0,0,0,0,0,0,0,0,0,0,0,0,0,0,0,0,0,0,0,0,0,4,0,0,0,0,0,0,0,0,0,0,0,0,0,4,0,0,0,0,0,0,0,0,0,0,0,0,0,0,0,0,0,0,0,0,3,0,0,0,0,0,0,0,0,0,0,3,0,0,0,0,0,0,0,0,0,0,0,0,0,0,0,0,0,0,0,0,0,0,0,0,0,0,0,0,0,0,0,0,0,0,0,0,0,0,0,0,0,0,0,0,0,0,0,0,0,0,3,0,0,0,0,0,0,0,0,0,0,0,0,3,0,0,6,0,0,0,0,0,0,0,0,0,0,0,0,6,0,0,0,3,4,4,5,0,0,0,0,0,0,0,0,16,0,0,0,3,0,3,0,0,0,0,0,0,0,0,0,6,0,0,0,0,0,0,0,0,0,0,0,0,0,0,0,0
LGA11050,0,0,0,0,0,0,0,0,0,0,0,0,0,0,0,0,0,0,0,0,0,0,0,0,0,0,0,0,0,0,0,0,0,0,0,0,0,3,0,3,0,0,0,0,0,0,0,0,0,0,0,0,0,0,0,0,0,0,0,0,0,0,0,0,0,0,0,0,0,0,0,0,0,0,0,0,0,0,0,0,0,0,0,0,0,0,0,0,0,0,0,0,0,0,0,0,0,0,0,0,0,0,0,0,0,0,0,0,0,0,0,0,0,0,0,0,0,0,0,0,0,0,0,0,0,0,0,0,0,0,0,0,0,0,0,0,0,0,3,0,0,0,0,0,0,0,0,0,0,0,0,3,0,0,0,4,8,4,4,0,0,0,0,0,0,0,0,20,0,0,0,0,0,0,0,0,0,0,0,0,0,0,0,0,0,0,0,0,0,0,0,0,0,0,0,0,0,0,0,0
LGA11100,55,47,56,33,22,30,35,1133,0,0,0,6,12,39,193,75,15,8,11,8,0,6,9,382,0,0,5,18,19,36,29,21,0,8,5,5,8,0,4,158,0,17,111,131,44,18,8,4,6,3,3,0,0,0,29,374,0,0,0,4,0,17,23,20,3,4,5,6,0,4,6,92,0,0,0,0,11,33,36,14,7,8,4,5,6,4,10,138,0,0,10,59,84,19,14,0,4,0,0,3,0,0,14,207,0,0,0,11,33,112,52,50,9,17,38,32,27,5,18,404,0,30,88,48,21,14,0,0,0,0,0,0,0,0,12,213,0,0,15,4,6,9,4,7,0,0,0,4,0,0,0,49,5,0,4,39,133,206,203,106,21,24,18,19,24,11,70,883,0,0,0,18,70,246,188,92,24,25,26,49,30,9,35,812,3,3,5,3,23,47,5,12,3,0,3,3,0,0,3,113
LGA11150,0,0,3,0,0,0,0,3,0,0,0,0,0,0,0,0,0,0,0,0,0,0,0,0,0,0,0,0,0,0,3,0,0,0,0,0,0,0,0,3,0,0,0,0,0,0,0,0,0,0,0,0,0,0,0,0,0,0,0,0,0,0,0,0,0,0,0,0,0,0,0,0,0,0,0,0,0,0,0,0,0,0,0,0,0,0,0,0,0,0,0,0,0,0,0,0,0,0,0,0,0,0,0,0,0,0,0,0,0,0,0,0,0,0,0,0,0,0,0,0,0,0,0,0,0,0,0,0,0,0,0,0,0,0,0,0,0,0,0,0,0,0,0,0,0,0,3,0,0,0,0,3,0,0,0,0,3,3,3,0,0,0,0,3,0,0,0,12,0,0,0,0,0,0,5,0,0,0,0,0,0,0,0,5,0,0,0,0,0,0,0,0,0,0,0,0,0,0,0,0
LGA11200,0,0,0,0,0,0,0,0,0,0,0,0,0,0,0,0,0,0,0,0,0,0,0,0,0,0,0,0,0,0,0,0,0,0,0,0,0,0,0,0,0,0,0,0,0,0,0,0,0,0,0,0,0,0,0,0,0,0,0,0,0,0,0,0,0,0,0,0,0,0,0,0,0,0,0,0,0,0,0,0,0,0,0,0,0,0,0,0,0,0,0,0,0,0,0,0,0,0,0,0,0,0,0,0,0,0,0,0,0,0,0,0,0,0,0,0,0,0,0,0,0,0,0,0,0,0,0,0,0,0,0,0,0,0,0,0,0,0,0,0,0,0,0,0,0,0,0,0,0,0,0,0,0,0,0,3,3,3,0,0,0,0,0,0,0,0,0,9,0,0,0,0,0,0,0,0,0,0,0,0,0,0,0,0,0,0,0,0,0,0,0,0,0,0,0,0,0,0,0,0
LGA11250,0,0,4,0,0,0,0,8,0,0,0,0,0,0,0,0,0,0,0,0,0,0,0,0,0,0,0,0,0,0,0,0,0,0,0,0,0,0,0,0,8,7,32,3,0,0,0,0,0,0,0,0,0,0,9,59,0,0,0,0,0,0,0,0,0,0,0,0,0,0,0,0,0,0,0,0,0,0,0,0,0,0,0,0,0,0,0,0,0,0,0,0,0,0,0,0,0,0,0,0,0,0,0,0,0,0,0,0,0,0,0,0,0,3,0,3,0,0,0,6,0,4,15,3,0,0,0,0,0,0,0,0,0,0,3,25,0,0,11,7,0,0,0,0,0,0,0,0,0,0,0,18,5,0,4,8,16,22,9,9,3,0,0,3,12,3,9,103,0,0,0,0,0,22,13,9,0,0,0,3,3,0,3,53,0,0,0,0,0,0,0,0,0,0,0,0,0,0,0,0
LGA11300,11,3,7,16,4,4,9,204,0,0,0,0,0,0,9,0,0,3,4,0,0,0,0,16,0,0,5,15,10,33,21,12,3,11,14,21,6,8,7,166,6,31,401,450,92,7,14,9,0,0,0,3,3,0,109,1125,0,0,0,4,6,4,13,16,0,4,6,7,0,0,7,67,0,0,0,0,53,200,231,224,89,93,90,89,67,38,70,1244,0,8,60,158,156,84,52,24,5,4,8,4,0,8,38,609,0,0,4,4,33,59,34,42,8,9,12,8,7,3,6,229,0,3,27,11,5,3,0,0,0,0,0,0,0,0,3,52,0,0,6,3,4,4,0,0,0,0,0,0,0,0,3,20,0,0,11,23,45,79,85,57,7,4,10,10,14,16,24,385,0,0,0,0,49,103,58,31,14,12,8,13,21,16,11,336,3,25,5,8,14,35,9,8,0,0,3,0,0,0,9,119
LGA11350,4,0,0,3,0,0,3,37,0,0,0,3,0,0,0,0,0,0,0,0,0,0,0,3,0,0,7,15,7,12,8,9,3,0,5,0,0,3,0,69,3,0,21,9,4,5,13,5,3,5,9,3,6,0,7,93,0,0,3,0,0,8,25,22,8,11,6,13,9,0,9,114,0,0,0,0,0,0,0,3,0,0,0,0,3,3,5,14,0,0,3,3,3,3,0,0,0,0,0,0,0,0,0,12,0,0,0,3,4,3,3,0,0,0,0,0,3,3,0,19,0,0,4,7,0,3,3,0,0,0,0,0,0,0,0,17,0,3,41,20,7,15,21,15,0,8,3,0,3,0,3,139,3,7,17,70,151,150,102,49,18,17,21,22,34,3,37,701,0,0,0,4,11,15,5,9,0,5,0,0,0,4,3,56,0,3,3,0,0,9,0,3,0,0,0,0,0,3,0,21
LGA11400,0,0,0,0,0,0,0,0,0,0,0,0,4,0,0,0,0,0,0,0,0,0,0,4,0,0,4,9,6,0,0,0,0,0,0,0,3,0,0,22,0,0,6,13,0,0,0,0,0,0,0,0,0,0,0,19,0,0,0,0,0,0,0,0,0,0,0,0,0,0,0,0,0,0,0,0,0,0,0,0,0,0,0,0,0,0,0,0,0,0,3,3,0,0,3,0,0,0,0,0,0,0,0,9,0,0,0,3,0,0,3,0,0,0,0,0,0,0,3,9,0,0,3,3,0,0,0,0,0,0,0,0,0,0,0,6,0,0,14,3,0,4,0,0,0,0,0,0,0,0,6,27,0,0,11,18,18,33,15,10,3,7,0,0,3,0,10,128,0,0,0,0,3,0,4,0,0,3,0,3,3,0,7,23,0,0,0,0,0,0,3,3,3,0,0,0,0,0,0,9
LGA11450,3,3,0,0,0,0,0,57,0,0,0,6,10,6,16,10,0,3,0,0,0,0,0,51,4,0,7,36,40,49,24,11,3,7,10,10,0,4,0,205,0,38,177,162,49,18,5,5,0,0,0,4,0,0,26,484,0,0,0,0,0,0,3,3,3,0,0,0,0,0,3,12,0,0,0,0,0,4,3,3,3,0,0,0,3,0,4,20,0,0,5,29,40,49,23,6,0,4,0,4,0,0,9,169,0,0,3,9,14,23,6,4,0,0,0,0,0,0,3,62,0,30,79,72,29,19,3,0,0,0,0,0,0,0,5,237,0,7,71,28,15,10,5,0,0,0,0,0,0,0,8,144,5,0,5,30,126,158,150,43,9,12,15,24,25,10,34,646,0,0,0,7,21,98,83,8,9,0,9,9,4,3,9,260,0,11,3,8,3,50,8,10,0,0,0,4,0,0,5,102
LGA11500,20,18,12,12,15,3,14,459,0,0,0,8,17,14,154,33,4,13,3,9,3,9,12,279,0,0,20,98,86,79,22,17,3,0,3,3,0,3,10,344,3,22,185,167,63,20,6,3,4,4,0,0,3,3,38,521,0,0,15,3,3,11,12,10,0,0,0,3,0,0,7,64,0,0,0,3,8,21,31,10,8,7,3,3,3,0,3,100,0,0,12,133,254,246,126,68,12,23,13,7,6,6,44,950,0,0,3,43,54,125,61,23,9,13,15,8,26,6,8,394,0,33,114,90,36,15,0,0,0,0,8,0,0,0,20,316,0,10,155,40,22,10,12,4,0,3,3,0,0,0,9,268,5,7,21,75,335,648,1146,527,137,104,145,107,105,116,301,3779,3,0,0,16,168,1193,1130,418,130,94,135,107,61,37,101,3593,0,30,16,19,30,289,75,24,3,0,3,0,0,0,15,504
LGA11520,3,14,20,10,15,7,11,324,0,0,0,8,9,4,27,4,0,0,0,6,3,0,0,61,0,4,8,26,39,83,91,59,5,11,20,20,29,35,6,436,18,118,1439,1495,274,69,59,29,12,10,17,13,14,6,293,3866,0,0,3,3,9,21,38,31,7,12,7,6,9,4,3,153,0,0,0,0,110,298,472,410,125,131,159,117,106,58,99,2085,0,9,36,124,117,69,19,16,3,3,0,0,0,0,23,419,0,0,8,37,104,167,71,82,21,25,21,11,22,9,9,587,3,25,69,40,14,3,0,0,3,0,0,0,0,0,6,163,0,8,38,11,9,7,18,6,0,8,7,6,8,0,4,130,4,17,16,85,196,246,264,175,35,37,37,51,54,49,60,1326,0,0,0,7,81,184,104,62,22,29,25,16,14,19,11,574,0,24,7,15,23,53,5,11,0,3,8,3,4,4,6,166
LGA11550,130,117,115,87,101,31,80,2091,0,0,0,11,8,7,172,82,32,24,16,23,41,20,18,454,0,3,13,53,37,47,49,20,0,3,5,8,13,10,9,270,5,63,806,970,226,50,48,18,12,4,7,3,10,8,117,2347,0,0,0,0,6,28,54,24,3,12,6,6,0,6,3,148,0,0,0,0,236,617,591,376,69,74,111,79,75,24,128,2380,6,47,239,1175,1917,1272,881,416,76,114,95,95,59,46,314,6752,0,0,6,17,85,213,89,75,28,22,12,23,22,11,20,623,0,37,77,58,24,3,0,0,0,0,0,0,0,0,10,209,0,8,21,16,7,9,0,3,3,0,0,0,3,3,3,76,3,4,8,53,177,346,500,348,68,58,63,57,67,55,150,1957,0,0,5,10,129,581,504,211,82,79,70,74,55,31,81,1912,0,28,17,17,43,46,25,19,8,0,3,3,0,0,3,212
LGA11600,0,0,0,0,0,0,0,0,0,0,0,0,0,0,0,0,0,0,0,0,0,0,0,0,0,0,0,0,0,3,0,0,0,0,0,3,3,3,0,12,0,0,8,3,0,0,0,0,0,0,0,0,0,0,0,11,0,0,0,0,0,0,0,0,0,0,0,0,0,0,0,0,0,0,0,0,0,0,0,0,0,0,0,0,6,3,3,12,0,0,0,3,0,0,0,0,0,0,0,0,0,0,0,3,0,0,0,0,0,0,0,0,0,0,0,0,0,0,0,0,0,0,0,3,0,0,0,0,0,0,0,0,0,0,0,3,0,3,3,0,0,0,0,0,0,0,0,0,0,0,0,6,3,0,0,0,3,5,7,5,0,3,6,3,0,3,0,38,0,0,0,0,0,3,0,0,0,6,4,3,0,3,3,22,0,0,0,0,0,0,0,0,0,0,0,0,0,0,0,0
LGA11700,0,0,0,0,0,0,0,0,0,0,0,0,0,0,0,0,0,0,0,0,0,0,0,0,0,0,0,0,0,0,5,0,0,0,0,0,0,0,0,5,0,0,0,3,0,0,0,0,0,0,0,3,0,0,0,6,0,0,0,0,0,0,0,0,0,0,0,0,0,0,0,0,0,0,0,0,0,0,0,0,0,0,0,0,0,0,0,0,0,0,0,0,0,0,0,0,0,0,0,0,0,0,0,0,0,0,0,0,0,0,0,0,0,0,0,0,0,0,0,0,0,0,0,0,0,0,0,0,0,0,0,0,0,0,0,0,0,0,3,0,0,0,0,0,0,0,0,0,0,0,0,3,0,0,0,0,5,0,0,10,0,0,0,0,0,0,6,21,0,0,0,0,0,0,0,0,0,0,3,0,0,0,0,3,0,0,0,0,0,0,0,0,0,0,0,0,0,0,0,0
LGA11720,0,0,3,0,3,3,3,24,0,0,0,0,0,0,0,0,0,0,0,0,0,0,3,3,0,0,3,15,8,5,6,3,0,4,0,3,3,3,3,56,0,0,22,8,4,0,0,0,0,0,0,0,0,0,5,39,0,0,0,0,5,0,0,3,0,0,0,0,0,0,0,8,0,0,0,0,0,0,0,0,0,0,0,0,0,0,5,5,0,0,0,0,3,3,3,0,0,0,0,0,0,0,12,21,0,0,3,3,5,7,0,4,0,0,0,3,7,4,6,42,0,3,0,3,4,0,6,0,0,0,0,0,0,0,3,19,0,10,54,11,4,8,5,3,0,0,0,3,0,0,6,104,3,0,6,28,109,121,64,35,13,11,7,12,22,14,44,489,0,0,0,0,7,37,30,20,4,3,5,3,5,9,5,128,0,3,4,0,3,5,0,4,0,0,0,0,0,0,4,23
LGA11730,0,0,0,0,0,0,0,15,0,0,0,0,0,0,0,0,0,0,0,0,0,0,0,0,0,3,6,14,7,3,3,3,0,3,0,0,3,0,3,48,3,5,9,10,0,0,4,0,0,3,0,0,0,0,0,34,0,4,0,3,0,0,3,0,0,3,0,0,0,0,4,17,0,0,0,0,0,3,0,0,0,3,4,0,0,0,0,10,0,0,0,0,0,0,0,0,0,0,0,0,0,0,0,0,0,0,3,8,4,4,4,3,0,0,0,0,0,0,0,26,0,4,14,4,0,3,0,0,0,0,0,0,0,0,5,30,0,8,99,25,6,11,3,3,4,0,3,3,0,0,12,177,9,9,9,68,149,127,75,31,5,4,6,0,7,5,37,541,0,0,0,0,3,34,32,18,7,6,4,7,10,5,3,129,0,0,0,0,0,6,0,0,0,0,0,0,0,0,0,6
LGA11750,0,0,3,0,0,0,0,3,0,0,0,0,0,0,0,0,0,0,0,0,0,0,0,0,0,0,0,0,3,0,3,0,0,0,0,0,3,0,0,9,0,0,4,0,0,0,0,0,0,0,0,0,0,0,0,4,0,0,0,0,0,0,0,0,0,0,0,0,0,0,0,0,0,0,0,0,0,0,0,0,0,0,0,0,0,0,0,0,0,0,0,0,0,0,0,0,0,0,0,0,0,0,0,0,0,0,0,0,0,0,0,4,0,0,0,0,0,0,0,4,0,0,0,0,0,0,0,0,0,0,0,0,0,0,0,0,0,0,0,0,0,4,4,0,0,0,0,0,0,0,0,8,0,0,0,0,4,15,5,13,0,4,6,5,9,5,7,73,0,0,0,0,0,9,3,0,3,0,3,0,0,0,0,18,0,0,0,0,0,0,0,0,0,0,0,0,0,0,0,0
LGA11800,3,0,5,3,3,0,3,42,0,0,0,0,0,0,0,3,0,0,0,4,4,0,0,11,0,4,12,21,18,13,15,9,0,6,10,6,8,11,13,146,5,18,67,22,9,4,3,4,0,5,0,0,0,0,12,149,0,0,0,3,3,5,11,8,3,0,0,3,6,0,0,42,0,0,0,0,3,4,6,6,3,0,0,0,3,3,0,28,0,0,0,0,5,0,0,0,0,0,0,0,0,0,0,5,0,3,5,11,17,9,5,0,3,5,6,5,4,0,8,81,0,3,25,10,0,0,0,0,0,0,0,0,0,0,8,46,0,25,131,27,23,17,8,9,6,0,5,0,3,0,8,262,7,3,27,101,233,220,141,93,26,22,24,10,27,12,73,1019,0,0,0,3,9,57,50,28,7,13,5,8,11,7,8,206,0,3,5,9,7,15,3,5,0,0,0,0,0,0,3,50
LGA11860,0,0,0,0,0,0,0,0,0,0,0,0,0,0,0,0,0,0,0,0,0,0,0,0,0,0,0,0,0,0,0,0,0,0,0,0,0,0,0,0,0,0,0,3,0,0,0,0,0,0,0,0,0,0,0,3,0,0,0,0,0,0,0,0,0,0,0,0,0,0,0,0,0,0,0,0,0,0,0,0,0,0,0,0,0,0,0,0,0,0,0,0,0,0,0,0,0,0,0,0,0,0,0,0,0,0,0,0,0,0,0,0,0,0,0,0,0,0,0,0,0,0,0,0,0,0,0,0,0,0,0,0,0,0,0,0,0,0,4,0,0,0,0,3,0,0,0,0,0,0,0,7,0,0,0,0,3,0,3,0,0,0,3,0,0,0,0,9,0,0,0,0,0,0,0,0,0,0,0,0,0,0,0,0,0,0,0,0,0,0,0,0,0,0,0,0,0,0,0,0
LGA12000,0,0,0,0,0,0,0,0,0,0,0,0,0,0,0,0,0,0,0,0,0,0,0,0,0,0,0,0,3,0,0,0,0,0,0,0,0,0,0,3,0,0,0,0,0,0,0,0,0,0,0,0,0,0,0,0,0,0,0,0,0,0,0,3,0,0,0,0,0,0,0,3,0,0,0,0,0,0,0,0,0,0,0,0,0,0,0,0,0,0,0,0,0,0,0,0,0,0,0,0,0,0,0,0,0,0,0,0,3,0,0,0,0,0,0,0,0,0,0,3,0,0,0,0,0,0,0,0,0,0,0,0,0,0,0,0,0,0,5,0,0,0,3,0,3,0,0,0,0,0,0,11,3,0,0,0,5,3,4,3,0,0,0,3,0,3,0,24,0,0,0,0,0,0,0,0,0,0,0,0,0,0,0,0,0,0,0,0,0,0,0,0,0,0,0,0,0,0,0,0
LGA12050,0,0,0,0,0,0,0,9,0,0,0,0,0,0,0,0,0,0,0,0,0,0,0,0,3,0,3,3,3,0,3,3,0,0,0,0,0,0,0,18,0,0,40,19,0,0,5,0,0,0,0,0,0,0,6,70,0,0,0,0,0,0,0,0,0,0,0,0,0,0,0,0,0,0,0,0,0,0,0,0,0,0,0,0,0,0,0,0,0,0,3,11,6,3,0,0,0,0,0,0,0,0,3,26,0,0,3,3,0,0,6,0,0,3,0,0,0,0,0,15,0,0,0,0,0,0,0,0,0,0,0,0,0,0,0,0,0,3,31,8,5,10,4,0,0,0,0,0,0,0,3,64,0,5,6,16,26,31,15,11,3,3,3,0,3,0,13,135,0,0,0,0,0,11,5,0,4,0,0,0,0,0,3,23,0,8,3,0,3,0,0,0,0,0,0,0,0,0,0,14
LGA12150,0,0,0,0,0,0,0,0,0,0,0,0,0,0,0,0,0,0,0,0,0,0,0,0,0,0,0,0,0,0,0,0,0,0,0,0,0,0,0,0,0,0,3,3,0,0,0,0,0,0,0,0,0,0,0,6,0,0,0,0,0,0,0,0,0,0,0,0,0,0,0,0,0,0,0,0,0,0,0,0,0,0,0,0,0,0,0,0,0,0,0,0,0,0,0,0,0,0,0,0,0,0,0,0,0,0,0,3,0,0,0,0,0,0,0,0,0,0,0,3,0,0,0,0,0,0,0,0,0,0,0,0,0,0,0,0,0,0,3,0,0,0,0,0,0,0,0,0,0,0,0,3,0,0,0,3,3,3,0,3,0,0,0,0,0,0,3,15,0,0,0,0,0,0,0,0,0,0,0,0,0,0,0,0,0,0,3,0,0,0,0,0,0,0,0,0,0,0,0,3
LGA12200,0,0,0,0,0,0,0,5,0,0,0,0,0,0,0,0,0,0,0,0,0,0,0,0,0,0,0,0,0,0,0,0,0,0,0,0,0,4,0,4,0,0,0,0,0,0,0,0,0,0,0,0,0,0,0,0,0,0,0,0,0,0,0,0,3,0,0,0,0,0,0,3,0,0,0,3,0,0,0,0,0,0,0,3,0,0,0,6,0,0,3,0,0,0,0,0,0,0,0,0,0,0,0,3,0,0,0,3,3,0,0,0,0,0,0,0,0,0,3,9,0,3,0,0,0,0,0,0,0,0,0,0,0,0,0,3,0,3,9,0,0,0,0,0,0,0,0,0,0,0,0,12,0,4,0,3,8,3,0,4,0,0,0,0,0,0,7,29,0,0,0,0,0,0,0,3,0,0,0,3,0,0,0,6,0,3,3,0,0,0,0,0,0,0,0,0,0,0,0,6
LGA12300,0,3,0,0,0,0,0,6,0,0,0,0,0,0,0,0,0,0,0,0,0,0,0,0,0,0,6,0,5,0,4,0,0,0,0,0,0,0,0,15,0,0,11,4,0,0,0,0,0,0,0,0,3,0,3,21,0,0,0,0,0,0,0,0,0,0,0,0,0,0,0,0,0,0,0,0,0,0,0,4,0,0,0,0,0,0,0,4,0,0,0,0,0,0,0,0,0,0,0,0,0,0,0,0,0,0,0,0,0,0,0,0,0,0,0,0,0,0,0,0,0,0,8,0,0,0,0,0,0,0,0,0,0,0,0,8,0,3,25,6,5,0,3,0,0,0,0,0,0,0,0,42,0,3,4,11,19,22,25,14,3,0,4,5,0,0,6,116,0,0,0,0,4,5,7,8,0,5,5,3,0,0,5,42,0,3,0,0,0,0,0,0,0,0,0,0,0,0,0,3
LGA12350,0,0,0,0,0,0,0,3,0,0,0,3,0,0,0,3,0,0,0,0,0,0,0,6,0,0,3,0,0,0,6,0,0,0,0,0,0,0,0,9,0,0,6,4,0,0,0,0,0,0,0,0,0,0,0,10,0,0,4,0,0,0,0,0,0,0,0,0,0,0,0,4,0,0,0,0,0,0,0,0,0,0,0,0,0,0,0,0,0,0,0,0,0,0,0,0,0,0,0,0,0,0,0,0,0,3,0,3,0,0,0,3,0,0,0,0,0,0,0,9,0,3,4,3,0,0,0,0,0,0,0,0,0,0,0,10,0,4,23,6,0,3,0,0,0,0,0,0,0,0,0,36,3,0,3,5,20,15,7,3,0,0,3,0,0,3,4,66,0,0,0,0,0,8,3,0,0,0,0,0,0,0,3,14,0,0,0,0,0,0,0,0,0,0,0,0,0,0,0,0
LGA12500,0,0,0,3,0,0,0,3,0,0,0,0,0,0,0,0,0,0,0,0,0,0,0,0,0,0,3,3,0,0,0,3,0,0,0,0,0,0,0,9,3,3,21,3,0,0,0,0,0,0,0,0,0,0,0,30,0,0,0,0,0,0,0,0,0,0,0,0,3,0,0,3,0,0,0,0,0,0,0,0,0,0,0,0,0,0,0,0,0,0,0,0,0,0,0,0,0,0,0,0,0,0,0,0,0,0,0,0,3,3,0,3,0,0,0,0,0,0,0,9,0,0,0,0,0,0,0,0,0,0,0,0,0,0,0,0,0,0,15,0,0,0,0,0,0,0,0,0,0,0,0,15,0,0,3,3,10,14,7,3,0,0,8,4,0,0,7,59,0,0,0,0,0,0,0,3,3,0,0,0,0,0,0,6,0,0,0,0,0,0,0,0,0,0,0,0,0,0,0,0
LGA12600,0,0,0,0,0,0,4,13,0,0,0,0,0,0,0,3,0,0,0,0,0,0,0,3,0,4,3,8,8,4,3,3,3,0,0,3,0,3,0,42,0,0,24,4,3,3,0,0,0,0,0,0,0,3,7,44,0,0,0,0,3,0,6,0,0,3,0,0,0,0,0,12,0,0,0,0,0,0,0,3,0,0,3,3,0,0,3,12,0,0,4,3,6,5,0,3,0,0,0,0,0,0,0,21,0,0,0,3,6,8,0,4,0,0,0,0,0,3,3,27,0,0,0,0,0,0,0,0,0,0,0,0,0,0,0,0,0,3,30,3,0,0,3,0,3,0,0,5,0,0,3,50,3,4,9,30,56,67,32,21,3,8,10,3,7,21,23,297,0,0,0,0,6,15,22,12,9,5,14,3,15,0,0,101,0,0,0,3,0,5,0,0,0,4,0,0,0,0,0,12
LGA12700,3,0,0,0,0,0,0,3,0,0,0,0,0,0,0,0,0,0,0,0,0,0,0,0,0,0,0,3,0,0,0,0,3,0,0,0,0,0,0,6,0,0,3,3,0,0,0,0,0,0,0,0,0,0,0,6,0,0,0,0,0,0,0,0,0,0,0,0,0,0,0,0,0,0,0,0,0,0,0,0,0,0,0,0,0,0,0,0,0,0,0,0,3,0,0,0,0,0,0,0,0,0,0,3,0,0,0,0,3,0,0,0,0,0,0,0,0,0,0,3,0,0,0,0,0,0,0,0,0,0,0,0,0,0,0,0,0,0,16,0,0,0,0,0,0,0,0,0,0,0,0,16,3,3,0,4,15,16,9,3,0,0,0,0,0,0,3,56,0,0,0,0,0,0,0,0,0,0,0,3,3,0,0,6,0,5,0,0,0,0,0,0,0,0,0,0,0,0,0,5
LGA12750,0,3,0,0,0,3,3,26,0,0,0,0,0,0,0,0,0,0,0,0,0,0,0,0,3,0,7,16,18,12,5,0,3,0,0,4,0,4,3,75,0,7,45,41,6,0,3,0,0,0,0,0,0,0,12,114,0,0,5,3,0,0,0,4,0,0,0,0,0,0,0,12,0,0,0,0,0,0,3,0,0,0,0,0,0,0,0,3,0,0,0,4,5,0,0,0,0,0,0,0,0,0,0,9,0,3,3,6,9,3,3,0,0,0,0,0,0,0,3,30,3,9,20,22,0,0,0,0,0,0,0,0,0,0,0,54,0,21,120,26,12,12,3,0,0,0,0,0,0,0,5,199,5,7,25,67,111,87,58,25,5,0,10,3,0,3,32,438,0,3,0,0,3,22,11,5,3,8,3,3,9,3,3,76,0,6,8,3,5,5,3,0,0,0,0,0,0,0,3,33
LGA12850,16,7,10,7,15,3,19,470,0,0,0,442,594,552,5077,3179,796,631,826,1044,570,450,389,14550,0,4,8,45,40,28,9,7,0,0,0,0,0,0,6,147,31,180,1567,1511,434,110,40,24,6,9,0,4,9,4,224,4153,0,0,8,3,4,9,6,14,0,0,0,0,4,0,4,52,0,0,0,0,15,18,23,19,5,0,5,5,0,0,0,90,0,5,20,281,661,507,374,226,49,40,37,29,30,5,124,2388,3,0,3,6,56,201,106,35,7,4,12,4,14,3,33,487,3,116,407,405,140,48,10,3,4,0,0,0,5,0,40,1181,0,7,69,32,5,12,7,3,0,0,0,0,0,0,4,139,6,3,9,39,136,278,774,468,58,93,95,82,88,61,170,2360,0,0,0,9,299,858,580,188,58,60,41,34,47,26,62,2262,0,110,36,62,71,190,69,17,6,7,0,0,0,0,42,610
LGA12900,0,0,0,0,0,0,0,3,0,0,0,0,0,0,0,0,0,0,0,0,0,0,0,0,0,0,0,0,4,0,0,3,0,0,0,0,0,3,0,10,0,3,5,3,0,0,0,0,0,0,0,0,0,0,3,14,0,0,0,0,0,0,0,0,0,0,0,3,0,0,0,3,0,0,0,0,0,0,0,0,0,0,0,0,0,0,0,0,0,0,0,0,0,0,0,0,0,0,0,0,0,0,0,0,0,0,0,0,3,0,0,0,0,0,0,0,0,0,0,3,0,0,3,0,0,0,0,0,0,0,0,0,0,0,0,3,0,0,7,3,0,3,0,0,0,0,0,0,0,0,3,16,0,0,0,0,11,3,7,3,0,8,4,3,0,0,3,42,0,0,0,0,3,3,5,3,0,0,0,3,5,3,3,28,0,0,0,0,0,0,0,0,0,0,0,0,0,0,0,0
LGA12950,0,0,0,0,0,0,0,0,0,0,0,0,0,0,0,0,0,0,0,0,0,0,0,0,0,0,0,0,0,0,0,0,0,0,3,0,0,0,0,3,0,0,0,3,0,0,0,0,0,0,0,0,0,0,0,3,0,0,0,0,0,0,0,0,0,0,0,0,0,0,0,0,0,0,0,0,0,0,0,0,0,0,0,0,0,0,0,0,0,0,0,0,0,0,0,0,0,0,0,0,0,0,0,0,0,0,0,0,0,3,0,0,0,0,0,0,0,0,0,3,0,0,3,0,0,0,0,0,0,0,0,0,0,0,0,3,0,0,5,3,0,0,0,0,0,0,0,0,0,0,0,8,0,0,0,0,0,0,8,5,3,0,0,0,0,0,0,16,0,0,0,3,0,3,3,0,0,0,0,0,0,0,0,9,0,0,0,0,3,0,0,0,0,0,0,0,0,0,0,3
LGA13010,0,0,0,0,3,0,0,6,0,0,0,0,0,0,0,0,0,0,0,0,0,0,0,0,0,3,0,3,3,0,0,0,4,0,3,0,0,0,0,16,0,0,0,3,0,0,0,0,0,0,0,0,0,0,0,3,0,0,0,0,0,0,0,0,0,0,0,3,0,3,0,6,0,0,0,0,0,0,0,0,0,0,0,0,0,0,0,0,0,0,0,0,0,0,0,0,0,0,0,0,0,0,0,0,0,0,0,3,0,0,0,0,0,0,0,0,0,0,0,3,0,0,3,0,0,3,0,0,0,0,0,0,0,0,0,6,0,3,12,0,0,4,3,0,0,0,0,3,3,0,0,28,3,0,0,11,15,16,9,0,0,0,0,0,0,0,10,64,0,0,0,0,0,0,8,4,0,3,0,0,0,0,0,15,0,0,0,0,0,0,0,0,0,0,0,0,0,0,0,0
LGA13050,0,0,0,5,0,0,0,5,0,0,0,0,0,0,0,0,0,0,0,0,0,0,0,0,0,0,5,0,0,0,0,0,0,0,0,0,0,0,0,5,0,0,3,0,0,0,0,0,0,0,0,0,0,0,0,3,0,0,0,0,0,0,0,0,0,0,0,0,0,0,0,0,0,0,0,0,0,0,0,3,0,0,0,0,0,0,0,3,0,0,0,0,0,0,0,0,0,0,0,0,0,0,0,0,0,0,0,5,4,0,0,0,0,0,0,0,0,0,0,9,0,3,0,0,0,0,0,0,0,0,0,0,0,0,0,3,0,0,11,0,0,0,0,3,0,0,0,0,0,0,0,14,3,0,0,5,7,5,7,0,0,0,0,0,7,0,6,40,0,0,0,0,0,0,0,3,0,0,0,0,0,0,0,3,0,0,0,0,0,0,0,0,0,0,0,0,0,0,0,0
LGA13100,7,9,5,8,3,0,8,182,0,0,0,6,3,0,10,4,0,3,0,0,0,0,3,29,3,8,30,85,79,116,82,36,14,21,17,13,3,6,35,548,17,33,164,113,29,8,7,0,0,0,0,4,3,0,33,411,0,0,6,3,13,16,39,31,3,6,8,0,3,0,6,134,0,0,0,3,15,50,49,52,21,12,20,12,9,0,11,254,0,3,16,18,23,4,6,7,0,0,0,0,0,0,3,80,0,7,10,26,42,52,25,32,3,3,3,0,3,3,11,220,0,42,86,51,22,12,6,0,0,0,7,0,0,0,12,238,0,63,282,73,49,42,36,16,4,3,8,10,3,3,26,618,17,26,57,263,612,717,524,280,48,38,46,38,49,37,173,2925,0,0,0,20,62,198,191,49,22,21,30,18,17,9,16,653,3,30,19,21,5,63,19,7,0,3,0,7,0,0,11,188
LGA13310,0,0,0,0,0,0,5,9,0,0,0,3,0,0,0,0,3,0,0,0,0,0,3,9,0,3,7,11,3,3,0,0,0,3,0,0,0,0,0,30,0,8,29,17,5,0,0,0,0,0,0,0,0,0,4,63,0,0,0,0,0,0,3,3,0,0,0,0,0,0,0,6,0,0,0,0,3,0,3,3,0,0,0,0,0,3,5,17,0,0,0,3,3,0,0,0,0,0,0,0,0,0,16,22,0,3,0,5,6,3,4,0,0,0,0,0,0,0,0,21,0,3,11,3,3,0,0,0,0,0,0,0,0,0,0,20,0,7,51,4,4,3,3,3,0,0,0,0,0,0,4,79,3,3,10,34,45,56,30,12,3,3,4,0,5,5,43,256,0,0,0,0,5,22,14,9,0,3,5,4,9,3,0,74,0,3,3,0,0,8,3,0,0,4,0,0,0,0,0,21
LGA13320,0,0,0,0,0,0,0,24,0,0,5,0,0,0,3,0,0,0,0,0,0,0,0,8,3,0,7,30,13,13,5,3,0,0,0,0,0,0,3,77,3,14,31,10,6,3,0,0,0,0,0,0,0,0,7,74,0,0,0,0,0,0,0,0,0,0,0,0,0,0,4,4,0,0,0,0,0,0,3,0,0,0,0,0,0,0,0,3,0,0,0,0,0,3,0,0,0,0,0,0,0,0,3,6,3,0,0,7,4,0,0,0,0,3,0,0,0,0,0,17,0,4,21,14,5,0,0,0,0,0,0,0,0,0,0,44,0,24,70,18,3,4,3,0,0,0,0,3,0,0,5,130,7,6,19,66,96,90,58,12,3,3,0,4,6,6,31,407,0,0,0,3,8,19,14,10,3,0,0,0,3,0,9,69,0,10,4,3,0,11,0,0,0,0,0,0,0,0,0,28
LGA13340,0,0,0,0,0,0,0,0,0,0,0,0,0,0,3,0,0,0,0,0,0,0,0,3,0,0,3,3,0,0,0,0,0,0,0,0,0,0,3,9,0,0,3,0,0,0,0,0,0,0,0,0,0,0,3,6,0,0,0,3,0,0,0,0,0,0,0,0,0,0,0,3,0,0,0,0,0,0,0,0,0,0,0,0,0,0,0,0,0,0,0,0,0,0,0,0,0,0,0,0,0,0,0,0,0,0,0,0,0,0,0,0,0,0,0,0,0,0,0,0,0,3,0,3,0,0,0,0,0,0,0,0,0,0,0,6,0,0,25,9,8,3,0,0,0,0,0,0,0,0,0,45,0,0,3,14,23,14,14,9,3,5,4,3,3,6,4,105,0,0,0,3,0,8,0,0,0,0,3,0,0,3,3,20,0,0,4,0,0,0,0,0,0,0,0,0,0,0,0,4
LGA13380,0,0,0,0,0,0,3,23,0,0,0,4,0,0,3,0,0,0,0,0,0,0,0,7,3,4,5,23,13,5,4,0,0,0,0,0,0,0,0,57,3,3,23,10,4,0,3,0,0,0,0,0,0,0,3,49,0,0,4,0,0,0,6,0,0,0,0,7,0,0,0,17,0,0,0,0,0,7,0,0,0,0,0,0,0,0,0,7,0,0,0,3,5,0,0,0,0,0,0,0,0,0,0,8,0,0,0,5,9,3,0,0,0,0,0,0,0,0,3,20,0,8,24,6,8,0,0,0,0,0,0,0,0,0,3,49,0,15,116,24,13,6,11,7,0,0,0,0,0,0,7,199,3,4,17,57,132,102,44,34,7,10,0,3,9,7,24,453,0,0,0,3,6,38,33,3,3,3,12,8,0,3,0,112,0,9,3,0,8,4,3,0,0,0,0,0,0,0,0,27
LGA13450,0,0,0,0,0,0,0,0,0,0,0,3,0,0,4,0,0,0,0,0,0,0,0,7,0,0,0,3,0,5,0,4,0,0,0,3,0,3,0,18,67,188,595,272,37,12,7,6,0,0,0,3,3,3,89,1282,0,0,0,0,0,0,0,0,0,0,0,0,0,0,3,3,0,0,0,0,0,0,3,0,0,0,0,3,3,0,3,12,0,0,0,9,7,0,0,0,0,0,0,0,0,0,0,16,0,0,0,3,0,0,0,0,0,0,0,0,0,4,4,11,0,3,0,3,3,3,0,0,0,0,4,0,0,0,0,16,0,3,11,3,0,6,5,3,0,0,0,0,0,0,0,31,0,0,0,10,24,40,113,74,13,6,17,34,27,22,40,420,0,0,0,0,3,48,29,9,9,11,15,25,3,4,3,159,0,0,0,0,0,0,0,3,0,0,0,0,0,0,0,3
LGA13500,0,0,0,0,0,0,0,0,0,0,0,0,0,0,0,0,0,0,0,0,0,0,0,0,0,0,0,0,0,3,0,0,0,0,0,0,0,0,0,3,0,0,0,0,0,0,0,0,0,0,0,0,0,0,0,0,0,0,0,0,0,0,0,0,0,0,0,0,0,0,0,0,0,0,0,0,0,0,0,0,0,0,0,3,0,0,0,3,0,0,0,0,0,0,0,0,0,0,0,0,0,0,0,0,0,0,0,0,0,3,0,0,0,0,0,0,0,0,0,3,0,0,0,0,0,0,0,0,0,0,0,0,0,0,0,0,0,0,5,0,0,0,0,0,0,0,0,0,0,0,0,5,0,0,0,0,5,3,9,3,3,0,7,0,0,0,3,33,0,0,0,0,0,0,0,0,0,0,3,3,0,6,0,12,0,0,0,0,0,0,0,0,0,0,0,0,0,0,0,0
LGA13550,0,0,0,0,0,0,0,0,0,0,0,0,0,0,0,0,0,0,0,0,0,0,0,0,0,0,0,6,0,0,4,0,0,0,0,0,0,0,0,10,0,0,3,5,0,0,0,0,0,0,0,0,0,0,0,8,0,0,0,0,0,0,0,0,3,0,3,0,0,0,0,6,0,0,0,0,0,0,0,0,0,0,0,0,0,0,0,0,0,0,0,0,0,0,0,0,0,0,0,0,0,0,0,0,0,0,3,0,0,0,0,0,0,0,0,0,0,0,0,3,0,0,0,4,0,0,0,0,0,0,0,0,0,0,3,7,0,5,9,4,0,0,0,0,0,0,0,0,0,0,0,18,0,0,0,4,21,9,12,5,4,0,3,0,5,4,7,74,0,0,3,0,0,9,3,0,0,0,3,3,0,0,0,21,0,0,0,3,0,0,0,0,0,0,0,0,0,0,0,3
LGA13650,0,0,0,0,0,0,0,0,0,0,0,0,0,0,0,0,0,0,0,0,0,0,0,0,0,0,0,3,0,0,0,0,0,0,0,0,0,0,0,3,0,0,0,0,0,0,0,0,0,0,0,0,0,0,0,0,0,0,0,0,0,0,0,0,0,0,0,0,0,0,0,0,0,0,0,0,0,0,0,0,0,0,0,0,0,0,0,0,0,0,0,0,0,0,0,0,0,0,0,0,0,0,0,0,0,0,0,0,0,0,0,0,0,0,0,0,0,0,0,0,0,0,0,0,0,0,0,0,0,0,0,0,0,0,0,0,0,0,0,3,0,0,0,0,0,0,0,0,0,0,0,3,0,0,0,6,7,11,4,4,0,0,3,0,0,4,3,42,0,0,0,0,0,0,0,0,0,0,3,0,0,0,0,3,0,0,0,0,0,0,0,0,0,0,0,0,0,0,0,0
LGA13660,0,0,0,0,0,0,0,0,0,0,0,0,0,0,0,0,0,0,0,0,0,0,0,0,0,0,0,0,0,0,0,0,0,0,3,0,0,3,0,6,0,0,0,0,0,0,0,0,0,0,0,0,0,0,0,0,0,0,0,0,0,0,0,0,0,0,0,0,0,0,0,0,0,0,0,0,0,0,0,0,0,0,0,0,0,0,0,0,0,0,0,0,0,0,0,0,0,0,0,0,0,0,0,0,0,0,0,0,0,0,0,0,0,0,0,0,0,0,0,0,0,0,0,0,0,0,0,0,0,0,0,0,0,0,0,0,0,0,3,0,3,0,0,0,0,0,0,0,0,0,0,6,0,0,0,0,0,9,7,7,0,0,0,3,0,0,0,26,0,0,0,0,0,0,0,0,0,0,0,0,0,3,0,3,0,0,0,0,0,0,0,0,0,0,0,0,0,0,0,0
LGA13700,0,0,0,0,0,0,0,0,0,0,0,0,0,0,0,0,0,0,0,0,0,0,0,0,0,0,0,0,0,3,0,0,0,0,0,0,0,0,0,3,0,0,3,0,0,0,0,0,0,0,0,0,0,0,0,3,0,0,0,0,3,0,0,0,0,0,0,0,0,0,0,3,0,0,0,0,0,0,0,0,0,0,0,0,0,0,0,0,0,0,0,3,0,3,0,0,0,3,0,0,0,0,0,9,0,0,0,3,3,0,0,0,0,0,0,0,0,0,0,6,0,0,0,0,0,0,0,0,0,0,0,0,0,0,0,0,0,3,3,3,0,0,0,0,0,0,0,0,0,0,0,9,0,0,0,5,5,9,3,0,0,0,0,0,0,3,0,25,0,0,0,0,0,0,0,0,0,0,0,0,4,0,0,4,0,0,0,0,0,0,0,0,0,0,0,0,0,0,0,0
LGA13800,0,3,3,0,0,3,0,33,0,0,0,0,0,4,3,0,0,0,0,0,0,0,0,7,0,0,9,43,40,36,25,6,4,0,0,0,0,0,9,172,3,15,66,66,29,6,3,0,0,0,3,0,0,0,16,207,0,0,3,0,4,3,7,0,0,0,0,3,0,0,3,23,0,0,0,0,3,12,8,3,3,0,0,0,0,0,3,32,0,5,0,24,11,14,10,5,0,0,0,0,0,0,5,74,3,3,3,23,28,11,5,3,0,0,0,0,3,3,13,98,3,31,114,148,58,25,0,4,0,7,0,0,4,0,26,420,0,10,162,50,30,13,4,8,0,3,3,0,0,3,19,305,5,4,10,74,166,191,182,85,19,13,3,18,13,6,56,845,0,0,0,3,23,57,31,23,8,8,11,10,8,3,14,199,0,6,9,3,10,9,4,0,0,0,0,0,0,0,7,48
LGA13850,0,0,0,0,0,0,0,0,0,0,0,0,0,0,0,0,0,0,0,0,0,0,0,0,0,0,0,0,0,0,0,0,0,0,0,0,0,0,0,0,0,0,16,4,3,0,0,0,0,0,0,0,0,0,3,26,0,0,0,0,0,0,0,0,0,0,0,0,0,0,0,0,0,0,0,0,0,0,0,0,0,0,0,0,0,0,0,0,0,0,0,0,0,0,0,0,0,0,0,0,0,0,0,0,0,0,0,0,0,0,3,0,0,0,0,0,0,0,0,3,0,0,0,0,0,0,0,0,0,0,0,0,0,0,0,0,0,0,3,0,0,0,0,0,0,0,0,0,0,0,0,3,0,0,0,0,7,3,3,6,0,0,0,0,0,0,3,22,0,0,0,0,0,3,3,0,0,0,0,0,0,0,0,6,0,0,0,0,0,0,0,0,0,0,0,0,0,0,0,0
LGA13950,10,14,16,14,4,0,8,344,0,0,3,22,17,23,402,218,45,49,65,45,37,15,32,973,3,0,9,42,56,41,22,13,4,6,4,4,0,15,13,232,9,35,367,376,81,24,23,9,0,3,0,3,0,0,52,982,0,0,0,0,6,9,10,19,3,0,3,4,0,3,0,57,0,0,0,0,17,165,125,65,21,8,15,9,6,3,23,457,4,19,88,688,1026,878,792,420,76,89,57,41,42,25,249,4494,0,0,3,12,41,123,74,45,10,22,14,15,8,0,9,376,5,180,555,487,118,31,7,0,0,4,0,3,0,0,52,1442,0,11,62,21,9,0,0,6,0,0,0,3,0,0,6,118,7,7,7,45,134,264,475,322,56,71,76,57,92,39,112,1764,0,0,0,5,109,496,558,282,80,102,73,67,50,36,63,1921,0,41,14,9,26,105,30,12,3,5,0,0,6,0,5,256
LGA14000,22,24,30,27,27,17,5,761,0,0,0,6,8,8,16,14,0,0,3,8,3,3,3,72,4,0,19,58,55,115,83,43,12,5,17,5,7,8,17,448,12,41,337,299,54,17,34,7,5,3,4,0,6,3,48,870,0,3,0,16,30,88,173,76,13,17,19,15,10,9,19,488,0,0,0,3,152,627,893,748,221,172,198,181,185,79,155,3614,0,22,108,190,137,89,61,13,3,9,0,5,0,0,24,661,0,3,25,89,245,688,311,199,44,62,37,60,58,31,33,1885,0,15,42,33,8,3,4,0,0,0,0,0,0,0,3,108,3,37,154,72,28,51,52,35,4,0,10,9,9,3,13,480,21,25,48,245,402,514,608,271,50,45,63,65,65,39,109,2570,0,0,3,23,166,382,398,213,63,97,85,53,49,42,34,1608,0,21,9,20,38,236,75,19,5,0,5,9,5,0,14,456
LGA14100,0,5,0,0,0,0,0,37,0,0,3,0,3,0,0,0,0,0,0,0,0,0,0,6,8,4,5,3,7,16,11,7,0,0,3,0,0,0,0,64,11,9,76,50,4,3,3,5,0,3,0,0,0,0,7,171,0,0,0,3,0,4,10,4,0,0,4,0,0,0,6,31,0,0,0,4,13,26,14,0,3,0,5,4,0,0,0,69,0,3,9,9,11,8,8,0,0,0,0,0,0,0,0,48,0,0,3,12,17,16,12,6,0,0,0,4,0,0,0,70,0,0,6,7,0,0,0,0,0,0,0,0,0,0,0,13,0,3,14,3,3,3,3,0,0,0,0,0,3,3,0,35,3,3,12,26,40,57,44,27,0,7,6,0,3,3,8,239,0,0,0,3,4,16,10,4,4,0,0,0,3,0,3,47,0,9,3,5,4,12,7,4,0,0,0,0,0,0,4,48
LGA14150,41,31,44,32,26,14,14,928,0,0,0,3,4,6,20,6,0,0,0,0,0,0,4,43,0,4,11,24,9,27,21,14,0,3,0,4,0,4,3,124,7,39,302,223,41,19,7,5,0,0,0,0,3,0,49,695,0,0,3,3,8,31,40,29,3,3,4,3,6,6,6,145,0,0,0,4,21,53,87,44,10,18,7,14,8,9,14,289,4,6,29,135,266,233,128,51,19,13,3,6,10,6,28,937,0,3,6,29,67,222,122,81,15,26,16,17,17,3,30,654,3,9,72,30,15,0,4,0,0,0,0,0,0,0,4,137,0,6,34,16,3,5,3,6,0,3,3,0,0,3,0,82,4,3,9,51,150,235,381,264,39,27,56,48,49,28,74,1418,0,0,0,14,75,251,220,125,22,32,32,47,22,14,34,888,0,24,6,5,6,33,13,10,7,0,3,0,0,0,5,112
LGA14200,0,0,0,0,0,0,0,3,0,0,0,0,0,0,0,0,0,0,0,0,0,0,0,0,0,0,3,3,3,3,0,0,0,4,0,0,4,0,0,20,0,4,13,4,0,0,0,0,0,0,0,0,0,0,0,21,0,0,0,0,0,0,0,0,0,0,0,0,0,4,7,11,0,0,0,0,0,0,0,0,0,0,0,4,4,3,3,14,0,0,3,0,0,0,0,0,0,0,0,0,0,0,3,6,0,0,0,3,3,0,0,0,0,0,0,0,0,0,0,6,0,3,0,3,0,0,0,0,0,0,0,0,0,0,0,6,0,0,15,5,6,0,0,0,0,0,0,0,0,0,0,26,7,0,3,7,17,19,18,8,4,0,3,0,0,0,12,98,0,0,0,0,3,10,6,3,3,0,11,10,6,3,5,60,0,0,3,0,3,3,0,0,0,0,0,0,0,0,0,9
LGA14250,0,0,0,0,0,0,0,0,0,0,0,0,0,0,0,0,0,0,0,0,0,0,0,0,0,0,0,0,0,0,0,0,0,0,0,0,0,0,0,0,3,0,4,4,0,0,0,0,0,0,0,0,0,0,0,11,0,0,0,0,0,0,0,0,0,0,0,0,0,0,0,0,0,0,0,0,0,0,0,0,0,0,0,0,0,0,0,0,0,0,0,0,0,0,0,0,0,0,0,0,0,0,0,0,0,0,0,0,0,0,0,0,0,0,0,0,0,0,0,0,0,0,0,0,0,0,0,0,0,0,0,0,0,0,0,0,0,4,5,0,0,0,0,0,0,0,0,0,0,0,0,9,0,0,0,0,0,3,0,0,0,0,0,0,0,0,3,6,0,0,0,0,0,3,4,0,0,0,0,0,0,0,0,7,0,0,0,0,0,0,0,0,0,0,0,0,0,0,0,0
LGA14300,0,0,0,0,0,0,0,0,0,0,0,0,0,0,0,0,0,0,0,0,0,0,3,3,0,0,0,3,0,0,0,0,0,0,0,0,0,0,0,3,0,0,0,0,0,0,0,0,0,0,0,0,0,0,6,6,0,0,0,0,0,0,0,0,0,0,0,0,3,0,0,3,0,0,0,0,0,3,0,0,0,0,0,0,0,0,4,7,3,0,0,0,0,0,0,0,0,0,0,0,0,0,3,6,0,0,0,0,3,0,0,0,0,3,0,0,0,0,0,6,0,0,3,0,0,0,0,0,0,0,0,0,0,0,0,3,0,3,5,0,0,0,0,0,0,0,0,0,0,0,0,8,0,0,0,9,8,15,4,7,0,0,4,3,0,0,22,72,0,0,0,0,0,0,0,0,3,0,0,0,0,0,3,6,0,0,0,0,0,0,0,0,0,0,0,0,0,0,0,0
LGA14350,0,0,0,0,0,3,0,9,0,0,0,3,0,0,0,0,0,0,0,0,0,0,3,6,0,0,4,4,9,0,0,0,0,0,0,3,3,0,0,23,0,3,8,3,0,0,3,0,0,0,0,0,0,0,0,17,0,0,0,0,0,3,0,0,0,0,0,0,0,0,0,3,0,0,0,0,0,0,0,0,0,0,0,0,0,0,5,5,0,0,0,0,4,0,0,0,0,0,0,0,0,0,4,8,0,0,0,0,3,3,4,0,0,0,0,0,0,0,3,13,0,3,12,10,3,0,0,0,0,0,0,0,0,0,3,31,0,8,42,13,0,0,0,0,0,0,3,0,0,0,7,73,10,7,7,32,60,57,33,3,0,4,0,4,0,0,34,251,0,0,0,0,0,21,30,9,3,5,8,8,3,0,3,90,0,3,3,0,0,3,0,0,0,0,0,0,3,0,0,12
LGA14400,0,0,0,0,0,0,0,3,0,0,0,0,0,0,4,0,0,0,0,0,0,0,0,4,0,3,3,16,12,3,9,4,3,0,0,0,8,0,3,64,0,0,53,28,4,3,3,0,0,0,0,0,3,0,3,97,0,0,0,0,0,4,4,0,0,0,0,0,0,0,0,8,0,0,0,0,0,4,3,0,0,0,4,0,0,3,0,14,0,0,0,3,0,0,0,0,0,0,0,0,0,0,0,3,0,0,0,5,3,3,3,0,0,0,0,0,0,0,0,14,3,3,22,7,0,0,0,0,0,0,0,0,0,0,0,35,0,6,38,9,3,0,3,0,0,0,4,5,0,0,3,71,3,7,8,22,52,40,37,41,6,3,9,8,0,3,10,249,0,0,0,3,7,4,4,4,0,0,0,0,0,3,3,28,0,3,3,5,0,8,0,0,0,0,0,0,0,0,0,19
LGA14450,22,29,18,12,12,5,15,455,0,0,0,0,3,5,16,3,0,3,3,0,0,0,0,33,0,6,10,13,20,20,14,9,6,3,8,4,4,0,4,121,7,26,204,209,38,14,7,3,0,0,3,0,3,0,25,539,0,0,0,3,3,19,39,21,7,3,3,4,4,3,3,112,0,0,0,0,10,35,41,47,13,13,10,4,5,8,12,198,0,5,46,113,167,118,87,40,12,10,11,5,5,3,25,647,0,0,5,34,70,136,89,46,12,10,19,10,22,9,5,467,0,12,52,28,13,4,0,0,0,0,0,0,0,0,4,113,0,9,14,8,4,4,0,4,0,0,0,0,0,0,4,47,5,6,11,42,104,162,223,124,20,36,30,23,16,10,34,846,0,0,0,5,50,147,133,89,38,33,45,35,29,18,12,634,0,9,0,11,10,43,10,5,0,0,3,3,0,0,0,94
LGA14500,4,4,5,13,12,13,11,455,0,3,0,7,9,3,4,4,0,0,0,0,0,6,3,39,3,0,17,36,39,100,100,29,9,6,5,14,11,15,5,389,10,33,168,94,15,12,25,7,0,0,0,3,0,0,26,393,0,0,9,13,51,135,163,93,14,16,10,41,57,24,44,670,0,0,0,8,112,407,526,328,100,109,88,94,69,59,78,1978,0,0,18,46,35,24,12,3,0,0,3,3,0,0,3,147,3,3,17,105,232,382,175,95,29,20,35,22,34,7,37,1196,0,3,10,9,7,5,0,0,0,0,0,0,0,0,3,37,3,19,88,21,33,33,52,24,14,13,9,16,13,3,17,358,35,30,74,264,317,396,509,281,70,61,49,60,65,61,92,2364,0,0,0,25,78,122,70,37,15,20,14,9,21,3,11,425,0,24,19,18,20,78,35,8,0,7,3,3,4,0,6,225
LGA14550,3,0,0,0,0,0,0,6,0,0,0,0,0,0,0,0,0,0,0,0,0,0,0,0,0,0,0,6,0,0,0,3,0,0,3,0,0,0,0,12,0,3,3,0,0,0,0,0,0,0,0,0,0,0,0,6,0,0,0,0,0,0,0,0,0,0,0,0,0,0,0,0,0,0,0,0,0,0,0,0,0,0,3,0,0,0,0,3,0,0,0,0,0,0,0,0,0,0,0,0,0,0,0,0,0,0,0,0,0,0,0,0,0,0,0,0,0,0,0,0,0,0,0,0,0,0,0,0,0,0,0,0,0,0,0,0,0,3,14,4,0,0,0,4,0,0,0,0,0,0,5,30,0,0,3,13,38,47,21,16,3,3,3,0,0,0,8,155,0,0,0,0,0,8,0,0,0,0,0,4,0,0,5,17,0,0,0,0,0,0,0,0,0,0,0,0,0,0,0,0
LGA14600,0,0,0,0,0,0,0,0,0,0,0,0,0,0,0,0,0,0,0,0,0,0,0,0,0,0,0,0,0,0,0,4,0,0,0,0,0,0,0,4,0,0,0,0,0,0,0,0,0,0,0,0,0,0,0,0,0,0,0,0,0,0,0,0,0,0,0,0,0,0,0,0,0,0,0,0,0,0,0,0,0,0,0,0,0,6,0,6,0,0,0,0,0,0,3,0,3,0,0,0,0,0,0,6,0,0,3,0,0,0,0,0,0,0,0,0,0,0,0,3,0,0,0,0,0,0,0,0,0,0,0,0,0,0,0,0,0,3,0,0,0,0,0,0,0,0,0,0,0,0,0,3,0,0,3,0,8,6,3,3,0,4,0,0,0,0,3,30,0,0,0,0,0,4,3,3,0,0,3,0,0,0,0,13,0,0,0,0,0,0,0,0,0,0,0,0,0,0,0,0
LGA14650,4,5,12,6,5,6,10,135,0,0,0,0,0,0,3,3,0,3,0,0,3,3,0,15,0,10,19,59,36,50,40,21,4,4,0,6,8,8,9,274,5,11,215,111,15,10,9,3,10,0,0,0,6,0,26,421,0,0,7,7,4,6,4,12,3,3,0,0,3,3,3,55,0,0,0,0,10,40,31,19,3,14,10,5,5,6,13,156,0,0,3,7,8,6,3,0,3,0,3,0,0,0,3,36,0,3,10,35,76,69,20,8,4,12,4,8,6,3,8,266,0,24,49,29,4,4,0,3,0,0,0,0,0,0,3,116,0,54,365,61,35,29,21,8,0,3,0,0,0,3,17,596,27,35,52,216,431,452,388,160,28,32,41,41,22,24,114,2063,0,0,0,9,29,165,115,44,5,20,18,19,21,3,30,478,0,88,19,24,21,49,13,3,3,0,0,3,4,0,13,240
LGA14700,3,5,8,5,0,3,4,127,0,0,0,0,6,5,0,0,0,0,0,0,0,0,0,11,0,0,4,15,16,43,43,23,7,4,3,3,7,17,7,192,10,11,48,39,7,3,13,11,4,3,0,3,0,3,9,164,0,0,0,3,16,43,84,39,7,13,11,10,8,5,8,247,0,0,0,0,17,39,43,38,9,14,11,6,12,4,13,206,0,0,9,18,17,14,4,5,4,0,0,0,0,0,0,71,3,0,9,27,76,122,38,39,11,8,6,13,9,4,8,373,0,3,5,4,3,4,0,0,0,0,0,0,0,0,0,19,0,7,31,7,6,3,3,17,3,5,3,0,0,4,0,89,0,8,20,57,104,151,176,95,9,21,17,17,44,11,29,759,0,0,0,3,19,75,58,44,12,19,31,10,6,3,9,289,0,3,15,9,16,47,10,13,4,0,3,3,4,0,3,130
LGA14750,0,0,0,0,0,0,0,0,0,0,0,0,0,0,0,0,0,0,0,0,0,0,0,0,0,0,0,0,0,0,0,0,0,0,0,0,0,0,0,0,6,10,86,72,3,0,0,0,0,0,0,0,0,0,21,198,0,0,0,0,0,0,0,3,0,0,0,0,0,0,0,3,0,0,0,0,0,0,3,0,0,0,0,0,3,0,3,9,0,0,0,0,0,0,0,0,0,0,0,0,0,0,0,0,0,0,0,0,0,0,0,0,0,0,0,0,4,0,0,4,0,0,3,0,3,3,0,0,0,0,0,0,0,0,0,9,0,0,7,3,0,0,0,0,0,0,0,0,0,0,0,10,0,0,3,7,16,16,10,15,8,3,0,0,0,3,9,90,0,0,0,0,0,0,6,0,0,0,0,0,3,0,0,9,0,0,0,0,3,3,0,0,0,0,0,0,0,0,0,6
LGA14800,0,8,3,3,8,8,4,136,0,0,0,3,5,0,3,4,4,0,0,0,3,0,0,22,0,3,3,17,44,93,117,79,20,23,26,28,46,27,11,537,5,27,268,322,90,28,32,26,7,13,5,12,17,4,64,920,0,0,0,3,15,28,49,46,4,3,15,3,3,0,14,183,0,0,0,0,19,26,31,26,4,3,5,7,10,4,5,140,0,0,12,25,10,20,11,3,3,0,0,0,0,0,4,88,0,0,3,18,44,59,35,30,5,3,3,3,9,0,7,219,0,13,44,38,13,9,0,0,0,0,0,0,0,0,4,121,0,3,39,14,11,14,13,17,3,7,3,13,3,0,4,144,4,4,25,127,228,306,333,240,39,86,59,58,76,39,73,1697,0,0,0,12,31,85,32,24,13,15,4,13,3,7,10,249,0,6,3,8,10,44,11,7,9,8,3,0,4,3,9,125
LGA14850,0,0,0,0,0,3,3,38,0,0,0,0,0,3,0,0,0,0,0,0,0,0,0,3,0,0,3,3,4,10,7,7,0,3,0,0,0,0,5,42,22,35,110,28,4,3,5,4,0,0,0,0,3,0,20,234,0,0,3,0,7,3,7,5,4,4,6,0,4,0,4,47,0,0,0,0,3,3,4,3,0,0,0,0,0,0,0,13,0,0,3,0,0,0,0,0,0,0,0,0,0,0,0,3,0,0,0,7,11,0,9,4,0,3,0,5,0,3,0,42,0,3,3,0,0,0,0,0,0,0,0,0,0,0,0,6,0,3,46,25,11,9,3,6,3,0,0,0,0,4,0,110,4,5,6,52,144,117,98,25,12,0,16,6,10,0,19,514,0,0,0,0,3,34,27,19,0,9,14,3,3,0,6,118,0,5,4,5,0,3,0,0,3,0,0,0,0,0,3,23
LGA14870,0,0,0,0,0,0,5,10,0,0,0,0,0,0,3,3,0,0,0,0,0,0,5,11,0,0,7,7,11,0,3,3,0,0,0,0,0,0,4,35,0,5,15,11,6,4,0,0,0,0,0,0,3,0,0,44,0,0,3,0,0,3,3,0,0,0,0,0,0,0,0,9,0,0,0,0,3,0,0,3,0,0,3,0,3,0,0,12,0,0,0,3,4,0,0,0,0,0,0,0,0,0,5,12,0,0,3,3,3,5,0,6,0,0,0,0,0,0,4,24,0,4,4,0,0,0,0,0,0,0,0,0,0,0,0,8,0,4,32,15,3,3,0,0,0,0,0,0,0,0,0,57,4,0,0,25,38,35,15,4,13,0,0,4,3,3,17,161,0,0,0,0,0,15,23,5,0,0,3,0,5,0,7,58,0,6,4,3,0,4,0,0,0,0,0,0,0,0,0,17
LGA14900,22,26,13,12,14,11,19,666,0,0,0,88,124,226,1823,1267,331,260,635,596,248,319,196,6113,0,4,16,45,48,41,18,16,6,0,4,5,0,11,5,219,19,118,978,1009,310,123,54,25,3,3,6,12,0,0,235,2895,0,3,6,3,0,3,23,8,3,3,0,3,0,0,5,60,0,0,0,0,10,34,19,21,3,6,0,3,0,3,7,106,0,4,38,307,825,954,685,271,87,41,59,53,30,23,194,3571,0,0,3,29,58,189,106,68,7,12,17,8,6,12,16,531,0,74,264,245,116,28,4,0,0,3,0,0,0,0,28,762,0,9,86,29,12,16,9,11,0,0,0,0,0,0,3,175,0,0,12,65,224,512,969,531,138,87,141,88,79,65,165,3076,0,0,0,8,195,1401,1119,324,85,84,80,62,78,35,108,3579,0,45,25,32,81,444,137,18,5,10,3,5,3,0,7,815
LGA14920,0,0,0,0,0,0,0,0,0,0,0,0,0,0,0,0,0,0,0,0,0,0,0,0,0,0,0,3,4,3,0,0,0,0,0,0,0,0,0,10,0,0,0,3,0,0,0,0,0,0,0,0,0,0,0,3,0,0,0,0,0,0,0,0,0,0,0,0,0,0,0,0,0,0,0,0,0,0,0,0,0,0,0,0,0,0,0,0,0,0,0,0,0,0,0,0,0,0,0,0,0,0,0,0,0,0,0,0,0,0,3,0,0,0,0,0,0,0,0,3,0,0,0,3,0,0,0,0,0,0,0,0,0,0,0,3,0,3,11,3,0,0,0,0,0,0,0,0,0,0,0,17,0,0,0,12,11,15,5,7,3,0,10,0,0,4,5,72,0,0,0,0,0,0,3,0,0,3,0,0,0,0,0,6,0,0,0,0,3,0,0,0,0,0,0,0,0,0,0,3
LGA14950,0,0,0,0,0,0,0,0,0,0,0,0,0,0,0,0,0,0,0,0,0,0,0,0,0,0,0,0,3,0,0,0,0,0,0,0,0,0,0,3,0,0,0,0,0,0,0,0,0,0,0,0,0,0,0,0,0,0,0,0,0,0,0,0,0,0,0,0,0,0,0,0,0,0,0,0,0,0,0,0,0,0,0,0,0,0,0,0,0,0,0,0,0,0,0,0,0,0,0,0,0,0,0,0,0,0,0,3,0,0,0,0,0,0,0,0,0,0,0,3,0,0,0,0,0,0,0,0,0,0,0,0,0,0,0,0,0,0,6,0,0,0,0,0,0,0,0,0,0,0,0,6,4,0,0,3,3,4,4,6,0,0,0,0,0,0,3,27,0,0,0,0,0,0,0,0,0,0,0,0,0,0,0,0,0,4,0,0,0,0,0,0,0,0,0,0,0,0,0,4
LGA15050,0,3,4,0,0,0,3,28,0,0,0,3,0,0,3,0,0,0,0,0,0,0,0,6,0,0,9,9,14,12,9,3,0,0,5,0,3,3,0,67,0,0,28,9,7,0,0,0,0,0,0,3,0,0,7,54,0,0,0,0,0,0,5,0,4,3,0,6,0,0,0,18,0,0,0,0,3,3,7,12,0,3,0,0,3,0,7,38,0,0,0,0,0,3,0,5,0,0,0,0,0,0,0,8,0,3,3,14,20,9,5,0,0,0,0,0,0,0,6,60,0,3,5,11,3,0,0,5,0,0,0,0,0,0,0,27,0,9,72,25,3,3,0,12,0,3,0,0,0,3,8,138,0,10,10,43,115,164,126,66,28,24,12,21,8,16,43,686,0,0,0,0,3,90,67,15,11,9,8,13,16,0,3,235,0,40,9,8,6,8,3,7,3,0,0,0,0,0,8,92
LGA15150,4,3,0,0,7,4,4,77,0,0,0,3,0,3,0,0,0,0,0,0,3,0,0,9,0,0,3,33,27,61,44,59,19,18,15,30,30,20,10,369,0,13,52,32,8,4,9,12,0,7,9,14,22,5,8,195,0,0,3,0,10,23,26,37,4,12,14,14,9,6,8,166,0,0,0,0,4,14,20,29,3,13,8,20,18,16,18,163,0,0,3,3,3,3,6,3,0,0,0,0,0,0,0,21,0,3,3,19,16,40,12,4,3,0,0,6,4,0,3,113,0,4,3,3,4,0,0,0,0,0,0,0,0,0,3,17,0,4,47,9,11,6,17,13,14,12,4,7,15,5,3,167,8,9,36,87,139,186,243,200,49,53,42,58,60,52,59,1281,0,0,0,0,12,38,29,22,4,11,3,12,7,4,0,142,0,4,3,5,7,21,6,11,3,4,0,3,5,0,4,76
LGA15200,15,16,15,18,13,13,12,456,0,0,0,3,5,3,10,3,3,0,0,0,0,3,3,33,0,0,5,26,35,85,109,80,23,20,28,38,26,28,12,515,3,12,266,240,65,25,16,19,6,3,3,4,9,4,42,717,0,0,3,3,9,41,86,63,13,4,13,8,16,5,11,275,0,0,0,4,20,40,36,27,5,7,5,5,8,4,8,169,0,11,64,188,251,75,41,22,8,3,3,8,0,0,86,760,3,0,3,18,61,118,63,50,7,3,14,20,10,5,15,390,0,10,45,38,12,3,4,0,0,0,0,0,0,0,3,115,0,4,22,8,8,21,18,12,0,5,3,4,6,0,5,116,0,3,11,82,288,416,444,228,50,52,45,69,54,56,76,1874,0,0,0,8,70,249,161,95,29,51,46,52,26,19,21,827,0,10,9,9,13,51,19,23,3,6,7,7,0,0,10,167
LGA15270,0,0,3,0,0,0,0,10,0,0,0,0,0,0,0,0,0,0,0,0,0,0,0,0,0,0,0,7,0,4,0,0,3,0,3,3,0,0,9,29,0,3,12,13,4,3,0,0,0,0,0,0,0,0,4,39,0,0,0,0,0,0,0,0,0,0,0,0,0,4,0,4,0,0,0,0,0,0,0,0,0,0,0,0,0,0,0,0,0,3,0,5,0,0,0,0,0,0,0,0,0,0,0,8,0,3,0,0,0,7,0,0,0,0,0,0,0,0,0,10,0,4,12,8,0,0,0,0,0,0,0,0,0,0,4,28,0,6,41,11,9,4,3,3,0,0,0,0,0,0,0,77,3,0,11,32,42,49,19,16,3,3,6,10,7,6,20,227,0,0,0,0,4,14,18,9,3,3,0,5,6,0,5,67,0,4,4,11,0,0,0,0,0,0,0,0,0,0,0,19
LGA15300,0,0,0,0,0,0,0,6,0,0,0,0,0,0,0,0,0,0,0,0,0,0,0,0,0,0,0,3,0,3,3,0,0,0,0,0,0,0,3,12,0,0,0,0,0,0,0,0,0,0,0,0,0,0,0,0,0,0,0,0,0,0,0,0,0,0,0,0,0,0,0,0,0,0,0,0,0,0,0,0,0,0,0,0,0,0,3,3,3,0,0,0,0,0,0,0,0,0,0,0,0,0,0,3,0,0,0,0,0,0,0,0,0,0,0,0,0,0,0,0,0,0,0,0,0,0,0,0,0,0,0,0,0,0,0,0,0,4,9,0,0,0,3,0,0,0,0,0,0,0,3,19,0,0,3,3,23,24,13,8,3,3,0,3,4,4,3,94,0,0,0,0,0,8,0,0,0,3,4,3,0,4,4,26,0,0,0,0,0,4,0,0,0,0,0,0,0,0,0,4
LGA15350,0,3,0,3,0,3,5,56,3,0,3,3,0,0,0,0,0,0,0,0,0,0,0,9,0,0,6,13,16,30,30,16,7,6,15,13,7,3,5,167,6,5,45,24,11,3,19,6,0,0,4,7,4,0,7,141,0,0,0,3,12,26,62,30,11,17,11,10,19,5,7,213,0,0,0,0,13,18,28,17,3,5,3,3,3,4,6,103,0,0,0,7,3,7,3,3,0,0,0,0,0,3,0,26,0,0,6,14,21,32,20,11,3,4,0,3,9,0,3,126,0,0,3,3,3,3,0,3,0,3,0,0,0,3,0,21,0,8,23,6,10,15,17,5,0,12,9,8,8,10,4,135,12,11,18,72,110,157,150,105,22,25,32,38,34,32,47,865,0,0,0,0,22,29,17,12,3,8,8,5,11,9,3,127,0,3,7,12,7,36,8,4,4,3,0,3,4,0,5,96
LGA15500,0,0,0,0,0,0,0,0,0,0,0,0,0,0,0,0,0,0,4,0,0,0,0,4,0,0,0,0,0,3,5,0,0,0,0,0,0,0,0,8,0,0,0,0,0,0,0,0,0,0,0,0,0,0,0,0,0,0,0,0,0,0,0,0,0,0,0,0,0,0,0,0,0,0,0,0,0,0,0,0,0,0,0,0,0,0,0,0,0,0,0,0,0,0,0,0,0,0,0,0,0,0,0,0,0,0,0,0,0,0,3,0,0,0,0,0,0,0,0,3,0,3,4,0,0,0,0,0,0,0,0,0,0,0,0,7,0,0,14,4,0,3,0,0,0,0,0,0,0,0,3,24,3,3,0,0,9,7,5,3,0,4,4,0,3,3,5,49,0,0,0,0,0,3,3,3,0,0,0,0,0,0,0,9,0,0,0,0,0,3,0,0,0,0,0,0,0,0,0,3
LGA15550,0,0,0,0,0,0,0,0,0,0,0,0,0,0,0,0,0,0,0,0,0,0,0,0,0,0,0,0,0,0,0,0,0,0,0,0,0,3,0,3,0,3,0,0,0,0,0,0,0,0,0,0,0,0,0,3,0,0,0,0,0,0,0,0,0,0,0,0,0,0,0,0,0,0,0,0,0,0,0,0,0,0,0,0,0,3,0,3,0,0,0,0,0,0,0,0,0,0,0,0,0,0,0,0,0,0,0,0,0,0,0,0,0,0,0,0,0,0,0,0,0,0,0,3,0,0,0,0,0,0,0,0,0,0,0,3,0,0,6,3,0,0,0,0,0,0,0,0,0,0,0,9,0,0,0,0,0,3,3,0,0,3,3,0,0,3,0,15,0,0,0,0,0,0,3,3,0,0,3,0,3,3,0,15,0,0,0,0,0,0,0,0,0,0,0,0,0,0,0,0
LGA15650,0,0,0,0,0,3,0,6,0,0,0,0,0,0,0,0,0,0,0,0,0,0,0,0,0,0,0,5,3,4,8,5,0,0,0,11,6,5,4,51,0,0,3,0,0,0,0,0,0,3,0,0,0,0,3,9,0,0,3,0,0,0,0,3,0,0,0,0,0,0,0,6,0,0,0,0,0,3,0,0,3,0,0,0,0,3,0,9,0,0,0,0,3,3,0,0,0,0,0,0,0,0,3,9,0,0,0,3,0,0,0,0,0,0,0,0,0,3,3,9,0,0,0,3,0,0,0,0,0,0,0,0,0,0,3,6,0,3,18,4,4,0,5,0,0,0,0,0,0,0,0,34,0,0,4,9,18,52,33,12,4,10,13,16,8,8,26,213,0,0,0,0,0,8,4,5,5,8,8,0,6,3,3,50,0,3,0,0,0,0,0,0,0,0,0,0,0,0,0,3
LGA15700,0,0,0,0,0,0,0,6,0,0,0,0,0,0,0,0,0,0,0,0,0,0,0,0,0,0,5,10,7,0,0,0,0,0,0,0,0,0,3,25,3,3,8,9,0,3,0,0,0,0,0,0,0,0,3,29,0,0,0,0,0,0,4,0,0,0,0,0,0,0,0,4,0,0,0,0,0,0,0,0,0,0,0,0,0,0,0,0,0,0,4,0,0,0,0,0,0,0,0,0,0,0,0,4,0,0,4,5,0,0,0,4,0,0,0,0,0,0,0,13,0,0,3,0,3,0,0,0,0,0,0,0,0,0,0,6,0,6,40,8,6,5,0,0,3,0,0,0,0,0,0,68,3,3,3,33,66,55,35,6,3,0,3,0,0,0,11,221,0,0,0,0,0,9,3,3,0,3,0,3,0,3,0,24,0,4,0,0,0,0,0,0,0,0,0,0,0,0,0,4
LGA15750,0,0,0,0,0,0,0,3,0,0,0,0,0,0,0,0,0,0,0,0,0,0,0,0,0,0,3,0,0,0,3,0,0,0,0,0,3,3,3,15,0,0,3,3,0,0,0,0,0,0,0,0,0,0,0,6,0,0,0,0,0,0,3,0,0,0,0,0,0,0,0,3,0,0,0,0,0,0,3,0,0,0,0,0,3,0,0,6,0,0,0,0,0,0,0,0,0,0,0,0,0,0,0,0,0,0,0,0,0,0,0,0,0,0,0,0,0,0,0,0,0,0,0,0,0,0,0,0,0,0,0,0,0,0,0,0,0,0,10,3,3,0,3,0,0,0,0,0,0,0,0,19,0,0,0,5,19,16,16,0,3,0,0,0,0,0,6,65,0,0,0,0,0,6,3,3,0,3,6,8,3,3,3,38,0,0,0,0,0,0,0,0,0,0,0,0,0,0,0,0
LGA15800,0,0,0,0,0,0,0,0,0,0,0,0,0,0,0,0,0,0,3,0,0,0,0,3,0,0,3,0,0,3,0,0,0,0,0,0,0,0,0,6,0,5,5,0,0,0,0,0,0,0,0,0,0,0,3,13,0,0,0,0,0,0,0,3,0,0,0,0,0,0,0,3,0,0,0,0,0,0,0,0,0,0,4,0,0,0,0,4,0,0,0,0,0,0,0,0,0,0,0,0,0,0,0,0,0,0,0,0,0,0,0,0,0,0,0,0,0,0,0,0,0,0,0,0,0,0,0,0,0,0,0,0,0,0,0,0,0,0,8,4,0,0,0,0,0,0,0,0,0,0,3,15,0,0,0,0,3,7,4,6,0,5,0,0,0,0,3,28,0,0,0,0,0,0,0,0,0,0,0,3,9,0,0,12,0,0,0,0,0,0,0,0,0,0,0,0,0,0,0,0
LGA15850,0,0,0,0,0,0,0,0,0,0,0,0,0,0,0,0,0,0,0,0,0,0,0,0,0,0,0,0,0,0,0,0,0,0,0,0,3,0,0,3,0,0,3,0,0,0,0,0,0,0,0,0,0,0,0,3,0,0,0,0,0,0,0,0,0,0,0,0,0,0,0,0,0,0,0,0,0,0,0,0,0,0,0,0,0,0,0,0,0,0,0,0,0,0,0,0,0,0,0,0,0,0,0,0,0,0,0,0,0,0,0,0,0,0,0,0,0,0,0,0,0,3,3,0,0,0,0,0,0,0,0,0,0,0,0,6,0,0,4,0,0,0,0,0,0,0,0,0,0,0,0,4,0,0,3,5,10,10,3,0,0,3,0,0,3,0,3,40,0,0,0,0,0,0,0,0,0,0,0,0,0,0,0,0,0,3,0,0,0,0,0,0,0,0,0,0,0,0,0,3
LGA15900,8,7,28,8,13,13,8,172,0,0,0,0,0,0,5,20,3,3,0,14,6,0,0,51,3,4,16,40,35,52,29,21,11,12,7,5,18,13,9,275,4,27,397,185,39,12,9,5,0,3,5,3,4,0,53,746,0,0,3,4,4,9,23,15,6,3,0,0,7,10,4,88,0,0,0,0,9,30,48,63,13,51,29,59,56,40,26,424,0,0,0,3,3,6,3,6,0,0,0,0,3,0,0,24,0,0,3,31,58,72,25,40,23,33,45,47,73,41,17,508,0,3,17,3,6,3,0,3,0,0,0,0,0,0,3,38,3,13,111,24,15,14,8,7,0,8,0,7,3,3,22,238,13,3,26,123,326,340,235,129,24,32,47,56,71,38,98,1561,0,0,0,7,35,203,147,49,22,23,40,30,34,29,24,643,0,107,19,41,29,66,17,5,0,0,0,7,0,0,27,318
LGA15950,8,7,16,8,6,8,7,229,0,3,0,4,4,3,4,0,3,0,3,4,0,0,0,28,0,0,11,29,27,64,68,69,11,20,29,29,39,20,18,434,6,13,59,28,20,11,14,22,4,6,11,14,7,5,13,233,0,0,0,10,36,138,183,188,50,55,69,83,106,68,53,1039,0,0,0,3,29,86,88,94,41,36,18,37,26,20,20,498,0,0,0,26,8,11,9,0,3,0,7,0,4,0,0,68,0,0,0,31,87,180,72,57,18,19,19,9,23,21,19,555,0,4,14,9,0,0,0,0,0,0,0,0,0,0,0,27,0,15,31,12,7,16,20,17,9,16,11,7,23,6,0,190,9,12,33,143,269,338,397,271,76,59,75,108,133,71,64,2058,0,3,0,10,60,128,72,62,19,19,34,23,29,14,17,490,3,13,8,8,18,70,24,29,4,10,5,7,9,3,4,215
LGA16100,0,0,0,0,0,0,0,0,0,0,0,0,0,0,0,0,0,0,0,0,0,0,0,0,0,0,0,3,0,0,0,0,0,3,0,0,0,0,0,6,0,4,11,4,0,0,0,0,0,0,0,0,0,0,0,19,0,0,0,0,0,0,3,0,0,0,0,0,0,0,0,3,0,0,0,0,0,0,3,0,0,0,0,0,0,0,0,3,0,0,0,0,4,0,0,0,0,0,0,0,0,0,0,4,0,0,0,0,0,0,0,0,0,0,0,0,0,0,0,0,0,0,0,0,0,0,0,0,0,0,0,0,0,0,0,0,0,0,7,3,0,0,0,0,0,0,0,0,0,0,3,13,0,0,0,5,12,13,33,15,4,9,6,9,0,0,17,123,0,0,0,3,0,0,0,0,0,0,7,0,0,0,0,10,0,0,3,0,0,0,0,0,0,0,0,0,0,0,0,3
LGA16150,3,3,0,4,4,0,0,29,0,0,0,0,0,0,7,4,0,0,0,0,4,0,0,15,0,0,6,10,4,7,0,0,5,0,4,0,3,0,4,43,0,11,29,52,4,3,0,3,0,0,0,0,0,0,5,107,0,0,0,0,0,0,3,4,0,0,0,0,0,0,3,10,0,0,0,0,0,0,3,5,8,4,3,0,0,4,3,30,3,0,0,3,3,0,0,0,0,0,0,0,0,0,0,9,0,0,3,3,7,14,0,0,0,0,0,0,0,0,0,27,0,4,3,0,0,0,0,0,0,0,0,0,0,0,0,7,0,15,52,12,3,3,3,0,0,0,0,0,0,0,3,91,4,0,9,30,55,81,66,40,6,23,12,10,22,16,27,401,0,0,0,3,4,28,23,22,8,11,14,12,3,8,3,139,0,28,0,6,0,0,5,0,0,0,0,0,0,0,4,43
LGA16180,0,0,0,0,0,0,0,12,0,0,0,0,0,0,0,0,0,0,0,0,0,0,0,0,0,0,3,10,7,0,3,0,0,5,0,0,0,0,0,28,0,0,17,18,4,6,0,0,0,0,0,0,0,0,5,50,0,0,0,0,0,0,3,0,0,0,0,0,0,0,0,3,0,0,0,0,3,0,4,0,0,0,0,0,0,0,3,10,0,0,0,4,0,0,0,0,0,0,0,0,0,0,0,4,0,0,3,7,3,7,3,0,0,0,0,0,0,0,0,23,0,4,5,3,3,0,0,0,0,0,0,0,0,0,3,18,0,4,28,5,6,3,0,3,0,0,5,0,0,0,0,54,0,0,5,31,52,40,25,11,4,0,4,6,3,0,3,184,0,0,0,0,0,3,3,3,0,0,6,3,0,4,0,22,0,0,3,6,0,5,3,0,0,0,0,0,0,0,0,17
LGA16200,0,0,3,0,0,0,0,12,0,0,0,0,0,0,0,0,0,0,5,0,4,0,0,9,0,0,3,3,3,0,0,3,0,0,3,0,3,0,4,22,0,0,5,0,0,0,0,0,0,0,0,0,0,0,0,5,0,0,0,0,0,0,0,0,0,0,0,0,0,0,0,0,0,0,0,0,0,0,0,3,0,0,0,0,0,0,0,3,0,0,0,0,3,0,0,0,0,0,0,0,0,0,0,3,0,0,0,0,0,0,0,0,0,0,0,0,0,0,0,0,0,0,0,0,0,0,0,0,0,0,0,0,0,0,0,0,0,0,23,3,0,0,0,3,0,0,0,0,0,0,0,29,0,0,0,4,11,13,19,3,3,0,4,3,3,6,10,79,0,0,0,0,3,8,3,4,3,4,3,4,11,5,10,58,0,12,0,0,0,0,0,0,0,0,0,0,0,0,0,12
LGA16250,35,21,31,28,12,8,28,796,0,0,0,15,24,27,419,218,31,27,34,60,32,32,24,943,0,10,15,47,53,67,50,30,3,0,8,14,20,12,13,342,7,33,297,301,64,26,13,7,5,5,3,5,3,9,61,839,0,0,0,3,0,27,84,58,15,7,8,17,17,8,10,254,3,0,0,0,163,810,1050,630,188,167,165,117,74,58,169,3594,7,48,206,1063,1495,1187,993,536,97,74,95,63,54,31,374,6323,0,3,8,43,130,369,168,184,45,50,42,27,38,26,29,1162,0,56,137,107,30,5,0,0,0,0,0,0,0,0,28,363,0,17,110,27,13,8,11,3,6,3,3,3,3,3,0,210,14,10,29,101,276,452,630,453,99,112,107,81,118,85,180,2747,0,0,0,20,198,796,649,314,84,95,126,112,136,60,92,2682,3,61,13,22,31,226,36,27,3,11,0,5,3,3,14,458
LGA16350,10,14,8,11,0,3,9,259,0,0,0,26,25,27,141,34,7,3,4,30,3,17,10,327,0,8,26,149,143,156,45,15,10,5,10,3,4,9,19,602,12,36,304,363,85,35,17,6,0,4,3,0,3,0,73,941,0,0,3,0,3,4,11,3,7,3,3,3,3,3,0,46,0,0,0,0,14,37,28,20,17,12,0,10,3,4,8,153,0,5,19,106,144,117,115,61,12,3,7,3,4,0,42,638,0,0,15,28,81,83,18,25,4,10,4,12,0,0,29,309,3,108,402,423,216,94,23,14,0,0,8,0,0,0,45,1336,0,34,335,103,51,42,11,11,4,4,3,4,0,3,14,619,3,4,25,135,356,637,850,470,112,105,91,85,78,58,234,3243,0,3,3,22,210,1087,842,335,98,86,99,113,70,17,84,3069,0,44,24,41,50,112,51,26,3,8,3,0,3,0,3,368
LGA16370,0,0,3,0,0,0,3,63,0,0,0,3,3,0,3,0,0,0,0,0,0,0,0,9,3,3,10,26,24,51,37,21,11,3,3,0,8,0,5,205,8,27,102,89,15,5,9,3,0,0,3,4,0,5,10,280,0,0,6,5,11,18,30,6,4,0,3,0,0,0,4,87,0,0,0,3,6,16,14,8,0,3,7,0,0,0,0,57,0,3,0,3,10,13,3,5,0,0,0,0,0,0,0,37,0,0,4,22,20,15,4,6,0,0,0,0,0,0,6,77,0,6,10,6,0,0,0,0,0,0,0,0,0,0,0,22,0,29,167,25,26,19,26,44,4,5,11,6,0,4,11,377,5,8,37,156,228,244,243,80,25,13,14,16,22,21,67,1179,0,3,0,5,15,52,34,5,4,0,3,0,3,4,6,134,0,8,7,0,4,35,5,5,0,0,0,5,3,0,3,75
LGA16380,0,3,3,0,0,0,3,35,0,0,0,0,0,3,0,0,0,0,0,0,0,0,0,3,3,5,20,32,27,24,16,13,0,3,4,3,0,0,8,158,0,9,52,28,6,4,0,0,0,0,0,0,0,0,10,109,0,0,0,0,0,0,10,9,0,0,0,6,0,0,0,25,0,0,0,0,4,0,7,0,0,0,4,0,0,0,0,15,0,0,0,7,0,4,0,0,0,0,0,0,0,0,0,11,0,0,10,14,7,9,0,5,3,0,0,0,0,0,4,52,0,15,26,10,7,6,0,0,0,0,0,0,0,0,3,67,0,39,156,44,25,12,13,3,0,4,3,3,4,3,4,313,15,13,36,133,217,210,148,73,17,17,23,4,19,11,76,1012,0,0,0,3,14,45,41,22,3,18,4,10,0,4,4,168,0,11,9,8,3,0,0,3,0,0,0,0,3,0,0,37
LGA16400,3,0,0,0,0,0,0,21,0,0,0,10,0,0,4,0,0,0,0,0,0,0,0,14,0,0,4,26,17,20,14,8,0,3,4,0,7,0,6,109,3,10,53,37,6,5,3,3,0,0,0,3,3,3,9,138,0,0,4,0,0,10,14,4,0,0,0,0,0,0,0,32,0,0,0,0,4,4,3,4,7,4,0,0,0,3,0,29,0,0,0,0,4,3,4,0,0,0,0,0,0,0,0,11,0,0,7,26,43,31,7,0,0,0,0,4,0,0,8,126,3,7,27,17,6,0,3,3,0,0,0,0,0,0,3,69,3,21,143,31,12,9,6,10,0,0,0,4,0,0,11,250,3,5,17,82,181,174,104,95,23,12,19,12,14,11,55,807,0,0,3,0,15,55,43,34,5,0,7,10,8,3,10,193,0,15,8,6,4,8,5,3,0,0,0,0,0,0,0,49
LGA16470,0,5,18,10,7,10,0,83,0,0,0,3,0,3,3,3,0,0,0,3,0,0,0,15,0,4,3,11,14,13,0,3,0,0,3,3,3,3,3,63,4,14,166,137,26,13,8,3,0,0,0,0,3,0,21,395,0,0,0,0,0,5,3,0,0,3,0,3,0,0,3,17,0,0,0,0,3,9,5,5,3,3,8,0,0,0,0,36,0,0,0,0,4,9,4,0,0,0,0,0,0,0,0,17,0,0,3,9,20,19,10,9,3,0,0,4,0,11,3,91,0,12,27,18,8,0,0,4,0,0,0,0,0,0,3,72,0,3,42,16,8,3,5,0,0,0,0,0,3,0,0,80,0,4,3,35,96,125,114,69,15,23,37,11,34,12,44,622,0,0,0,0,10,56,46,52,14,18,37,42,13,10,7,305,0,23,11,9,9,34,9,5,0,0,0,0,0,0,3,103
LGA16550,118,119,192,159,165,100,101,2618,0,0,0,31,25,23,97,16,8,0,7,3,0,0,11,221,3,7,22,78,68,180,226,271,90,119,203,206,196,146,82,1897,18,57,330,243,83,27,23,47,14,18,12,24,17,20,61,994,0,0,7,6,23,65,123,77,22,14,17,16,24,17,27,438,0,0,0,0,19,98,98,129,39,39,43,31,40,36,27,599,13,16,36,87,89,50,26,11,5,7,11,0,0,0,46,397,3,0,13,78,234,387,194,167,70,85,87,207,198,128,52,1903,3,58,124,74,22,9,3,0,0,0,0,0,0,0,24,317,0,19,52,22,17,15,26,23,14,11,3,5,12,5,4,228,10,5,37,177,419,498,537,347,100,97,82,83,132,82,182,2788,0,0,3,26,104,239,178,91,36,62,44,60,51,35,56,985,11,43,37,36,65,179,83,55,6,13,9,12,10,3,28,590
LGA16610,0,0,0,0,0,0,0,6,0,0,0,0,0,0,0,0,0,0,0,0,0,0,0,0,3,0,3,4,3,0,5,3,0,0,0,0,0,0,0,21,0,7,15,7,0,0,0,0,0,0,0,0,0,0,0,29,0,0,0,0,0,0,0,0,0,0,0,0,0,0,0,0,0,0,0,0,0,0,0,0,0,0,0,0,3,0,0,3,0,0,0,0,0,0,0,0,0,0,0,0,0,0,0,0,0,0,0,0,0,3,0,0,0,0,0,0,3,0,0,6,0,3,3,3,0,0,0,0,0,0,0,0,0,0,0,9,0,9,27,5,10,3,0,3,0,0,0,0,0,0,7,64,0,0,4,25,49,37,30,7,3,0,7,9,0,0,8,179,0,0,0,3,3,17,19,15,3,5,3,5,0,0,6,79,0,0,0,0,0,3,0,0,0,0,0,0,0,0,0,3
LGA16650,51,30,38,31,20,14,21,886,0,0,0,7,7,10,63,25,7,3,13,15,3,0,12,165,0,0,9,44,29,67,32,23,11,4,5,15,3,14,18,274,8,50,449,445,72,25,28,18,5,5,4,3,3,0,131,1246,0,0,3,0,16,42,102,64,8,10,15,9,8,9,10,296,0,0,0,3,16,46,56,45,6,22,15,20,10,12,10,261,4,6,37,258,836,760,440,185,63,36,40,33,31,21,126,2876,0,0,6,17,71,197,73,52,12,16,15,12,12,8,11,502,0,44,131,84,33,9,3,3,0,0,0,0,0,0,23,330,0,10,35,10,12,7,3,8,0,6,0,0,0,0,9,100,5,4,21,68,191,346,450,278,109,55,42,43,62,37,106,1817,0,0,4,35,102,397,327,173,42,71,97,65,77,39,55,1484,0,8,7,11,12,60,48,31,19,7,4,9,14,5,5,240
LGA16700,48,40,62,55,49,43,26,1009,0,0,0,12,12,12,44,16,6,0,9,4,4,4,8,131,3,5,19,32,29,81,56,29,15,19,20,11,10,8,8,345,15,108,627,620,86,40,32,15,4,4,8,3,8,5,126,1701,0,0,6,5,20,87,112,102,29,19,15,21,21,20,18,475,0,0,0,3,159,664,813,627,201,179,219,191,178,85,139,3458,3,17,65,181,264,138,75,27,6,7,3,4,4,0,36,830,0,0,12,54,181,401,192,156,29,35,52,43,99,94,35,1383,0,21,55,45,10,11,3,0,0,0,0,0,0,0,11,156,3,11,60,17,17,14,16,12,0,0,3,3,12,0,5,173,13,4,33,88,247,312,301,176,41,34,29,25,57,20,59,1439,0,0,0,28,109,349,313,186,83,100,123,90,84,64,28,1557,0,14,6,8,35,130,47,23,3,5,8,3,6,0,10,298
LGA16900,0,0,0,3,0,0,5,30,0,0,0,0,0,0,3,3,0,0,3,3,0,0,0,12,0,0,13,38,23,15,6,0,0,0,0,0,0,0,10,105,0,16,163,142,49,18,0,0,0,0,3,0,0,0,16,407,0,3,0,0,0,8,3,4,0,0,0,0,0,0,0,18,0,0,0,0,3,3,3,5,3,0,0,0,0,3,3,23,0,0,3,15,7,3,4,0,0,0,0,0,0,0,3,35,0,0,0,0,3,8,17,4,0,0,0,0,0,0,0,32,0,20,101,101,27,8,0,0,3,0,0,0,0,0,9,269,0,14,200,34,10,8,3,0,0,0,0,3,0,0,9,281,5,4,9,41,95,106,114,65,12,17,25,3,24,12,29,561,0,0,0,0,22,98,39,24,6,7,19,5,6,3,13,242,0,12,16,8,18,40,8,0,0,0,0,0,0,0,5,107
LGA16950,0,3,0,3,0,0,5,50,0,0,3,3,3,0,0,0,0,0,0,0,0,0,3,12,4,4,13,44,38,31,15,0,3,3,0,3,7,3,5,173,0,18,120,105,27,12,6,0,0,0,0,0,0,3,32,323,3,0,0,3,3,4,5,3,0,3,4,6,0,3,0,37,0,0,0,0,0,5,12,12,0,0,4,0,0,0,0,33,0,0,11,4,4,0,0,0,0,0,0,0,0,0,6,25,3,0,3,7,12,5,7,11,3,0,3,3,0,0,3,60,3,47,104,52,11,0,0,3,0,0,0,0,0,0,4,224,3,27,273,53,27,11,12,0,0,0,4,7,0,0,20,437,17,11,29,156,277,203,171,61,11,14,4,8,18,19,84,1083,0,0,0,0,20,94,64,26,3,11,20,14,6,0,8,266,0,17,10,21,12,19,4,0,0,0,0,0,0,3,0,86
LGA17000,0,3,0,3,0,0,0,21,0,0,0,0,0,0,0,0,0,0,0,0,0,0,0,0,3,3,0,6,5,7,3,0,0,3,3,0,3,3,0,39,0,0,8,0,4,0,0,0,0,0,0,0,0,0,0,12,3,0,0,0,0,0,0,0,0,0,0,0,0,0,0,3,0,0,0,0,0,4,0,3,0,0,0,0,0,0,5,12,0,0,0,0,0,0,0,0,0,0,0,0,0,0,0,0,0,0,0,6,8,0,0,0,0,0,0,0,0,0,0,14,0,3,8,3,0,0,0,0,0,0,0,0,0,0,0,14,0,0,33,3,4,5,3,3,0,0,0,3,0,0,0,54,0,0,8,21,63,106,109,42,6,14,33,11,23,18,33,487,0,0,0,0,4,21,20,7,7,0,11,3,8,4,9,94,0,4,0,0,0,0,0,0,0,0,0,0,0,0,0,4
LGA17050,0,0,0,0,0,0,0,0,0,0,0,3,0,0,0,0,0,0,0,0,0,0,0,3,0,3,3,4,0,0,0,0,0,0,0,0,0,0,0,10,3,3,6,3,0,0,0,0,0,0,0,0,0,0,0,15,0,0,0,0,0,0,4,0,0,0,0,0,0,0,0,4,0,0,0,0,0,3,0,0,3,0,0,0,0,0,0,6,0,0,0,0,0,3,0,0,0,0,0,0,0,0,0,3,0,0,0,0,3,0,0,0,0,0,0,0,0,0,0,3,0,0,0,0,0,0,0,0,0,0,0,0,0,0,0,0,0,0,12,0,3,0,0,4,0,0,0,0,0,0,0,19,0,0,3,11,19,21,14,8,3,3,0,0,3,3,4,92,0,0,0,0,0,3,0,0,0,3,5,0,0,0,0,11,0,0,0,4,3,0,0,0,0,0,0,0,0,0,0,7
LGA17100,10,8,14,5,11,7,4,229,0,0,0,0,0,9,6,8,3,3,0,0,0,0,0,29,0,0,5,13,18,18,17,11,5,7,12,13,11,6,0,136,4,19,208,182,51,3,4,0,0,0,0,3,0,0,42,516,0,0,0,0,5,6,15,13,0,5,0,0,6,0,4,54,0,0,0,3,153,389,572,519,182,129,151,153,110,112,168,2641,5,14,55,143,170,123,69,29,8,7,9,3,0,4,26,665,0,3,7,21,66,132,59,38,4,10,11,3,7,3,3,367,0,3,14,14,4,0,0,0,0,0,0,3,0,0,0,38,0,4,8,0,5,4,0,0,0,0,0,0,0,3,0,24,0,0,0,16,41,59,76,60,3,6,4,13,9,21,21,329,0,0,0,3,22,101,64,35,9,12,18,11,10,5,11,301,0,9,4,12,6,29,12,4,0,0,0,4,0,0,4,84
LGA17150,9,5,8,15,8,0,7,419,0,0,0,3,10,3,18,3,0,3,4,12,0,0,0,56,4,6,35,92,75,198,114,69,16,11,42,25,33,13,24,757,17,56,494,381,88,27,18,4,0,0,0,3,0,3,66,1157,0,0,5,3,7,39,68,42,4,7,0,4,14,7,16,216,0,0,0,0,16,66,44,26,5,14,13,5,3,0,6,198,0,9,46,140,199,102,38,23,3,6,4,4,4,0,32,610,3,0,8,54,114,182,85,40,8,11,11,4,4,8,6,538,0,57,181,62,21,21,0,4,0,4,0,0,0,0,13,363,3,52,295,67,22,35,38,20,11,8,3,7,7,8,12,588,19,22,64,225,505,648,737,420,95,111,93,71,80,52,200,3342,0,0,3,37,94,306,183,90,29,26,45,33,36,15,26,923,0,25,16,20,49,149,44,26,4,5,5,3,0,3,12,361
LGA17200,203,279,431,424,309,150,117,3705,0,0,0,3,9,5,27,11,3,4,10,0,3,4,3,82,4,4,25,59,58,129,182,226,92,113,195,192,235,164,62,1740,6,22,148,122,52,38,42,68,34,32,47,57,91,69,78,906,0,0,3,11,40,135,259,269,87,75,61,114,137,89,144,1424,0,0,0,3,49,190,351,545,221,195,217,271,314,267,339,2962,0,9,19,89,113,72,39,19,7,8,3,4,3,0,20,405,0,0,12,69,180,442,305,359,92,92,99,128,92,83,59,2012,0,18,66,41,11,11,3,3,0,0,0,3,7,0,7,170,3,16,53,28,26,46,33,51,19,8,27,25,49,25,17,426,6,13,44,261,579,951,1123,766,186,211,268,241,381,275,223,5528,0,0,3,15,119,424,280,126,31,64,69,72,91,72,42,1408,0,20,21,17,36,192,72,87,18,12,16,37,36,21,21,606
LGA17310,0,0,0,0,0,0,0,21,0,0,0,0,0,0,0,3,0,0,0,0,0,0,0,3,7,0,4,11,5,6,4,0,0,0,0,0,4,4,6,51,0,0,28,8,3,0,0,0,0,0,0,0,0,0,0,39,0,0,0,0,0,4,3,0,0,0,0,0,0,0,0,7,0,0,0,0,3,3,3,3,0,0,0,5,12,10,8,47,0,0,6,3,0,4,3,0,0,0,0,0,0,0,0,16,0,3,3,3,6,10,4,0,5,0,0,3,3,0,0,40,0,0,7,4,3,0,0,0,0,0,0,0,0,0,4,18,0,5,52,17,4,0,10,3,0,0,0,0,0,0,0,91,4,3,12,32,89,71,51,28,14,4,12,11,7,10,34,382,0,0,0,0,7,36,28,15,15,0,31,17,3,5,4,161,0,3,3,3,0,3,0,0,0,0,0,0,0,0,0,12
LGA17350,0,0,0,0,0,0,0,0,0,0,0,0,0,0,0,0,0,0,0,0,0,0,0,0,0,0,0,0,0,0,0,0,0,0,0,0,0,0,0,0,0,0,5,4,0,0,0,0,0,0,0,0,0,0,0,9,0,0,0,0,0,0,0,0,0,0,0,0,0,0,0,0,0,0,0,0,0,0,0,0,0,0,0,0,0,0,3,3,0,0,0,3,0,0,0,0,0,0,0,0,0,0,0,3,0,0,0,0,0,0,0,0,0,0,0,0,0,0,0,0,0,0,0,0,0,0,0,0,0,0,0,0,0,0,0,0,3,3,11,0,0,0,0,0,0,0,0,0,0,0,0,17,0,3,0,0,9,4,3,3,0,0,0,0,0,0,0,22,0,0,0,0,0,3,0,0,0,3,3,6,11,0,0,26,0,0,0,0,0,0,0,0,0,0,0,0,0,0,0,0
LGA17400,0,0,0,3,0,0,0,9,0,0,0,0,0,0,0,0,0,0,0,0,0,0,0,0,0,0,3,0,7,3,0,0,0,0,0,4,0,0,0,17,3,3,6,5,0,0,0,0,0,0,0,0,0,0,4,21,0,0,0,0,0,0,0,5,0,0,0,0,0,0,0,5,0,0,0,0,0,0,0,0,0,0,0,0,0,0,0,0,0,0,0,0,0,0,0,0,0,0,0,0,0,0,0,0,0,0,0,0,0,0,0,0,0,0,0,0,0,0,0,0,0,0,0,0,0,0,0,0,0,0,0,0,0,0,0,0,0,0,14,7,4,3,0,0,0,0,0,0,0,0,0,28,0,0,0,10,25,21,9,4,0,4,3,0,5,0,7,88,0,0,0,0,3,5,3,6,0,0,0,0,0,0,0,17,0,5,0,0,0,0,0,0,0,0,0,0,0,0,0,5
LGA17420,18,10,19,23,6,10,34,827,0,0,0,16,19,20,57,24,4,3,3,0,0,0,4,150,0,5,31,84,80,137,91,28,7,13,0,10,12,9,16,523,26,82,557,433,86,26,22,7,8,3,3,3,3,0,73,1332,0,4,7,8,12,27,54,31,8,6,4,13,9,3,8,194,0,0,0,4,121,658,829,503,127,113,116,103,132,38,97,2841,3,12,82,241,231,192,126,52,6,4,7,4,5,3,47,1015,0,0,14,116,318,702,283,158,37,41,57,33,34,10,35,1838,3,74,188,143,66,33,6,0,0,0,0,0,0,0,9,522,0,27,204,55,34,32,28,20,3,10,15,6,11,3,15,463,10,10,49,181,426,491,562,373,58,81,73,68,68,34,106,2590,0,0,0,48,349,925,506,188,41,63,57,34,32,21,54,2318,0,39,17,37,55,251,75,31,3,4,3,5,3,3,15,541
LGA17450,0,0,0,0,0,0,0,0,0,0,0,0,0,0,0,0,0,0,0,0,0,0,0,0,0,0,0,0,0,0,0,0,0,0,0,0,0,0,0,0,0,0,3,0,0,0,0,0,0,0,0,0,0,0,3,6,0,0,0,0,0,0,0,0,0,0,0,0,0,0,0,0,0,0,0,0,0,0,0,0,0,0,0,0,0,0,0,0,0,0,0,0,0,0,0,0,0,0,0,0,0,0,0,0,0,0,0,0,0,0,0,0,0,0,0,0,0,0,0,0,0,0,0,0,0,0,0,0,0,0,0,0,0,0,0,0,0,3,11,0,0,0,0,0,0,0,0,0,0,0,0,14,0,0,0,4,0,8,0,9,0,0,3,0,11,3,3,41,0,0,0,0,0,0,0,0,0,0,0,0,0,0,3,3,0,0,0,3,3,0,0,0,0,0,0,0,0,0,0,6
LGA17500,0,0,0,0,0,0,0,3,0,0,0,0,0,0,0,0,0,0,0,0,0,0,0,0,0,0,3,0,5,0,3,0,0,0,0,0,0,0,0,11,0,0,7,3,0,0,0,0,0,0,0,0,0,0,0,10,0,0,0,0,0,0,0,3,0,0,0,0,0,0,0,3,0,0,0,0,0,0,3,0,0,0,0,0,0,0,0,3,0,0,0,0,0,0,0,0,0,0,0,0,0,0,0,0,0,0,0,0,0,0,0,0,0,0,0,0,0,0,3,3,0,0,0,0,0,0,0,0,0,0,0,0,0,0,0,0,0,0,19,3,0,0,0,3,0,3,0,0,0,0,0,28,3,3,4,6,23,43,31,7,6,3,5,0,12,0,3,149,0,0,0,0,0,6,3,3,0,3,0,6,12,3,0,36,0,6,0,0,0,0,0,4,0,0,0,0,0,0,3,13
LGA17550,4,6,0,4,0,0,3,58,0,0,0,3,0,0,3,0,0,0,0,3,0,3,0,12,3,4,22,39,25,21,14,22,3,3,3,5,10,3,12,189,8,18,89,26,8,8,4,3,3,3,0,7,0,0,15,192,0,0,6,0,5,5,32,27,8,15,9,4,5,0,3,119,0,0,0,4,0,6,11,4,0,0,0,0,4,0,0,29,0,0,3,3,4,3,3,0,0,0,0,0,0,0,0,16,0,0,8,16,31,20,8,3,3,0,6,0,0,0,6,101,0,13,39,16,8,0,0,0,0,0,0,0,0,0,0,76,0,30,176,34,14,16,16,14,0,0,0,0,4,6,25,335,10,19,43,181,452,578,494,266,57,81,64,50,56,28,133,2512,0,0,0,4,19,79,63,37,19,8,14,31,9,9,8,300,0,6,8,9,0,20,7,0,0,0,4,0,0,0,4,58
LGA17620,0,0,0,0,0,0,3,3,0,0,0,0,0,0,0,0,0,0,0,0,0,0,0,0,0,0,0,3,6,6,3,8,0,3,3,3,10,0,3,48,0,0,3,3,3,0,0,0,0,0,0,0,0,0,0,9,0,0,3,0,0,0,0,0,0,0,0,0,0,0,0,3,0,0,0,0,0,0,0,0,0,0,4,0,0,5,0,9,0,0,0,3,0,0,0,0,0,0,3,0,0,0,3,9,0,0,0,0,5,0,3,0,0,0,0,0,0,0,3,11,0,0,10,0,0,0,0,0,0,0,0,0,0,0,0,10,0,0,11,3,3,0,0,0,0,0,3,0,0,0,3,23,0,0,4,16,41,38,27,18,3,6,10,6,12,13,15,209,0,0,0,0,3,7,8,5,3,0,3,0,0,0,0,29,0,0,0,0,0,0,0,0,0,0,0,0,0,0,0,0
LGA17640,0,0,0,0,0,0,0,7,0,0,0,0,0,0,0,0,0,0,0,0,0,0,0,0,0,0,5,0,0,0,0,0,0,0,0,0,0,3,0,8,0,0,8,3,0,0,0,0,0,0,0,0,0,0,0,11,0,0,0,0,0,3,0,0,0,0,0,0,0,0,0,3,0,0,0,0,0,3,3,0,0,0,0,0,0,0,0,6,0,0,0,0,3,0,0,0,0,0,0,0,0,0,0,3,0,0,0,0,3,0,0,0,0,0,0,0,0,0,0,3,0,0,3,3,0,0,0,0,0,0,0,0,0,0,0,6,0,0,12,3,0,0,5,0,0,0,0,0,0,0,0,20,0,0,0,13,10,9,3,0,0,0,0,0,0,3,11,49,0,0,0,0,0,0,0,0,0,0,0,0,0,0,0,0,0,0,0,0,0,0,0,0,0,0,0,0,0,0,0,0
LGA17650,0,0,0,0,0,0,0,0,0,0,0,0,0,0,0,0,0,0,0,0,0,0,0,0,0,0,0,3,0,0,0,0,0,0,0,0,0,0,0,3,0,3,0,0,0,5,0,0,0,0,0,0,0,0,0,8,0,0,0,0,0,0,0,0,0,0,0,0,0,0,3,3,0,0,0,0,0,0,0,0,0,0,0,0,0,0,0,0,0,0,0,0,0,0,0,0,0,0,0,0,0,0,0,0,0,0,0,3,0,0,0,0,0,0,0,0,0,0,0,3,0,0,0,0,3,0,0,0,0,0,0,0,0,0,0,3,0,0,9,3,4,0,0,0,0,0,0,0,0,0,0,16,0,0,3,6,16,13,6,8,0,0,0,0,0,0,3,55,0,0,0,0,0,3,0,0,0,0,0,0,0,0,0,3,0,0,0,0,0,0,0,0,0,0,0,0,0,0,0,0
LGA17700,0,0,0,0,0,0,0,0,0,0,0,0,0,0,0,0,0,0,0,0,0,0,0,0,0,0,0,0,0,0,0,0,0,0,0,0,0,0,0,0,0,0,3,3,0,0,0,0,0,0,0,0,0,0,0,6,0,0,0,0,0,0,0,0,0,0,0,0,0,0,0,0,0,0,0,0,0,0,0,0,0,0,0,0,0,0,0,0,0,0,0,0,0,0,0,0,0,0,0,0,0,0,0,0,0,0,0,0,0,0,0,0,0,0,0,0,0,0,0,0,0,0,0,0,0,0,0,0,0,0,0,0,0,0,0,0,0,0,3,3,0,0,0,0,0,0,0,0,0,0,0,6,0,0,0,0,3,0,3,0,0,0,0,0,0,3,0,9,0,0,0,0,0,0,3,0,0,0,0,0,0,0,0,3,0,0,0,0,3,0,0,0,0,0,0,0,0,0,0,3
LGA17750,0,0,0,0,0,0,0,20,0,0,0,0,0,0,10,14,4,0,0,3,0,0,0,31,3,0,6,9,4,5,13,9,0,0,8,6,5,13,0,81,3,4,37,6,0,0,0,0,0,0,0,0,0,0,5,55,0,0,0,0,0,0,3,3,3,0,0,0,3,5,0,17,0,0,0,0,0,9,5,4,0,8,5,8,6,0,3,48,0,0,0,0,3,0,0,3,0,0,0,3,0,0,0,9,0,0,3,12,15,20,10,9,3,0,0,0,9,4,10,95,0,3,3,3,3,0,0,0,0,0,0,0,0,0,0,12,0,8,76,15,5,5,3,0,4,0,0,0,0,0,5,121,3,3,10,35,76,81,81,37,11,12,7,11,22,21,22,432,0,0,0,3,6,32,23,16,16,8,18,16,11,3,10,162,0,6,0,0,0,5,4,5,0,3,4,0,0,0,0,27
LGA17800,0,0,0,0,0,0,0,0,0,0,0,0,0,0,0,0,0,0,0,0,0,0,0,0,0,0,3,0,0,0,0,0,0,0,0,0,0,0,0,3,3,0,12,7,0,0,0,0,0,0,3,0,0,0,0,25,0,0,0,0,0,0,0,0,0,0,0,0,0,0,0,0,0,0,0,0,0,0,0,0,0,0,0,0,0,4,0,4,0,0,0,0,0,0,0,0,0,0,0,0,0,0,0,0,0,0,0,0,0,0,0,0,0,3,0,0,0,0,0,3,0,0,0,0,0,0,0,0,0,0,0,0,0,0,0,0,0,0,8,0,0,0,0,0,6,0,0,0,0,0,0,14,0,0,0,7,4,3,3,7,0,0,0,0,0,0,10,34,0,0,0,0,0,3,3,3,3,0,0,0,0,7,3,22,0,0,0,0,0,0,3,0,0,0,0,0,0,0,0,3
LGA17850,0,0,0,0,0,0,0,0,0,0,0,0,0,0,0,0,0,0,0,0,0,0,0,0,0,0,0,0,0,0,0,0,0,0,0,0,0,0,0,0,0,0,0,0,0,0,0,0,0,0,0,0,0,0,0,0,0,0,0,0,0,0,0,0,0,0,0,0,0,0,0,0,0,0,0,0,0,0,0,0,0,0,0,0,0,0,0,0,0,0,0,0,0,0,0,0,0,0,0,0,0,0,0,0,0,0,0,0,0,0,0,0,0,0,0,0,0,0,0,0,0,0,3,0,0,0,0,0,0,0,0,0,0,0,0,3,0,0,4,0,0,0,0,0,0,0,0,0,0,0,0,4,0,0,0,6,10,0,3,3,0,3,0,3,0,0,5,33,0,0,0,0,0,0,0,0,0,0,0,0,0,0,0,0,0,0,0,0,0,0,0,0,0,0,0,0,0,0,0,0
LGA17900,0,0,0,0,0,0,0,5,0,0,0,0,0,0,0,0,0,0,0,0,0,0,0,0,0,0,0,6,3,0,3,3,0,0,5,3,0,0,0,23,0,3,0,3,0,0,0,0,0,0,0,0,0,0,0,6,0,0,0,0,0,0,0,0,0,0,0,0,0,0,0,0,0,0,0,0,0,0,0,0,0,0,0,0,6,0,0,6,0,0,0,4,0,0,0,0,0,0,0,0,0,0,0,4,0,0,0,0,0,0,0,0,0,0,0,0,0,0,0,0,0,0,0,0,0,0,0,0,0,0,0,0,0,0,0,0,0,0,10,5,0,0,0,0,0,0,0,0,0,0,0,15,0,0,0,0,13,35,12,0,0,4,0,0,6,0,8,78,0,0,0,0,0,4,10,0,0,6,0,8,0,3,0,31,0,0,0,0,0,0,0,0,0,0,0,0,3,3,3,9
LGA17950,0,0,0,0,0,0,0,0,0,0,0,0,0,0,0,0,0,0,0,0,0,0,0,0,0,0,0,0,3,0,0,0,0,0,3,0,0,0,0,6,0,0,0,0,0,0,0,0,0,0,0,0,0,0,0,0,0,0,0,0,0,0,0,0,0,0,0,0,0,0,0,0,0,0,0,0,0,0,0,0,0,0,0,0,0,0,0,0,0,0,0,0,0,0,0,0,0,0,0,0,0,0,0,0,0,0,0,0,0,0,0,0,0,0,0,0,0,0,0,0,0,0,0,0,0,0,0,0,0,0,0,0,0,0,0,0,0,3,3,3,0,0,0,0,0,0,0,0,0,0,0,9,0,0,3,3,3,11,3,3,0,0,0,0,0,0,0,26,0,0,0,0,0,0,0,0,0,0,0,0,0,0,0,0,0,0,0,0,0,0,0,0,0,0,0,0,0,0,0,0
LGA18000,10,18,25,23,17,8,12,402,0,0,0,6,8,12,13,6,0,0,5,0,0,0,5,55,6,7,18,58,66,138,155,88,19,16,25,12,27,19,23,677,16,72,548,717,114,39,44,27,5,12,3,14,15,0,124,1750,0,0,6,19,36,137,150,106,13,22,16,20,30,22,20,597,0,0,0,0,40,204,127,88,22,41,23,26,8,8,31,618,0,0,16,35,55,29,18,5,7,7,0,0,0,0,9,181,3,3,12,55,70,109,52,29,6,5,6,7,0,0,11,368,3,9,18,11,11,5,3,4,0,3,0,0,0,0,4,71,0,52,239,91,39,36,70,43,10,8,7,14,5,9,25,648,26,24,72,230,502,726,674,546,110,70,111,83,77,64,188,3503,0,0,0,21,80,313,267,126,35,48,50,51,42,16,42,1091,0,16,13,9,32,101,51,26,7,3,3,15,7,4,10,297
LGA18020,0,0,0,0,0,0,0,9,0,0,0,0,0,0,0,0,0,0,0,0,0,0,0,0,0,0,0,0,0,4,0,0,0,0,0,0,0,0,0,4,0,0,0,4,0,0,0,0,0,0,0,0,0,0,0,4,0,0,0,0,0,0,0,0,0,0,0,0,0,0,0,0,0,0,0,0,0,0,0,3,0,0,0,0,0,0,0,3,0,0,0,0,0,0,0,3,0,0,0,0,0,3,0,6,0,0,0,0,3,0,0,3,0,0,0,0,0,0,0,6,0,4,0,0,0,0,0,0,0,0,0,0,0,0,0,4,0,3,12,5,0,3,0,3,0,0,0,0,0,0,0,26,0,0,3,12,12,3,10,0,0,0,3,4,0,0,0,47,0,0,0,0,0,0,5,3,0,0,5,0,0,0,0,13,0,6,0,0,0,0,0,0,0,0,0,0,0,0,0,6
LGA18050,6,3,7,3,0,3,8,156,0,3,3,9,5,9,0,3,0,0,0,0,0,0,0,32,5,0,13,33,25,81,139,173,68,102,153,169,235,148,63,1407,10,21,134,100,31,21,31,38,14,16,25,36,23,22,26,548,0,0,3,3,21,32,64,40,12,9,7,14,13,12,26,256,0,0,0,0,13,21,39,52,10,17,18,24,21,10,12,237,0,0,0,20,32,18,4,10,0,0,0,3,0,4,4,95,0,3,4,15,40,58,25,4,3,3,3,3,3,0,12,176,0,10,32,23,0,4,0,0,0,0,0,3,0,0,0,72,0,6,28,6,7,12,13,17,3,7,13,12,11,7,6,148,7,7,13,101,230,283,338,289,76,76,92,96,126,90,98,1922,0,0,0,7,31,74,49,49,11,22,19,25,9,10,14,320,18,52,60,44,17,79,22,39,3,8,8,8,7,4,11,380
LGA18100,0,0,0,0,0,0,0,0,0,0,0,0,0,0,3,0,0,0,0,0,0,0,0,3,0,0,0,0,0,0,0,0,0,0,0,0,0,0,0,0,0,0,3,0,0,0,0,0,0,0,0,0,0,0,0,3,0,0,0,0,0,0,0,0,0,0,0,0,0,0,4,4,0,0,0,0,0,0,0,0,0,0,0,0,0,0,0,0,0,0,0,0,0,0,0,0,0,0,0,0,0,0,0,0,0,0,3,0,0,0,0,0,0,0,0,0,0,0,0,3,0,0,0,0,0,0,0,0,0,0,0,0,0,0,0,0,0,0,10,0,0,0,0,0,0,0,0,0,0,0,0,10,0,0,0,3,9,9,0,0,0,0,0,0,0,0,0,21,0,0,0,0,5,0,0,0,0,0,0,0,0,0,0,5,0,0,0,0,0,0,0,0,0,0,0,0,0,0,0,0
LGA18150,0,0,0,0,0,0,0,0,0,0,0,0,0,0,0,0,0,0,0,0,0,0,0,0,0,0,0,6,0,0,0,0,0,0,0,0,0,0,0,6,0,0,3,0,0,0,0,0,0,0,0,0,0,0,0,3,0,0,0,0,0,0,0,0,0,0,0,0,0,0,0,0,0,0,0,0,0,0,0,0,0,0,0,0,0,0,0,0,0,0,0,0,0,0,0,0,0,0,0,0,0,0,4,4,0,0,0,0,3,0,0,0,0,0,0,0,0,0,3,6,0,4,3,0,0,0,0,0,0,0,0,0,0,0,0,7,0,3,12,3,3,0,3,0,0,0,0,0,0,0,0,24,0,0,0,6,8,24,8,7,3,0,0,0,0,0,9,65,0,0,0,0,0,11,4,6,0,0,0,3,0,0,3,27,0,3,0,0,0,0,0,0,0,0,0,0,0,0,0,3
LGA18200,0,0,0,0,0,0,0,0,0,0,0,0,0,0,0,0,0,0,0,0,0,0,0,0,0,0,0,0,0,0,0,0,0,0,0,0,0,0,0,0,0,4,30,21,0,0,0,0,0,0,0,0,0,0,7,62,0,0,0,0,0,0,0,0,0,0,0,0,0,0,0,0,0,0,0,0,0,0,0,0,0,0,0,0,0,0,0,0,0,0,0,0,0,0,0,0,0,0,0,0,0,0,0,0,0,0,0,0,0,0,0,0,0,0,0,0,0,0,0,0,0,0,3,0,0,0,0,0,0,0,0,0,0,0,0,3,0,0,16,4,0,0,0,0,0,0,0,0,0,0,0,20,0,0,3,0,13,19,8,5,0,3,0,0,0,0,3,54,0,0,0,0,0,4,0,0,0,0,0,0,0,0,3,7,0,0,0,0,0,0,0,0,0,0,0,0,0,0,0,0
LGA18250,24,30,29,20,24,17,16,645,0,0,0,13,6,4,8,3,0,0,0,0,3,0,0,37,4,6,9,23,24,71,46,18,6,8,6,6,17,8,6,258,10,26,187,184,36,12,8,7,0,0,8,7,12,0,31,528,0,0,5,10,42,194,293,203,41,62,72,99,123,58,71,1273,0,0,0,4,38,191,411,488,161,147,220,157,158,104,146,2225,0,4,13,59,115,38,17,12,0,0,0,0,0,4,11,273,0,3,7,35,133,279,110,111,19,45,33,31,56,8,18,888,0,0,10,0,3,3,0,0,0,3,0,0,0,0,3,22,3,18,39,22,12,12,15,18,3,10,3,14,21,0,3,193,14,10,23,100,217,252,307,174,36,47,68,52,63,59,84,1506,0,0,0,4,45,147,110,72,28,38,82,37,48,17,21,649,3,16,18,14,13,45,15,16,3,6,3,4,0,0,8,164
LGA18350,3,0,0,0,3,3,0,37,0,0,0,0,0,0,0,0,0,0,0,0,0,0,3,3,3,3,3,25,17,15,14,7,0,3,0,0,3,0,4,97,0,12,59,46,11,9,6,5,0,4,0,0,0,0,12,164,0,3,3,0,6,5,4,6,5,0,0,0,3,0,0,35,0,0,0,0,8,0,0,4,0,0,0,0,0,4,0,16,0,0,0,5,4,0,4,0,0,0,0,0,0,0,3,16,3,0,0,11,11,9,3,0,0,0,0,0,3,0,8,48,0,10,20,8,12,0,0,0,0,0,0,0,0,0,3,53,0,9,108,43,10,16,4,4,0,3,0,0,3,0,11,211,6,14,37,102,151,134,70,35,7,4,8,14,3,13,51,649,0,0,0,5,9,24,9,0,3,5,3,7,3,0,6,74,0,13,3,10,14,15,4,0,0,0,0,0,0,0,8,67
LGA18400,0,0,0,0,0,0,0,18,0,0,0,3,5,4,0,0,0,0,0,0,0,0,0,12,0,0,9,29,26,31,18,13,0,0,4,0,0,0,3,133,0,6,76,77,11,8,6,3,0,0,0,0,0,0,24,211,0,0,3,0,0,0,3,3,0,0,0,0,0,0,0,9,0,0,0,0,3,3,3,3,0,0,0,0,0,0,0,12,0,0,3,21,13,12,16,0,0,0,0,0,6,0,10,81,0,0,3,3,12,8,0,0,3,0,0,0,0,0,4,33,0,15,60,61,24,5,3,0,0,0,0,0,0,0,8,176,0,3,69,31,17,7,7,0,3,0,0,0,0,0,3,140,0,3,9,34,108,102,76,32,14,13,12,13,10,3,23,452,0,0,0,3,3,32,16,9,0,0,9,5,3,0,3,83,0,5,0,7,7,13,3,0,0,0,0,3,0,4,4,46
LGA18450,6,8,28,29,55,18,26,318,0,0,0,3,0,3,14,19,4,4,16,33,11,0,0,107,0,3,34,114,82,51,40,37,0,5,5,22,17,4,24,438,19,84,1370,967,172,51,31,21,4,3,3,5,5,0,173,2908,0,4,3,4,6,19,39,20,4,8,7,0,5,14,17,150,0,0,0,0,4,34,45,54,13,13,11,15,15,3,18,225,3,5,26,93,145,120,71,34,14,8,11,10,5,3,37,585,0,3,4,25,37,53,28,25,0,9,47,26,22,31,14,324,0,26,198,105,35,13,3,0,0,3,0,0,0,0,24,407,0,64,544,96,22,33,18,16,4,4,4,0,0,0,22,827,19,13,48,150,374,397,380,160,54,53,63,44,45,59,110,1969,0,0,0,0,85,326,184,79,19,24,18,22,18,35,37,847,0,91,26,37,69,125,33,16,0,4,3,0,3,0,17,424
LGA18500,0,0,6,0,4,3,0,110,0,5,4,10,8,4,0,0,0,0,0,0,0,0,4,35,5,4,11,25,12,37,37,61,17,36,59,55,60,53,15,487,10,25,70,52,31,24,17,21,9,3,3,8,8,0,18,299,0,4,3,7,23,27,46,31,9,9,10,9,15,3,8,204,0,0,0,0,8,21,24,31,13,6,9,3,5,0,7,127,0,3,4,21,18,10,3,3,3,0,0,0,0,0,3,68,3,0,11,27,57,62,28,8,4,0,9,0,3,3,6,221,0,5,10,6,0,3,3,0,0,0,0,0,0,0,3,30,3,14,34,8,17,7,12,12,3,0,7,7,15,7,6,152,15,17,38,145,167,281,263,180,51,43,48,62,93,67,90,1560,0,0,3,4,15,38,31,22,18,13,7,9,6,12,12,190,24,62,76,18,10,42,14,12,7,0,0,0,3,3,10,281
LGA18550,0,0,6,6,5,0,8,135,0,0,0,6,3,0,10,3,0,0,0,0,4,0,0,26,0,8,36,113,85,72,29,17,4,3,3,3,10,5,11,399,10,15,171,140,31,12,4,0,0,0,0,0,0,0,34,417,0,0,4,3,6,12,13,20,5,5,0,0,0,0,3,71,0,0,0,0,4,17,19,9,4,0,0,0,0,4,6,63,3,3,9,24,20,10,3,3,0,0,0,0,4,0,3,82,0,3,3,20,16,29,12,13,5,5,0,3,12,3,3,127,3,62,164,121,24,7,3,0,0,0,0,0,0,0,15,399,0,32,260,85,36,35,12,7,0,3,0,3,7,0,20,500,23,11,34,225,521,611,491,197,49,39,42,35,28,25,152,2483,0,0,0,12,36,210,145,86,22,15,24,18,23,15,22,628,0,20,11,5,8,30,4,7,5,0,3,0,0,3,4,100
LGA18710,0,0,0,0,0,0,0,4,0,0,0,0,0,0,0,0,0,0,0,0,0,0,0,0,0,0,0,10,3,4,0,0,0,4,6,0,0,0,0,27,0,0,3,3,3,7,0,6,0,0,0,0,0,0,3,25,0,0,0,0,0,0,5,0,0,0,0,0,0,3,0,8,0,0,0,3,0,3,0,0,0,0,0,0,0,0,3,9,0,0,0,0,3,3,0,0,0,0,0,0,3,0,0,9,0,0,0,3,4,3,4,0,0,0,0,0,0,0,3,17,0,0,0,3,0,0,0,0,0,0,0,0,0,0,0,3,0,0,26,7,8,5,6,5,0,0,0,0,0,0,0,57,0,7,5,22,29,32,26,10,3,0,9,3,3,0,11,160,0,0,0,0,3,5,3,5,0,3,3,3,0,3,0,28,0,3,0,0,0,7,3,0,0,0,0,0,0,0,0,13
LGA18750,0,0,0,0,0,0,0,0,0,0,0,0,0,0,0,0,0,0,0,0,0,0,0,0,0,0,0,0,0,0,0,0,0,0,0,0,4,0,0,4,4,0,8,0,0,3,0,0,0,0,0,0,0,0,0,15,0,0,0,0,0,0,0,0,0,0,0,0,0,0,0,0,0,0,0,0,0,0,3,0,0,0,0,0,0,0,0,3,0,0,0,3,10,4,5,11,0,0,0,0,0,0,0,33,0,0,0,0,4,0,0,0,0,0,6,0,0,0,3,13,0,0,7,0,0,0,0,0,0,0,0,0,0,0,0,7,0,3,24,3,4,3,7,0,0,0,0,0,0,0,4,48,3,4,0,10,15,27,14,14,3,0,0,0,0,0,9,99,0,0,0,0,0,7,8,0,3,0,6,3,5,4,0,36,0,0,0,0,0,3,0,0,0,0,0,0,0,0,0,3
LGA19399,0,0,0,0,0,0,0,0,0,0,0,0,0,0,0,0,0,0,0,0,0,0,0,0,0,0,0,0,0,0,0,0,0,0,0,0,4,0,0,4,0,0,3,3,0,0,0,0,0,0,0,0,0,0,0,6,0,0,0,0,0,0,0,0,0,0,0,0,0,0,0,0,0,0,0,0,0,0,0,0,0,0,0,0,0,0,3,3,0,0,0,0,0,0,0,0,0,0,0,0,0,0,0,0,0,0,0,0,0,0,0,0,0,0,0,0,0,0,0,0,0,0,3,0,0,0,0,0,0,0,0,0,0,0,0,3,0,0,3,0,0,0,0,0,0,0,0,0,0,0,0,3,0,3,0,6,5,3,10,0,0,0,0,3,0,0,4,34,0,0,0,0,0,0,0,0,0,0,0,0,0,0,0,0,0,0,0,0,0,0,0,0,0,0,0,0,0,0,0,0
LGA19499,0,0,0,4,4,6,3,33,0,0,0,0,0,0,3,4,0,3,0,4,3,12,16,45,0,0,0,3,4,4,3,3,0,5,3,8,22,38,11,104,0,4,10,9,5,4,0,0,0,0,3,0,0,0,7,42,0,0,3,0,0,0,0,3,4,0,0,0,0,9,5,24,0,0,0,0,0,0,4,4,4,5,4,6,11,8,11,57,0,0,0,4,4,11,6,5,0,0,0,0,4,0,9,43,0,0,0,3,4,4,8,3,0,0,0,0,0,3,13,38,0,0,5,6,0,0,0,0,0,0,0,0,0,0,0,11,0,3,17,4,0,5,0,4,0,0,0,0,3,0,9,45,3,0,7,26,52,64,58,41,3,13,6,11,17,37,75,413,0,0,0,3,0,16,9,3,0,3,4,5,0,8,4,55,0,0,0,3,0,3,0,0,0,0,3,4,0,0,5,18
