region_id,P_15_19_Num_chld_evr_brn_Nne,P_15_19_Num_chld_evr_brn_1,P_15_19_Num_chld_evr_brn_2,P_15_19_Num_chld_evr_brn_3,P_15_19_Num_chld_evr_brn_4,P_15_19_Num_chld_evr_brn_5,P_15_19_Num_chd_evr_brn_6_mr,P_15_19_Num_chld_evr_brn_ns,P_15_19_yrs_Total,P_20_24_Num_chld_evr_brn_Nne,P_20_24_Num_chld_evr_brn_1,P_20_24_Num_chld_evr_brn_2,P_20_24_Num_chld_evr_brn_3,P_20_24_Num_chld_evr_brn_4,P_20_24_Num_chld_evr_brn_5,P_20_24_Num_chd_evr_brn_6_mr,P_20_24_Num_chld_evr_brn_ns,P_20_24_yrs_Total,P_25_29_Num_chld_evr_brn_Nne,P_25_29_Num_chld_evr_brn_1,P_25_29_Num_chld_evr_brn_2,P_25_29_Num_chld_evr_brn_3,P_25_29_Num_chld_evr_brn_4,P_25_29_Num_chld_evr_brn_5,P_25_29_Num_chd_evr_brn_6_mr,P_25_29_Num_chld_evr_brn_ns,P_25_29_yrs_Total,P_30_34_Num_chld_evr_brn_Nne,P_30_34_Num_chld_evr_brn_1,P_30_34_Num_chld_evr_brn_2,P_30_34_Num_chld_evr_brn_3,P_30_34_Num_chld_evr_brn_4,P_30_34_Num_chld_evr_brn_5,P_30_34_Num_chd_evr_brn_6_mr,P_30_34_Num_chld_evr_brn_ns,P_30_34_yrs_Total,P_35_39_Num_chld_evr_brn_Nne,P_35_39_Num_chld_evr_brn_1,P_35_39_Num_chld_evr_brn_2,P_35_39_Num_chld_evr_brn_3,P_35_39_Num_chld_evr_brn_4,P_35_39_Num_chld_evr_brn_5,P_35_39_Num_chd_evr_brn_6_mr,P_35_39_Num_chld_evr_brn_ns,P_35_39_yrs_Total,P_40_44_Num_chld_evr_brn_Nne,P_40_44_Num_chld_evr_brn_1,P_40_44_Num_chld_evr_brn_2,P_40_44_Num_chld_evr_brn_3,P_40_44_Num_chld_evr_brn_4,P_40_44_Num_chld_evr_brn_5,P_40_44_Num_chd_evr_brn_6_mr,P_40_44_Num_chld_evr_brn_ns,P_40_44_yrs_Total,P_45_49_Num_chld_evr_brn_Nne,P_45_49_Num_chld_evr_brn_1,P_45_49_Num_chld_evr_brn_2,P_45_49_Num_chld_evr_brn_3,P_45_49_Num_chld_evr_brn_4,P_45_49_Num_chld_evr_brn_5,P_45_49_Num_chd_evr_brn_6_mr,P_45_49_Num_chld_evr_brn_ns,P_45_49_yrs_Total,P_50_54_Num_chld_evr_brn_Nne,P_50_54_Num_chld_evr_brn_1,P_50_54_Num_chld_evr_brn_2,P_50_54_Num_chld_evr_brn_3,P_50_54_Num_chld_evr_brn_4,P_50_54_Num_chld_evr_brn_5,P_50_54_Num_chd_evr_brn_6_mr,P_50_54_Num_chld_evr_brn_ns,P_50_54_yrs_Total,P_55_59_Num_chld_evr_brn_Nne,P_55_59_Num_chld_evr_brn_1,P_55_59_Num_chld_evr_brn_2,P_55_59_Num_chld_evr_brn_3,P_55_59_Num_chld_evr_brn_4,P_55_59_Num_chld_evr_brn_5,P_55_59_Num_chd_evr_brn_6_mr,P_55_59_Num_chld_evr_brn_ns,P_55_59_yrs_Total,P_60_64_Num_chld_evr_brn_Nne,P_60_64_Num_chld_evr_brn_1,P_60_64_Num_chld_evr_brn_2,P_60_64_Num_chld_evr_brn_3,P_60_64_Num_chld_evr_brn_4,P_60_64_Num_chld_evr_brn_5,P_60_64_Num_chd_evr_brn_6_mr,P_60_64_Num_chld_evr_brn_ns,P_60_64_yrs_Total,P_65_69_Num_chld_evr_brn_Nne,P_65_69_Num_chld_evr_brn_1,P_65_69_Num_chld_evr_brn_2,P_65_69_Num_chld_evr_brn_3,P_65_69_Num_chld_evr_brn_4,P_65_69_Num_chld_evr_brn_5,P_65_69_Num_chd_evr_brn_6_mr,P_65_69_Num_chld_evr_brn_ns,P_65_69_yrs_Total,P_70_74_Num_chld_evr_brn_Nne,P_70_74_Num_chld_evr_brn_1,P_70_74_Num_chld_evr_brn_2,P_70_74_Num_chld_evr_brn_3,P_70_74_Num_chld_evr_brn_4,P_70_74_Num_chld_evr_brn_5,P_70_74_Num_chd_evr_brn_6_mr,P_70_74_Num_chld_evr_brn_ns,P_70_74_yrs_Total,P_75_79_Num_chld_evr_brn_Nne,P_75_79_Num_chld_evr_brn_1,P_75_79_Num_chld_evr_brn_2,P_75_79_Num_chld_evr_brn_3,P_75_79_Num_chld_evr_brn_4,P_75_79_Num_chld_evr_brn_5,P_75_79_Num_chd_evr_brn_6_mr,P_75_79_Num_chld_evr_brn_ns,P_75_79_yrs_Total,P_80_84_Num_chld_evr_brn_Nne,P_80_84_Num_chld_evr_brn_1,P_80_84_Num_chld_evr_brn_2,P_80_84_Num_chld_evr_brn_3,P_80_84_Num_chld_evr_brn_4,P_80_84_Num_chld_evr_brn_5,P_80_84_Num_chd_evr_brn_6_mr,P_80_84_Num_chld_evr_brn_ns,P_80_84_yrs_Total,P_85_ov_Num_chld_evr_brn_Nne,P_85_ov_Num_chld_evr_brn_1,P_85_ov_Num_chld_evr_brn_2,P_85_ov_Num_chld_evr_brn_3,P_85_ov_Num_chld_evr_brn_4,P_85_ov_Num_chld_evr_brn_5,P_85_ov_Num_chd_evr_brn_6_mr,P_85_ov_Num_chld_evr_brn_ns,P_85ov_Total,Tot_Nmbr_child_ever_born_None,Tot_Nmbr_children_ever_born_1,Tot_Nmbr_children_ever_born_2,Tot_Nmbr_children_ever_born_3,Tot_Nmbr_children_ever_born_4,Tot_Nmbr_children_ever_born_5,Tot_Nmbr_chidrn_ever_brn_6_mr,Tot_Nmbr_childrn_ever_born_Ns,Total_Total
LGA10050,1621,25,8,0,0,0,0,125,1779,1473,164,61,14,3,0,0,113,1828,908,286,213,73,19,8,3,61,1571,419,309,416,169,60,19,16,52,1460,249,223,564,307,106,37,13,52,1551,221,197,576,376,113,34,28,69,1614,203,173,590,391,139,41,22,53,1612,194,164,596,474,187,38,25,56,1734,154,144,503,401,163,51,35,69,1520,130,109,470,381,157,55,23,68,1393,100,83,314,282,136,53,33,54,1055,72,54,209,238,153,60,68,60,914,57,48,136,180,122,72,69,74,758,50,30,130,140,113,57,54,75,649,69,70,156,113,102,54,48,132,744,5920,2079,4942,3539,1573,579,437,1113,20182
LGA10110,1099,27,3,0,0,0,0,91,1220,1077,88,51,11,3,0,6,101,1337,383,117,98,35,10,3,3,42,691,167,103,169,90,33,9,8,37,616,129,68,208,135,63,15,13,48,679,99,91,251,162,69,18,20,45,755,97,86,292,201,83,23,15,34,831,105,80,298,207,79,30,9,41,849,97,75,240,197,75,14,8,31,737,70,52,230,156,71,13,13,35,640,56,44,177,136,63,25,13,27,541,42,30,81,134,76,23,40,35,461,30,25,50,89,58,35,39,36,362,19,26,64,70,43,23,26,29,300,23,23,72,56,41,19,35,37,306,3493,935,2284,1679,767,250,248,669,10325
LGA10150,828,5,0,0,0,0,0,88,921,1423,41,7,0,3,0,0,120,1594,1631,212,48,7,3,0,3,174,2078,1028,438,226,52,5,0,3,116,1868,612,364,478,119,23,3,4,97,1700,480,333,486,154,38,6,3,90,1590,431,317,489,161,45,5,3,93,1544,362,281,421,165,46,12,7,74,1368,294,234,327,154,39,10,8,67,1133,197,150,299,172,51,17,7,68,961,130,88,201,128,58,13,10,39,667,95,62,228,128,62,20,6,70,671,88,71,183,129,56,11,19,56,613,88,66,147,80,58,36,21,76,572,114,95,183,118,56,32,42,229,869,7801,2757,3723,1567,543,165,136,1457,18149
LGA10200,1910,24,0,0,0,0,0,272,2206,2422,283,86,21,3,3,0,329,3147,2288,587,390,134,56,7,4,372,3838,1156,677,636,271,117,59,19,236,3171,587,458,763,308,131,58,59,189,2553,425,418,765,388,154,79,62,205,2496,375,350,755,371,148,90,57,159,2305,340,452,675,305,137,61,64,178,2212,273,340,567,304,130,50,72,115,1851,206,171,415,269,121,54,65,72,1373,106,94,253,178,99,55,42,81,908,90,62,185,152,98,43,67,75,772,59,45,118,105,93,33,67,35,555,62,58,107,95,54,38,84,35,533,72,90,137,89,49,27,58,52,574,10371,4109,5852,2990,1390,657,720,2405,28494
LGA10250,1057,13,0,0,0,0,0,95,1165,617,70,39,12,6,0,0,44,788,427,155,116,44,8,0,3,28,781,270,182,251,96,40,6,6,41,892,200,231,413,231,78,18,3,38,1212,203,164,551,284,127,29,19,55,1432,187,179,526,344,113,25,18,41,1433,197,200,583,403,139,38,7,50,1617,175,148,575,413,151,33,16,61,1572,148,125,529,388,149,29,10,50,1428,107,95,413,306,141,43,33,43,1181,85,58,280,271,157,57,29,47,984,68,59,193,203,134,53,71,57,838,74,68,178,192,134,57,54,69,826,89,84,196,166,110,44,51,136,876,3904,1831,4843,3353,1487,432,320,855,17025
LGA10300,55,3,0,0,0,0,0,6,64,34,6,11,0,0,0,0,6,57,17,9,14,6,0,0,0,3,49,11,13,16,11,6,0,0,7,64,18,3,21,17,10,0,0,7,76,7,7,19,22,10,4,0,4,73,8,8,26,27,8,0,3,8,88,5,7,28,33,8,6,3,4,94,9,4,30,26,14,3,3,4,93,4,5,19,16,7,0,4,3,58,0,0,14,17,7,4,0,3,45,4,3,4,11,14,5,6,0,47,0,0,4,6,6,5,7,6,34,3,3,4,6,3,3,4,3,29,4,5,3,4,3,0,3,5,27,179,76,213,202,96,30,33,69,898
LGA10350,5551,38,9,0,3,0,0,671,6272,4892,518,245,51,8,3,4,465,6186,3328,1174,973,396,118,22,10,419,6440,1747,1167,1600,882,351,107,45,399,6298,1091,910,2066,1173,543,183,124,379,6469,842,782,2030,1239,545,218,146,365,6167,792,788,2070,1193,586,242,171,360,6202,812,765,1906,1142,563,262,199,345,5994,629,604,1587,1078,490,215,185,313,5101,525,431,1490,967,450,172,176,267,4478,299,335,1021,731,334,152,178,212,3262,241,240,834,625,318,144,211,204,2817,191,218,691,538,316,159,268,195,2576,212,240,625,470,290,142,275,251,2505,208,287,617,427,278,110,200,406,2533,21360,8497,17764,10912,5193,2131,2192,5251,73300
LGA10470,1300,24,4,0,0,0,0,130,1458,1185,165,70,17,8,0,0,93,1538,525,209,198,76,18,3,6,51,1086,217,220,306,187,58,13,9,49,1059,154,141,438,267,96,29,28,68,1221,146,136,463,296,111,33,31,48,1264,157,140,434,308,125,50,24,38,1276,154,114,427,332,130,49,17,54,1277,104,113,433,264,125,34,17,52,1142,103,88,378,263,126,27,19,70,1074,75,59,265,240,102,40,23,55,859,62,45,144,140,93,48,35,36,603,58,38,114,133,95,37,41,49,565,41,40,99,89,72,34,36,44,455,74,39,96,76,63,21,30,59,458,4355,1571,3869,2688,1222,418,316,896,15335
LGA10550,899,16,0,0,0,0,0,94,1009,359,70,35,7,4,0,0,30,505,217,123,115,53,16,8,0,42,574,144,133,191,120,31,6,10,26,661,104,109,298,167,64,24,17,33,816,126,125,393,218,93,28,12,32,1027,168,156,408,254,93,29,13,38,1159,236,179,497,339,157,28,21,53,1510,214,162,491,305,115,35,17,57,1396,158,132,520,319,130,27,9,52,1347,103,80,366,300,123,36,22,43,1073,65,41,235,240,116,54,37,40,828,42,50,138,162,117,46,37,42,634,33,45,95,135,78,32,37,36,491,39,40,122,93,60,33,18,93,498,2907,1461,3904,2712,1197,386,250,711,13528
LGA10600,362,7,0,0,0,0,0,35,404,152,30,25,3,0,0,0,4,214,76,34,48,25,6,0,0,13,202,52,55,70,36,13,0,3,9,238,39,45,155,78,33,9,4,14,377,41,66,169,103,35,16,10,6,446,92,75,173,102,50,8,14,10,524,103,67,191,120,63,19,8,14,585,86,65,167,139,36,8,8,13,522,71,49,151,101,36,11,5,19,443,39,37,131,94,50,22,8,9,390,19,30,91,65,71,14,14,13,317,24,15,50,70,36,20,12,11,238,17,9,35,39,26,18,15,13,172,10,27,34,45,33,11,10,20,190,1183,611,1490,1020,488,156,111,203,5262
LGA10650,186,0,0,3,0,0,0,30,219,96,18,8,8,0,0,0,5,135,70,23,32,10,9,0,0,10,154,34,37,54,40,15,5,3,5,193,29,34,61,46,18,6,4,12,210,23,20,88,61,23,7,4,10,236,26,15,81,71,27,11,4,17,252,29,20,91,85,45,17,10,9,306,25,22,89,76,44,15,7,10,288,15,27,108,86,57,5,5,15,318,16,16,103,81,50,21,12,13,312,15,6,62,76,47,21,21,14,262,10,12,22,42,46,12,19,13,176,12,9,29,27,20,21,11,16,145,12,13,13,26,23,12,12,50,161,598,272,841,738,424,153,112,229,3367
LGA10750,9388,222,29,3,3,3,3,1009,10660,7788,1034,458,133,29,5,5,641,10093,5967,2567,1635,639,213,82,34,547,11684,2991,2943,3589,1476,511,181,119,503,12313,1657,1894,4455,2175,766,290,225,476,11938,1237,1544,4033,2198,916,341,267,414,10950,1197,1262,3797,2122,880,281,257,479,10275,978,1146,3232,2069,903,315,227,421,9291,779,848,2820,1961,844,332,190,367,8141,551,616,2413,1724,871,283,197,334,6989,344,364,1411,1199,637,270,215,296,4736,218,263,859,821,496,260,291,221,3429,181,194,584,556,403,246,323,220,2707,118,190,415,367,263,197,262,186,1998,167,217,402,292,212,131,276,229,1926,33561,15304,30132,17735,7947,3217,2891,6343,117130
LGA10800,166,3,0,0,0,3,0,12,184,76,15,11,3,3,0,0,3,111,54,27,29,18,6,6,0,0,140,21,24,43,32,14,7,3,3,147,22,19,48,42,27,10,3,3,174,18,15,63,35,22,8,12,4,177,16,6,42,61,25,15,3,9,177,10,22,57,66,37,4,6,3,205,17,16,49,44,35,9,8,3,181,11,11,66,54,27,11,5,3,188,17,9,38,28,16,5,5,8,126,7,8,22,54,37,15,15,3,161,8,12,12,29,27,18,5,3,114,13,5,12,14,18,14,22,7,105,14,3,12,23,15,16,9,9,101,470,195,504,503,309,141,96,73,2291
LGA10850,184,9,0,0,0,0,0,29,222,109,25,15,3,0,0,0,11,163,57,36,36,19,3,0,0,4,155,27,35,54,37,12,3,0,8,176,33,25,71,63,20,11,5,4,232,37,13,91,60,25,6,10,10,252,36,28,70,64,32,7,6,14,257,34,26,74,50,37,9,5,4,239,34,18,63,57,23,7,3,11,216,16,17,68,57,25,5,10,3,201,19,8,39,55,32,17,4,8,182,9,13,31,36,24,22,10,13,158,10,9,20,18,27,14,6,9,113,11,5,18,21,18,9,5,9,96,4,7,13,11,12,6,3,9,65,620,274,663,551,290,116,67,146,2727
LGA10900,2168,39,3,3,0,0,0,203,2416,1513,151,59,7,0,0,0,101,1831,904,303,199,70,18,6,4,83,1587,597,424,572,220,77,18,8,77,1993,420,464,901,452,151,36,15,113,2552,493,403,1077,509,204,46,40,113,2885,519,388,1010,610,191,50,32,178,2978,553,390,1044,700,245,71,31,140,3174,528,390,978,658,276,62,36,137,3065,426,285,1055,616,252,58,33,127,2852,283,202,742,492,213,59,38,92,2121,179,131,417,368,183,81,43,88,1490,137,107,268,239,167,67,63,94,1142,104,80,224,180,108,42,53,71,862,131,117,262,196,96,57,49,161,1069,8955,3874,8811,5320,2181,653,445,1778,32017
LGA10950,57,7,0,0,0,0,0,7,71,48,18,6,4,3,0,0,3,82,27,13,16,6,4,0,0,0,66,18,7,20,19,9,4,0,4,81,6,9,39,17,18,3,0,4,96,11,6,25,41,13,3,3,11,113,3,3,33,27,7,0,3,7,83,9,7,28,17,9,3,3,12,88,3,8,15,17,12,0,0,6,61,5,5,28,13,14,3,3,8,79,3,8,23,18,20,5,3,5,85,4,6,16,17,9,3,10,10,75,3,3,3,13,7,4,6,5,44,0,0,11,4,8,5,4,5,37,3,4,6,7,6,6,0,0,32,200,104,269,220,139,39,35,87,1093
LGA11000,47,0,0,3,0,0,0,3,53,25,5,4,0,0,0,0,0,34,22,11,14,4,0,0,0,0,51,14,3,24,12,5,0,0,3,61,5,6,22,12,5,0,3,3,56,8,7,31,20,11,0,0,3,80,11,11,25,25,8,7,0,0,87,10,10,39,23,8,4,0,0,94,11,8,23,23,12,4,0,3,84,14,12,34,28,16,4,0,3,111,7,5,18,17,10,4,6,3,70,7,0,6,7,10,0,9,3,42,3,3,4,6,14,5,0,3,38,4,3,6,14,7,0,6,3,43,0,0,15,13,13,4,6,9,60,188,84,265,207,119,32,30,39,964
LGA11050,60,4,0,0,0,0,0,8,72,35,3,3,4,0,0,0,3,48,19,9,3,6,3,0,0,0,40,12,14,13,9,5,0,0,3,56,10,7,15,16,7,0,0,3,58,9,3,23,28,10,3,4,3,83,7,5,26,18,13,0,5,3,77,3,5,23,27,21,8,0,3,90,14,3,23,25,10,6,4,0,85,6,9,27,31,13,0,3,3,92,8,3,23,25,11,7,3,7,87,3,3,5,13,11,5,4,3,47,3,3,9,11,16,3,6,3,54,4,3,7,4,8,4,12,3,45,7,0,9,3,9,3,3,0,34,200,74,209,220,137,39,44,45,968
LGA11100,998,13,0,0,0,0,0,121,1132,1051,65,22,0,0,0,0,107,1245,1068,265,102,22,4,0,0,114,1575,697,392,346,80,19,3,3,92,1632,383,283,618,193,48,3,4,101,1633,281,240,607,212,59,17,7,79,1502,236,234,476,222,67,8,6,71,1320,178,195,399,191,75,18,10,75,1141,184,182,422,197,58,19,9,78,1149,126,137,385,170,77,16,10,66,987,98,146,313,163,74,28,13,77,912,83,80,227,135,77,21,34,43,700,53,60,174,113,61,29,27,42,559,67,58,133,75,50,27,32,55,497,58,65,118,73,33,21,21,69,458,5561,2415,4342,1846,702,210,176,1190,16442
LGA11150,44,7,0,0,0,0,0,22,73,54,19,5,3,0,0,3,5,89,44,21,19,6,3,3,0,16,112,21,15,21,11,4,6,3,10,91,18,4,15,28,4,8,5,16,98,19,8,11,17,20,7,11,16,109,3,8,31,27,9,5,3,13,99,15,10,17,22,14,3,3,11,95,3,10,24,17,6,0,4,11,75,3,6,17,13,9,0,5,10,63,4,3,8,13,8,3,5,9,53,0,3,8,8,6,6,7,3,41,0,0,8,4,5,4,3,4,28,0,0,0,7,12,0,5,5,29,0,0,3,0,0,4,3,5,15,228,114,187,176,100,49,60,156,1070
LGA11200,49,8,0,0,0,0,0,11,68,36,19,8,5,0,0,0,5,73,16,10,5,8,3,0,3,11,56,5,12,12,10,7,0,3,0,49,7,5,12,10,4,3,5,5,51,8,15,8,6,17,3,3,6,66,6,6,7,14,8,5,6,3,55,12,0,23,17,6,3,3,5,69,10,0,14,9,3,4,4,3,47,5,4,14,8,5,0,4,0,40,0,0,8,4,4,4,3,0,23,0,4,0,0,4,0,3,3,14,0,0,0,3,7,3,8,0,21,0,0,0,0,4,4,6,3,17,5,0,0,0,0,4,3,0,12,159,83,111,94,72,33,54,55,661
LGA11250,464,22,3,3,0,0,0,60,552,333,100,39,9,3,4,0,36,524,200,108,103,48,12,3,6,33,513,91,82,115,72,42,12,0,27,441,72,69,171,111,51,7,13,33,527,78,71,194,129,47,18,6,31,574,85,67,247,140,59,13,9,33,653,70,63,306,155,73,12,7,45,731,57,68,257,147,56,17,3,35,640,43,53,249,147,64,14,13,51,634,38,37,179,133,54,23,13,32,509,25,14,114,127,64,39,22,45,450,26,22,83,95,72,38,28,54,418,21,27,74,94,66,31,25,41,379,21,37,65,57,37,18,20,81,336,1624,840,2199,1467,700,249,165,637,7881
LGA11300,953,5,0,0,3,0,0,86,1047,1454,40,12,0,0,0,0,119,1625,1362,149,47,16,3,0,0,119,1696,580,269,192,51,16,3,0,76,1187,302,223,366,112,22,12,4,45,1086,223,205,409,146,44,10,6,48,1091,200,239,412,167,33,18,3,55,1127,167,221,356,153,57,23,16,59,1052,158,188,293,158,55,14,13,37,916,113,99,270,153,62,14,13,40,764,94,53,196,118,46,17,19,30,573,46,54,204,101,56,21,29,34,545,76,48,130,92,53,27,35,44,505,68,46,120,88,43,23,26,57,471,96,57,97,65,44,20,28,116,523,5892,1896,3104,1420,537,202,192,965,14208
LGA11350,679,7,0,0,3,0,3,95,787,478,42,11,0,0,0,0,34,565,421,85,71,20,3,0,0,32,632,336,197,170,53,15,3,6,57,837,274,248,389,163,39,9,0,61,1183,255,242,427,186,60,8,7,48,1233,258,237,420,225,83,13,8,71,1315,264,205,452,276,96,26,12,84,1415,242,182,409,258,95,19,8,60,1273,140,123,332,200,75,20,11,61,962,65,70,198,170,55,9,13,37,617,35,29,129,122,51,25,8,24,423,26,30,77,104,50,19,26,26,358,28,20,82,76,59,20,19,32,336,33,39,89,94,33,23,23,34,368,3534,1756,3256,1947,717,194,144,756,12304
LGA11400,362,7,0,0,0,0,0,34,403,190,42,9,8,0,0,0,13,262,123,45,55,24,7,3,0,8,265,65,44,120,60,20,4,4,6,323,44,35,129,101,49,13,5,14,390,56,27,156,118,50,10,9,13,439,39,37,153,144,64,14,19,8,478,58,31,136,145,65,23,11,13,482,31,25,126,120,44,21,5,18,390,50,38,158,121,63,16,9,15,470,28,32,100,87,60,14,11,12,344,16,14,51,70,53,23,19,11,257,11,12,42,51,41,24,29,15,225,20,7,24,25,22,18,21,11,148,16,8,25,34,24,4,13,42,166,1109,404,1284,1108,562,187,155,233,5042
LGA11450,1871,17,3,3,0,0,0,162,2056,1471,120,55,9,0,0,0,91,1746,1076,370,259,63,13,3,0,69,1853,464,404,737,304,69,15,13,57,2063,249,345,1056,512,167,37,18,62,2446,214,235,932,559,187,50,16,74,2267,173,202,829,491,198,46,14,57,2010,160,188,712,452,162,44,22,65,1805,111,132,587,407,160,49,17,55,1518,97,94,510,342,142,33,15,69,1302,52,68,310,232,117,42,27,37,885,62,42,204,188,98,33,31,43,701,33,37,126,116,80,41,29,36,498,22,40,111,102,58,39,30,24,426,33,64,148,122,64,37,35,30,533,6088,2358,6579,3902,1515,469,267,931,22109
LGA11500,4960,103,19,0,0,3,0,540,5625,4148,650,285,75,16,8,3,373,5558,2775,1176,877,343,104,29,14,305,5623,1213,1022,1463,677,281,91,55,280,5082,793,760,1700,884,390,143,118,258,5046,577,663,1706,1054,427,181,119,248,4975,561,630,1877,1171,482,157,141,282,5301,527,514,1927,1249,565,190,152,258,5382,411,446,1712,1242,515,172,115,231,4844,290,352,1488,1014,466,177,99,251,4137,200,205,761,616,361,137,106,147,2533,101,122,467,391,236,123,129,131,1700,81,103,252,254,197,101,126,120,1234,63,88,194,194,127,72,116,136,990,46,75,167,148,99,59,76,257,927,16746,6909,14895,9312,4266,1643,1369,3817,58957
LGA11520,1650,4,0,4,0,0,0,161,1819,2216,65,13,3,0,0,4,213,2514,2617,299,104,17,8,0,0,278,3323,1818,790,476,84,15,3,0,241,3427,989,738,1005,346,58,6,0,220,3362,744,502,1076,395,96,11,3,140,2967,634,452,1032,398,101,18,7,124,2766,533,442,881,359,96,21,10,131,2473,426,347,779,377,115,32,18,97,2191,300,252,780,429,120,38,15,117,2051,218,148,562,352,106,31,13,77,1507,143,129,439,295,122,44,24,70,1266,134,107,336,243,106,47,30,80,1083,140,103,278,177,109,34,44,92,977,132,109,285,152,89,53,46,129,995,12694,4487,8046,3631,1141,338,214,2170,32721
LGA11550,3366,28,8,3,3,0,0,430,3838,3551,383,128,28,4,3,0,402,4499,3202,1059,611,191,54,16,4,468,5605,1780,1249,1162,460,156,42,17,381,5247,1137,947,1577,715,269,89,43,354,5131,962,894,1669,809,313,107,82,335,5171,861,901,1526,717,280,105,84,307,4781,759,833,1265,694,300,139,86,293,4369,636,636,1105,636,298,120,98,250,3779,485,418,1022,605,263,106,84,226,3209,320,267,885,506,250,99,85,177,2589,234,203,818,476,221,105,100,178,2335,180,194,569,398,211,118,129,177,1976,161,164,411,276,148,101,136,171,1568,153,148,316,227,127,84,129,204,1388,17787,8324,13072,6741,2897,1234,1077,4353,55485
LGA11600,52,3,0,0,0,0,0,8,63,50,8,4,0,0,0,0,0,62,26,7,13,8,3,3,0,3,63,15,12,16,15,8,3,3,0,72,7,4,26,19,18,4,0,4,82,7,3,38,27,6,0,0,3,84,5,13,31,26,17,7,0,3,102,9,4,29,21,22,6,4,3,98,3,7,20,26,7,5,3,4,75,3,4,17,20,4,4,0,3,55,4,7,7,17,16,7,3,0,61,3,0,9,20,5,4,3,4,48,0,0,3,8,8,10,0,3,32,4,0,5,0,9,0,6,3,27,0,0,3,4,4,5,7,4,27,188,72,221,211,127,58,29,45,951
LGA11700,53,7,0,0,0,0,0,5,65,34,13,6,0,0,0,0,5,58,27,12,12,3,0,0,0,4,58,11,12,11,6,4,3,3,3,53,7,5,14,8,4,3,3,3,47,0,8,15,20,7,7,7,3,67,10,3,17,11,9,5,9,5,69,13,3,17,14,9,3,3,4,66,3,13,20,15,7,6,0,0,64,7,0,17,9,11,4,3,5,56,3,3,17,10,5,3,3,3,47,3,0,0,6,8,7,0,4,28,3,0,0,3,3,0,8,0,17,0,0,6,3,0,3,3,0,15,0,3,0,3,0,0,3,3,12,174,82,152,111,67,44,45,47,722
LGA11720,1450,63,7,0,0,0,0,169,1689,1029,283,143,30,3,0,0,69,1557,613,358,345,128,40,12,4,59,1559,309,262,450,263,101,26,18,62,1491,185,232,590,374,141,59,37,61,1679,161,189,610,401,139,50,30,74,1654,166,179,571,397,154,56,36,79,1638,190,186,642,430,181,61,30,78,1798,173,151,611,409,177,44,19,90,1674,146,141,596,411,178,45,27,75,1619,110,95,397,297,129,46,33,59,1166,68,53,225,216,142,32,41,45,822,49,47,194,172,111,45,45,57,720,44,63,152,138,78,29,41,71,616,50,81,146,109,72,23,34,77,592,4743,2383,5679,3775,1646,528,395,1125,20274
LGA11730,1370,38,3,3,3,0,3,132,1552,633,190,107,17,12,0,3,59,1021,348,197,224,101,30,14,3,47,964,195,203,339,190,85,20,11,48,1091,157,166,477,310,114,42,34,69,1369,182,164,524,377,166,60,43,67,1583,214,166,573,398,198,50,26,73,1698,229,197,694,521,208,55,30,63,1997,214,183,703,478,210,66,19,64,1937,179,148,702,497,203,54,41,68,1892,175,120,588,412,195,67,33,68,1658,113,79,326,324,198,86,59,55,1240,98,58,219,263,181,80,60,71,1030,65,61,172,169,134,73,76,61,811,85,83,197,144,107,45,56,102,819,4257,2053,5848,4204,2044,712,497,1047,20662
LGA11750,110,10,0,0,0,0,0,14,134,94,21,12,0,0,0,0,14,141,56,39,41,23,3,0,4,18,184,27,19,38,27,12,5,0,15,143,17,12,50,33,21,4,3,15,155,11,21,40,28,7,5,0,7,119,16,13,61,42,32,5,3,7,179,10,8,59,35,9,9,6,5,141,11,9,42,37,21,4,4,9,137,12,6,20,34,12,7,0,6,97,0,0,24,24,20,8,3,5,84,6,3,17,14,15,10,7,6,78,3,3,10,13,18,3,9,5,64,8,4,11,3,5,6,4,0,41,4,5,4,7,3,5,9,6,43,385,173,429,320,178,71,52,132,1740
LGA11800,2039,50,9,3,0,0,5,189,2295,1265,252,116,20,3,0,4,108,1768,778,359,323,114,37,5,3,64,1683,424,359,497,281,74,28,7,75,1745,289,279,744,422,173,52,19,78,2056,298,321,883,512,184,59,46,89,2392,315,308,923,617,230,55,53,89,2590,325,303,964,648,270,74,48,91,2723,269,257,913,624,238,49,47,107,2504,226,210,906,609,206,74,38,121,2390,155,142,627,503,220,66,33,106,1852,115,126,434,386,234,82,54,102,1533,94,79,293,300,190,78,80,95,1209,69,77,185,199,155,75,68,131,959,73,90,261,216,118,57,44,237,1096,6734,3212,8078,5454,2332,754,549,1682,28795
LGA11860,43,0,0,0,0,0,0,4,47,12,3,0,0,0,0,0,3,18,20,6,6,0,0,0,0,0,32,10,5,15,7,4,0,0,0,41,8,4,14,11,5,0,5,0,47,4,0,19,20,8,3,3,3,60,4,6,6,26,11,3,0,3,59,3,0,17,19,11,3,5,3,61,0,0,14,16,12,3,0,0,45,3,6,10,17,6,3,0,0,45,3,0,4,9,8,7,0,3,34,0,0,4,9,6,3,0,0,22,0,0,3,3,0,3,0,0,9,0,3,0,0,3,0,3,0,9,0,0,0,0,0,3,0,3,6,110,33,112,137,74,31,16,22,535
LGA12000,114,4,0,0,0,0,0,18,136,64,9,7,3,0,0,0,13,96,29,19,18,0,6,0,0,5,77,13,8,26,28,13,5,0,0,93,11,3,29,41,13,0,3,0,100,7,12,41,36,31,8,7,8,150,11,9,40,35,23,6,4,10,138,11,16,53,25,22,11,4,13,155,10,6,28,36,24,7,3,3,117,10,6,26,44,14,20,3,11,134,13,8,27,34,21,3,12,7,125,9,3,19,23,19,16,10,5,104,8,3,11,17,14,12,13,6,84,7,3,10,7,12,3,7,0,49,8,9,10,10,13,5,9,3,67,325,118,345,339,225,96,75,102,1625
LGA12050,263,6,3,0,0,0,0,32,304,148,31,14,4,3,0,0,6,206,99,32,43,15,5,0,4,4,202,58,44,75,31,10,3,7,8,236,44,40,95,77,26,3,5,18,308,49,52,125,58,33,8,5,16,346,44,38,143,91,30,9,10,16,381,50,35,120,105,45,10,6,15,386,48,33,116,78,32,12,5,8,332,34,36,108,72,34,19,3,18,324,22,22,90,61,34,14,7,11,261,16,14,62,52,39,7,19,18,227,14,15,36,31,30,7,12,10,155,16,3,37,28,21,9,11,18,143,11,15,29,35,15,12,12,33,162,916,416,1096,738,357,113,106,231,3973
LGA12150,112,5,0,0,0,0,0,15,132,72,21,8,3,3,3,0,7,117,40,21,21,11,5,0,0,0,98,27,11,24,16,12,3,4,4,101,16,6,36,28,13,3,6,3,111,8,14,24,31,24,3,13,14,131,12,12,35,28,9,6,6,11,119,14,15,53,42,19,7,3,9,162,8,8,37,37,17,3,3,5,118,9,4,40,28,17,6,7,14,125,9,3,18,27,19,11,5,6,98,5,7,15,26,14,5,5,5,82,0,3,12,16,12,5,12,6,66,7,3,11,15,9,3,8,7,63,3,3,11,6,4,7,5,10,49,342,136,345,314,177,65,77,116,1572
LGA12200,192,6,0,0,0,0,4,16,218,87,29,6,5,3,0,0,10,140,58,32,41,20,4,0,0,12,167,26,30,51,19,5,3,0,9,143,28,18,81,50,20,6,3,7,213,16,23,81,66,23,4,8,5,226,18,22,86,69,25,9,4,5,238,23,30,86,68,46,11,3,8,275,27,7,89,77,22,10,9,17,258,23,26,98,87,34,15,9,12,304,27,11,62,64,35,6,4,16,225,23,13,58,57,45,23,11,12,242,6,12,26,39,24,16,12,13,148,11,9,27,30,25,18,24,19,163,13,12,31,27,19,10,12,12,136,578,280,823,678,330,131,103,173,3096
LGA12300,260,4,0,0,0,0,0,30,294,141,38,18,0,0,0,0,12,209,78,56,60,15,3,3,3,6,224,43,49,85,45,15,0,0,8,245,29,40,97,78,35,4,0,7,290,27,39,125,101,29,10,5,9,345,41,39,103,92,34,13,9,12,343,41,24,123,102,43,8,3,17,361,36,45,143,118,52,8,3,12,417,34,27,145,115,58,17,12,14,422,23,23,98,112,54,20,11,17,358,39,15,70,94,64,30,22,14,348,24,8,48,56,44,26,30,24,260,11,17,27,47,32,18,15,21,188,12,8,44,34,22,11,10,42,183,839,432,1186,1009,485,168,123,245,4487
LGA12350,356,5,3,3,0,0,0,37,404,151,38,12,3,3,0,0,13,220,86,55,62,17,9,3,0,17,249,54,35,77,56,16,5,11,25,279,35,29,109,80,41,11,3,26,334,39,42,117,102,50,14,11,16,391,31,32,118,108,38,21,8,24,380,47,35,121,89,63,14,13,28,410,46,36,144,118,54,21,10,24,453,40,49,131,107,70,20,12,27,456,37,25,87,108,58,14,13,23,365,29,18,82,105,56,16,22,23,351,17,20,48,63,43,23,26,16,256,11,17,49,57,36,18,12,16,216,25,12,41,37,43,12,23,19,212,1004,448,1201,1053,580,192,164,334,4976
LGA12500,210,3,3,0,0,0,0,19,235,113,27,10,4,0,0,0,8,162,56,32,39,12,4,0,0,5,148,34,36,41,27,14,3,0,6,161,28,35,74,51,17,7,0,13,225,32,25,81,58,20,7,5,15,243,26,22,85,65,24,9,3,15,249,25,20,80,78,30,6,5,15,259,29,8,84,74,29,9,3,21,257,17,22,73,57,31,13,4,10,227,15,11,63,42,23,19,11,13,197,7,4,47,53,34,13,17,16,191,12,10,28,34,34,15,18,17,168,7,8,28,24,20,16,15,13,131,8,15,24,30,18,15,12,16,138,619,278,760,609,298,132,93,202,2991
LGA12600,1212,43,7,0,4,0,5,130,1401,856,209,93,28,9,0,0,74,1269,581,250,230,96,38,16,6,44,1261,309,213,347,210,66,23,15,40,1223,153,170,385,283,122,44,27,46,1230,188,136,463,330,134,43,37,64,1395,158,126,472,336,134,36,29,64,1355,160,112,477,392,171,43,25,60,1440,116,98,349,332,154,45,33,50,1177,100,77,336,271,135,33,27,41,1020,55,64,218,222,147,51,31,60,848,48,39,154,190,143,52,44,50,720,41,30,103,136,99,53,67,34,563,34,21,112,101,74,36,48,33,459,34,48,106,98,64,34,46,46,476,4045,1636,3852,3025,1494,509,440,836,15837
LGA12700,238,3,0,0,0,0,0,18,259,136,19,7,5,0,0,0,10,177,71,42,28,11,3,0,0,10,165,45,37,64,31,21,0,4,4,206,37,18,90,64,19,4,7,4,243,43,33,115,58,33,4,3,16,305,51,43,113,64,36,8,3,6,324,34,24,106,107,41,4,9,14,339,42,19,117,74,43,8,3,17,323,28,24,112,87,35,17,3,6,312,15,13,67,73,23,3,3,7,204,15,8,51,60,29,12,3,18,196,9,3,23,22,13,14,11,12,107,12,9,12,17,23,3,11,9,96,10,16,18,24,20,11,6,7,112,786,311,923,697,339,88,66,158,3368
LGA12750,848,27,0,0,0,0,0,91,966,370,96,41,18,6,0,0,33,564,217,137,119,47,15,3,3,32,573,143,128,191,121,50,11,10,46,700,114,109,299,192,72,24,21,46,877,143,138,359,209,103,21,27,48,1048,166,148,415,267,98,30,27,59,1210,183,136,484,327,115,30,29,59,1363,181,149,600,358,149,33,17,73,1560,184,144,633,397,175,34,21,94,1682,149,97,502,347,174,40,32,80,1421,86,69,300,310,161,76,39,62,1103,89,58,201,207,118,59,45,67,844,54,54,170,158,98,45,39,62,680,54,89,189,151,79,45,36,74,717,2981,1579,4503,3109,1413,451,346,926,15308
LGA12850,6028,54,15,5,0,0,0,700,6802,5622,560,202,56,9,4,5,434,6892,3876,1163,903,320,82,16,12,399,6771,1860,1194,1675,721,254,98,43,351,6196,1141,1004,2221,1201,424,149,84,401,6625,1049,854,2290,1375,496,162,124,376,6726,859,824,2406,1434,563,184,156,335,6761,892,835,2337,1507,632,246,155,326,6930,736,650,1909,1362,671,261,193,301,6083,561,415,1503,1055,550,261,220,283,4848,339,268,876,738,392,200,247,210,3270,223,233,688,600,366,222,366,229,2927,161,210,484,447,286,188,427,204,2407,135,142,348,289,224,175,378,186,1877,101,166,313,215,174,134,279,198,1580,23583,8572,18170,11325,5123,2300,2689,4933,76695
LGA12900,250,5,4,0,0,0,0,13,272,149,45,25,3,0,0,0,9,231,104,38,51,31,6,0,0,8,238,42,33,56,48,25,4,3,4,215,40,19,71,75,30,10,5,13,263,22,27,90,90,35,13,5,10,292,27,23,102,90,50,12,6,8,318,22,27,91,90,39,8,3,9,289,19,22,90,98,42,14,6,8,299,21,15,98,94,38,16,9,12,303,16,21,64,79,39,24,4,19,266,22,14,41,51,39,12,20,10,209,18,11,30,39,37,25,15,14,189,12,7,27,32,21,20,9,20,148,9,14,31,30,22,18,16,17,157,773,321,871,850,423,176,101,174,3689
LGA12950,126,11,0,0,0,0,0,9,146,64,10,10,6,0,0,0,4,94,40,16,24,15,0,4,0,4,103,16,23,27,17,6,7,3,3,102,18,10,36,36,16,3,0,6,125,12,9,45,34,20,8,3,7,138,20,10,42,45,24,4,4,9,158,21,17,48,49,22,5,9,8,179,13,9,42,37,26,5,3,11,146,11,8,45,38,30,3,7,3,145,8,8,26,40,23,10,4,13,132,9,3,33,38,20,8,12,3,126,10,0,16,15,12,13,3,11,80,3,4,11,17,14,11,6,11,77,3,3,11,23,8,7,6,10,71,374,141,416,410,221,88,60,112,1822
LGA13010,236,11,0,0,0,0,0,23,270,104,33,16,3,4,0,0,5,165,67,33,42,19,4,0,0,11,176,24,30,61,50,12,10,8,3,198,29,27,54,66,25,3,5,11,220,32,24,87,65,22,13,4,16,263,42,40,93,81,23,11,6,17,313,44,31,113,81,26,13,0,8,316,22,35,99,74,43,12,6,8,299,43,26,111,87,45,11,14,14,351,28,21,88,62,48,19,9,11,286,21,12,73,48,48,18,6,14,240,9,12,49,50,22,8,19,10,179,7,7,35,40,27,14,14,18,162,16,8,34,37,21,14,17,8,155,724,350,955,763,370,146,108,177,3593
LGA13050,124,0,0,0,0,0,0,8,132,42,16,13,0,0,0,0,3,74,39,19,21,3,3,0,0,3,88,27,19,22,16,0,5,3,0,92,13,6,49,30,12,8,4,3,125,15,15,59,40,12,3,3,5,152,19,19,54,46,12,4,3,3,160,17,15,56,54,15,4,6,6,173,20,8,58,55,23,3,0,5,172,21,18,88,72,23,8,3,5,238,15,9,61,59,25,8,5,6,188,15,12,36,31,28,11,3,14,150,15,6,39,35,25,9,3,8,140,15,13,28,25,10,3,6,5,105,7,7,24,16,11,10,8,4,87,404,182,608,482,199,76,47,78,2076
LGA13100,4606,45,12,3,0,3,0,423,5092,3540,389,130,27,3,5,3,228,4325,2306,742,533,180,51,7,7,220,4046,1207,976,1260,539,143,35,22,180,4362,846,812,1980,954,324,66,45,211,5238,732,799,2211,1220,378,113,58,266,5777,759,736,2300,1355,449,114,57,240,6010,696,723,2256,1455,487,128,61,303,6109,650,573,2077,1271,440,108,47,249,5415,576,527,1997,1335,438,119,44,246,5282,442,414,1576,1097,432,136,50,236,4383,339,307,1085,930,463,142,88,230,3584,338,260,798,784,430,173,136,264,3183,315,272,762,654,343,156,155,369,3026,328,380,826,568,281,132,113,726,3354,17680,7955,19803,12372,4662,1437,886,4391,69186
LGA13310,731,21,4,0,0,0,0,71,827,512,122,42,14,3,0,0,40,733,323,156,152,54,15,4,3,23,730,156,127,221,104,47,12,12,32,711,144,140,305,175,76,27,9,39,915,116,98,337,194,83,24,16,46,914,131,110,330,222,91,29,13,27,953,120,114,340,215,76,26,15,33,939,119,91,320,232,113,28,14,30,947,93,68,289,236,89,28,10,31,844,70,56,241,191,110,40,14,49,771,48,38,139,138,88,46,33,50,580,46,31,92,120,74,41,45,29,478,34,34,74,77,59,30,43,56,407,44,27,88,84,58,15,26,56,398,2687,1233,2974,2056,982,350,253,612,11147
LGA13320,805,26,0,0,3,0,4,92,930,374,99,36,7,5,0,0,37,558,202,99,125,42,23,3,3,31,528,139,117,192,109,33,8,4,40,642,110,120,285,168,80,12,15,40,830,98,113,348,233,81,30,12,31,946,137,117,394,272,89,18,15,39,1081,144,121,441,299,102,32,12,60,1211,153,130,455,303,124,40,10,55,1270,146,148,642,431,137,37,14,59,1614,153,116,555,394,164,39,24,66,1511,117,71,389,346,194,67,33,53,1270,97,68,243,258,181,58,45,63,1013,71,56,208,168,114,48,44,88,797,80,76,204,169,76,38,22,166,831,2826,1477,4517,3199,1406,430,257,920,15032
LGA13340,297,3,3,0,0,0,0,28,331,129,22,17,0,0,0,0,13,181,88,50,46,13,4,0,0,13,214,30,35,64,46,14,8,8,12,217,29,30,77,70,35,8,4,16,269,21,25,118,88,49,11,12,14,338,33,32,116,105,63,10,7,19,385,34,26,106,127,50,8,6,18,375,32,26,115,104,54,13,3,13,360,20,25,109,91,57,10,10,20,342,13,17,77,78,36,14,13,18,266,31,7,34,51,27,16,11,10,187,15,5,24,30,27,14,20,8,143,13,3,22,33,28,13,13,7,132,11,12,16,30,27,11,8,5,120,796,318,944,866,471,136,115,214,3860
LGA13380,1284,49,0,3,0,0,0,136,1472,605,171,96,29,6,3,0,47,957,343,215,184,96,36,15,7,34,930,205,168,271,180,75,28,24,36,987,147,130,421,292,139,50,29,70,1278,148,150,505,375,142,56,30,49,1455,189,144,553,425,166,57,30,69,1633,215,146,648,435,204,54,18,72,1792,220,152,628,457,190,55,28,70,1800,172,163,671,470,192,64,26,91,1849,143,136,535,429,220,55,46,81,1645,105,80,366,325,204,63,73,83,1299,76,59,220,224,186,78,55,74,972,51,57,164,175,127,59,62,82,777,56,77,178,136,82,46,45,181,801,3959,1897,5440,4051,1969,683,473,1175,19647
LGA13450,686,18,0,0,0,0,0,104,808,542,104,37,14,3,0,0,72,772,383,158,116,58,14,3,4,48,784,178,143,208,109,37,12,10,41,738,85,75,273,188,61,18,19,44,763,84,64,270,268,82,28,21,44,861,68,67,271,251,96,24,14,36,827,64,63,252,204,102,26,12,46,769,62,54,228,204,105,22,9,46,730,35,42,179,158,98,26,15,41,594,22,43,134,116,86,18,17,32,468,17,19,108,124,73,30,11,16,398,13,12,78,106,73,35,33,30,380,19,19,76,74,43,27,26,29,313,20,17,76,69,54,24,34,23,317,2278,898,2306,1943,927,293,225,652,9522
LGA13500,88,4,3,0,0,0,0,3,98,57,11,5,0,0,0,0,5,78,24,17,20,9,4,0,0,0,74,15,18,18,29,6,5,0,4,95,9,10,30,31,9,11,0,3,103,3,10,25,36,15,4,5,4,102,16,10,39,35,16,6,0,0,122,10,8,29,34,26,5,5,0,117,11,10,27,32,21,11,5,8,125,12,9,45,32,16,6,3,4,127,8,7,25,29,19,10,10,5,113,7,0,20,15,23,8,11,4,88,9,3,9,10,8,9,4,9,61,0,3,14,9,14,6,3,4,53,4,0,11,12,10,7,3,11,58,273,120,320,313,187,88,49,64,1414
LGA13550,360,11,3,0,0,0,0,35,409,189,65,37,11,5,0,0,22,329,123,52,85,42,14,0,3,19,338,59,50,98,58,23,4,3,16,311,41,29,108,84,39,8,9,17,335,41,33,129,103,49,9,11,18,393,23,32,140,112,44,14,10,17,392,41,42,154,116,35,13,10,16,427,35,28,101,89,61,19,4,20,357,22,16,119,95,48,17,7,17,341,33,20,88,83,46,12,12,19,313,17,12,56,77,40,19,31,20,272,16,7,40,48,38,28,20,26,223,8,12,30,41,27,17,22,29,186,15,13,30,33,19,8,16,46,180,1023,422,1218,992,488,168,158,337,4806
LGA13650,115,5,0,0,0,0,0,9,129,55,16,9,0,3,0,0,10,93,34,15,18,15,3,4,0,3,92,21,27,28,19,13,5,3,0,116,14,6,41,39,12,9,8,13,142,17,12,41,28,22,4,3,9,136,15,13,44,38,14,7,7,5,143,20,12,47,42,25,4,4,5,159,12,13,38,43,13,5,4,9,137,7,13,50,42,21,9,3,8,153,13,7,30,28,21,10,5,4,118,10,6,22,24,27,3,12,0,104,4,4,11,12,19,7,12,0,69,8,5,10,18,10,6,12,6,75,6,7,13,15,7,6,0,7,61,351,161,402,363,210,79,73,88,1727
LGA13660,103,7,0,0,0,0,0,14,124,55,12,11,0,0,0,0,0,78,37,30,22,19,3,3,0,3,117,24,15,32,26,4,0,4,0,105,18,11,41,46,10,5,7,6,144,23,17,57,50,15,3,4,9,178,12,19,67,44,20,8,0,4,174,15,13,58,56,17,4,0,4,167,13,8,54,34,23,10,4,3,149,18,10,65,49,26,10,4,6,188,12,13,48,51,31,11,6,7,179,17,5,27,32,24,10,9,3,127,5,3,20,20,18,13,8,8,95,4,3,17,17,25,9,3,3,81,9,4,24,15,19,3,15,4,93,365,170,543,459,235,89,64,74,1999
LGA13700,73,0,0,0,0,0,0,10,83,48,16,4,4,0,0,0,0,72,31,13,12,10,8,4,0,0,78,16,18,21,14,8,0,0,4,81,12,7,36,27,10,5,0,6,103,9,8,36,36,14,4,4,4,115,10,8,34,39,15,3,7,0,116,21,11,36,35,18,4,0,6,131,5,12,37,30,24,6,4,5,123,12,11,57,36,15,11,6,5,153,18,6,27,23,25,6,13,8,126,7,6,19,25,16,8,12,9,102,12,3,14,10,12,7,11,8,77,4,0,5,9,11,6,6,5,46,10,3,14,9,8,7,7,0,58,288,122,352,307,184,71,70,70,1464
LGA13800,2025,30,7,0,0,0,0,207,2269,1691,207,85,13,7,0,0,113,2116,930,402,288,112,27,5,3,78,1845,432,403,508,272,79,19,8,59,1780,299,294,768,462,163,45,19,86,2136,305,308,873,598,219,55,29,130,2517,290,256,869,597,230,62,40,92,2436,257,230,780,533,247,53,33,106,2239,191,186,653,465,188,51,24,98,1856,144,177,594,477,179,44,27,67,1709,107,84,425,309,159,48,35,74,1241,92,62,240,222,134,64,27,64,905,42,48,176,132,93,48,47,42,628,34,50,122,111,76,37,39,60,529,49,63,127,105,60,45,25,103,577,6888,2800,6515,4408,1861,576,356,1379,24783
LGA13850,74,3,0,0,0,0,0,9,86,40,4,9,3,0,0,0,9,65,17,21,9,7,3,0,0,3,60,10,5,19,7,3,4,0,3,51,9,13,20,20,10,6,5,3,86,11,10,35,21,10,0,4,3,94,9,11,46,46,15,6,7,3,143,15,16,35,25,15,0,6,5,117,8,17,31,14,15,4,0,3,92,3,6,28,24,20,3,0,3,87,4,6,21,24,14,8,3,3,83,4,4,12,22,13,5,9,5,74,0,0,10,18,7,8,10,10,63,0,7,4,10,10,0,3,3,37,3,3,5,8,3,5,10,3,40,207,126,284,249,138,49,57,68,1178
LGA13950,2553,36,10,0,3,0,0,254,2856,2630,298,115,18,3,0,0,262,3326,2486,985,528,194,37,8,6,289,4533,1282,1198,1121,393,125,42,15,252,4428,757,707,1216,559,218,90,43,218,3808,561,527,1088,581,247,87,50,188,3329,468,481,1045,571,246,84,72,162,3129,405,394,988,535,267,86,57,170,2902,308,308,831,523,274,88,59,146,2537,222,236,846,611,244,96,66,132,2453,152,163,592,414,214,86,68,122,1811,112,106,408,361,192,86,104,112,1481,117,94,284,240,169,78,91,118,1191,83,97,210,216,133,76,117,135,1067,83,104,219,168,104,55,99,244,1076,12219,5734,9501,5384,2476,962,847,2804,39927
LGA14000,5255,21,0,0,0,0,0,286,5562,4483,122,31,0,0,0,3,213,4852,3049,501,217,36,6,3,3,166,3981,1759,1251,1084,313,41,14,3,141,4606,1093,1103,2313,841,194,35,13,124,5716,856,1020,2756,1173,293,51,17,178,6344,780,985,2874,1287,314,67,25,158,6490,738,899,2551,1293,363,66,49,148,6107,594,653,2020,1103,349,72,39,140,4970,450,512,1797,1024,334,71,34,132,4354,348,297,1276,863,301,66,40,113,3304,249,195,849,763,345,102,59,116,2678,209,148,568,581,292,98,89,122,2107,193,164,508,437,292,104,75,197,1970,258,292,661,459,222,119,101,428,2540,20314,8163,19505,10173,3346,868,550,2662,65581
LGA14100,332,0,0,0,0,0,0,24,356,303,7,0,0,0,0,0,21,331,211,20,9,0,0,0,0,10,250,133,74,58,16,4,0,0,20,305,119,65,156,63,17,0,0,13,433,95,70,182,114,34,5,3,17,520,85,59,196,100,31,9,5,17,502,82,44,173,95,34,7,3,15,453,75,59,171,81,31,5,4,12,438,58,61,170,84,25,8,5,13,424,48,40,120,46,27,5,5,19,310,36,24,74,69,27,10,6,10,256,35,15,53,51,19,8,12,16,209,50,23,82,48,34,11,8,19,275,92,63,145,77,23,15,17,27,459,1754,624,1589,844,306,83,68,253,5521
LGA14150,2016,8,0,0,0,0,0,176,2200,2489,116,42,8,0,0,0,163,2818,2325,475,211,38,9,3,0,172,3233,1221,726,592,174,40,15,6,131,2905,644,604,1036,368,100,30,7,98,2887,483,516,1133,416,129,38,27,108,2850,441,563,1178,436,129,27,26,123,2923,406,597,988,425,153,33,16,121,2739,338,432,838,463,167,58,23,97,2416,218,272,844,431,126,30,34,76,2031,164,173,620,380,126,41,30,79,1613,117,146,509,323,148,28,48,84,1403,104,113,423,277,153,69,61,82,1282,108,113,350,237,131,58,63,80,1140,151,197,427,288,129,61,69,100,1422,11225,5051,9191,4264,1540,491,410,1690,33862
LGA14200,434,26,3,0,0,0,0,57,520,222,76,46,14,4,0,0,8,370,152,73,86,41,13,6,0,18,389,86,63,130,93,25,10,12,15,434,55,56,149,124,56,18,23,16,497,49,48,175,142,47,22,20,15,518,56,45,191,132,51,18,10,11,514,48,39,195,164,64,16,14,21,561,56,31,141,140,67,25,10,21,491,45,36,196,134,64,26,16,18,535,36,37,117,145,58,19,18,30,460,28,24,98,119,74,22,21,29,415,27,16,55,56,59,28,28,29,298,20,15,46,42,45,20,16,31,235,25,13,31,46,31,17,24,75,262,1339,598,1659,1392,658,247,212,394,6499
LGA14250,35,3,0,0,0,0,0,5,43,17,6,4,0,0,0,0,0,27,6,3,11,0,0,0,0,0,20,8,3,4,8,6,0,0,0,29,3,0,9,11,5,0,0,0,28,3,0,19,24,3,0,3,3,55,4,0,12,11,11,4,0,4,46,13,3,23,23,4,4,0,3,73,0,3,8,13,5,7,3,3,42,0,9,11,11,10,6,0,4,51,3,0,6,14,12,3,3,3,44,5,3,10,7,11,0,4,0,40,3,0,5,0,3,3,3,3,20,0,4,0,5,11,0,3,4,27,3,0,0,8,3,0,3,0,17,103,37,122,135,84,27,22,32,562
LGA14300,145,8,0,0,3,0,0,3,159,68,23,11,0,3,0,0,6,111,48,30,32,13,8,3,0,6,140,15,16,44,26,6,5,3,4,119,18,16,49,33,9,13,4,3,145,15,13,42,45,30,5,4,0,154,20,20,50,43,29,11,3,10,186,15,4,61,56,34,13,3,7,193,15,7,51,53,25,9,5,13,178,7,13,63,50,27,8,11,9,188,9,11,32,28,21,15,11,9,136,3,3,18,23,25,3,9,7,91,5,5,13,24,11,11,7,7,83,3,0,6,17,12,8,3,9,58,0,10,14,14,3,5,11,6,63,386,179,486,425,246,109,74,99,2004
LGA14350,737,31,3,3,0,0,0,101,875,312,115,94,18,7,4,0,38,588,198,107,130,66,24,15,4,27,571,111,120,168,114,42,34,17,23,629,74,85,210,168,86,37,27,38,725,99,96,242,209,70,44,24,55,839,132,103,323,215,113,42,29,49,1006,119,108,353,296,110,49,20,48,1103,125,110,351,292,135,27,16,51,1107,101,91,374,282,105,32,25,43,1053,76,64,283,233,93,37,30,53,869,52,33,170,156,132,47,34,36,660,35,25,87,104,80,44,44,55,474,27,30,91,88,66,40,41,32,415,26,40,84,80,62,45,41,81,459,2224,1158,2963,2324,1125,497,352,730,11373
LGA14400,598,4,0,0,0,0,0,46,648,400,42,8,3,0,0,0,23,476,233,74,52,8,5,0,0,12,384,106,67,126,56,11,5,3,13,387,73,72,242,153,25,4,3,10,582,67,69,263,162,52,11,3,18,645,94,84,307,192,51,8,3,19,758,96,77,368,204,90,13,7,25,880,68,93,301,220,69,14,6,26,797,82,55,268,225,61,12,3,19,725,52,48,208,160,58,16,7,33,582,50,34,140,135,81,12,14,18,484,31,31,112,110,70,25,17,15,411,39,28,84,75,57,25,17,15,340,46,51,101,95,48,28,13,27,409,2035,829,2580,1798,678,173,96,319,8508
LGA14450,1486,8,0,0,0,0,0,149,1643,1820,78,18,0,0,0,0,127,2043,1638,291,114,34,4,3,0,121,2205,908,555,376,92,24,7,5,104,2071,480,461,696,270,72,16,12,82,2089,362,396,843,349,88,8,16,83,2145,347,411,845,340,106,23,7,86,2165,312,403,705,330,102,19,15,84,1970,239,292,614,279,106,21,9,79,1639,196,222,575,310,111,30,7,69,1520,128,125,428,261,83,23,21,52,1121,81,81,377,199,104,23,21,48,934,77,84,231,177,88,34,32,50,773,72,80,226,143,70,27,23,42,683,104,101,240,143,73,38,25,83,807,8250,3588,6288,2927,1031,272,193,1259,23808
LGA14500,4117,3,0,3,0,0,0,291,4414,2950,25,3,0,0,0,0,146,3124,1644,141,57,17,0,3,0,99,1961,937,514,516,109,21,3,3,83,2186,517,551,1358,585,109,10,9,127,3266,445,601,2029,1067,244,51,18,141,4596,418,616,2253,1134,259,43,6,147,4876,406,517,1881,1016,266,46,23,126,4281,341,373,1512,810,260,53,9,123,3481,325,322,1393,803,213,44,25,110,3235,275,236,1024,713,206,49,23,91,2617,187,149,703,647,226,78,27,94,2111,171,124,515,497,254,61,53,122,1797,181,143,519,406,244,70,53,156,1772,257,283,599,462,242,60,55,341,2299,13171,4598,14362,8269,2544,571,304,2197,46016
LGA14550,264,7,0,0,0,0,0,21,292,79,35,22,9,0,0,0,10,155,58,42,40,15,6,3,0,0,164,48,21,59,48,20,5,0,11,212,32,21,71,53,30,11,6,10,234,46,38,76,82,34,7,9,15,307,41,34,97,91,50,25,6,12,356,55,35,111,100,57,17,15,21,411,45,23,133,104,47,20,7,18,397,36,41,100,93,50,15,8,20,363,26,18,63,53,44,5,10,14,233,16,8,27,47,43,24,16,4,185,11,8,24,26,35,26,21,8,159,8,4,23,29,26,12,18,6,126,13,5,26,16,22,17,12,13,124,778,340,872,766,464,187,128,183,3718
LGA14600,151,7,0,0,0,0,0,19,177,106,36,16,8,0,0,0,9,175,78,45,43,18,0,5,0,0,189,26,36,54,35,10,5,3,7,176,22,12,52,49,26,10,3,11,185,19,17,49,57,25,12,13,6,198,18,16,70,44,34,5,13,10,210,13,12,51,72,32,16,8,12,216,25,6,53,61,39,5,4,11,204,15,12,43,52,30,20,11,8,191,6,10,29,47,30,11,4,7,144,13,3,33,40,37,12,17,15,170,6,5,24,20,18,15,8,7,103,12,10,10,12,14,13,17,11,99,0,12,18,23,18,5,15,14,105,510,239,545,538,313,134,116,147,2542
LGA14650,5703,122,8,0,0,3,4,412,6252,4237,545,239,40,5,4,4,240,5314,2628,993,754,244,66,18,5,165,4873,1316,1095,1617,675,213,48,33,158,5155,854,914,2430,1218,335,96,67,171,6085,658,755,2735,1340,477,125,66,175,6331,696,791,2681,1635,514,130,67,228,6742,691,692,2780,1630,564,155,69,222,6803,577,602,2659,1755,569,127,44,211,6544,533,527,2556,1709,593,144,80,228,6370,400,405,1955,1400,571,161,85,221,5198,308,262,1303,1132,612,224,161,220,4222,270,264,871,895,567,233,197,215,3512,224,274,786,763,421,196,179,230,3073,203,378,822,663,342,180,141,333,3062,19298,8619,24196,15099,5849,1844,1202,3429,79536
LGA14700,706,0,0,0,0,0,0,47,753,864,12,4,0,0,0,0,50,930,991,94,18,6,0,0,0,58,1167,749,320,182,26,3,0,3,56,1339,415,275,449,143,13,0,0,54,1349,269,203,455,253,51,9,0,42,1282,236,198,444,198,55,13,3,39,1186,224,166,367,192,61,7,3,35,1055,219,153,335,195,57,11,4,30,1004,186,110,300,159,47,11,7,36,856,129,71,256,121,48,12,3,26,666,83,64,141,100,40,21,12,26,487,67,44,112,83,49,15,11,26,407,55,42,92,83,46,24,10,21,373,80,60,128,115,45,23,13,65,529,5273,1812,3283,1674,515,146,69,611,13383
LGA14750,484,13,3,3,0,0,0,48,551,169,55,25,9,0,0,0,21,279,111,58,50,15,11,0,0,29,274,56,46,82,54,24,5,3,20,290,35,36,108,89,45,4,13,22,352,34,27,111,85,53,12,4,20,346,35,29,123,102,39,10,14,7,359,31,28,121,107,56,17,18,28,406,13,18,97,82,40,13,7,18,288,14,14,89,86,44,13,10,19,289,12,20,60,71,47,19,8,10,247,23,6,54,45,36,17,14,20,215,15,8,26,39,38,22,18,10,176,10,3,21,27,25,17,14,11,128,17,14,29,12,13,8,13,21,127,1059,375,999,826,471,157,136,304,4327
LGA14800,712,7,0,0,3,0,0,79,801,1305,25,5,0,0,0,0,98,1433,1986,142,34,8,4,0,0,127,2301,2045,562,285,45,3,3,3,158,3104,1363,715,724,164,19,3,3,153,3144,895,435,787,211,37,11,3,122,2501,820,352,542,190,36,7,3,127,2077,637,255,452,155,51,9,3,84,1646,512,283,490,222,54,11,3,100,1675,394,234,458,215,62,17,4,86,1470,229,137,298,148,63,20,5,72,972,110,65,178,135,60,30,15,65,658,73,50,162,97,42,24,23,53,524,56,47,94,66,31,16,22,67,399,49,58,80,58,27,12,21,132,437,11186,3367,4589,1714,492,163,108,1523,23142
LGA14850,1360,29,3,0,0,0,0,132,1524,1008,145,63,12,0,4,0,68,1300,485,233,194,81,26,9,3,52,1083,333,218,328,181,56,20,9,47,1192,227,205,482,242,109,29,17,61,1372,222,180,520,321,114,43,21,53,1474,262,229,544,349,133,40,35,67,1659,227,194,602,426,171,52,26,52,1750,190,183,538,448,166,37,21,46,1629,152,134,454,332,149,57,24,43,1345,103,63,278,243,127,43,30,44,931,74,49,190,168,148,60,54,33,776,62,36,121,136,99,57,57,35,603,55,37,117,136,97,50,55,29,576,49,44,161,109,92,43,51,31,580,4809,1979,4595,3184,1487,544,403,793,17794
LGA14870,542,22,4,0,0,0,0,57,625,348,85,43,8,4,0,0,34,522,186,104,98,41,10,4,3,23,469,82,89,155,88,35,10,10,27,496,83,68,222,113,60,19,14,27,606,60,72,216,138,56,20,13,31,606,91,84,262,170,51,22,11,40,731,112,70,232,180,82,27,10,26,739,94,73,223,173,75,13,9,26,686,82,55,262,157,73,18,8,31,686,57,45,194,150,60,31,23,20,580,47,27,112,121,73,34,16,24,454,37,22,74,76,45,25,25,28,332,35,32,60,49,30,23,19,32,280,26,18,70,60,34,14,20,39,281,1882,866,2227,1524,688,260,181,465,8093
LGA14900,5856,77,7,0,0,0,0,788,6728,4827,557,241,58,13,3,0,504,6203,3506,1303,1007,330,75,25,8,520,6774,1663,1376,1991,875,331,92,50,445,6823,939,1019,2652,1400,484,148,95,397,7134,683,862,2586,1448,551,207,114,370,6821,664,766,2372,1324,596,219,146,346,6433,599,664,2068,1296,506,207,149,371,5860,450,438,1579,1050,503,200,143,338,4701,291,345,1334,895,417,153,114,269,3818,187,209,815,647,322,156,153,225,2714,112,149,564,509,318,177,180,212,2221,83,112,372,353,230,135,211,183,1679,79,105,253,249,160,89,177,143,1255,70,85,213,189,97,60,137,166,1017,20009,8067,18054,10623,4603,1871,1677,5277,70181
LGA14920,180,4,3,0,0,0,0,20,207,97,35,9,4,0,0,0,9,154,78,34,34,20,11,0,3,5,185,47,27,49,39,15,3,0,8,188,21,22,69,59,16,11,4,12,214,25,22,79,74,17,3,6,9,235,29,19,84,56,22,8,4,11,233,23,25,96,78,32,12,7,17,290,18,25,92,56,27,16,9,14,257,18,27,84,69,32,10,9,11,260,25,19,69,64,35,15,10,4,241,15,11,42,47,34,14,13,10,186,10,9,29,26,29,15,16,4,138,10,3,20,30,20,11,12,6,112,14,7,13,17,21,9,11,9,101,610,289,772,639,311,127,104,149,3001
LGA14950,78,3,0,0,0,0,0,15,96,32,8,3,0,0,0,0,0,43,17,16,9,3,3,0,0,3,51,14,9,21,12,6,0,0,0,62,7,8,30,31,13,0,5,0,94,10,5,26,30,11,5,4,7,98,7,4,25,35,21,4,0,10,106,8,10,26,31,15,9,6,3,108,7,8,20,32,21,4,9,3,104,5,3,29,30,16,9,0,0,92,4,6,24,29,13,5,0,5,86,8,3,14,22,17,0,9,0,73,0,3,12,11,6,3,4,4,43,0,3,5,12,10,8,5,3,46,8,3,11,10,5,15,4,4,60,205,92,255,288,157,62,46,57,1162
LGA15050,2180,41,10,3,0,0,5,190,2429,1566,256,109,26,6,0,0,103,2066,1090,427,386,133,50,9,3,77,2175,465,442,725,350,112,32,16,80,2222,312,359,913,528,198,44,36,88,2478,240,306,1012,553,199,49,49,95,2503,226,279,950,512,210,60,40,81,2358,203,223,917,628,180,49,30,87,2317,166,168,780,589,190,49,30,66,2038,133,145,688,535,220,75,39,74,1909,96,103,442,401,180,50,35,56,1363,94,69,268,260,162,89,70,52,1064,70,55,197,219,134,68,71,62,876,57,59,155,161,120,50,65,75,742,87,72,142,153,110,44,59,60,727,6985,3004,7694,5051,2071,668,548,1246,27267
LGA15150,783,0,3,0,0,0,0,93,879,931,10,0,0,0,0,0,86,1027,1302,80,34,3,0,3,0,126,1548,1175,319,196,41,4,0,0,126,1861,643,396,545,197,36,4,0,122,1943,354,249,628,299,38,8,3,60,1639,313,216,555,269,59,5,3,74,1494,258,181,481,212,51,5,3,58,1249,200,125,401,184,50,3,3,59,1025,176,129,387,182,57,11,3,63,1008,100,85,307,201,82,10,3,71,859,77,53,184,146,72,16,9,28,585,67,38,113,123,61,22,14,59,497,58,42,124,119,48,24,9,44,468,57,59,144,91,52,18,11,117,549,6494,1982,4102,2067,610,129,61,1186,16631
LGA15200,1259,11,0,0,0,0,0,147,1417,2679,74,21,4,0,0,5,229,3012,3471,261,85,27,6,0,5,330,4185,2774,744,392,82,20,9,11,301,4333,1842,817,833,225,50,20,3,274,4064,1305,596,894,275,67,21,12,239,3409,1012,492,703,225,82,20,20,174,2728,840,387,564,232,71,38,26,136,2294,598,331,494,256,96,38,38,153,2004,385,235,464,214,98,37,26,112,1571,204,145,395,226,81,19,31,88,1189,137,112,344,178,76,39,36,88,1010,108,94,255,161,86,35,57,68,864,98,74,147,100,48,24,47,52,590,98,83,118,54,50,31,41,89,564,16810,4456,5709,2259,831,331,358,2480,33234
LGA15270,598,19,3,0,0,0,0,68,688,315,89,46,9,0,0,0,39,498,214,131,87,47,8,7,4,28,526,132,102,171,89,39,12,4,22,571,101,75,224,181,65,22,13,46,727,90,88,268,188,79,22,23,44,802,90,67,264,219,86,14,11,33,784,84,65,240,210,89,19,14,27,748,106,48,215,170,84,26,13,34,696,63,67,255,198,95,29,13,35,755,51,44,218,169,91,33,19,36,661,37,31,106,110,86,30,36,35,471,37,25,72,79,73,31,35,32,384,27,26,71,60,45,20,25,17,291,27,34,75,51,35,24,19,34,299,1972,911,2315,1780,875,289,229,530,8901
LGA15300,308,27,3,0,0,0,0,60,398,250,66,35,10,3,0,0,49,413,196,74,75,36,14,5,4,41,445,77,75,125,78,34,18,11,38,456,52,40,155,100,47,14,15,42,465,56,54,119,106,49,11,18,33,446,54,41,143,98,53,25,9,32,455,35,43,132,102,62,20,13,33,440,21,20,107,99,46,22,14,26,355,38,24,99,94,55,11,13,33,367,21,11,80,57,35,14,25,23,266,14,3,37,45,34,17,21,24,195,8,6,19,20,28,15,21,17,134,5,15,17,25,21,14,12,13,122,10,3,15,18,23,8,23,13,113,1145,502,1161,888,504,194,199,477,5070
LGA15350,605,3,0,0,0,0,0,70,678,642,6,0,0,0,0,0,65,713,707,54,12,4,3,0,0,79,859,610,173,90,11,3,0,0,90,977,412,213,281,122,26,3,0,83,1140,325,179,383,200,33,7,0,76,1203,265,158,412,209,50,8,0,65,1167,244,129,302,200,42,9,3,53,982,200,120,301,149,45,3,3,62,883,217,124,298,185,48,3,4,65,944,145,78,278,148,48,20,3,49,769,100,39,162,118,39,16,5,29,508,70,37,102,98,32,11,6,28,384,70,28,90,98,51,12,17,32,398,101,78,159,120,45,11,14,51,579,4713,1419,2870,1662,465,103,55,897,12184
LGA15500,165,0,0,0,0,0,0,16,181,98,23,3,0,0,0,0,6,130,70,38,20,6,3,0,0,6,143,53,27,48,22,9,0,0,9,168,25,24,77,41,15,0,0,12,194,23,20,83,63,26,7,3,11,236,24,14,78,61,19,4,0,14,214,24,19,79,77,21,7,3,4,234,15,16,83,79,27,9,0,9,238,25,24,108,85,29,11,5,13,300,19,11,90,65,52,14,9,12,272,16,6,51,58,44,23,12,7,217,18,4,39,37,30,13,14,6,161,11,7,19,30,13,8,10,13,111,8,12,20,20,11,3,6,6,86,594,245,798,644,299,99,62,144,2885
LGA15550,42,0,0,0,0,0,0,6,48,37,8,10,0,0,0,0,9,64,22,11,12,8,0,0,0,3,56,10,4,21,13,4,3,3,0,58,4,10,24,24,8,3,4,6,83,7,4,20,15,18,4,4,5,77,4,14,21,26,11,5,0,4,85,3,10,22,23,13,0,4,0,75,6,6,26,11,13,3,0,0,65,0,4,14,23,12,0,4,3,60,0,0,19,15,3,3,0,3,43,3,4,9,7,14,8,8,3,56,0,0,5,4,3,4,3,8,27,0,0,0,3,8,4,4,3,22,0,0,5,8,0,0,0,5,18,138,75,208,180,107,37,34,58,837
LGA15650,468,17,4,0,0,0,0,65,554,345,91,41,8,3,0,0,37,525,223,105,101,39,11,5,3,24,511,118,82,167,96,32,17,6,20,538,57,59,158,127,50,18,9,34,512,51,50,180,129,47,18,19,37,531,34,44,172,144,58,21,15,24,512,39,41,165,146,62,10,9,29,501,29,20,129,133,49,17,13,20,410,19,22,126,107,66,16,8,15,379,8,20,83,84,46,16,11,14,282,14,6,41,56,34,12,10,17,190,6,13,38,36,32,18,20,19,182,3,14,24,29,18,13,15,12,128,4,10,28,24,15,11,6,10,108,1418,594,1457,1158,523,192,144,377,5863
LGA15700,439,20,3,0,0,0,0,54,516,198,50,27,5,3,0,0,31,314,112,76,79,37,9,3,3,22,341,49,54,106,71,29,13,4,8,334,57,52,153,124,57,20,16,20,499,74,61,163,96,60,33,17,23,527,93,67,225,145,68,16,14,22,650,98,99,300,198,66,29,15,33,838,92,85,244,181,83,18,13,27,743,93,79,276,172,88,21,17,28,774,75,53,216,172,83,18,23,38,678,51,41,143,132,83,36,20,30,536,32,29,87,104,88,40,17,27,424,35,22,81,84,57,46,33,26,384,27,34,80,82,46,30,28,36,363,1525,822,2183,1603,820,323,220,425,7921
LGA15750,339,17,3,3,0,0,0,51,413,207,60,30,10,6,0,0,12,325,136,68,75,34,9,3,3,20,348,69,52,114,72,19,12,8,22,368,43,51,150,97,35,17,7,23,423,31,41,149,94,38,11,12,31,407,36,37,179,119,49,16,7,23,466,28,42,158,122,57,21,13,22,463,33,29,136,111,49,12,6,16,392,30,16,136,100,52,13,9,14,370,15,16,70,102,51,20,9,21,304,11,11,58,60,64,22,23,21,270,9,6,40,36,39,25,24,17,196,17,13,23,26,32,13,17,20,161,7,14,29,22,15,7,16,28,138,1011,473,1350,1008,515,192,154,341,5044
LGA15800,158,5,0,0,0,0,0,23,186,57,23,7,6,0,0,0,12,105,44,37,40,22,4,3,0,14,164,23,17,46,39,12,3,3,9,152,16,20,44,46,25,3,5,7,166,14,10,51,55,16,7,3,9,165,12,19,68,49,29,15,9,12,213,17,16,63,75,29,9,0,14,223,11,8,52,48,32,8,3,13,175,17,11,54,45,30,12,6,14,189,9,12,46,40,21,11,12,11,162,11,5,26,34,22,11,3,7,119,9,7,32,18,15,5,13,16,115,6,11,22,13,18,12,11,16,109,4,6,12,23,16,4,11,34,110,408,207,563,513,269,103,79,211,2353
LGA15850,161,4,0,0,0,0,0,30,195,95,32,13,3,0,5,0,3,151,60,25,37,21,9,0,6,13,171,28,31,48,30,18,8,0,12,175,18,22,60,56,29,17,3,3,208,15,22,62,55,26,4,13,10,207,23,18,71,49,28,12,6,5,212,11,13,79,70,31,4,4,7,219,19,12,72,63,26,12,7,8,219,10,13,72,51,41,5,3,10,205,16,11,49,49,25,16,11,9,186,4,5,30,37,26,16,4,10,132,8,5,20,27,27,10,9,6,112,4,4,13,29,13,4,13,6,86,4,4,14,7,11,3,6,10,59,476,221,640,547,310,116,85,142,2537
LGA15900,4058,59,14,0,0,0,0,321,4452,5585,397,122,28,3,0,5,355,6495,4010,860,457,150,39,8,8,289,5821,1990,1019,1165,406,129,39,18,198,4964,1093,896,1780,801,233,50,37,211,5101,874,760,1883,921,254,70,51,177,4990,810,685,1879,950,293,76,47,186,4926,733,632,1847,1088,353,82,36,224,4995,546,495,1688,1032,326,84,38,162,4371,463,387,1456,968,350,91,35,194,3944,353,278,1129,770,318,106,40,168,3162,267,188,787,666,316,121,109,145,2599,201,195,613,604,325,147,122,185,2392,201,226,644,490,316,147,119,239,2382,243,266,649,497,285,122,98,430,2590,21427,7343,16113,9371,3540,1143,763,3484,63184
LGA15950,761,3,3,0,0,0,0,81,848,1758,25,4,3,0,0,4,179,1973,3728,162,39,4,4,0,0,363,4300,3064,621,217,25,4,0,0,352,4283,1798,628,520,118,19,3,3,267,3356,1134,438,521,146,27,0,5,209,2480,835,322,445,129,33,8,0,159,1931,725,298,492,184,39,10,4,154,1906,567,251,556,243,65,13,4,138,1837,443,258,602,302,84,21,5,128,1843,335,143,463,250,93,18,6,100,1408,233,93,257,188,74,26,9,91,971,153,57,171,137,76,28,15,77,714,139,57,122,103,52,22,19,61,575,151,93,166,125,53,27,16,116,747,15824,3449,4578,1957,623,176,90,2475,29172
LGA16100,121,0,0,0,0,0,0,15,136,87,19,10,3,0,0,0,10,129,21,18,25,18,3,3,0,3,91,17,20,32,23,12,3,3,3,113,21,15,43,43,11,3,4,3,143,18,18,76,54,16,3,0,4,189,23,13,53,28,15,13,8,5,158,20,12,56,39,19,8,5,3,162,16,15,54,57,26,5,4,4,181,26,18,59,43,30,9,3,8,196,16,8,50,42,26,5,7,12,166,11,6,18,25,14,9,6,4,93,4,3,4,15,13,11,12,4,66,3,4,12,10,8,3,7,0,47,6,3,10,9,13,0,5,6,52,410,172,502,409,206,75,64,84,1922
LGA16150,1230,37,9,0,0,0,0,114,1390,872,147,90,35,0,4,0,73,1221,632,262,187,113,27,10,6,72,1309,290,249,330,159,66,22,19,52,1187,189,151,415,274,76,30,29,78,1242,147,122,441,319,106,41,37,68,1281,143,131,453,303,120,36,29,46,1261,137,132,438,294,144,35,18,48,1246,110,104,368,299,122,31,22,40,1096,86,75,385,287,116,41,25,49,1064,83,62,251,204,106,32,21,46,805,51,33,179,179,104,50,38,37,671,40,38,132,142,107,53,57,33,602,39,38,104,101,87,38,36,42,485,54,62,111,126,73,30,40,37,533,4103,1643,3893,2835,1254,453,377,835,15393
LGA16180,410,3,0,0,0,0,0,46,459,227,22,9,3,0,0,0,18,279,133,59,40,11,6,3,0,11,263,123,76,96,36,12,0,0,7,350,85,75,182,95,34,6,7,33,517,120,80,259,140,39,17,3,35,693,112,75,216,120,38,8,3,32,604,106,63,198,144,56,19,3,37,626,108,43,187,119,42,12,5,35,551,69,43,186,122,40,10,7,22,499,36,29,97,79,49,10,6,17,323,17,17,42,52,35,14,13,5,195,13,6,21,27,18,11,3,9,108,0,4,17,17,17,11,11,6,83,3,3,16,15,12,7,5,9,70,1562,598,1566,980,398,128,66,322,5620
LGA16200,422,19,0,0,0,0,0,57,498,196,70,32,3,0,0,0,32,333,166,84,73,42,15,4,0,19,403,70,64,107,81,32,14,10,25,403,54,48,136,97,48,21,16,22,442,35,48,140,124,55,19,13,25,459,40,37,148,130,57,22,13,24,471,50,34,143,146,60,15,17,25,490,43,23,136,111,78,24,18,22,455,23,24,133,95,57,21,15,25,393,29,22,94,82,55,19,21,20,342,22,16,65,99,54,30,23,26,335,24,6,53,65,45,29,29,18,269,22,12,40,52,37,24,27,21,235,24,20,52,41,33,28,24,28,250,1220,527,1352,1168,626,270,226,389,5778
LGA16250,4022,26,8,0,4,0,0,496,4556,5046,402,153,31,5,0,0,568,6205,5537,1628,636,200,76,15,17,632,8741,2787,2011,1465,470,187,64,23,468,7475,1460,1229,1984,746,279,96,72,353,6219,1088,979,1879,797,334,130,104,304,5615,923,959,1841,825,338,138,100,306,5430,811,850,1569,855,380,106,104,265,4940,639,738,1335,736,356,128,112,267,4311,503,402,1237,723,317,126,115,171,3594,318,282,931,587,258,100,92,182,2750,221,206,700,499,283,131,118,161,2319,170,157,492,430,243,128,143,171,1934,170,149,409,339,200,125,174,222,1788,183,262,490,344,229,118,126,353,2105,23878,10280,15129,7582,3489,1405,1300,4919,67982
LGA16350,5772,130,3,3,3,0,5,550,6466,5088,721,306,58,9,0,4,403,6589,3503,1444,1079,360,93,31,12,348,6870,1600,1345,2007,920,293,74,39,334,6612,980,956,2366,1285,459,134,85,308,6573,729,799,2289,1392,554,186,100,280,6329,658,670,2294,1436,577,174,88,257,6154,551,585,2359,1695,665,176,102,297,6430,413,470,2089,1409,548,169,77,237,5412,334,428,1770,1231,526,170,89,210,4758,188,254,998,754,414,141,116,157,3022,153,172,519,527,298,156,140,146,2111,98,125,342,324,260,148,142,125,1564,91,123,269,237,175,75,128,164,1262,80,137,310,221,144,98,115,206,1311,20238,8359,19000,11852,5018,1732,1242,4022,71463
LGA16370,1543,0,4,0,0,0,0,126,1673,1184,40,10,0,0,0,0,73,1307,796,140,70,19,0,0,0,50,1075,543,334,365,107,13,0,0,56,1418,355,375,828,364,69,11,0,74,2076,304,323,956,439,128,15,5,103,2273,361,306,992,437,110,9,9,73,2297,317,298,909,474,132,28,8,75,2241,278,252,861,475,146,33,11,88,2144,223,202,797,445,113,25,11,82,1898,168,147,639,366,137,25,13,68,1563,66,98,385,287,117,39,10,55,1057,66,58,253,243,117,33,32,48,850,73,77,232,197,99,33,22,65,798,100,133,320,187,94,30,36,95,995,6377,2783,7621,4040,1275,281,157,1131,23665
LGA16380,1898,43,7,0,0,0,3,153,2104,1002,219,91,17,9,0,0,61,1399,618,306,281,91,36,9,3,47,1391,404,319,447,255,85,10,8,43,1571,246,290,780,478,152,39,25,64,2074,290,294,931,528,217,54,26,86,2426,325,271,1002,581,229,69,29,83,2589,358,301,1045,659,246,65,39,81,2794,302,270,936,641,227,48,19,99,2542,319,249,1050,712,234,71,23,108,2766,281,224,945,698,273,83,49,108,2661,229,142,622,579,326,111,57,104,2170,190,132,481,434,267,128,98,117,1847,139,116,340,323,243,97,89,173,1520,191,150,340,277,155,55,63,319,1550,6792,3326,9298,6273,2699,839,531,1646,31404
LGA16400,1857,37,7,0,0,0,4,155,2060,1138,236,112,29,8,0,4,84,1611,666,306,324,103,30,15,3,91,1538,368,319,510,257,77,29,16,58,1634,289,262,727,459,151,46,42,79,2055,235,256,867,502,179,55,32,85,2211,265,250,899,491,201,54,38,101,2299,213,221,851,536,216,52,20,113,2222,226,195,817,620,207,49,17,115,2246,214,188,886,605,235,61,25,101,2315,171,147,741,541,236,69,34,123,2062,124,110,492,387,214,83,46,92,1548,82,73,260,314,189,84,65,98,1165,66,65,189,189,133,71,71,106,890,64,86,214,142,99,42,34,184,865,5978,2751,7896,5175,2175,710,451,1585,26721
LGA16470,1097,17,0,0,0,0,0,87,1201,1018,135,48,0,3,0,0,79,1283,879,267,167,47,18,5,4,78,1465,514,311,345,139,36,13,3,66,1427,322,226,533,231,58,20,12,52,1454,287,212,615,326,86,28,19,56,1629,250,172,554,310,100,23,12,62,1483,206,139,465,281,99,24,15,57,1286,155,102,369,266,102,28,18,47,1087,101,70,280,198,88,30,17,46,830,57,49,184,168,73,20,15,38,604,38,31,124,120,81,29,20,32,475,24,28,61,91,51,26,25,35,341,22,24,55,71,45,22,26,33,298,13,27,81,61,43,26,23,47,321,4983,1810,3881,2309,883,294,209,815,15184
LGA16550,2984,11,3,0,3,0,0,348,3349,5771,88,37,3,3,0,0,594,6496,5215,430,143,34,8,0,0,554,6384,3564,1064,650,139,31,6,3,439,5896,1933,1071,1494,456,81,11,13,355,5414,1202,780,1630,628,151,23,15,319,4748,1017,692,1491,600,127,25,18,285,4255,822,631,1316,562,143,23,15,259,3771,681,532,1164,511,153,34,27,212,3314,547,447,1066,512,160,45,15,204,2996,344,294,824,469,174,50,24,180,2359,300,236,611,404,177,53,46,174,2001,239,186,451,350,176,76,52,156,1686,260,183,442,303,139,55,87,179,1648,272,266,474,269,166,61,70,238,1816,25151,6911,11796,5240,1692,462,385,4496,56133
LGA16610,616,12,3,0,0,0,0,70,701,311,99,59,18,3,0,0,25,515,158,102,131,61,19,9,0,18,498,93,78,154,123,36,17,14,18,533,66,75,234,129,69,20,12,26,631,66,46,226,165,87,17,14,33,654,84,84,253,176,91,34,21,22,765,72,75,266,218,83,21,8,33,776,68,58,254,220,96,38,12,35,781,74,52,218,216,82,37,14,33,726,55,52,165,191,93,35,22,29,642,44,35,97,131,90,44,43,33,517,29,22,77,101,80,40,64,30,443,25,30,66,69,56,39,28,29,342,31,37,59,69,37,25,46,68,372,1792,857,2262,1887,922,376,298,502,8896
LGA16650,2195,7,3,3,0,0,0,261,2469,2663,189,64,16,3,0,0,273,3208,2904,685,299,93,21,3,3,314,4322,1789,921,739,247,87,14,15,277,4089,978,763,1146,453,164,49,10,246,3809,756,608,1207,494,158,64,34,190,3511,666,547,1077,481,153,68,43,183,3218,628,527,967,461,156,48,50,173,3010,460,418,906,466,157,50,43,148,2648,356,348,936,466,168,51,34,138,2497,261,220,771,391,141,62,39,119,2004,200,173,642,381,149,50,57,112,1764,176,182,483,313,140,64,54,103,1515,140,156,354,214,127,59,64,136,1250,217,261,457,269,129,51,77,196,1657,14389,6005,10051,4748,1753,633,523,2869,40971
LGA16700,2479,11,0,0,0,0,0,218,2708,4161,99,14,4,3,0,0,371,4652,3428,494,132,24,7,0,0,252,4337,2084,985,689,164,31,3,0,204,4160,1171,873,1349,414,80,16,8,156,4067,841,703,1448,579,89,17,11,129,3817,729,641,1435,519,124,21,11,133,3613,693,581,1240,571,145,39,16,142,3427,572,502,1039,524,150,42,32,134,2995,425,363,978,502,150,59,27,117,2621,292,202,731,401,162,52,22,77,1939,228,129,544,442,202,70,50,99,1764,148,132,429,359,197,83,66,113,1527,181,122,376,321,189,90,84,130,1493,209,177,325,306,149,89,87,319,1661,17641,6014,10729,5130,1678,581,414,2594,44781
LGA16900,2081,41,7,3,0,0,3,187,2322,1460,218,99,17,5,0,0,92,1891,873,409,343,117,28,6,6,68,1850,363,364,650,260,108,34,18,53,1850,254,311,960,478,173,49,20,73,2318,214,256,970,501,194,49,29,58,2271,193,252,1021,602,193,62,31,72,2426,170,201,925,563,213,70,20,76,2238,154,166,737,574,191,56,25,67,1970,113,117,692,493,166,57,16,52,1706,77,105,519,412,194,48,30,71,1456,80,82,366,331,191,75,45,82,1252,39,55,256,225,150,74,70,66,935,39,56,178,182,113,46,59,69,742,36,59,156,122,99,41,35,55,603,6146,2692,7879,4880,2018,667,407,1141,25830
LGA16950,2462,56,7,3,0,0,6,282,2816,1338,284,137,48,3,0,4,133,1947,821,380,367,140,41,14,6,110,1879,433,373,659,336,118,35,11,100,2065,310,337,904,532,200,59,36,124,2502,284,329,1055,649,264,82,45,141,2849,355,349,1077,732,298,89,66,149,3115,423,381,1200,815,346,96,56,174,3491,384,347,1177,842,336,85,42,154,3367,431,323,1343,928,381,91,47,165,3709,312,254,1041,876,408,113,60,157,3221,210,201,779,685,397,145,86,163,2666,145,147,549,549,302,150,126,184,2152,139,135,416,418,228,103,99,173,1711,144,163,375,299,182,79,83,236,1561,8191,4059,11086,7852,3504,1141,773,2445,39051
LGA17000,738,5,4,3,3,0,0,77,830,485,98,31,8,0,4,4,36,666,340,161,123,47,13,4,0,28,716,146,117,209,127,48,9,5,28,689,95,97,322,203,65,11,4,28,825,74,104,357,204,69,31,11,31,881,77,72,290,214,81,15,23,25,797,61,65,263,234,79,13,10,35,760,50,59,230,180,77,18,15,25,654,36,43,156,162,72,10,10,23,512,27,22,102,99,78,14,17,20,379,17,12,50,70,63,23,12,16,263,19,18,27,57,41,15,21,13,211,25,16,41,43,38,25,26,13,227,16,15,34,48,27,23,16,9,188,2206,904,2239,1699,754,215,174,407,8598
LGA17050,194,0,0,3,0,0,0,31,228,141,12,7,3,0,0,0,31,194,136,18,12,8,0,0,0,30,204,79,35,56,12,0,0,0,34,216,37,36,105,31,9,3,0,32,253,48,49,113,53,9,4,3,35,314,45,44,101,53,17,14,4,33,311,44,29,90,49,18,11,0,23,264,36,26,70,39,16,0,0,20,207,28,22,78,39,14,5,0,17,203,18,15,64,34,7,6,0,11,155,14,6,31,18,10,7,4,6,96,6,3,17,22,10,4,6,11,79,3,6,10,4,17,3,0,3,46,4,5,8,7,12,4,0,3,43,833,306,762,375,139,61,17,320,2813
LGA17100,1014,5,0,0,0,0,0,136,1155,1271,57,17,4,0,0,0,147,1496,1361,245,77,20,4,0,3,204,1914,639,339,243,48,31,0,5,109,1414,276,255,341,120,39,8,3,87,1129,189,215,435,184,59,23,8,82,1195,158,240,516,218,65,19,7,106,1329,130,204,445,186,55,19,16,59,1114,142,173,341,165,53,21,19,78,992,89,88,264,165,56,15,11,52,740,75,51,172,129,54,20,6,36,543,44,61,138,116,48,30,28,51,516,49,43,107,103,47,23,25,49,446,29,41,75,47,50,38,35,54,369,46,55,77,63,43,20,33,102,439,5512,2072,3248,1568,604,236,199,1352,14791
LGA17150,6080,29,8,0,0,3,3,464,6587,5971,242,64,9,3,0,0,319,6608,4766,884,422,97,10,3,6,293,6481,2503,1605,1696,513,99,14,6,287,6723,1463,1314,3105,1393,307,38,20,216,7856,1106,1051,3344,1643,441,98,23,215,7921,994,972,3203,1748,485,101,43,235,7781,902,858,3188,1901,495,93,50,236,7723,666,674,2833,1739,522,105,45,215,6799,532,547,2598,1602,489,99,56,204,6127,378,415,1895,1342,443,106,43,227,4849,245,288,1212,990,452,125,67,161,3540,233,228,947,764,439,154,110,194,3069,225,250,872,744,390,160,112,255,3008,259,314,884,601,319,121,126,410,3034,26323,9671,26271,15086,4894,1220,710,3931,88106
LGA17200,2531,16,11,3,0,0,0,489,3050,9239,138,36,6,4,0,5,1618,11046,12251,516,141,32,6,3,6,1922,14877,8387,1156,387,80,14,3,10,1489,11526,4270,1184,791,178,23,9,9,859,7323,2489,861,853,222,56,13,17,604,5115,1762,687,769,256,64,22,18,531,4109,1446,670,748,303,99,24,25,466,3781,1006,651,860,402,123,37,28,458,3565,707,485,817,374,142,42,31,363,2961,451,303,582,288,115,43,31,254,2067,276,218,412,241,121,51,39,243,1601,162,174,278,174,113,52,59,172,1184,159,118,202,138,67,37,52,160,933,122,120,191,97,62,35,42,292,961,45258,7297,7078,2794,1009,371,372,9920,74099
LGA17310,1611,49,11,0,6,0,0,185,1862,1031,265,153,31,10,0,0,90,1580,685,318,286,165,35,17,6,66,1578,390,278,469,248,93,26,18,77,1599,243,218,614,395,144,41,33,66,1754,239,212,665,448,159,45,28,85,1881,211,208,694,479,172,68,44,83,1959,217,173,732,522,256,54,23,101,2078,164,182,651,510,209,52,30,72,1870,144,133,580,514,201,57,48,73,1750,112,96,446,398,202,66,56,80,1456,82,89,292,329,199,82,83,81,1237,86,47,194,206,151,90,81,79,934,64,55,156,161,105,68,82,71,762,56,72,163,160,106,56,65,123,801,5335,2395,6106,4566,2048,722,597,1332,23101
LGA17350,145,9,0,0,0,0,0,10,164,83,24,12,0,3,0,0,3,125,27,17,37,4,4,3,0,4,96,18,14,38,27,15,7,0,5,124,24,13,50,45,17,9,5,4,167,13,15,48,52,28,3,12,4,175,28,17,63,56,33,11,3,9,220,18,13,52,49,40,8,13,11,204,19,9,49,65,40,6,4,6,198,18,12,63,42,31,8,7,3,184,9,9,35,46,32,11,11,9,162,8,11,31,28,40,13,9,4,144,10,5,28,33,30,14,10,8,138,14,8,7,29,15,21,13,9,116,18,12,16,24,14,18,17,10,129,452,188,529,500,342,132,104,99,2346
LGA17400,155,0,0,0,0,0,0,19,174,69,20,6,8,0,0,0,8,111,40,19,23,18,7,4,0,5,116,31,37,39,25,10,5,5,7,159,38,26,54,59,20,5,5,10,217,31,18,66,41,20,6,8,6,196,27,19,43,46,16,8,9,10,178,34,35,95,73,34,16,12,21,320,46,23,83,74,43,6,0,19,294,36,14,95,88,20,14,5,15,287,23,23,62,54,34,8,8,15,227,24,11,48,33,20,7,11,15,169,14,9,27,26,20,12,12,4,124,9,8,24,23,19,4,11,16,114,8,10,22,16,18,7,8,11,100,585,272,687,584,281,102,94,181,2786
LGA17420,5597,16,6,0,0,0,0,364,5983,4932,120,30,6,0,0,4,241,5333,3066,544,310,73,13,0,3,166,4175,1650,1228,1490,489,91,10,4,179,5141,935,1062,2893,1265,290,52,24,156,6677,754,976,3172,1478,356,75,39,175,7025,686,897,3022,1359,364,90,43,168,6629,601,787,2733,1390,444,107,53,159,6274,510,672,2374,1381,453,112,59,171,5732,437,551,2234,1323,402,82,53,161,5243,260,316,1525,1072,383,92,47,120,3815,145,175,831,659,305,100,78,96,2389,125,122,491,413,207,94,62,60,1574,84,126,311,274,173,63,87,74,1192,85,166,383,209,139,45,68,116,1211,19867,7758,21805,11391,3620,922,624,2406,68393
LGA17450,85,0,0,0,0,0,0,8,93,40,3,4,0,3,0,0,3,53,22,12,15,7,0,0,0,4,60,15,6,24,24,3,3,0,3,78,7,3,33,16,13,3,6,4,85,15,13,28,23,16,3,6,3,107,15,9,28,27,8,3,3,6,99,13,9,47,32,15,8,3,5,132,13,9,41,32,16,3,0,0,114,3,8,43,37,14,6,0,3,114,11,0,27,31,13,9,3,3,97,12,0,18,18,13,8,7,5,81,5,7,9,13,9,6,14,0,63,0,3,3,10,11,7,0,3,37,3,4,8,10,8,4,5,5,47,259,86,328,280,142,63,47,55,1260
LGA17500,295,12,3,0,0,0,0,34,344,147,35,21,3,0,0,0,18,224,92,77,68,26,8,5,0,17,293,51,31,96,52,18,7,3,13,271,41,36,131,82,33,3,9,13,348,36,43,123,87,45,10,8,10,362,32,38,131,87,41,10,3,14,356,27,39,119,113,47,11,3,17,376,39,23,99,118,50,13,11,24,377,23,19,123,96,44,18,9,16,348,21,17,78,81,47,29,12,16,301,11,9,50,66,41,19,27,14,237,18,6,24,52,24,22,26,8,180,6,12,32,38,17,30,24,10,169,20,12,35,41,31,11,16,11,177,859,409,1133,942,446,188,151,235,4363
LGA17550,2216,37,3,3,0,0,0,224,2483,1358,215,92,21,3,3,0,111,1803,881,396,340,116,34,5,3,109,1884,563,478,579,255,96,26,13,95,2105,431,392,889,502,167,44,26,106,2557,371,423,1031,649,196,69,32,117,2888,466,437,1034,668,233,64,41,113,3056,480,402,1119,758,289,89,36,160,3333,405,323,1028,694,267,87,44,140,2988,350,309,1065,673,298,64,41,148,2948,256,233,926,661,295,69,57,133,2630,239,157,648,565,320,109,93,128,2259,206,152,519,523,331,141,108,170,2150,159,161,421,388,238,94,95,177,1733,168,215,452,304,225,76,93,253,1786,8549,4330,10146,6780,2992,940,682,2184,36603
LGA17620,348,13,0,0,0,0,0,34,395,272,41,30,6,0,0,0,12,361,200,79,95,24,6,3,0,23,430,75,66,122,73,32,4,0,24,396,43,60,161,128,25,10,10,16,453,54,40,159,98,42,11,9,23,436,66,51,159,130,42,9,5,19,481,48,45,136,147,56,24,7,11,474,43,38,138,146,45,12,9,18,449,37,31,122,95,49,13,9,23,379,34,13,106,84,43,23,8,26,337,24,17,59,86,46,18,10,24,284,22,16,35,54,36,17,24,18,222,15,16,31,21,26,22,13,36,180,15,19,29,29,24,17,17,39,189,1296,545,1382,1121,472,183,121,346,5466
LGA17640,198,3,0,0,0,0,0,23,224,87,18,5,0,0,0,0,3,113,57,20,30,7,0,5,0,8,127,30,33,46,36,7,0,0,11,163,31,23,79,52,17,6,0,6,214,35,20,73,74,24,3,9,4,242,36,39,80,81,30,9,3,7,285,37,18,84,51,43,15,4,14,266,34,20,70,68,45,6,0,12,255,28,17,92,83,42,11,3,6,282,23,14,60,69,43,18,13,8,248,15,11,37,56,28,12,6,11,176,19,10,24,22,36,15,19,8,153,8,8,19,17,18,4,15,9,98,3,7,17,11,17,8,12,8,83,641,261,716,627,350,112,84,138,2929
LGA17650,193,0,0,0,0,0,0,16,209,80,10,5,0,3,0,0,0,98,55,23,23,3,4,3,0,6,117,27,30,43,35,7,4,3,4,153,25,18,64,35,20,9,5,9,185,25,25,86,45,23,6,7,10,227,30,30,93,54,30,7,3,5,252,26,19,76,62,28,8,10,3,232,43,16,78,57,27,6,0,9,236,23,13,72,72,28,10,3,12,233,15,15,45,27,21,6,6,8,143,7,14,23,27,31,7,3,10,122,9,6,18,16,14,12,5,4,84,6,6,15,14,10,9,9,3,72,4,5,14,13,4,5,3,10,58,568,230,655,460,250,92,57,109,2421
LGA17700,29,0,0,0,0,0,0,4,33,10,4,3,0,0,0,0,0,17,4,3,4,3,3,0,0,0,17,3,4,4,10,4,0,0,0,25,0,0,11,5,0,3,3,0,22,0,3,12,7,7,4,0,4,37,3,6,15,5,6,4,0,3,42,3,0,11,6,7,3,3,3,36,5,0,8,3,13,0,4,4,37,6,0,9,14,7,7,0,0,43,0,0,5,8,10,6,0,0,29,3,0,3,6,8,0,4,7,31,0,0,4,7,5,3,5,5,29,4,4,3,0,0,5,0,0,16,0,0,0,3,3,0,3,3,12,70,24,92,77,73,35,22,33,426
LGA17750,2030,48,6,3,0,0,0,172,2259,2103,246,84,27,7,4,0,123,2594,1112,389,344,128,44,6,4,72,2099,479,349,552,264,110,32,19,50,1855,249,252,638,467,164,49,30,54,1903,229,210,661,492,203,62,38,59,1954,207,197,645,476,204,74,34,68,1905,211,158,627,553,230,89,41,69,1978,149,122,610,509,213,72,36,44,1755,138,98,480,437,200,57,37,48,1495,95,78,330,296,187,63,45,51,1145,73,51,238,256,189,76,77,45,1005,62,45,155,188,183,77,84,47,841,54,35,139,140,125,68,79,42,682,68,69,159,138,110,50,88,73,755,7259,2347,5668,4374,2169,779,612,1017,24225
LGA17800,103,0,0,0,0,0,0,14,117,45,6,4,0,0,0,4,3,62,36,14,12,13,0,0,0,9,84,10,11,20,16,6,3,0,0,66,11,6,41,15,9,0,0,4,86,7,6,37,33,18,3,0,6,110,16,3,59,53,18,6,0,15,170,16,6,53,63,18,4,0,8,168,9,5,42,55,25,3,0,11,150,11,3,42,34,16,4,3,14,127,3,0,36,39,23,5,3,10,119,9,3,23,26,24,8,13,10,116,3,0,10,18,15,16,10,4,76,7,9,11,16,13,12,11,11,90,0,4,12,18,8,5,4,0,51,286,76,402,399,193,69,48,119,1592
LGA17850,81,0,0,0,0,0,0,6,87,45,18,3,0,0,0,0,7,73,34,9,9,4,4,0,0,0,60,16,9,16,13,5,0,0,0,59,7,8,36,30,9,7,3,0,100,6,10,33,20,10,6,3,3,91,8,10,47,21,4,4,3,0,97,4,11,30,31,16,3,0,4,99,13,9,34,25,18,3,3,0,105,6,5,42,33,12,3,4,3,108,7,13,35,33,19,5,3,7,122,6,4,21,29,9,4,0,6,79,0,4,10,18,14,4,4,3,57,4,0,6,16,10,4,3,3,46,3,9,8,13,3,6,5,3,50,240,119,330,286,133,49,31,45,1233
LGA17900,125,13,5,0,0,0,0,16,159,87,20,16,9,3,3,0,24,162,62,27,28,21,6,4,3,12,163,38,27,46,26,12,9,7,12,177,16,25,43,47,26,7,13,14,191,40,16,42,34,32,11,9,17,201,29,25,51,39,30,9,7,14,204,22,19,54,59,20,16,10,14,214,24,19,73,40,18,6,5,21,206,16,17,62,41,29,14,4,12,195,9,6,49,29,19,10,14,10,146,12,9,15,33,18,10,10,8,115,3,7,8,7,8,5,10,5,53,7,5,10,6,5,4,8,12,57,3,3,3,7,5,3,6,9,39,493,238,505,398,231,111,106,200,2282
LGA17950,57,3,0,0,0,0,0,9,69,39,10,4,3,0,0,0,3,59,27,8,19,12,0,3,0,3,72,13,18,23,17,4,0,3,6,84,8,10,23,14,9,3,0,3,70,5,10,26,27,7,6,4,3,88,7,14,38,30,8,0,0,3,100,10,15,36,30,8,0,0,7,106,10,4,22,24,6,7,0,5,78,3,3,24,24,20,7,0,3,84,5,3,17,20,19,3,3,3,73,0,0,12,16,14,7,4,3,56,6,4,10,5,16,0,12,0,53,3,3,8,3,3,3,6,3,32,3,0,4,8,5,3,4,0,27,196,105,266,233,119,42,36,54,1051
LGA18000,3426,16,0,3,0,0,0,261,3706,3167,102,33,14,0,0,0,189,3505,3258,495,197,40,3,0,5,212,4210,2349,1169,946,191,50,11,0,226,4942,1404,1093,2217,859,143,15,7,223,5961,1059,851,2503,1103,243,48,18,206,6031,867,790,2241,1013,255,44,18,167,5395,724,630,1758,908,255,58,29,151,4513,557,508,1513,821,255,55,18,154,3881,433,389,1453,806,270,59,22,112,3544,302,331,1286,778,255,60,23,119,3154,215,198,902,652,276,102,41,157,2543,181,154,595,562,261,102,64,133,2052,195,170,533,469,263,107,75,199,2011,271,276,654,441,194,94,84,523,2537,18408,7172,16831,8660,2723,755,404,3032,57985
LGA18020,226,12,0,0,0,0,0,35,273,121,26,20,5,0,0,0,20,192,73,31,50,28,6,0,3,8,199,39,24,61,56,14,3,5,8,210,25,21,67,74,38,9,10,18,262,26,27,91,67,37,14,8,12,282,38,25,88,93,41,11,14,12,322,33,26,99,74,41,11,18,19,321,23,30,133,86,47,15,11,27,372,27,27,98,102,56,17,12,14,353,22,13,89,75,41,21,9,25,295,31,12,46,51,42,25,16,23,246,13,12,36,49,48,22,22,17,219,7,6,34,31,34,13,16,8,149,13,14,44,41,26,11,13,20,182,717,306,956,832,471,172,157,266,3877
LGA18050,999,7,0,0,0,0,0,147,1153,1762,33,5,0,0,0,0,288,2088,3151,157,54,15,0,3,0,536,3916,2574,538,289,72,8,0,4,438,3923,1304,552,705,235,46,7,7,343,3199,693,393,739,308,51,10,8,228,2430,493,315,627,260,49,16,12,174,1946,382,310,536,220,53,17,8,155,1681,311,230,470,208,49,12,14,133,1427,277,225,486,246,52,14,3,138,1441,182,154,358,191,51,13,5,118,1072,149,123,256,161,60,12,8,98,867,106,90,220,143,50,21,24,66,720,105,93,211,115,49,8,14,107,702,123,141,311,116,56,16,13,155,931,12611,3361,5267,2290,574,149,120,3124,27496
LGA18100,85,3,0,0,0,0,0,9,97,39,9,7,3,0,0,0,0,58,23,17,12,9,3,0,0,0,64,23,7,26,16,4,0,0,4,80,12,12,35,21,10,3,3,3,99,10,17,37,40,5,3,0,0,112,11,13,39,40,15,3,3,4,128,3,5,30,38,20,7,4,9,116,13,19,35,36,22,5,3,6,139,7,14,42,38,18,6,6,12,143,10,7,27,39,28,9,3,7,130,7,0,26,23,24,4,3,4,91,8,7,17,15,9,5,7,5,73,4,5,6,11,18,14,7,3,68,5,3,9,26,11,3,11,3,71,260,138,348,355,187,62,50,69,1469
LGA18150,189,10,0,0,0,0,0,43,242,98,31,23,6,0,0,0,18,176,56,38,34,29,10,6,3,20,196,36,32,52,36,13,5,6,15,195,34,25,68,57,26,16,16,23,265,25,19,69,61,32,10,8,23,247,26,23,74,66,39,10,10,9,257,35,27,77,67,35,14,12,17,284,28,26,67,85,28,17,13,11,275,21,20,71,81,50,18,9,11,281,22,16,57,55,31,15,17,11,224,23,14,49,32,34,11,28,20,211,20,9,28,37,26,14,20,15,169,14,4,24,21,29,8,11,10,121,9,10,15,26,17,5,6,11,99,636,304,708,659,370,149,159,257,3242
LGA18200,189,16,0,0,0,0,0,19,224,91,20,9,4,0,0,0,13,137,65,41,28,13,8,0,0,15,170,35,24,52,22,8,5,3,11,160,18,25,73,59,26,0,0,8,209,27,15,66,53,32,11,3,6,213,21,20,78,50,19,10,4,14,216,22,19,84,81,36,6,3,15,266,20,15,77,53,35,8,3,9,220,24,12,77,60,30,3,9,11,226,8,7,52,45,30,3,7,14,166,6,6,24,23,25,11,11,9,115,3,0,23,20,19,12,9,8,94,4,3,3,9,9,11,8,6,53,4,6,15,13,9,10,7,10,74,537,229,661,505,286,90,67,168,2543
LGA18250,1663,4,0,0,0,0,0,161,1828,1982,38,5,3,0,0,0,150,2178,2209,191,59,10,0,0,4,166,2639,1582,679,437,79,11,0,4,161,2953,849,631,982,319,53,5,0,128,2967,563,554,1092,442,74,9,5,97,2836,489,476,959,436,79,10,7,109,2565,434,438,816,336,84,19,6,83,2216,403,380,650,339,83,18,6,86,1965,324,286,685,329,85,22,11,78,1820,175,142,451,245,99,19,14,64,1209,139,84,323,229,99,22,19,62,977,118,63,206,185,105,36,30,56,799,92,65,203,157,96,42,37,44,736,162,133,260,166,101,57,32,121,1032,11184,4164,7128,3275,969,259,175,1566,28720
LGA18350,1296,19,3,0,0,0,0,104,1422,730,122,40,8,3,0,0,56,959,391,155,151,48,20,0,5,44,814,209,156,295,136,45,11,0,52,904,183,166,469,284,103,31,15,50,1301,197,186,575,367,127,41,15,55,1563,215,202,601,367,185,27,23,81,1701,249,172,519,405,158,42,17,60,1622,254,177,524,361,149,31,10,57,1563,283,195,638,414,164,37,13,78,1822,222,144,551,390,150,52,33,69,1611,154,88,317,320,164,53,41,63,1200,92,71,208,222,160,54,38,54,899,80,50,145,147,90,44,35,90,681,75,74,181,131,70,31,27,190,779,4630,1977,5217,3600,1588,454,272,1103,18841
LGA18400,1402,26,3,3,0,0,0,145,1579,1019,110,45,5,3,0,0,68,1250,561,224,185,69,15,0,0,51,1105,261,223,409,235,78,12,5,46,1269,165,195,625,444,138,49,9,62,1687,170,205,646,395,139,56,19,65,1695,166,175,617,387,165,38,22,56,1626,166,144,581,446,170,42,20,63,1632,126,113,481,382,139,45,23,44,1353,102,111,409,347,143,42,17,41,1212,66,58,282,212,85,33,23,38,797,40,40,160,168,64,44,35,24,575,26,37,102,111,74,32,24,24,430,15,25,68,68,42,28,30,27,303,23,47,73,68,29,13,24,25,302,4308,1733,4686,3340,1284,434,251,779,16815
LGA18450,5645,75,8,3,0,0,0,503,6234,5851,433,189,52,7,0,0,417,6949,3751,1012,692,252,65,8,11,288,6079,1822,1256,1728,644,166,48,32,202,5898,1084,990,2536,1181,348,87,62,228,6516,857,835,2583,1324,434,139,75,228,6475,830,778,2617,1489,456,130,86,246,6632,814,713,2449,1567,533,151,68,253,6548,598,609,2237,1467,521,122,78,231,5863,441,500,2077,1385,477,143,64,226,5313,324,356,1625,1248,492,145,71,217,4478,288,321,1195,1052,523,214,107,177,3877,217,217,945,910,447,196,158,283,3373,182,215,783,694,396,193,150,239,2852,198,328,754,546,290,171,149,282,2718,22902,8638,22418,13814,5155,1747,1111,4020,79805
LGA18500,1095,3,0,3,0,0,0,143,1244,1441,12,4,0,0,0,0,201,1658,2118,102,25,8,0,0,0,302,2555,1647,353,209,40,3,0,0,266,2518,867,400,470,190,34,9,0,249,2219,532,296,540,271,52,8,3,195,1897,437,256,530,284,76,15,8,181,1787,381,244,542,296,69,4,5,166,1707,332,199,511,236,58,9,7,150,1502,342,206,588,319,95,24,3,144,1721,230,147,462,261,67,17,13,130,1327,171,88,286,233,93,20,13,88,992,108,67,178,177,81,18,18,84,731,124,64,190,147,72,22,26,74,719,174,143,274,158,67,21,22,151,1010,9999,2580,4809,2623,767,167,118,2524,23587
LGA18550,4502,111,10,3,0,0,0,443,5069,2972,588,236,69,10,0,4,243,4122,1858,928,809,281,73,16,9,145,4119,900,816,1304,665,219,61,31,185,4181,631,655,1850,1026,358,133,59,200,4912,556,629,1939,1185,463,123,93,208,5196,501,593,1865,1195,478,148,69,192,5041,530,549,1869,1259,489,138,58,211,5103,459,459,1743,1163,434,124,57,172,4611,426,455,1775,1192,410,112,64,210,4644,391,358,1409,1118,514,149,67,241,4247,275,267,984,935,491,183,155,230,3520,249,230,715,677,463,191,159,221,2905,207,221,647,513,340,165,144,237,2474,263,288,667,429,274,103,127,295,2446,14720,7147,17822,11710,5016,1646,1096,3433,62590
LGA18710,411,4,0,0,0,0,0,53,468,238,51,12,3,0,0,0,23,327,158,72,44,18,5,0,3,22,322,113,83,153,54,11,0,0,27,441,94,73,197,128,31,12,8,24,567,105,61,259,148,47,11,7,28,666,90,56,175,109,63,3,11,19,526,76,76,176,137,61,14,3,22,565,67,55,181,111,55,16,7,19,511,53,40,173,118,49,23,14,19,489,35,32,104,104,48,17,4,13,357,14,12,70,58,36,11,17,13,231,16,8,26,36,25,13,16,24,164,9,9,20,25,24,16,13,25,141,7,3,25,18,15,4,8,64,144,1486,635,1615,1067,470,140,111,395,5919
LGA18750,356,14,4,0,0,0,0,43,417,176,49,23,12,3,3,0,16,282,115,46,56,26,16,6,0,18,283,53,77,108,57,16,7,5,17,340,33,31,129,107,35,9,15,23,382,28,41,120,121,53,20,6,16,405,34,42,130,102,58,21,9,12,408,41,38,117,97,49,13,12,18,385,30,37,134,101,47,26,10,21,406,39,23,109,114,65,25,16,22,413,27,16,77,73,47,29,13,18,300,31,8,58,55,46,29,33,10,270,17,13,31,42,34,27,32,15,211,26,13,27,37,31,18,27,22,201,34,17,35,45,34,21,19,24,229,1040,465,1158,989,534,254,197,295,4932
LGA19399,15,0,0,0,0,0,0,0,15,22,3,0,3,0,0,0,0,28,16,11,3,0,0,0,0,0,30,8,6,15,4,0,0,0,0,33,4,0,19,10,0,0,0,0,33,10,3,12,5,0,4,0,0,34,6,6,12,12,4,0,0,0,40,4,3,20,15,8,0,0,0,50,8,8,14,9,0,5,0,0,44,6,4,21,6,4,0,0,0,41,4,3,12,5,3,3,0,4,34,4,0,7,5,5,0,0,4,25,4,0,4,4,0,0,0,4,16,3,3,3,5,3,0,3,3,23,0,0,3,3,0,0,0,0,6,114,50,145,86,27,12,3,15,452
LGA19499,289,19,3,0,0,0,3,61,375,430,65,21,9,0,3,0,82,610,400,65,40,27,5,4,0,99,640,256,64,57,28,22,11,0,82,520,129,39,61,39,17,14,10,78,387,111,38,54,26,20,4,11,80,344,88,38,71,42,19,4,3,52,317,67,40,95,53,22,8,6,65,356,54,34,101,91,32,4,0,43,359,38,40,117,68,41,9,3,43,359,25,15,70,39,17,10,11,27,214,14,6,28,25,15,9,6,28,131,4,3,9,8,7,0,3,12,46,3,5,8,7,5,6,3,13,50,3,3,22,13,5,0,3,23,72,1911,474,757,475,227,86,62,788,4780
