region_id,Med_age_persns_C2001,Med_age_persns_C2006,Med_age_persns_C2011,Med_mortg_rep_mon_C2001,Med_mortg_rep_mon_C2006,Med_mortg_rep_mon_C2011,Med_person_inc_we_C2001,Med_person_inc_we_C2006,Med_person_inc_we_C2011,Med_rent_weekly_C2001,Med_rent_weekly_C2006,Med_rent_weekly_C2011,Med_Famly_inc_we_C2001,Med_Famly_inc_we_C2006,Med_Famly_inc_we_C2011,Avg_num_p_per_brm_C2001,Avg_num_p_per_brm_C2006,Avg_num_p_per_brm_C2011,Med_tot_hh_inc_wee_C2001,Med_tot_hh_inc_wee_C2006,Med_tot_hh_inc_wee_C2011,Average_hh_size_C2001,Average_hh_size_C2006,Average_hh_size_C2011
LGA10050,34,36,37,780,1092,1452,369,457,560,115,150,195,905,1153,1360,1.1,1.1,1.1,706,921,1021,2.5,2.4,2.4
LGA10110,30,32,33,804,1000,1441,308,372,476,125,160,202,883,1120,1292,1.1,1.1,1.1,693,856,989,2.5,2.5,2.4
LGA10150,37,37,37,1300,1777,2167,437,511,625,220,250,365,1127,1318,1689,1.2,1.2,1.2,930,1115,1410,2.4,2.4,2.5
LGA10200,32,31,31,1100,1700,2000,292,343,423,190,230,351,793,990,1161,1.3,1.3,1.3,741,907,1157,3.1,3.1,3.1
LGA10250,41,43,45,901,1300,1733,308,397,494,150,210,290,731,1020,1153,1.1,1.1,1.1,591,781,928,2.4,2.4,2.4
LGA10300,35,38,42,563,691,867,364,408,493,84,100,133,761,1009,1126,1.1,1.1,1.1,672,740,893,2.7,2.5,2.4
LGA10350,35,35,35,1192,1690,2002,337,371,429,189,220,310,928,1077,1228,1.2,1.2,1.2,803,925,1090,3.0,2.9,3.0
LGA10470,32,34,35,867,1300,1625,344,412,531,135,170,215,951,1177,1437,1.1,1.1,1.1,761,969,1138,2.6,2.5,2.5
LGA10550,42,45,48,737,1037,1300,296,368,453,120,160,200,684,897,1014,1.1,1.1,1.1,577,720,848,2.5,2.4,2.3
LGA10600,41,45,47,737,1000,1300,268,338,413,125,170,220,607,785,938,1.1,1.1,1.1,518,636,785,2.5,2.4,2.4
LGA10650,42,45,48,650,867,1170,337,391,429,90,112,145,751,979,958,1.1,1.1,1.1,617,742,773,2.4,2.4,2.2
LGA10750,31,32,32,1083,1710,2100,407,471,563,170,200,300,1008,1209,1492,1.1,1.1,1.1,925,1117,1386,3.1,3.0,3.1
LGA10800,39,41,41,542,823,1070,315,380,472,75,110,135,732,959,1072,1.1,1.1,1.1,610,733,891,2.6,2.5,2.4
LGA10850,37,39,40,758,1083,1430,330,392,539,100,140,165,859,1078,1376,1.1,1.1,1.1,702,859,1098,2.7,2.6,2.5
LGA10900,37,39,41,1000,1500,1842,417,500,587,175,200,280,1089,1342,1624,1.1,1.1,1.1,888,1102,1264,2.6,2.6,2.5
LGA10950,36,38,39,611,856,1083,300,378,509,90,100,140,706,951,1182,1.1,1.1,1.1,570,728,913,2.6,2.6,2.5
LGA11000,41,43,46,542,800,962,322,389,471,70,100,130,747,960,1010,1.1,1.1,1.1,613,746,797,2.4,2.3,2.2
LGA11050,40,44,45,758,867,1000,307,366,460,65,100,132,739,834,1081,1.1,1.1,1.1,595,686,778,2.5,2.4,2.3
LGA11100,36,37,37,1370,1950,2500,392,458,582,200,225,330,974,1185,1488,1.3,1.2,1.2,815,993,1241,2.7,2.6,2.6
LGA11150,32,35,39,563,650,878,367,411,572,80,80,89,805,980,1238,1.2,1.2,1.1,693,816,1037,2.9,2.7,2.6
LGA11200,30,31,32,542,450,585,316,325,379,67,70,74,705,760,782,1.2,1.3,1.2,670,776,841,2.9,3.0,2.6
LGA11250,40,42,44,444,650,953,266,336,422,95,110,150,646,831,994,1.1,1.1,1.1,516,637,794,2.3,2.3,2.2
LGA11300,36,36,35,1408,1896,2179,371,401,490,240,280,400,1080,1218,1441,1.2,1.2,1.3,888,1079,1309,2.7,2.8,2.8
LGA11350,39,41,42,867,1200,1684,298,386,478,180,250,350,644,930,1053,1.1,1.1,1.1,561,752,882,2.4,2.4,2.4
LGA11400,39,41,42,821,1083,1387,331,411,521,85,105,138,819,1059,1293,1.1,1.1,1.1,686,864,1034,2.7,2.6,2.6
LGA11450,30,32,34,1275,1805,2167,495,564,687,200,250,360,1225,1452,1865,1.1,1.1,1.1,1136,1343,1722,3.0,3.0,3.0
LGA11500,30,32,33,997,1500,1800,397,462,545,150,185,260,986,1172,1390,1.1,1.1,1.1,904,1073,1248,3.1,3.0,2.9
LGA11520,37,37,37,1600,2167,2600,539,654,771,300,335,480,1424,1767,2152,1.1,1.1,1.2,1178,1453,1815,2.5,2.5,2.5
LGA11550,35,36,35,1127,1600,2000,325,366,429,170,190,300,838,1008,1149,1.3,1.3,1.3,730,837,1028,2.8,2.8,2.8
LGA11600,35,39,41,596,800,867,396,432,542,60,60,80,842,1040,1143,1.1,1.1,1.1,720,792,937,2.6,2.5,2.4
LGA11700,36,41,41,418,650,300,294,335,443,50,50,70,598,725,889,1.2,1.1,1.1,514,611,821,2.5,2.4,2.4
LGA11720,36,37,37,693,1170,1517,285,360,474,120,160,230,764,1017,1265,1.1,1.1,1.1,622,790,1042,2.6,2.6,2.6
LGA11730,41,44,46,693,963,1300,270,335,396,125,150,210,626,787,924,1.1,1.1,1.1,530,657,770,2.5,2.4,2.4
LGA11750,32,36,36,700,953,1300,370,466,615,85,120,140,960,1262,1587,1.1,1.1,1.1,800,1074,1239,2.6,2.6,2.4
LGA11800,39,41,43,800,1170,1575,292,365,470,140,185,255,679,909,1097,1.1,1.1,1.1,574,720,900,2.5,2.5,2.4
LGA11860,36,38,41,867,1500,1018,396,430,478,0,0,0,860,977,1015,1.1,1.1,1.1,745,828,938,2.8,2.7,2.7
LGA12000,37,40,42,650,800,1192,314,354,446,60,85,120,763,896,1037,1.1,1.1,1.1,629,686,854,2.7,2.6,2.6
LGA12050,37,40,42,700,1024,1300,354,437,537,100,135,180,828,1092,1254,1.1,1.1,1.1,658,828,948,2.5,2.4,2.3
LGA12150,36,39,41,600,600,790,303,369,449,73,95,120,664,876,976,1.1,1.1,1.1,569,700,816,2.7,2.5,2.4
LGA12200,39,43,46,650,858,1083,308,361,428,90,115,150,733,896,1026,1.1,1.1,1.1,581,677,771,2.5,2.4,2.3
LGA12300,42,44,46,693,1036,1300,332,395,477,115,150,180,767,1017,1093,1.1,1.1,1.1,636,780,877,2.4,2.4,2.3
LGA12350,38,41,44,650,975,1098,311,362,416,92,130,155,721,908,1003,1.1,1.1,1.1,591,701,788,2.5,2.5,2.3
LGA12500,37,41,44,676,867,1083,355,407,490,110,120,150,832,1024,1169,1.1,1.1,1.0,660,762,859,2.4,2.3,2.2
LGA12600,33,35,36,867,1170,1500,386,462,578,125,155,200,883,1116,1340,1.1,1.1,1.1,754,965,1094,2.7,2.6,2.6
LGA12700,39,41,44,780,1200,1647,302,384,483,110,150,185,772,1066,1278,1.1,1.1,1.1,648,877,1009,2.6,2.6,2.5
LGA12750,44,47,50,758,1083,1430,275,344,424,120,170,220,610,780,939,1.1,1.1,1.1,524,664,786,2.3,2.3,2.3
LGA12850,33,34,35,1000,1500,1800,282,318,368,150,180,280,811,946,1065,1.2,1.2,1.2,762,871,1019,3.3,3.2,3.2
LGA12900,37,40,41,650,867,1127,310,368,462,90,120,150,728,911,1010,1.1,1.1,1.1,584,690,835,2.5,2.4,2.4
LGA12950,40,42,44,650,867,953,275,355,423,75,100,120,676,862,932,1.1,1.1,1.1,554,704,779,2.6,2.5,2.4
LGA13010,40,43,46,596,780,1083,282,341,398,80,110,155,648,776,915,1.1,1.1,1.1,517,616,736,2.4,2.3,2.3
LGA13050,42,47,49,758,1083,1517,280,344,428,100,120,165,691,855,971,1.1,1.1,1.1,564,691,805,2.5,2.3,2.3
LGA13100,38,40,41,1083,1517,1950,363,435,529,180,215,280,936,1163,1395,1.1,1.1,1.1,755,943,1085,2.5,2.5,2.5
LGA13310,36,38,40,800,1146,1517,345,402,521,120,150,185,850,1077,1281,1.1,1.1,1.1,689,842,982,2.5,2.4,2.4
LGA13320,47,49,52,834,1170,1395,270,337,395,135,175,220,599,770,881,1.1,1.1,1.1,511,641,735,2.3,2.2,2.2
LGA13340,38,41,43,650,950,1200,323,407,482,85,100,150,780,1037,1181,1.1,1.1,1.1,663,835,948,2.7,2.5,2.5
LGA13380,40,43,46,737,1040,1300,277,338,394,115,150,200,649,800,930,1.1,1.1,1.1,544,662,770,2.5,2.4,2.4
LGA13450,33,35,36,962,1300,1517,397,466,538,135,160,180,912,1139,1288,1.1,1.1,1.1,783,994,1062,2.8,2.7,2.7
LGA13500,38,40,43,663,867,1186,325,379,467,70,100,145,760,935,1130,1.1,1.1,1.1,617,747,907,2.6,2.6,2.5
LGA13550,37,40,40,676,867,1300,290,369,494,100,120,185,691,914,1200,1.1,1.1,1.1,580,726,939,2.6,2.5,2.5
LGA13650,38,39,41,650,804,1083,293,357,421,80,100,150,712,911,985,1.1,1.1,1.1,589,719,806,2.6,2.6,2.5
LGA13660,40,43,45,563,650,928,280,331,391,50,60,100,634,757,907,1.1,1.1,1.1,535,625,734,2.5,2.4,2.3
LGA13700,40,44,47,560,758,1083,298,357,434,80,100,138,712,906,1030,1.1,1.1,1.1,599,679,779,2.5,2.4,2.4
LGA13800,32,34,36,1083,1625,2029,448,523,621,170,205,280,1080,1300,1598,1.1,1.1,1.1,964,1160,1380,2.9,2.8,2.8
LGA13850,37,40,45,620,650,1083,347,395,454,90,105,128,743,984,981,1.1,1.1,1.1,619,748,811,2.5,2.5,2.4
LGA13950,34,34,34,1100,1700,2058,388,431,516,200,225,330,982,1134,1353,1.2,1.2,1.2,854,997,1207,2.8,2.8,2.8
LGA14000,36,38,39,1430,2000,2400,502,576,676,260,300,401,1485,1749,2119,1.1,1.1,1.1,1244,1466,1820,2.9,2.8,2.9
LGA14100,39,41,41,2000,2700,3000,517,694,817,250,300,380,1775,2506,2715,1.1,1.1,1.1,1464,1776,2175,2.6,2.6,2.6
LGA14150,37,37,37,1300,1755,2167,411,455,538,210,240,350,1069,1228,1475,1.2,1.2,1.2,903,1067,1282,2.7,2.7,2.8
LGA14200,38,39,40,650,867,1200,287,357,434,95,120,165,668,839,963,1.1,1.1,1.1,559,666,791,2.5,2.5,2.5
LGA14250,37,43,45,550,800,1000,379,422,464,69,60,80,813,1017,1068,1.1,1.1,1.1,685,762,839,2.6,2.5,2.5
LGA14300,35,36,38,602,867,1192,323,364,477,90,105,155,791,992,1142,1.1,1.1,1.1,651,769,892,2.7,2.6,2.5
LGA14350,40,43,45,650,953,1300,260,321,387,115,150,190,592,757,902,1.1,1.1,1.1,510,632,752,2.5,2.4,2.4
LGA14400,39,43,45,1058,1452,2000,364,449,558,175,230,300,990,1236,1522,1.1,1.1,1.1,823,1058,1229,2.7,2.6,2.5
LGA14450,37,38,37,1354,1900,2167,453,510,600,235,265,380,1192,1369,1667,1.2,1.2,1.2,1021,1183,1460,2.7,2.7,2.8
LGA14500,40,41,41,2000,2500,3000,580,708,805,380,420,575,1802,2531,2679,1.1,1.0,1.1,1628,2140,2505,3.0,2.9,2.9
LGA14550,39,42,45,599,769,1083,254,303,376,95,115,165,586,730,883,1.2,1.1,1.1,492,593,714,2.6,2.5,2.4
LGA14600,36,40,41,600,737,867,323,365,447,72,90,110,735,900,985,1.1,1.1,1.1,634,714,847,2.6,2.5,2.4
LGA14650,38,40,41,867,1300,1733,313,392,517,145,185,256,849,1113,1396,1.1,1.1,1.1,705,920,1114,2.6,2.6,2.5
LGA14700,36,37,37,1733,2180,2734,644,798,952,275,300,420,1740,2300,2637,1.1,1.1,1.1,1381,1663,2178,2.4,2.4,2.5
LGA14750,33,35,36,850,1060,1300,360,401,483,110,135,160,902,1075,1195,1.1,1.1,1.1,764,854,964,2.7,2.6,2.5
LGA14800,35,36,37,1733,2400,3000,691,879,1068,300,350,480,1704,2307,2738,1.1,1.1,1.1,1269,1669,2223,2.2,2.2,2.3
LGA14850,35,38,40,740,1083,1495,285,375,464,130,160,222,719,992,1123,1.1,1.1,1.1,575,763,905,2.5,2.5,2.4
LGA14870,37,40,42,750,1083,1452,295,356,455,110,135,170,822,1027,1190,1.1,1.1,1.1,642,751,894,2.5,2.4,2.3
LGA14900,30,32,33,1200,1733,2167,400,437,508,160,195,295,1013,1173,1401,1.2,1.1,1.2,931,1091,1296,3.1,3.1,3.2
LGA14920,40,43,43,542,750,1083,290,353,436,77,100,145,681,855,988,1.1,1.1,1.1,562,691,797,2.4,2.4,2.4
LGA14950,38,42,44,645,867,997,324,391,454,55,80,100,764,1036,1069,1.1,1.1,1.1,655,766,857,2.7,2.6,2.5
LGA15050,33,34,36,867,1300,1733,326,425,561,131,180,259,883,1175,1555,1.1,1.1,1.1,736,1028,1290,2.7,2.7,2.7
LGA15150,36,37,37,1800,2500,3033,622,779,978,320,375,520,1655,2263,2649,1.1,1.1,1.1,1268,1664,2208,2.4,2.4,2.5
LGA15200,34,35,36,1350,1950,2485,467,591,767,210,250,370,1140,1465,1964,1.2,1.2,1.2,962,1183,1601,2.4,2.3,2.3
LGA15270,38,41,41,800,1083,1551,301,360,458,110,148,200,750,937,1204,1.1,1.1,1.1,603,721,938,2.6,2.4,2.4
LGA15300,32,35,37,867,1083,1300,387,465,558,100,114,140,871,1097,1253,1.2,1.1,1.1,759,929,1031,2.7,2.7,2.5
LGA15350,38,40,40,2017,2500,3033,773,956,1103,320,341,474,1936,2677,2838,1.1,1.1,1.1,1551,1886,2458,2.3,2.3,2.3
LGA15500,40,44,46,867,1200,1435,332,395,471,125,155,200,776,1019,1043,1.1,1.1,1.1,656,778,850,2.5,2.4,2.3
LGA15550,34,35,37,716,867,1062,416,474,524,97,110,140,891,1048,1109,1.1,1.1,1.1,755,848,893,2.6,2.6,2.5
LGA15650,33,34,34,867,1257,1733,369,470,646,110,150,230,967,1226,1697,1.1,1.1,1.1,827,1070,1416,2.7,2.6,2.6
LGA15700,43,46,49,721,880,1200,253,297,378,120,145,195,552,687,853,1.1,1.1,1.1,469,565,702,2.4,2.3,2.3
LGA15750,36,38,39,758,951,1300,349,407,537,95,110,140,809,1039,1246,1.1,1.1,1.1,691,795,981,2.6,2.5,2.5
LGA15800,39,42,42,650,771,1075,336,378,454,90,108,140,811,930,1013,1.1,1.1,1.1,655,711,798,2.6,2.4,2.4
LGA15850,36,38,39,650,867,1083,326,393,489,90,110,145,745,948,1084,1.1,1.1,1.1,620,733,841,2.6,2.6,2.5
LGA15900,36,37,37,867,1300,1777,307,407,562,145,195,275,841,1146,1530,1.1,1.1,1.1,646,886,1164,2.3,2.3,2.4
LGA15950,34,35,36,1886,2383,2700,824,1001,1208,330,350,480,1877,2512,2768,1.1,1.1,1.2,1472,1702,2207,1.9,1.9,2.0
LGA16100,35,37,40,905,1100,1517,361,439,532,100,150,170,855,1123,1272,1.1,1.1,1.1,753,907,980,2.7,2.6,2.5
LGA16150,33,35,35,867,1257,1625,370,447,585,135,170,230,925,1153,1472,1.1,1.1,1.1,759,937,1177,2.6,2.5,2.5
LGA16180,38,40,40,1010,1600,2165,460,608,818,120,178,250,1189,1551,2104,1.1,1.1,1.1,961,1285,1783,2.7,2.7,2.7
LGA16200,36,39,40,710,975,1300,297,359,466,95,120,150,749,953,1131,1.1,1.1,1.1,614,709,891,2.6,2.5,2.5
LGA16250,34,34,33,1192,1733,2063,393,444,545,195,230,340,1034,1192,1451,1.2,1.2,1.2,881,1048,1283,2.7,2.7,2.7
LGA16350,30,32,34,1044,1560,1983,443,515,620,180,210,300,1094,1294,1582,1.1,1.1,1.1,986,1163,1396,3.0,2.9,2.9
LGA16370,38,40,42,1647,2178,3000,544,646,747,310,370,500,1450,1761,2137,1.1,1.1,1.1,1202,1451,1813,2.7,2.7,2.7
LGA16380,43,45,47,867,1278,1650,286,363,448,150,190,250,667,890,1008,1.1,1.1,1.1,556,710,838,2.4,2.3,2.3
LGA16400,37,40,42,867,1300,1725,314,389,497,140,180,250,778,1033,1246,1.1,1.1,1.1,662,831,998,2.6,2.5,2.5
LGA16470,33,34,35,932,1500,2000,465,640,839,120,185,285,1102,1524,2066,1.1,1.1,1.1,881,1209,1654,2.6,2.6,2.5
LGA16550,34,35,35,1543,2143,2600,489,587,711,280,310,445,1252,1577,2066,1.2,1.2,1.2,1022,1212,1574,2.4,2.4,2.4
LGA16610,38,41,43,672,927,1300,274,340,405,110,145,200,648,824,956,1.1,1.1,1.1,539,672,786,2.5,2.5,2.4
LGA16650,37,37,36,1300,1820,2167,395,458,554,220,255,370,996,1183,1443,1.2,1.2,1.2,849,1038,1273,2.6,2.6,2.7
LGA16700,36,37,36,1400,1915,2329,470,527,635,220,255,370,1241,1478,1841,1.1,1.1,1.2,1023,1180,1462,2.5,2.5,2.6
LGA16900,33,35,37,997,1517,1900,318,390,476,150,200,250,893,1120,1346,1.1,1.1,1.1,781,983,1125,2.8,2.8,2.7
LGA16950,41,44,46,780,1200,1517,282,348,423,125,170,220,662,849,984,1.1,1.1,1.1,556,689,822,2.5,2.4,2.3
LGA17000,33,34,35,975,1400,2000,394,494,661,130,180,260,1086,1425,1927,1.1,1.1,1.1,958,1263,1687,2.8,2.8,2.7
LGA17050,30,33,34,867,1300,1517,541,652,742,212,180,265,937,1212,1405,1.1,1.1,1.1,976,1167,1306,2.5,2.4,2.4
LGA17100,36,34,33,1526,2000,2195,394,457,556,230,280,400,1145,1273,1595,1.2,1.2,1.3,962,1107,1418,2.9,2.9,2.9
LGA17150,35,37,38,1335,1950,2400,509,596,713,230,260,370,1355,1643,2014,1.1,1.1,1.1,1152,1354,1670,2.8,2.7,2.7
LGA17200,33,33,33,1600,2148,2539,578,736,897,280,330,465,1399,1813,2273,1.2,1.2,1.3,997,1237,1630,1.9,1.9,1.9
LGA17310,36,38,39,758,1083,1430,329,407,513,120,150,200,789,1046,1181,1.1,1.1,1.1,664,817,958,2.6,2.5,2.5
LGA17350,38,42,44,607,867,1083,290,352,418,80,120,130,707,914,978,1.1,1.1,1.1,564,676,780,2.5,2.4,2.3
LGA17400,41,44,47,586,817,1083,266,307,379,80,110,155,601,727,865,1.1,1.1,1.1,493,575,692,2.4,2.4,2.3
LGA17420,35,36,37,1508,2070,2570,542,622,715,295,320,450,1574,1838,2188,1.1,1.1,1.1,1492,1706,2040,3.2,3.1,3.1
LGA17450,40,41,43,572,795,1083,319,393,480,85,110,150,763,996,1108,1.1,1.1,1.1,653,809,888,2.5,2.4,2.3
LGA17500,37,40,41,780,1083,1300,338,393,491,100,120,165,798,1040,1208,1.1,1.1,1.1,677,784,945,2.5,2.4,2.4
LGA17550,43,45,46,867,1300,1733,280,362,440,150,210,300,643,904,1045,1.1,1.1,1.1,536,711,842,2.4,2.4,2.4
LGA17620,38,39,39,780,1100,1600,340,440,563,93,120,170,807,1103,1392,1.1,1.1,1.1,678,879,1070,2.5,2.4,2.4
LGA17640,41,43,46,693,1083,1460,333,372,491,70,80,138,775,965,1192,1.1,1.1,1.1,637,732,952,2.6,2.5,2.4
LGA17650,38,40,42,654,867,1230,323,386,490,95,110,150,766,1010,1128,1.1,1.1,1.1,639,778,926,2.6,2.5,2.6
LGA17700,38,42,46,433,542,500,330,376,378,50,50,80,751,958,854,1.1,1.1,1.1,605,688,731,2.6,2.4,2.4
LGA17750,31,33,33,800,1127,1549,373,459,581,120,155,220,920,1151,1418,1.1,1.1,1.1,752,965,1147,2.6,2.6,2.5
LGA17800,39,43,48,646,867,960,326,378,424,85,80,120,723,963,985,1.1,1.1,1.1,626,754,797,2.7,2.5,2.4
LGA17850,39,41,44,693,867,867,342,379,469,60,80,100,753,925,1077,1.1,1.1,1.1,613,711,826,2.5,2.4,2.4
LGA17900,38,41,44,596,650,810,276,326,392,70,75,100,619,741,959,1.2,1.2,1.1,506,569,709,2.4,2.3,2.3
LGA17950,35,40,41,650,867,900,381,406,509,78,85,105,804,963,1128,1.1,1.1,1.1,687,707,901,2.5,2.4,2.4
LGA18000,37,37,38,1517,2123,2600,518,620,742,270,320,440,1364,1681,2080,1.1,1.1,1.1,1133,1371,1716,2.6,2.6,2.7
LGA18020,40,43,46,563,697,870,272,328,382,75,100,120,643,762,869,1.1,1.1,1.1,535,616,696,2.5,2.4,2.4
LGA18050,35,35,35,1647,2383,3000,601,757,964,310,350,500,1473,1925,2496,1.2,1.2,1.2,1112,1390,1902,2.2,2.2,2.3
LGA18100,41,44,47,542,769,867,281,328,382,60,80,105,666,780,874,1.1,1.1,1.1,523,601,722,2.5,2.3,2.3
LGA18150,39,40,41,609,910,1200,272,341,409,85,105,130,630,804,950,1.1,1.1,1.1,525,639,772,2.5,2.5,2.4
LGA18200,38,40,42,650,900,1200,322,383,479,91,100,148,755,966,1095,1.2,1.1,1.1,617,784,873,2.6,2.6,2.5
LGA18250,36,36,37,1840,2383,2817,602,717,847,335,360,490,1653,2065,2479,1.1,1.2,1.2,1366,1608,1991,2.5,2.5,2.6
LGA18350,38,42,44,1000,1517,1873,378,459,547,150,190,260,922,1165,1348,1.1,1.1,1.1,769,994,1094,2.6,2.5,2.5
LGA18400,33,34,36,1083,1733,2167,416,499,614,160,200,270,1083,1320,1661,1.1,1.1,1.1,983,1206,1476,3.0,3.0,3.0
LGA18450,36,37,38,1062,1517,1950,321,389,486,135,180,250,932,1164,1426,1.1,1.1,1.1,748,932,1097,2.6,2.5,2.5
LGA18500,37,38,38,2128,2763,3234,767,966,1135,350,387,550,1908,2654,2832,1.1,1.1,1.1,1515,1887,2387,2.2,2.2,2.3
LGA18550,37,39,40,953,1452,1733,306,380,467,160,200,260,763,1014,1171,1.1,1.1,1.1,623,774,932,2.5,2.5,2.5
LGA18710,38,39,39,975,1412,2000,425,553,754,110,150,240,1050,1388,1917,1.1,1.1,1.1,891,1184,1620,2.7,2.7,2.7
LGA18750,36,37,40,650,953,1257,319,371,444,100,140,180,739,923,995,1.1,1.1,1.1,603,703,811,2.6,2.5,2.5
LGA19399,34,43,55,725,1218,1040,647,523,549,50,50,56,745,882,1145,1.1,1.1,1.1,671,760,964,2.4,2.4,2.3
LGA20110,38,41,45,661,900,1300,330,397,476,105,145,175,734,963,1069,1.1,1.1,1.1,617,766,859,2.4,2.4,2.3
LGA20260,41,43,44,520,780,1018,321,393,479,85,115,150,754,953,1055,1.1,1.1,1.1,592,729,845,2.4,2.4,2.3
LGA20570,34,36,36,650,1040,1307,323,402,509,120,160,200,823,1079,1272,1.1,1.1,1.1,665,838,986,2.5,2.5,2.4
LGA20660,37,38,39,935,1350,1900,420,503,616,165,201,300,1113,1364,1731,1.1,1.1,1.1,931,1139,1392,2.6,2.6,2.6
LGA20740,43,45,45,607,1000,1300,282,358,492,105,150,235,640,852,1071,1.1,1.1,1.1,519,657,888,2.3,2.2,2.2
LGA20830,36,38,40,652,1040,1387,337,409,511,105,140,200,823,1102,1273,1.1,1.1,1.1,694,895,1022,2.7,2.6,2.5
LGA20910,40,41,42,1300,1907,2414,498,614,751,210,268,390,1482,1905,2426,1.1,1.1,1.1,1099,1395,1820,2.5,2.6,2.6
LGA21010,39,43,45,650,885,1200,329,395,465,100,140,170,763,1007,1074,1.1,1.1,1.1,623,771,832,2.5,2.4,2.3
LGA21110,37,37,38,1300,1842,2400,519,631,763,210,250,361,1593,2007,2505,1.1,1.1,1.1,1164,1460,1886,2.6,2.6,2.6
LGA21180,32,34,35,860,1192,1600,315,358,429,150,173,265,874,1032,1195,1.2,1.1,1.1,804,919,1104,3.1,3.0,2.9
LGA21270,43,45,47,420,542,737,303,338,409,55,70,100,698,783,959,1.1,1.1,1.1,555,601,743,2.4,2.4,2.3
LGA21370,37,40,42,715,1000,1300,344,397,470,100,135,170,811,1033,1099,1.1,1.1,1.1,682,791,885,2.6,2.5,2.4
LGA21450,33,34,34,823,1300,1733,395,477,593,145,180,280,966,1199,1479,1.1,1.1,1.1,862,1086,1301,2.9,2.9,2.8
LGA21610,31,32,33,867,1300,1733,420,479,570,155,190,295,995,1187,1450,1.1,1.1,1.1,924,1107,1339,3.1,3.0,3.0
LGA21670,42,45,48,500,693,867,268,306,381,95,120,153,620,732,864,1.1,1.1,1.1,492,575,684,2.3,2.3,2.2
LGA21750,38,40,42,568,910,1248,328,408,501,100,140,175,769,1033,1161,1.1,1.1,1.1,634,783,914,2.5,2.4,2.4
LGA21830,38,40,42,542,867,1050,339,427,485,75,100,135,779,1071,1149,1.1,1.1,1.1,640,830,913,2.6,2.5,2.5
LGA21890,35,36,36,953,1362,1900,323,397,531,150,185,291,865,1117,1438,1.2,1.1,1.1,709,903,1175,2.5,2.4,2.5
LGA22110,41,44,46,600,867,1296,286,359,437,100,135,180,659,868,990,1.1,1.1,1.1,538,685,800,2.4,2.3,2.3
LGA22170,34,36,37,780,1200,1647,382,459,566,145,180,265,924,1136,1396,1.1,1.1,1.1,770,954,1138,2.6,2.5,2.5
LGA22250,40,43,46,542,758,988,319,377,421,85,100,127,739,959,962,1.1,1.1,1.1,588,727,764,2.5,2.4,2.3
LGA22310,37,37,37,1092,1600,2147,451,544,675,179,220,335,1170,1481,1925,1.1,1.1,1.1,894,1128,1442,2.4,2.4,2.5
LGA22410,37,40,43,570,867,1148,329,406,468,90,120,165,801,1082,1178,1.1,1.1,1.1,652,831,898,2.5,2.4,2.3
LGA22490,36,37,39,693,1083,1500,330,423,533,100,130,200,867,1130,1385,1.1,1.1,1.1,779,1037,1217,2.9,2.9,2.8
LGA22620,35,37,38,650,997,1300,321,403,511,125,160,200,787,1049,1245,1.1,1.1,1.1,652,833,991,2.5,2.5,2.5
LGA22670,35,36,35,700,1083,1517,295,342,396,135,160,250,773,918,1050,1.2,1.2,1.2,680,770,952,2.8,2.8,2.8
LGA22750,36,38,39,731,1100,1517,328,405,516,125,160,231,860,1103,1341,1.1,1.1,1.1,698,885,1048,2.5,2.5,2.4
LGA22830,34,36,37,758,1083,1300,364,428,512,125,150,185,855,1071,1206,1.1,1.1,1.1,722,885,977,2.7,2.6,2.5
LGA22910,40,43,46,650,867,1226,287,358,454,110,150,185,685,905,1072,1.1,1.1,1.1,556,692,846,2.4,2.3,2.3
LGA22980,42,45,47,433,607,800,312,362,441,55,80,120,742,914,990,1.1,1.1,1.1,572,652,789,2.4,2.3,2.3
LGA23110,35,37,38,900,1300,1800,383,460,581,160,190,281,970,1205,1568,1.1,1.1,1.1,821,1026,1284,2.6,2.6,2.6
LGA23190,37,39,40,607,910,1170,351,439,532,100,135,170,797,1073,1207,1.1,1.1,1.1,663,833,947,2.5,2.4,2.4
LGA23270,31,32,33,867,1300,1712,355,403,477,155,185,280,927,1112,1309,1.1,1.1,1.1,872,1033,1213,3.2,3.1,3.1
LGA23350,39,41,44,737,1083,1367,360,451,539,115,140,180,870,1150,1321,1.1,1.1,1.1,735,957,1059,2.6,2.6,2.5
LGA23430,37,38,39,953,1400,1950,406,483,596,160,195,300,1023,1256,1625,1.1,1.1,1.1,836,1050,1289,2.5,2.5,2.5
LGA23670,33,36,38,867,1257,1733,430,499,597,165,201,300,1107,1309,1610,1.1,1.1,1.1,989,1161,1397,2.9,2.8,2.8
LGA23810,35,37,38,542,867,1200,296,376,465,92,120,160,790,1053,1236,1.1,1.1,1.1,632,786,941,2.5,2.4,2.4
LGA23940,42,45,50,455,576,758,278,324,379,60,80,100,646,774,880,1.1,1.1,1.1,523,591,690,2.4,2.3,2.2
LGA24130,36,38,40,867,1213,1733,404,482,590,126,170,240,1039,1277,1661,1.1,1.1,1.1,905,1125,1389,2.8,2.8,2.7
LGA24210,38,40,42,1127,1582,2000,430,486,570,210,250,360,1217,1414,1713,1.1,1.1,1.1,1089,1233,1465,2.9,2.8,2.8
LGA24250,40,40,42,667,1016,1200,306,390,485,100,144,180,714,1015,1146,1.1,1.1,1.1,598,758,889,2.4,2.3,2.3
LGA24330,35,34,34,910,1430,2000,314,419,571,130,170,280,842,1132,1525,1.2,1.2,1.2,691,932,1252,2.4,2.4,2.5
LGA24410,35,37,38,867,1275,1733,431,501,608,160,195,290,1081,1284,1615,1.1,1.1,1.1,906,1088,1305,2.6,2.6,2.6
LGA24600,30,30,30,1300,1733,2167,486,601,749,235,295,400,1265,1584,1962,1.2,1.2,1.2,916,1088,1356,2.0,1.9,2.0
LGA24650,30,31,32,850,1300,1733,417,503,609,150,186,270,1014,1217,1486,1.1,1.1,1.1,938,1136,1361,3.1,3.0,3.0
LGA24780,35,37,39,650,1000,1268,336,396,464,120,150,170,780,1024,1092,1.1,1.1,1.1,659,783,878,2.6,2.5,2.5
LGA24850,33,35,36,780,1192,1600,375,454,550,120,151,205,891,1137,1368,1.1,1.1,1.1,778,1010,1167,2.8,2.8,2.7
LGA24900,39,41,43,654,979,1200,328,380,437,100,133,160,773,970,1001,1.1,1.1,1.1,638,751,825,2.5,2.5,2.4
LGA24970,37,38,38,1000,1430,2000,393,442,520,185,230,345,1085,1287,1549,1.1,1.1,1.1,941,1120,1318,2.7,2.7,2.7
LGA25060,36,37,38,1018,1500,2000,409,490,625,152,195,300,1088,1338,1776,1.1,1.1,1.1,880,1083,1374,2.5,2.5,2.5
LGA25150,34,37,39,800,1123,1517,356,437,537,120,150,203,935,1169,1409,1.1,1.1,1.1,812,1025,1179,2.9,2.8,2.7
LGA25250,35,36,35,932,1350,1950,331,411,548,155,196,310,869,1119,1452,1.2,1.1,1.2,730,929,1212,2.5,2.4,2.5
LGA25340,39,41,43,850,1300,1733,361,438,539,135,175,260,881,1126,1351,1.1,1.1,1.1,716,913,1053,2.5,2.5,2.4
LGA25430,41,44,46,600,867,1213,288,366,459,115,150,190,693,920,1078,1.1,1.1,1.1,548,679,839,2.4,2.3,2.3
LGA25490,38,40,41,625,886,1300,345,437,534,80,120,150,802,1090,1276,1.1,1.1,1.1,685,900,1046,2.7,2.6,2.6
LGA25620,38,41,45,693,1000,1400,329,416,478,100,130,168,768,1051,1161,1.1,1.1,1.1,637,834,922,2.5,2.4,2.4
LGA25710,33,36,38,1040,1408,1950,486,567,695,175,225,310,1349,1653,2070,1.1,1.1,1.1,1226,1491,1867,3.2,3.1,3.0
LGA25810,38,42,44,546,728,910,309,376,453,95,111,140,731,960,1053,1.1,1.1,1.1,589,719,823,2.5,2.4,2.3
LGA25900,34,35,35,1298,1733,2200,587,762,978,200,250,365,1395,1856,2371,1.1,1.1,1.2,969,1227,1665,1.9,1.9,2.0
LGA25990,42,45,47,500,689,997,275,333,388,79,90,130,657,791,910,1.1,1.1,1.1,524,624,730,2.4,2.4,2.3
LGA26080,47,51,54,867,1057,1500,346,433,583,140,170,230,894,1126,1422,1.1,1.0,1.0,633,796,1028,2.2,2.2,2.1
LGA26170,39,42,44,650,975,1300,318,387,480,85,120,180,769,1019,1148,1.1,1.1,1.1,623,780,919,2.6,2.5,2.4
LGA26260,40,41,43,520,823,1083,329,425,507,80,110,150,771,1057,1187,1.1,1.1,1.1,618,802,913,2.4,2.4,2.3
LGA26350,35,36,35,1350,1950,2447,588,716,893,200,245,360,1604,2014,2465,1.1,1.1,1.1,1088,1319,1718,2.2,2.2,2.2
LGA26430,44,47,49,607,813,1104,303,374,457,90,114,158,699,939,1027,1.1,1.1,1.1,556,693,840,2.3,2.3,2.2
LGA26490,36,38,39,867,1218,1800,385,484,595,147,200,285,927,1198,1516,1.1,1.1,1.1,781,1065,1273,2.6,2.6,2.6
LGA26610,35,38,38,628,867,1192,341,406,482,100,120,157,759,1021,1089,1.1,1.1,1.1,635,765,880,2.6,2.5,2.5
LGA26670,42,45,47,590,867,1083,324,374,453,80,92,130,790,992,1052,1.1,1.1,1.1,671,735,855,2.5,2.4,2.3
LGA26700,38,40,42,661,975,1300,339,415,499,110,140,175,800,1045,1170,1.1,1.1,1.1,656,798,912,2.5,2.4,2.4
LGA26730,34,36,38,693,1083,1495,342,423,535,120,165,220,818,1091,1296,1.1,1.1,1.1,676,874,1026,2.5,2.5,2.4
LGA26810,37,40,41,607,867,1213,313,385,475,100,125,170,778,1024,1168,1.1,1.1,1.1,635,776,906,2.6,2.4,2.4
LGA26890,41,43,46,433,542,715,316,408,494,45,45,70,734,1028,1033,1.1,1.1,1.1,572,739,817,2.4,2.4,2.3
LGA26980,37,38,38,1000,1408,1950,410,479,559,179,220,320,1117,1354,1682,1.1,1.1,1.1,910,1113,1314,2.5,2.6,2.6
LGA27070,32,34,34,867,1300,1863,351,405,518,165,200,300,927,1112,1375,1.1,1.1,1.1,883,1047,1273,3.2,3.0,3.0
LGA27170,31,33,34,780,1170,1473,386,482,582,130,170,205,890,1148,1317,1.1,1.1,1.1,752,994,1070,2.6,2.6,2.5
LGA27260,31,32,31,850,1300,1800,430,516,633,150,185,280,1041,1269,1556,1.1,1.1,1.1,952,1163,1422,3.0,2.9,2.9
LGA27350,32,33,34,1270,1750,2253,502,644,850,200,254,370,1245,1640,2198,1.1,1.1,1.2,970,1224,1670,2.1,2.2,2.2
LGA27450,34,36,38,828,1200,1642,401,474,578,145,185,265,1002,1210,1492,1.1,1.1,1.1,885,1085,1279,2.9,2.8,2.7
LGA27630,41,45,47,400,520,650,312,354,427,53,78,110,749,887,986,1.1,1.1,1.1,583,651,769,2.4,2.3,2.3
LGA29399,30,32,31,735,867,1500,683,814,972,1035,1800,1500,933,1166,1339,1.2,1.3,1.2,1550,2323,2337,2.4,2.2,1.9
LGA30250,26,25,26,0,0,0,150,220,262,50,0,80,446,581,633,2.0,2.0,1.8,772,965,1148,5.3,5.7,5.0
LGA30300,32,35,38,650,867,1200,429,490,565,70,90,120,878,1097,1202,1.2,1.1,1.1,751,961,992,2.7,2.7,2.6
LGA30370,34,35,37,650,975,1625,398,552,673,79,100,150,942,1283,1646,1.1,1.1,1.1,803,1128,1367,2.7,2.6,2.6
LGA30410,36,39,42,498,600,867,376,414,554,50,50,78,826,1055,1252,1.1,1.1,1.1,675,748,960,2.6,2.5,2.4
LGA30450,36,43,46,1200,3000,453,435,515,641,24,70,70,1054,1083,1363,1.1,1.1,1.2,780,796,948,2.7,2.3,2.3
LGA30760,37,43,43,433,500,953,369,405,502,58,65,99,823,944,1170,1.1,1.1,1.1,641,729,876,2.5,2.4,2.3
LGA30900,30,36,36,720,795,500,439,540,621,50,50,50,1045,1166,1237,1.3,1.3,1.3,954,1046,1130,3.2,2.9,2.6
LGA31000,34,35,35,975,1452,2100,416,552,692,170,240,350,1064,1414,1873,1.1,1.1,1.1,870,1179,1544,2.5,2.5,2.6
LGA31750,38,44,46,398,338,934,564,704,763,0,75,100,881,1239,1347,1.2,1.1,1.1,692,909,891,2.6,2.4,2.5
LGA31820,39,42,43,650,910,1350,274,355,418,120,160,230,648,862,980,1.1,1.1,1.1,550,715,829,2.5,2.5,2.4
LGA31900,36,40,42,685,867,1300,362,430,529,100,120,180,840,1089,1284,1.1,1.1,1.1,702,851,989,2.6,2.5,2.5
LGA31950,39,43,46,1542,0,884,641,818,1039,50,50,80,737,1073,1231,1.6,1.1,1.4,780,1017,1161,3.2,2.5,2.6
LGA32070,34,36,37,940,1257,1733,419,529,614,150,200,255,919,1192,1393,1.1,1.1,1.1,773,1061,1136,2.5,2.5,2.5
LGA32250,42,48,50,580,914,898,348,438,518,79,80,120,832,1075,1310,1.4,1.3,1.3,671,830,900,3.0,2.9,2.6
LGA32260,38,41,44,737,897,1300,336,424,497,110,139,200,751,1032,1145,1.2,1.2,1.1,629,825,923,2.6,2.5,2.5
LGA32270,32,34,34,784,1322,2000,443,654,896,75,81,120,1176,1689,2321,1.1,1.1,1.1,970,1391,1871,2.8,2.8,2.8
LGA32310,33,37,39,688,901,1350,329,385,481,110,120,170,836,1060,1221,1.2,1.1,1.1,691,848,960,2.7,2.6,2.5
LGA32330,19,18,21,0,0,0,194,225,281,55,70,73,488,586,717,1.5,1.5,1.5,591,597,780,4.5,4.3,4.3
LGA32450,32,34,38,800,837,1500,602,730,1050,72,75,120,1063,1391,1871,1.2,1.2,1.2,864,1159,1413,2.8,2.7,2.7
LGA32500,40,45,43,614,867,1000,306,438,546,80,100,125,587,896,1062,1.4,1.3,1.3,553,784,921,2.5,2.4,2.3
LGA32600,35,35,40,0,1094,844,356,445,520,54,100,115,692,1014,1053,1.4,1.4,1.2,611,900,806,2.5,2.9,2.8
LGA32750,36,40,50,0,0,780,480,595,744,60,85,100,933,1170,1196,1.2,1.2,1.0,840,1077,1087,2.7,2.4,2.3
LGA32770,21,21,23,0,0,303,195,226,292,50,40,105,628,609,683,2.2,2.1,1.9,953,1145,1165,6.1,6.5,5.1
LGA33100,43,49,51,375,607,650,356,448,531,47,60,70,746,945,944,1.2,1.2,1.2,588,732,796,2.5,2.4,2.3
LGA33200,35,39,44,563,489,693,400,457,539,55,65,80,873,1086,1175,1.2,1.1,1.1,722,808,937,2.7,2.5,2.3
LGA33220,42,44,45,650,997,1387,265,345,396,120,180,235,599,811,912,1.1,1.1,1.1,527,692,783,2.4,2.4,2.4
LGA33360,34,35,36,823,1200,2000,346,494,690,125,175,300,943,1319,1941,1.1,1.1,1.1,820,1160,1686,2.7,2.7,2.7
LGA33430,38,38,38,984,1517,2075,361,477,565,180,270,350,828,1157,1379,1.1,1.1,1.1,706,1028,1167,2.5,2.5,2.5
LGA33610,35,37,39,859,1070,1300,392,456,569,90,110,155,827,1084,1232,1.1,1.1,1.1,720,899,1013,2.6,2.5,2.5
LGA33620,39,41,43,650,880,1347,271,345,411,115,150,220,633,851,947,1.1,1.1,1.1,549,699,807,2.5,2.5,2.4
LGA33800,40,44,47,650,804,1200,291,384,477,90,100,160,707,1015,1187,1.1,1.1,1.1,587,752,908,2.5,2.4,2.4
LGA33830,25,27,25,0,0,0,193,234,305,25,65,90,521,733,738,1.5,1.5,1.4,492,688,917,3.9,3.8,3.9
LGA33960,32,33,32,693,1101,1733,352,466,587,125,180,280,862,1135,1398,1.1,1.1,1.1,755,1026,1231,2.8,2.8,2.8
LGA33980,32,34,35,350,1146,1907,535,874,1346,45,52,63,1399,1966,2671,1.1,1.1,1.1,1193,1773,2553,2.8,2.8,2.9
LGA34420,27,28,28,0,0,0,180,239,293,50,30,45,470,739,760,1.8,1.7,1.6,712,1066,1065,4.8,4.9,4.1
LGA34570,32,25,30,0,0,0,464,224,368,20,50,105,900,714,1062,1.5,1.5,1.4,782,938,1085,3.4,4.1,3.9
LGA34580,34,37,37,680,997,1517,293,373,455,120,160,250,750,990,1163,1.1,1.1,1.1,652,825,999,2.7,2.7,2.7
LGA34590,31,32,33,800,1213,1800,364,472,572,140,200,300,862,1147,1381,1.1,1.1,1.1,775,1063,1261,2.9,2.9,2.9
LGA34710,35,39,42,703,892,1465,421,483,621,75,100,142,945,1138,1422,1.1,1.1,1.1,774,920,1061,2.6,2.5,2.5
LGA34770,34,36,36,867,1300,2167,341,499,682,130,190,310,837,1287,1821,1.1,1.1,1.1,713,1134,1553,2.7,2.7,2.7
LGA34800,33,37,40,433,2142,975,566,842,1095,40,55,0,957,1092,1410,1.2,1.1,1.1,732,882,1066,2.6,2.4,2.4
LGA34830,24,33,31,0,0,0,191,226,316,30,53,53,487,531,854,1.7,1.4,1.3,566,1097,933,4.3,2.7,3.2
LGA34860,35,36,37,639,888,1365,395,502,673,78,100,150,860,1134,1444,1.1,1.1,1.1,708,939,1181,2.6,2.6,2.6
LGA35010,34,36,36,862,1300,1928,349,462,575,145,200,300,878,1168,1451,1.1,1.1,1.1,759,1048,1253,2.7,2.7,2.7
LGA35250,25,28,27,0,0,0,186,214,295,35,37,60,492,552,690,1.9,1.7,1.6,650,718,1035,4.6,4.4,4.0
LGA35300,30,31,32,867,1083,2000,503,677,923,122,150,250,1274,1673,2397,1.2,1.2,1.2,1081,1422,1943,2.8,2.7,2.7
LGA35600,35,38,39,520,687,1083,389,464,569,77,86,130,807,1048,1259,1.1,1.1,1.1,665,824,981,2.6,2.4,2.5
LGA35670,24,24,23,0,0,0,182,226,258,40,65,90,445,587,692,1.5,1.6,1.5,476,673,840,4.0,4.0,4.2
LGA35760,40,43,45,600,730,1000,313,382,442,70,90,113,697,868,950,1.1,1.1,1.1,576,697,786,2.4,2.4,2.3
LGA35780,23,22,27,0,0,0,235,288,497,40,50,60,526,676,907,1.7,1.5,1.5,660,719,1032,4.2,3.7,3.6
LGA35790,22,22,23,0,0,0,179,221,290,80,50,100,613,670,954,2.2,2.0,1.8,673,864,1156,5.8,5.1,4.8
LGA35800,37,43,45,433,567,520,321,346,484,58,75,85,658,784,1165,1.1,1.1,1.1,553,583,848,2.5,2.4,2.3
LGA36070,29,30,34,0,0,0,261,242,337,40,0,77,767,741,768,1.6,1.4,1.5,906,784,1062,4.2,4.0,3.5
LGA36150,36,38,44,542,500,650,454,608,635,49,55,80,892,1029,1134,1.1,1.1,1.1,719,767,928,2.4,2.5,2.3
LGA36250,36,38,39,867,1387,2000,381,488,602,170,240,350,964,1246,1604,1.1,1.1,1.1,845,1117,1362,2.8,2.7,2.7
LGA36300,33,37,41,500,498,715,391,473,564,20,0,34,842,1053,1104,1.1,1.1,1.1,693,874,961,2.7,2.5,2.4
LGA36360,35,37,37,700,1010,1690,315,423,564,120,150,250,797,1100,1435,1.1,1.1,1.1,659,904,1151,2.6,2.6,2.6
LGA36510,38,40,41,800,1155,1733,323,411,494,120,160,250,755,1055,1212,1.1,1.1,1.1,652,889,1007,2.6,2.6,2.6
LGA36580,38,41,41,650,984,1500,277,355,438,110,150,240,686,917,1069,1.1,1.1,1.1,593,765,926,2.7,2.6,2.6
LGA36630,38,40,42,572,850,1200,282,352,400,100,135,195,656,854,952,1.1,1.1,1.1,563,702,792,2.5,2.5,2.4
LGA36660,37,40,42,650,888,1300,291,369,447,100,140,195,700,911,1001,1.1,1.1,1.1,576,711,837,2.5,2.5,2.4
LGA36710,40,42,42,867,1300,1863,313,426,515,160,245,325,711,1054,1219,1.1,1.1,1.1,616,895,1004,2.5,2.5,2.5
LGA36810,38,41,43,780,975,1424,291,373,444,102,130,185,686,924,1049,1.2,1.1,1.1,566,731,853,2.5,2.5,2.4
LGA36910,34,35,37,737,1083,1517,339,431,545,125,165,230,829,1102,1308,1.1,1.1,1.1,700,928,1059,2.6,2.6,2.5
LGA36950,29,27,30,1000,1083,1817,425,439,709,85,100,120,960,1099,1577,1.5,1.4,1.4,927,1115,1568,3.4,3.4,3.4
LGA36960,22,23,23,0,0,0,210,245,320,40,50,60,592,691,788,1.6,1.4,1.4,628,758,871,4.3,3.9,3.7
LGA37010,32,33,34,867,1200,1860,396,517,652,140,185,290,959,1248,1626,1.1,1.1,1.1,829,1109,1368,2.7,2.6,2.6
LGA37300,33,33,33,845,1386,2000,695,1013,1199,35,36,250,1471,2076,2647,1.1,1.2,1.2,1202,1772,2410,2.7,2.8,2.8
LGA37310,36,38,37,585,867,1300,314,413,580,81,111,200,720,1022,1294,1.1,1.1,1.1,620,822,1075,2.6,2.6,2.6
LGA37340,38,39,40,800,1127,1768,379,504,624,130,175,265,802,1144,1405,1.2,1.1,1.1,675,1009,1142,2.5,2.4,2.4
LGA37400,39,45,49,433,500,921,402,465,570,44,63,80,844,1113,1081,1.2,1.1,1.1,667,829,866,2.6,2.3,2.3
LGA37550,21,20,22,0,0,0,196,198,284,55,60,105,521,487,706,1.9,1.7,1.6,638,551,757,4.3,4.2,3.8
LGA37570,33,29,25,368,0,0,134,233,266,50,54,65,339,781,614,1.4,1.4,1.4,361,789,866,3.0,3.5,3.6
LGA37600,20,20,21,0,0,0,185,223,274,75,90,120,594,683,728,2.0,2.0,1.7,769,1008,1004,5.6,5.6,4.9
LGA39399,49,49,50,0,0,0,530,770,672,0,5740,0,0,0,0,0,0,0,0,0,0,0,0,0
LGA40070,37,35,34,1083,1517,1857,466,561,619,175,245,320,1364,1696,1870,1.1,1.1,1.1,822,1029,1139,1.7,1.9,1.9
LGA40120,37,40,41,850,1170,1700,434,533,655,140,180,260,1090,1379,1798,1.1,1.1,1.1,944,1204,1504,2.7,2.7,2.7
LGA40220,42,44,47,650,1000,1365,298,376,450,120,151,210,692,902,1019,1.1,1.1,1.1,572,722,864,2.4,2.4,2.3
LGA40250,25,26,27,0,0,0,185,221,280,32,20,20,506,585,691,1.9,1.7,1.6,802,880,1135,4.7,4.1,3.8
LGA40310,38,40,41,693,1083,1460,399,478,564,120,160,215,920,1155,1394,1.1,1.1,1.1,770,1008,1121,2.5,2.5,2.5
LGA40430,43,46,50,427,604,867,269,335,397,80,100,140,622,785,918,1.1,1.1,1.1,517,596,724,2.3,2.3,2.2
LGA40520,37,39,41,574,867,1083,352,393,448,100,122,150,789,1000,997,1.1,1.1,1.1,660,761,801,2.5,2.4,2.3
LGA40700,42,43,43,1083,1460,2000,474,595,705,150,200,290,1367,1746,2123,1.1,1.1,1.1,965,1224,1468,2.4,2.4,2.4
LGA40910,38,39,40,758,1083,1600,337,413,515,135,180,260,874,1137,1366,1.1,1.1,1.1,706,903,1069,2.5,2.5,2.5
LGA41010,35,36,39,542,860,1192,333,427,590,72,100,130,759,1034,1327,1.1,1.1,1.1,658,891,1053,2.6,2.6,2.5
LGA41060,39,41,41,758,1100,1700,318,404,520,115,155,235,831,1103,1345,1.1,1.1,1.1,639,815,1019,2.3,2.3,2.3
LGA41140,40,42,43,584,867,1200,350,432,524,95,125,180,779,1052,1193,1.1,1.1,1.1,657,821,951,2.5,2.4,2.4
LGA41190,38,42,43,499,650,733,343,427,545,50,88,86,748,1016,1136,1.1,1.1,1.1,624,796,944,2.4,2.5,2.3
LGA41330,41,48,49,477,433,581,281,336,471,70,85,100,569,755,1057,1.2,1.1,1.1,491,542,739,2.3,2.0,2.0
LGA41560,43,45,47,498,737,1083,261,330,398,100,125,185,595,771,926,1.1,1.1,1.0,489,624,754,2.3,2.3,2.2
LGA41750,38,42,45,477,557,1083,306,379,504,50,74,69,660,903,988,1.1,1.1,1.1,565,721,802,2.6,2.6,2.3
LGA41830,41,46,47,401,620,910,294,361,509,80,99,131,698,867,1166,1.1,1.1,1.1,549,698,915,2.4,2.4,2.3
LGA41960,40,44,44,518,660,1120,279,417,466,80,112,170,664,1013,992,1.1,1.1,1.1,556,795,859,2.4,2.4,2.3
LGA42030,37,39,40,650,1000,1408,321,408,513,120,160,224,817,1076,1253,1.1,1.1,1.1,657,837,959,2.5,2.4,2.4
LGA42110,40,43,46,433,585,758,282,334,413,60,92,120,648,798,940,1.1,1.1,1.1,526,607,770,2.4,2.3,2.3
LGA42250,37,38,41,650,999,1300,396,488,577,75,100,135,954,1187,1372,1.1,1.1,1.1,841,1065,1171,2.7,2.7,2.7
LGA42600,43,44,45,867,1257,1850,403,515,646,140,185,270,1019,1339,1727,1.1,1.1,1.1,696,954,1156,2.1,2.1,2.1
LGA42750,39,42,46,535,780,1083,322,418,497,85,120,159,678,1008,1053,1.1,1.1,1.1,564,760,843,2.4,2.3,2.2
LGA43080,39,44,46,425,527,802,291,331,394,40,60,92,686,832,887,1.1,1.1,1.1,556,660,746,2.5,2.5,2.4
LGA43220,38,42,43,371,433,575,338,438,586,50,50,83,757,1036,1365,1.1,1.1,1.1,593,740,1039,2.5,2.3,2.4
LGA43360,39,43,46,574,700,1083,321,396,481,72,100,130,736,935,988,1.1,1.1,1.0,596,720,822,2.4,2.3,2.2
LGA43650,36,36,38,650,1083,1430,359,467,568,110,150,200,866,1179,1457,1.1,1.1,1.1,761,1074,1277,2.8,2.8,2.8
LGA43710,38,39,40,607,971,1200,343,426,518,80,100,150,754,1037,1238,1.1,1.1,1.1,649,838,1054,2.6,2.6,2.6
LGA43790,38,40,43,555,800,1062,344,405,452,97,113,136,763,1022,1070,1.1,1.1,1.1,633,759,826,2.5,2.4,2.3
LGA43920,34,37,40,655,968,1354,349,429,521,118,135,190,836,1092,1317,1.1,1.1,1.1,762,973,1161,2.8,2.8,2.7
LGA44000,26,29,39,0,0,0,185,322,266,20,0,0,394,700,724,1.6,2.1,1.2,680,1416,1531,3.9,4.4,1.9
LGA44060,39,39,39,737,1083,1600,341,438,548,110,158,240,852,1135,1422,1.1,1.1,1.1,661,869,1063,2.3,2.3,2.3
LGA44210,41,45,48,500,693,1083,278,321,401,80,106,145,644,783,931,1.1,1.1,1.1,517,622,754,2.3,2.3,2.2
LGA44340,40,40,41,867,1203,1733,407,514,626,140,180,265,1110,1423,1815,1.1,1.1,1.1,845,1127,1382,2.4,2.5,2.5
LGA44550,34,36,38,715,1100,1612,380,474,594,135,180,265,888,1178,1502,1.1,1.1,1.1,756,1028,1251,2.7,2.7,2.6
LGA44620,34,36,37,650,900,1257,368,432,509,100,128,160,855,1062,1174,1.1,1.1,1.1,692,825,902,2.4,2.4,2.3
LGA44830,43,46,47,477,542,910,281,334,411,60,83,100,630,819,994,1.1,1.1,1.1,528,689,797,2.5,2.4,2.3
LGA45040,36,39,39,563,867,1200,297,370,451,95,130,180,683,893,1026,1.1,1.1,1.1,562,690,838,2.4,2.4,2.4
LGA45090,36,37,39,520,802,1083,401,477,580,85,116,150,856,1102,1243,1.1,1.1,1.1,713,929,1015,2.5,2.4,2.4
LGA45120,40,43,45,433,640,900,288,356,461,66,85,115,641,881,1069,1.1,1.1,1.1,539,679,856,2.5,2.4,2.3
LGA45290,38,39,39,900,1300,1809,390,486,594,130,180,260,1029,1357,1677,1.1,1.1,1.1,708,935,1131,2.1,2.1,2.2
LGA45340,35,37,38,650,1000,1473,355,437,539,130,170,250,857,1097,1311,1.1,1.1,1.1,733,919,1077,2.6,2.6,2.5
LGA45400,44,47,51,451,368,867,289,346,433,70,50,95,690,774,1090,1.1,1.1,1.1,555,652,864,2.4,2.3,2.3
LGA45540,42,46,50,300,390,563,241,279,367,75,70,125,511,641,727,1.1,1.1,1.1,413,514,580,2.2,2.1,2.0
LGA45680,32,34,32,574,867,1300,284,368,452,100,135,200,686,900,1063,1.1,1.1,1.1,583,724,896,2.7,2.6,2.6
LGA45890,38,38,37,650,1083,1600,288,378,480,100,145,220,717,1009,1221,1.1,1.1,1.1,551,730,951,2.3,2.3,2.4
LGA46090,35,37,39,500,700,1200,321,418,538,85,116,155,752,1030,1245,1.1,1.1,1.1,604,797,992,2.5,2.4,2.4
LGA46300,34,36,38,650,1000,1300,338,441,522,110,145,180,788,1058,1203,1.1,1.1,1.1,646,831,922,2.5,2.4,2.4
LGA46450,38,40,41,477,650,1000,272,340,405,80,110,150,683,886,1006,1.1,1.1,1.1,548,657,775,2.4,2.4,2.3
LGA46510,36,36,36,867,1300,1777,429,530,654,135,175,259,1110,1430,1821,1.1,1.1,1.1,805,1071,1335,2.3,2.4,2.4
LGA46670,37,39,40,607,806,1083,342,415,464,100,120,150,770,1010,1052,1.1,1.1,1.1,631,764,844,2.5,2.5,2.4
LGA46860,39,43,47,628,900,1389,358,439,492,92,120,161,751,1078,1206,1.1,1.1,1.0,666,795,881,2.3,2.4,2.3
LGA46970,29,32,32,867,1300,2323,840,1191,1523,110,146,196,1549,2187,2840,1.1,1.1,1.1,1382,2015,2718,2.9,2.9,2.9
LGA47140,33,35,35,618,975,1410,327,417,500,120,160,240,786,1038,1193,1.1,1.1,1.1,689,873,1019,2.7,2.6,2.6
LGA47290,37,41,43,430,477,780,369,429,498,50,64,85,761,1001,1060,1.1,1.1,1.1,641,755,877,2.5,2.3,2.3
LGA47490,38,42,44,500,780,1116,304,394,472,79,105,140,664,963,1044,1.1,1.1,1.1,547,735,843,2.5,2.4,2.4
LGA47630,35,37,39,520,802,1000,391,462,536,80,100,135,822,1087,1152,1.1,1.1,1.1,717,938,949,2.6,2.5,2.5
LGA47700,35,37,39,737,1083,1517,406,494,588,145,185,260,999,1229,1493,1.1,1.0,1.0,874,1083,1243,2.7,2.6,2.6
LGA47800,38,40,43,520,650,877,300,371,431,65,70,110,677,843,964,1.1,1.1,1.1,563,674,785,2.5,2.4,2.4
LGA47910,43,46,46,542,800,1200,282,367,465,80,110,150,634,819,1012,1.1,1.1,1.1,519,666,775,2.4,2.3,2.2
LGA47980,38,38,39,976,1333,1950,461,574,712,145,190,280,1259,1648,2065,1.1,1.1,1.1,870,1138,1422,2.2,2.3,2.3
LGA48050,49,53,55,650,975,1213,279,346,409,125,155,210,595,767,905,1.1,1.0,1.0,519,645,753,2.2,2.1,2.1
LGA48130,39,41,41,477,637,997,292,376,457,80,120,150,679,928,1041,1.1,1.1,1.1,559,706,841,2.5,2.4,2.4
LGA48260,43,44,44,1110,1500,1950,461,570,680,130,170,270,1336,1796,2118,1.1,1.1,1.1,913,1215,1452,2.3,2.3,2.3
LGA48340,37,38,42,553,758,975,357,418,471,81,101,130,866,1057,1131,1.1,1.1,1.1,711,824,884,2.5,2.5,2.4
LGA48410,38,38,38,778,1134,1690,334,426,543,117,160,247,845,1114,1359,1.1,1.1,1.1,627,806,1015,2.1,2.2,2.3
LGA48540,35,37,38,566,737,1300,283,374,483,81,105,150,760,1041,1276,1.1,1.1,1.1,575,767,941,2.3,2.3,2.3
LGA48640,37,39,39,334,480,758,320,389,573,60,69,81,709,972,1262,1.1,1.1,1.1,609,752,965,2.6,2.4,2.4
LGA48750,43,47,51,607,867,1120,291,353,444,100,140,190,656,795,946,1.1,1.1,1.1,555,664,785,2.4,2.3,2.2
LGA48830,45,49,52,433,650,975,263,329,400,70,100,137,593,746,889,1.1,1.1,1.1,498,610,730,2.3,2.2,2.2
LGA49399,37,43,44,433,390,867,470,635,937,34,37,48,811,1094,1340,1.2,1.1,1.2,720,942,1122,2.5,2.3,2.3
LGA50080,36,39,40,758,1075,1560,318,425,520,125,150,230,741,1061,1269,1.1,1.1,1.1,631,847,1000,2.5,2.5,2.4
LGA50210,33,35,34,671,1040,1850,342,445,610,120,155,290,846,1140,1534,1.1,1.1,1.1,734,989,1307,2.8,2.7,2.7
LGA50250,33,35,37,250,252,954,594,1014,1844,58,38,30,1667,2404,2831,1.1,1.1,1.1,1368,1837,2546,2.9,2.8,2.8
LGA50280,35,37,38,900,1205,1733,372,483,592,150,184,255,766,1082,1327,1.1,1.1,1.1,682,926,1103,2.6,2.5,2.5
LGA50350,37,38,38,800,1097,1842,353,478,631,125,160,300,855,1180,1620,1.1,1.1,1.1,692,953,1274,2.4,2.3,2.4
LGA50420,36,37,37,867,1213,1954,360,487,651,125,165,300,904,1210,1622,1.1,1.1,1.1,699,966,1286,2.3,2.3,2.4
LGA50490,36,37,35,813,1200,2000,335,467,658,125,165,300,777,1116,1556,1.1,1.1,1.1,627,877,1263,2.3,2.2,2.4
LGA50560,43,47,51,433,650,1200,283,339,403,65,83,95,642,778,909,1.1,1.1,1.1,553,645,756,2.4,2.3,2.2
LGA50630,35,39,38,758,1075,2080,453,496,1410,104,120,220,1040,1278,2225,1.1,1.1,1.1,918,1085,1763,2.7,2.6,2.6
LGA50770,39,43,43,500,867,1122,343,398,495,74,70,110,718,1018,1178,1.1,1.1,1.1,584,765,884,2.5,2.4,2.4
LGA50840,38,43,45,650,900,1500,322,401,464,105,125,180,768,1031,1117,1.1,1.1,1.1,629,798,872,2.5,2.3,2.4
LGA50910,37,40,44,394,520,1200,328,433,454,70,80,85,695,933,1055,1.2,1.1,1.1,619,747,877,2.6,2.4,2.4
LGA50980,35,40,40,1200,1714,2600,411,536,711,105,150,200,941,1259,1809,1.3,1.2,1.2,797,1086,1365,2.9,2.7,2.8
LGA51080,33,35,37,489,455,965,308,436,472,55,50,75,689,953,1023,1.1,1.1,1.1,633,891,876,2.8,2.7,2.7
LGA51120,40,43,40,390,476,451,314,452,512,50,68,75,696,1045,1088,1.1,1.0,1.1,580,733,829,2.4,2.3,2.3
LGA51190,34,37,38,800,1083,1647,355,467,588,130,173,250,845,1154,1445,1.1,1.0,1.1,705,961,1146,2.5,2.4,2.3
LGA51260,35,38,39,867,1257,1881,347,466,554,140,180,270,783,1121,1334,1.1,1.1,1.0,673,960,1083,2.6,2.5,2.5
LGA51310,38,39,39,1235,1827,2600,507,665,895,175,230,390,1526,2117,2750,1.1,1.1,1.1,1110,1496,2277,2.5,2.6,2.6
LGA51330,34,34,34,867,1200,1900,364,469,587,140,185,330,981,1274,1719,1.0,1.0,1.1,818,1070,1418,2.7,2.6,2.7
LGA51400,34,34,33,852,1300,1993,376,519,653,120,180,310,961,1344,1783,1.1,1.1,1.1,891,1232,1618,2.9,2.9,2.9
LGA51470,33,37,42,467,433,650,476,637,649,60,55,110,824,1060,1231,1.1,1.1,1.0,728,856,942,2.6,2.4,2.3
LGA51540,40,43,47,650,867,1517,341,417,519,90,120,165,840,1093,1372,1.2,1.2,1.2,652,789,942,2.7,2.5,2.5
LGA51610,38,41,43,650,1372,1500,321,453,559,15,50,160,768,1003,1413,1.1,1.1,1.1,680,921,1069,2.7,2.6,2.6
LGA51680,37,40,41,867,1200,2000,327,435,559,100,120,200,834,1165,1577,1.1,1.1,1.1,735,1068,1359,2.7,2.7,2.7
LGA51750,40,41,41,1408,1733,2700,461,567,801,170,220,390,1457,2038,2612,1.1,1.1,1.1,943,1222,1782,2.2,2.2,2.3
LGA51820,32,34,34,867,1300,2015,367,494,680,130,180,330,935,1279,1820,1.1,1.0,1.0,809,1112,1549,2.8,2.7,2.7
LGA51890,35,37,39,585,900,1586,284,392,663,90,125,200,836,1179,1695,1.1,1.1,1.1,665,964,1354,2.6,2.6,2.5
LGA51960,29,31,32,693,700,1300,541,780,991,100,130,180,1269,1661,2177,1.2,1.1,1.1,1158,1419,1795,2.9,2.7,2.6
LGA52030,36,41,46,650,867,1400,356,454,487,46,100,140,793,1117,1125,1.1,1.1,1.1,719,910,914,2.6,2.4,2.2
LGA52100,38,40,46,477,650,693,322,484,545,60,61,100,679,1085,1113,1.1,1.1,1.1,588,876,897,2.4,2.3,2.2
LGA52170,38,39,40,1640,2167,3000,579,775,1006,225,313,450,1650,2396,2799,1.1,1.1,1.1,1138,1746,2401,2.3,2.4,2.5
LGA52240,37,39,40,600,625,860,332,460,490,46,66,80,710,990,1031,1.1,1.1,1.1,582,821,843,2.5,2.4,2.4
LGA52310,39,41,43,531,775,1000,302,425,467,50,50,116,682,982,991,1.1,1.1,1.1,568,815,900,2.5,2.5,2.4
LGA52380,40,46,55,317,350,217,623,403,446,47,60,100,745,781,840,1.3,1.3,1.2,542,616,692,2.5,3.0,2.0
LGA52450,34,37,37,450,650,997,317,406,497,65,75,114,712,952,1239,1.1,1.1,1.1,626,761,954,2.7,2.3,2.4
LGA52520,31,36,39,500,558,953,399,514,682,56,81,100,840,1123,1488,1.1,1.1,1.1,734,964,1167,2.8,2.7,2.5
LGA52590,39,42,44,800,1000,1500,359,496,594,100,120,200,721,1057,1283,1.1,1.1,1.1,643,875,993,2.5,2.5,2.3
LGA52660,31,34,35,858,1127,1900,385,490,638,145,200,290,985,1247,1697,1.1,1.1,1.0,904,1142,1506,2.9,2.8,2.7
LGA52730,39,44,46,676,1000,1359,278,360,461,120,145,210,595,834,1042,1.1,1.1,1.1,521,665,858,2.5,2.3,2.3
LGA52800,29,32,34,780,907,1733,293,384,601,63,66,67,656,790,1048,1.5,1.4,1.3,766,900,1215,3.5,3.3,3.2
LGA52870,37,41,44,700,1050,1404,319,419,490,100,130,185,745,1099,1278,1.1,1.1,1.1,643,879,996,2.7,2.5,2.5
LGA52940,35,37,42,433,800,650,331,435,516,65,60,90,707,1050,1023,1.1,1.1,1.1,607,760,843,2.5,2.5,2.3
LGA53010,38,41,40,407,382,813,318,466,503,50,40,80,650,945,958,1.1,1.1,1.1,558,751,810,2.5,2.3,2.3
LGA53080,37,40,42,347,402,655,443,729,838,50,68,100,990,1096,1555,1.1,1.1,1.1,817,903,1104,2.3,2.2,2.3
LGA53150,38,39,42,1200,1517,2200,453,611,832,155,200,350,1255,1771,2530,1.1,1.1,1.1,922,1276,1838,2.4,2.5,2.5
LGA53220,33,35,35,332,373,358,735,1248,1830,55,53,70,1337,1996,2756,1.2,1.2,1.2,1179,1758,2593,2.9,3.1,3.1
LGA53290,34,36,38,737,1000,1517,342,450,576,100,126,180,800,1094,1401,1.1,1.1,1.1,685,920,1129,2.6,2.6,2.5
LGA53360,46,50,53,800,1235,2167,356,458,584,125,158,294,902,1195,1719,1.1,1.1,1.1,685,948,1104,2.4,2.3,2.4
LGA53430,39,41,41,975,1400,2167,342,482,666,135,180,300,908,1277,1863,1.1,1.1,1.1,671,961,1286,2.2,2.2,2.2
LGA53520,33,35,36,740,1010,1647,334,455,589,108,140,230,816,1137,1492,1.1,1.1,1.1,687,956,1213,2.6,2.6,2.6
LGA53570,39,43,44,750,1021,1603,303,390,463,110,130,200,696,992,1123,1.1,1.1,1.1,590,838,942,2.5,2.5,2.5
LGA53640,32,34,37,520,544,650,323,445,613,45,74,70,732,1039,1307,1.1,1.1,1.1,642,877,986,2.7,2.6,2.5
LGA53710,37,41,41,600,672,1000,290,420,486,60,72,100,671,996,1042,1.1,1.1,1.1,542,802,856,2.5,2.4,2.5
LGA53780,32,33,33,758,1100,1800,364,479,614,130,175,310,897,1184,1561,1.1,1.1,1.1,792,1055,1369,2.8,2.7,2.8
LGA53920,26,30,30,300,174,175,194,248,367,20,30,50,449,604,755,2.1,1.7,1.6,691,716,989,4.5,3.6,3.7
LGA53990,33,36,36,867,1138,1842,363,473,598,122,160,260,962,1259,1683,1.1,1.1,1.1,853,1147,1464,2.9,2.8,2.7
LGA54060,38,42,44,802,1092,1700,306,424,502,100,125,200,729,1073,1283,1.1,1.1,1.1,607,865,1001,2.5,2.4,2.4
LGA54130,35,38,40,542,800,1000,272,509,620,60,70,100,552,1033,1191,1.1,1.1,1.1,516,885,973,2.6,2.4,2.4
LGA54170,34,36,38,900,1300,2000,428,556,706,165,220,370,1132,1479,2036,1.0,1.0,1.0,1026,1313,1775,2.9,2.8,2.8
LGA54200,36,37,38,845,1200,1989,382,516,670,140,180,320,996,1310,1779,1.1,1.0,1.0,877,1162,1515,2.8,2.7,2.7
LGA54280,30,31,31,1000,1200,1950,521,699,888,131,165,260,1265,1683,2280,1.1,1.1,1.1,1106,1435,1933,2.7,2.7,2.7
LGA54340,32,34,36,563,650,1213,372,462,534,80,100,140,785,1057,1149,1.1,1.1,1.1,694,871,959,2.6,2.6,2.6
LGA54410,39,42,44,498,571,737,277,336,386,60,65,100,639,841,1027,1.1,1.1,1.1,524,649,808,2.4,2.5,2.5
LGA54480,35,35,40,651,867,758,286,479,611,50,58,75,581,1129,1083,1.1,1.1,1.0,527,947,1027,2.7,2.5,2.6
LGA54550,35,38,41,632,650,932,357,485,520,65,80,105,733,1074,1158,1.1,1.0,1.1,648,917,960,2.6,2.5,2.4
LGA54620,35,35,38,500,694,823,322,542,758,58,80,100,640,1058,992,1.1,1.1,1.1,594,896,902,2.6,2.6,2.4
LGA54690,38,41,42,563,575,379,343,404,495,60,50,85,705,759,859,1.1,1.0,1.0,596,806,895,2.4,2.3,2.5
LGA54760,37,38,40,314,433,520,303,505,530,49,64,84,682,1130,1130,1.1,1.1,1.1,587,974,921,2.5,2.5,2.4
LGA54830,32,33,31,640,1083,1800,300,436,592,110,150,260,734,1058,1451,1.1,1.1,1.1,644,891,1248,2.7,2.6,2.7
LGA54900,36,38,40,510,672,950,333,554,644,55,68,91,702,1114,1302,1.1,1.1,1.0,605,910,1027,2.5,2.4,2.3
LGA54970,34,38,38,486,589,953,1010,1377,1622,40,54,70,641,837,793,1.4,1.2,1.3,624,769,910,2.9,2.6,2.5
LGA55040,33,34,35,758,650,800,1061,1292,1726,36,0,0,1379,1706,2200,1.2,1.1,1.1,1128,1336,1762,2.7,2.7,2.7
LGA55110,39,42,41,781,1200,1950,287,382,483,125,170,270,702,1042,1254,1.1,1.0,1.0,586,812,982,2.5,2.4,2.4
LGA55180,35,38,41,650,867,1300,361,414,490,86,100,150,779,1004,1122,1.1,1.1,1.1,671,800,907,2.7,2.6,2.4
LGA55250,32,34,38,433,325,442,644,834,1252,50,62,80,927,1100,1097,1.2,1.2,1.2,860,910,1046,2.9,3.0,2.5
LGA55320,38,39,40,1000,1408,2167,403,522,681,160,200,350,1143,1525,2130,1.0,1.0,1.0,908,1188,1612,2.6,2.6,2.6
LGA55390,35,40,40,0,0,2813,594,312,394,30,35,79,419,574,700,1.7,1.3,1.5,475,591,885,2.8,2.5,3.1
LGA55460,33,37,37,520,700,1144,362,497,601,79,90,130,843,1132,1458,1.1,1.1,1.1,692,931,1126,2.6,2.4,2.4
LGA55530,34,36,38,488,672,309,365,488,687,60,50,100,804,746,1399,1.1,1.1,1.1,675,716,991,2.7,2.5,2.4
LGA55600,33,36,37,525,650,919,370,505,582,73,94,125,819,1153,1361,1.1,1.1,1.1,724,1034,1200,2.7,2.5,2.5
LGA55670,32,36,37,370,368,850,291,364,593,70,60,120,731,1013,1256,1.1,1.1,1.1,642,797,1014,2.6,2.5,2.6
LGA55740,37,38,38,1300,1896,2582,380,523,732,110,160,280,1298,1847,2555,1.1,1.1,1.1,713,1091,1489,2.2,2.3,2.3
LGA55810,33,37,40,390,455,650,634,691,794,55,64,130,935,1171,885,1.2,1.1,1.3,936,942,980,2.8,2.6,2.5
LGA55880,34,36,38,443,823,860,326,468,621,40,45,60,704,1066,1275,1.1,1.1,1.0,637,736,992,2.6,2.6,2.5
LGA55950,34,39,44,430,432,530,366,474,542,54,60,53,727,915,1312,1.1,1.1,1.1,659,823,1008,2.5,2.4,2.3
LGA56020,29,33,40,381,500,600,346,568,795,47,60,83,822,1072,1220,1.2,1.1,1.1,688,967,942,2.9,2.7,2.5
LGA56090,36,38,40,867,1200,1842,377,492,629,130,170,300,989,1313,1779,1.1,1.1,1.1,871,1151,1523,2.8,2.7,2.7
LGA56160,25,41,42,0,0,6100,290,562,633,21,0,45,574,1083,1187,1.3,1.1,1.2,509,1145,875,3.9,1.8,2.6
LGA56230,40,42,42,759,1166,1950,284,379,484,100,140,250,725,1072,1325,1.1,1.1,1.1,613,871,1062,2.5,2.5,2.5
LGA56300,40,44,48,650,867,1620,297,408,461,80,92,130,614,979,984,1.1,1.1,1.1,533,747,832,2.4,2.3,2.3
LGA56370,38,39,44,433,503,650,368,472,537,54,56,100,719,1012,1181,1.1,1.1,1.1,637,884,962,2.5,2.4,2.3
LGA56450,33,35,37,867,1192,1001,319,441,544,50,0,100,850,1281,1423,1.1,1.1,1.1,770,1125,1286,2.8,2.7,2.7
LGA56520,31,34,37,579,745,1300,327,424,509,87,110,161,805,1093,1181,1.1,1.1,1.1,678,886,960,2.5,2.4,2.4
LGA56580,40,41,41,1600,2050,3000,471,609,773,200,249,430,1624,2443,2779,1.1,1.1,1.1,1199,1658,2477,2.7,2.7,2.8
LGA56620,27,28,29,0,0,0,167,200,284,30,10,21,406,510,595,1.9,1.6,1.4,728,869,981,4.7,3.9,3.4
LGA56730,35,38,39,607,849,1300,311,374,504,93,120,180,752,1013,1242,1.1,1.1,1.1,624,775,994,2.6,2.5,2.5
LGA56790,44,48,52,650,1000,1500,283,368,419,110,140,190,609,835,936,1.1,1.1,1.1,555,719,788,2.5,2.4,2.3
LGA56860,38,38,46,307,600,1350,280,375,403,50,75,50,636,933,866,1.1,1.2,1.1,566,724,827,2.6,2.6,2.3
LGA56930,35,36,40,2084,3467,2167,562,751,1011,231,330,300,1918,2880,2912,1.0,1.0,1.0,1582,2549,2673,2.8,2.8,2.8
LGA57000,34,39,39,366,385,867,373,426,1677,40,0,100,760,900,1471,1.1,1.1,1.1,650,779,1086,2.7,2.6,2.5
LGA57080,37,37,35,1486,1755,2496,476,730,1109,165,260,450,1231,1838,2448,1.1,1.1,1.2,728,1150,1860,1.7,1.7,1.8
LGA57140,38,43,45,450,611,1083,254,351,407,69,75,125,575,797,910,1.1,1.1,1.1,497,635,763,2.6,2.4,2.4
LGA57210,37,40,42,607,826,1300,317,394,460,80,110,160,692,934,1093,1.1,1.1,1.1,589,761,879,2.6,2.5,2.4
LGA57280,30,33,34,700,1083,2600,566,824,1497,90,120,120,1458,2060,2944,1.2,1.2,1.2,1211,1726,2747,2.8,2.7,2.8
LGA57350,38,43,48,433,600,738,340,407,492,65,59,75,700,914,1010,1.1,1.1,1.1,608,765,856,2.5,2.4,2.3
LGA57420,37,39,38,542,838,1175,328,1197,877,75,124,231,683,1228,1593,1.2,1.2,1.1,593,1132,1342,2.5,2.5,2.4
LGA57490,33,35,34,800,1213,2000,323,451,605,130,170,300,832,1185,1656,1.1,1.0,1.0,719,1040,1406,2.7,2.7,2.7
LGA57560,31,33,36,800,1600,3000,558,862,1642,85,100,120,1492,2235,2952,1.2,1.2,1.2,1239,1890,2745,2.9,2.9,2.9
LGA57630,42,41,56,0,1175,2000,855,729,514,30,0,0,549,1208,2449,1.1,1.1,1.1,559,1031,919,2.7,2.1,2.0
LGA57700,35,37,35,914,1343,2167,385,500,648,120,155,309,990,1332,1763,1.1,1.1,1.1,921,1240,1634,3.0,3.0,3.0
LGA57770,51,54,57,867,784,737,334,430,512,100,114,150,758,1062,1312,1.2,1.1,1.1,591,844,941,2.3,2.1,2.1
LGA57840,35,36,36,1100,1517,2200,439,572,771,155,200,340,1143,1623,2259,1.1,1.1,1.1,824,1141,1605,2.1,2.2,2.3
LGA57910,36,37,36,867,1300,2000,374,509,678,135,170,310,924,1275,1783,1.1,1.1,1.1,717,999,1350,2.3,2.3,2.4
LGA57980,33,35,35,1300,1733,2214,463,619,808,150,200,360,1436,1982,2565,1.1,1.1,1.1,872,1184,1602,2.0,2.0,2.1
LGA58050,31,33,34,839,1200,1950,372,484,641,125,175,315,912,1206,1648,1.1,1.1,1.1,812,1090,1438,2.9,2.8,2.8
LGA58190,36,36,39,442,483,272,303,390,496,41,30,85,681,969,972,1.1,1.0,1.1,610,715,977,2.6,2.7,2.5
LGA58260,37,37,39,407,500,532,395,510,573,55,60,82,848,1110,1125,1.1,1.1,1.1,688,903,1005,2.4,2.5,2.3
LGA58330,39,43,47,800,1040,1517,294,394,481,100,140,229,700,1047,1275,1.1,1.1,1.1,594,833,1008,2.6,2.5,2.4
LGA58400,39,44,45,278,390,498,312,475,521,40,60,75,629,1055,1166,1.0,1.1,1.1,512,825,764,2.3,2.5,2.3
LGA58470,33,38,36,1000,5800,0,282,402,505,25,25,50,614,742,650,1.4,1.4,1.4,768,926,939,3.5,3.4,3.2
LGA58510,34,35,34,900,1343,2167,362,506,692,134,170,310,917,1240,1844,1.1,1.1,1.1,649,925,1357,2.0,2.0,2.2
LGA58540,35,40,40,544,433,477,352,469,520,0,58,58,721,1092,1238,1.1,1.1,1.1,643,876,895,2.6,2.4,2.4
LGA58570,34,35,34,1100,1555,2300,420,606,848,160,205,355,1100,1593,2309,1.1,1.1,1.1,806,1153,1685,2.1,2.1,2.2
LGA58610,37,41,43,542,618,927,306,423,467,69,80,108,708,1015,1127,1.1,1.1,1.1,559,809,819,2.4,2.4,2.3
LGA58680,37,42,44,0,867,1647,346,515,707,0,50,220,724,1008,1559,1.1,1.1,1.2,650,866,1258,2.6,2.4,2.6
LGA58760,31,32,32,823,1300,2104,357,484,642,135,190,350,878,1205,1691,1.1,1.1,1.1,795,1105,1509,2.9,2.9,2.9
LGA58820,36,39,40,729,1109,1517,302,386,492,100,130,200,812,1153,1422,1.1,1.1,1.1,706,945,1127,2.6,2.6,2.5
LGA58890,38,40,44,496,612,712,336,456,479,30,42,70,661,993,962,1.1,1.1,1.1,593,788,904,2.4,2.4,2.4
LGA59030,38,32,43,260,1300,1439,369,521,900,0,20,46,650,1187,1292,1.1,1.0,1.1,500,1174,1271,2.5,2.6,2.3
LGA59100,39,39,42,377,742,606,268,366,508,50,50,120,539,934,911,1.1,1.0,1.1,477,668,773,2.4,2.5,2.4
LGA59170,38,43,42,462,720,1083,406,554,633,47,60,115,825,1184,1289,1.1,1.1,1.1,697,1036,1052,2.6,2.4,2.3
LGA59250,34,36,36,418,700,190,1036,1382,1787,0,30,25,680,844,885,1.6,1.5,1.5,522,1042,1242,2.7,3.8,3.6
LGA59310,34,37,37,477,600,975,413,545,656,63,80,100,835,1137,1423,1.1,1.1,1.1,722,997,1134,2.5,2.4,2.4
LGA59320,34,35,40,593,641,534,305,468,531,0,0,92,617,1081,963,1.1,1.1,1.1,559,949,936,2.7,2.7,2.5
LGA59330,37,40,45,433,433,585,359,412,421,50,70,124,676,838,893,1.1,1.1,1.1,623,668,760,2.5,2.3,2.1
LGA59340,35,38,39,914,1300,2167,455,573,781,75,80,125,896,1213,1718,1.4,1.3,1.3,815,1112,1393,3.0,3.0,2.7
LGA59350,36,39,37,0,215,0,943,1199,1636,48,0,0,549,1018,1375,1.1,1.2,1.2,505,685,1042,2.4,2.4,3.2
LGA59360,33,38,38,623,650,867,552,706,1229,41,57,100,1071,1202,1434,1.1,1.1,1.1,936,1021,1144,2.7,2.6,2.4
LGA59370,40,45,47,650,921,1404,290,392,470,100,120,200,694,1035,1156,1.1,1.1,1.1,583,785,913,2.5,2.3,2.4
LGA59399,43,41,40,0,0,0,1203,1679,2000,0,0,0,0,0,0,0,0,0,0,0,500,0,0,0
LGA60210,43,46,49,515,650,953,239,298,371,85,120,165,540,678,831,1.1,1.1,1.1,444,556,657,2.3,2.2,2.1
LGA60410,29,31,32,635,904,1300,287,375,484,76,117,185,682,929,1083,1.1,1.1,1.1,591,805,957,2.8,2.8,2.7
LGA60610,35,37,38,520,780,1148,284,368,451,90,120,175,718,947,1080,1.1,1.1,1.1,578,736,855,2.4,2.4,2.4
LGA60810,38,41,42,563,800,1235,280,363,450,100,120,180,698,975,1108,1.1,1.1,1.1,569,744,867,2.5,2.4,2.4
LGA61010,39,43,45,450,600,832,274,333,382,50,50,80,624,713,866,1.1,1.1,1.1,524,608,718,2.5,2.3,2.3
LGA61210,34,36,38,520,754,1092,329,432,515,75,95,125,747,1018,1156,1.1,1.1,1.1,628,820,943,2.6,2.5,2.5
LGA61410,38,39,40,650,975,1500,351,459,576,110,150,236,860,1139,1400,1.1,1.1,1.1,708,946,1118,2.5,2.5,2.4
LGA61510,36,38,40,542,780,1200,285,359,429,90,124,185,723,924,1080,1.1,1.1,1.1,604,734,868,2.6,2.6,2.5
LGA61610,37,39,40,542,867,1257,292,371,457,100,130,189,685,914,1048,1.1,1.1,1.1,559,707,834,2.4,2.4,2.4
LGA61810,37,41,44,600,700,997,303,359,396,80,100,140,711,845,922,1.1,1.1,1.1,586,670,733,2.5,2.4,2.3
LGA62010,42,48,53,528,693,1000,327,442,476,51,70,75,784,1052,963,1.1,1.1,1.0,638,779,832,2.4,2.1,1.9
LGA62210,36,39,41,505,715,1200,273,332,394,82,111,170,677,853,972,1.1,1.1,1.1,548,686,797,2.5,2.5,2.4
LGA62410,43,47,50,542,704,1096,282,363,436,90,120,160,635,834,908,1.1,1.1,1.1,531,658,754,2.2,2.2,2.1
LGA62610,37,38,38,585,867,1322,296,385,487,105,140,215,719,986,1126,1.1,1.1,1.1,563,729,868,2.4,2.3,2.3
LGA62810,36,37,38,791,1127,1700,399,525,640,125,180,265,1053,1386,1782,1.1,1.1,1.1,750,1041,1256,2.2,2.3,2.3
LGA63010,36,39,41,559,780,1192,285,348,439,100,130,195,675,874,1058,1.1,1.1,1.1,578,719,864,2.7,2.6,2.5
LGA63210,36,39,42,520,719,1116,268,345,402,85,110,160,624,843,962,1.1,1.1,1.1,539,727,811,2.7,2.6,2.5
LGA63410,39,40,44,500,700,867,417,506,623,80,100,110,840,1097,1357,1.1,1.1,1.1,688,933,964,2.4,2.3,2.1
LGA63610,37,38,39,693,1040,1517,380,474,594,125,180,273,939,1196,1473,1.1,1.1,1.1,791,1038,1204,2.7,2.6,2.5
LGA63810,38,41,43,600,867,1300,294,383,475,100,135,195,727,1017,1136,1.1,1.1,1.1,608,801,921,2.5,2.5,2.4
LGA64010,35,36,37,563,867,1300,307,393,481,105,140,200,745,1014,1175,1.1,1.1,1.1,586,758,905,2.3,2.4,2.3
LGA64210,36,39,42,650,910,1300,324,400,478,100,130,200,768,1037,1175,1.1,1.1,1.1,647,810,921,2.6,2.5,2.4
LGA64610,37,39,42,553,867,1246,310,391,472,80,104,150,749,1009,1137,1.1,1.1,1.1,631,789,908,2.6,2.5,2.4
LGA64810,36,39,40,600,867,1257,314,395,513,105,150,230,729,986,1184,1.1,1.1,1.1,611,777,946,2.5,2.5,2.4
LGA65010,36,39,42,600,693,1188,279,367,425,75,80,115,668,942,1036,1.1,1.1,1.1,569,762,864,2.7,2.6,2.5
LGA65210,41,47,49,536,650,921,261,307,375,80,100,160,560,647,784,1.1,1.1,1.1,478,568,691,2.3,2.2,2.1
LGA65410,37,40,43,542,780,1157,278,357,432,90,110,170,683,954,1070,1.1,1.1,1.1,552,726,845,2.5,2.5,2.4
LGA65610,34,37,39,433,526,769,319,379,567,60,90,120,847,1006,1284,1.1,1.1,1.1,741,778,1045,2.4,2.3,2.2
LGA65810,37,40,42,650,932,1311,325,412,517,115,150,220,820,1089,1286,1.1,1.1,1.1,698,909,1027,2.6,2.6,2.5
LGA69399,45,39,47,0,0,0,519,1207,1168,0,0,0,0,0,0,0,0,0,0,0,0,0,0,0
LGA70200,32,34,35,953,1289,1950,523,640,832,150,175,300,1198,1504,1974,1.2,1.2,1.2,1011,1235,1636,2.7,2.6,2.6
LGA70420,28,29,30,650,650,967,224,247,353,50,50,50,538,634,763,1.7,1.6,1.6,705,889,1122,3.8,3.8,3.5
LGA70540,27,24,28,0,0,0,191,214,288,60,55,80,628,643,766,1.9,1.8,1.9,711,749,1028,5.1,4.3,4.3
LGA70620,26,27,29,564,1000,0,187,237,296,20,20,20,409,595,625,2.1,2.1,1.7,754,903,1056,5.1,4.9,4.3
LGA70700,37,43,46,817,758,1333,385,390,536,100,120,104,780,923,1066,1.4,1.3,1.2,688,859,877,2.5,2.5,2.2
LGA71000,33,35,35,1040,1330,2167,529,667,875,160,200,360,1199,1528,2063,1.1,1.1,1.2,1019,1266,1776,2.6,2.5,2.6
LGA71300,22,24,25,217,672,108,181,202,266,30,30,40,461,577,728,2.5,2.4,2.0,971,997,1420,6.5,6.3,5.3
LGA72200,31,34,36,867,1083,1733,455,571,706,104,130,200,1098,1344,1759,1.2,1.2,1.2,923,1096,1424,2.9,2.8,2.8
LGA72300,34,38,39,1000,1300,2167,508,618,792,140,160,300,1108,1470,2010,1.3,1.3,1.2,913,1235,1641,2.8,2.8,2.8
LGA72330,26,27,30,1125,1478,1625,189,224,281,24,30,25,469,575,571,2.0,1.9,1.7,712,854,1019,4.7,4.6,4.0
LGA72800,27,28,28,983,1300,2167,520,656,886,140,188,365,1100,1415,2009,1.1,1.1,1.1,1001,1265,1804,2.9,2.8,2.9
LGA73600,28,29,30,2000,2461,823,190,238,325,30,30,50,433,585,727,2.1,2.0,1.9,686,863,1017,4.8,4.7,4.3
LGA74050,24,26,28,0,0,542,177,212,254,40,40,40,452,551,589,1.7,1.6,1.6,569,665,773,4.5,4.0,4.0
LGA74500,25,24,26,1408,370,867,195,234,296,30,30,40,474,591,650,2.1,2.0,1.8,714,872,997,4.6,4.8,4.1
LGA74560,43,49,49,1100,988,2100,363,608,795,75,175,175,722,1267,1922,1.4,1.2,1.3,623,1020,1307,2.2,2.1,2.0
LGA74660,28,29,29,943,1344,108,198,260,410,35,30,60,590,705,997,1.9,2.0,1.8,970,1204,1607,4.4,4.6,4.2
LGA79399,32,36,37,607,1000,1300,719,901,1021,35,50,26,1540,2040,2513,1.2,1.2,1.2,1162,1457,1852,2.6,2.6,2.6
LGA89399,32,34,34,953,1500,2167,543,722,916,165,260,380,1311,1764,2277,1.1,1.1,1.1,1103,1450,1916,2.6,2.6,2.6
LGA99399,32,36,33,942,1086,867,461,596,979,103,110,92,898,1235,1753,1.3,1.3,1.2,898,1185,1703,3.2,2.9,2.9
