region_id,M_Emp_Worked_FT_A_15_24_y,M_Emp_Worked_FT_A_25_34_y,M_Emp_Worked_FT_A_35_44_y,M_Emp_Worked_FT_A_45_54_y,M_Emp_Worked_FT_A_55_64_y,M_Emp_Worked_FT_A_65_and_over,M_Emp_Worked_FT_Tot,M_Emp_Worked_PT_A_15_24_y,M_Emp_Worked_PT_A_25_34_y,M_Emp_Worked_PT_A_35_44_y,M_Emp_Worked_PT_A_45_54_y,M_Emp_Worked_PT_A_55_64_y,M_Emp_Worked_PT_A_65_and_over,M_Emp_Worked_PT_Tot,M_EAfW_A_15_24_y,M_EAfW_A_25_34_y,M_EAfW_A_35_44_y,M_EAfW_A_45_54_y,M_EAfW_A_55_64_y,M_EAfW_A_65_over,M_EAfW_Tot,M_Emp_Tot_Age_15_24_y,M_Emp_Tot_Age_25_34_y,M_Emp_Tot_Age_35_44_y,M_Emp_Tot_Age_45_54_y,M_Emp_Tot_Age_55_64_y,M_Emp_Tot_A_65_over,M_Emp_Tot_Tot,M_Unemp_A_15_24_y,M_Unemp_A_25_34_y,M_Unemp_A_35_44_y,M_Unemp_A_45_54_y,M_Unemp_A_55_64_y,M_Unemp_A_65_over,M_Unemp_Tot,M_Tot_LF_Ag_15_24_y,M_Tot_LF_Ag_25_34_y,M_Tot_LF_Ag_35_44_y,M_Tot_LF_Ag_45_54_y,M_Tot_LF_Ag_55_64_y,M_Tot_LF_Ag_65_and_over,M_Tot_LF_Tot,M_Not_in_LF_Age_15_24_y,M_Not_in_LF_Age_25_34_y,M_Not_in_LF_Age_35_44_y,M_Not_in_LF_Age_45_54_y,M_Not_in_LF_Age_55_64_y,M_Not_in_LF_A_65and_over,M_Not_In_LF_Tot,M_LF_stat_NS_A_15_24_y,M_LF_stat_NS_A_25_34_y,M_LF_stat_NS_A_35_44_y,M_LF_stat_NS_A_45_54_y,M_LF_stat_NS_A_55_64_y,M_LF_stat_NS_A_65and_over,M_LF_status_NS_Tot,M_Tot_Age_15_24_y,M_Tot_Age_25_34_y,M_Tot_Age_35_44_y,M_Tot_Age_45_54_y,M_Tot_Age_55_64_y,M_Tot_A_65_and_over,M_Tot_Tot,F_Emp_Worked_FT_Age_15_24_y,F_Emp_Worked_FT_Age_25_34_y,F_Emp_Worked_FT_Age_35_44_y,F_Emp_Worked_FT_Age_45_54_y,F_Emp_Worked_FT_Age_55_64_y,F_Emp_Worked_FT_A_65_and_over,F_Emp_Worked_FT_Tot,F_Emp_Worked_PT_Age_15_24_y,F_Emp_Worked_PT_Age_25_34_y,F_Emp_Worked_PT_Age_35_44_y,F_Emp_Worked_PT_Age_45_54_y,F_Emp_Worked_PT_Age_55_64_y,F_Emp_Worked_PT_A_65_and_over,F_Emp_Worked_PT_Tot,F_EAfW_A_15_24_y,F_EAfW_A_25_34_y,F_EAfW_A_35_44_y,F_EAfW_A_45_54_y,F_EAfW_A_55_64_y,F_EAfW_A_65_and_over,F_EAfW_Tot,F_Emp_Tot_A_15_24_y,F_Emp_Tot_A_25_34_y,F_Emp_Tot_A_35_44_y,F_Emp_Tot_A_45_54_y,F_Emp_Tot_A_55_64_y,F_Emp_Tot_A_65_and_over,F_Emp_Tot_Tot,F_Unemp_A_15_24_y,F_Unemp_A_25_34_y,F_Unemp_A_35_44_y,F_Unemp_A_45_54_y,F_Unemp_A_55_64_y,F_Unemp_A_65_and_over,F_Unemp_Tot,F_Tot_LF_A_15_24_y,F_Tot_LF_A_25_34_y,F_Tot_LF_A_35_44_y,F_Tot_LF_A_45_54_y,F_Tot_LF_A_55_64_y,F_Tot_LF_A_65_and_over,F_Tot_LF_Tot,F_Not_in_LF_A_15_24_y,F_Not_in_LF_A_25_34_y,F_Not_in_LF_A_35_44_y,F_Not_in_LF_A_45_54_y,F_Not_in_LF_A_55_64_y,F_Not_in_LF_A_65and_over,F_Not_In_LF_Tot,F_LF_stat_NS_A_15_24_y,F_LF_stat_NS_A_25_34_y,F_LF_stat_NS_A_35_44_y,F_LF_stat_NS_A_45_54_y,F_LF_stat_NS_A_55_64_y,F_LF_stat_NS_A_65over,F_LF_status_NS_Tot,F_Tot_A_15_24_y,F_Tot_A_25_34_y,F_Tot_A_35_44_y,F_Tot_A_45_54_y,F_Tot_A_55_64_y,F_Tot_A_65_over,F_Tot_Tot,P_Emp_Worked_FT_A_15_24_y,P_Emp_Worked_FT_A_25_34_y,P_Emp_Worked_FT_A_35_44_y,P_Emp_Worked_FT_A_45_54_y,P_Emp_Worked_FT_A_55_64_y,P_Emp_Worked_FT_A_65_over,P_Emp_Worked_FT_Tot,P_Emp_Worked_PT_A_15_24_y,P_Emp_Worked_PT_A_25_34_y,P_Emp_Worked_PT_A_35_44_y,P_Emp_Worked_PT_A_45_54_y,P_Emp_Worked_PT_A_55_64_y,P_Emp_Worked_PT_A_65_over,P_Emp_Worked_PT_Tot,P_Emp_Awa_fr_wk_A_15_24_y,P_Emp_Awa_fro_wk_A_25_34_y,P_Emp_Awa_fr_wk_A_35_44_y,P_Emp_Awa_fr_wk_A_45_54_y,P_Emp_Awa_fr_wk_A_55_64_y,P_Emp_Awa_fr_wk_Ag_65_over,P_Emp_Awa_froP_wk_Tot,P_Emp_Tot_A_15_24_y,P_Emp_Tot_A_25_34_y,P_Emp_Tot_A_35_44_y,P_Emp_Tot_A_45_54_y,P_Emp_Tot_A_55_64_y,P_Emp_Tot_A_65_over,P_Emp_Tot_Tot,P_Unemp_A_15_24_y,P_Unemp_A_25_34_y,P_Unemp_A_35_44_y,P_Unemp_A_45_54_y,P_Unemp_A_55_64_y,P_Unemp_A_65_and_over,P_Unemp_Tot,P_Tot_LF_Ag_15_24_y,P_Tot_LF_Ag_25_34_y,P_Tot_LF_Ag_35_44_y,P_Tot_LF_Ag_45_54_y,P_Tot_LF_Ag_55_64_y,P_Tot_LF_Ag_65_and_over,P_Tot_LF_Tot,P_Not_in_LF_Age_15_24_y,P_Not_in_LF_Age_25_34_y,P_Not_in_LF_Age_35_44_y,P_Not_in_LF_Age_45_54_y,P_Not_in_LF_Age_55_64_y,P_Not_in_LF_A_65and_over,P_Not_In_LF_Tot,P_LF_stat_NS_A_15_24_y,P_LF_stat_NS_A_25_34_y,P_LF_stat_NS_A_35_44_y,P_LF_stat_NS_A_45_54_y,P_LF_stat_NS_A_55_64_y,P_LF_stat_NS_A_65and_over,P_LF_status_NS_Tot,P_Tot_Age_15_24_y,P_Tot_Age_25_34_y,P_Tot_Age_35_44_y,P_Tot_Age_45_54_y,P_Tot_Age_55_64_y,P_Tot_A_65_and_over,P_Tot_Tot
LGA10050,24,27,17,16,9,0,93,11,9,3,3,0,0,26,3,4,4,0,0,3,14,38,40,24,19,9,3,133,16,7,5,4,3,0,35,54,47,29,23,12,3,168,57,12,14,18,17,8,126,5,0,0,4,3,3,15,116,59,43,45,32,14,309,11,8,16,11,4,0,50,19,15,9,8,8,3,62,5,0,5,0,0,0,10,35,23,30,19,12,3,122,19,10,3,0,0,0,32,54,33,33,19,12,3,154,55,42,27,26,14,13,177,7,6,0,0,4,5,22,116,81,60,45,30,21,353,35,35,33,27,13,0,143,30,24,12,11,8,3,88,8,4,9,0,0,3,24,73,63,54,38,21,6,255,35,17,8,4,3,0,67,108,80,62,42,24,6,322,112,54,41,44,31,21,303,12,6,0,4,7,8,37,232,140,103,90,62,35,662
LGA10110,16,20,25,23,10,0,94,15,10,4,8,3,3,43,4,3,0,0,6,0,13,35,33,29,31,19,3,150,18,14,5,4,3,0,44,53,47,34,35,22,3,194,86,17,27,34,17,25,206,3,4,7,4,3,0,21,142,68,68,73,42,28,421,3,15,19,14,10,0,61,29,13,15,14,6,0,77,5,7,4,3,0,0,19,37,35,38,31,16,0,157,23,6,8,7,0,0,44,60,41,46,38,16,0,201,129,62,45,23,34,26,319,5,0,8,0,4,0,17,194,103,99,61,54,26,537,19,35,44,37,20,0,155,44,23,19,22,9,3,120,9,10,4,3,6,0,32,72,68,67,62,35,3,307,41,20,13,11,3,0,88,113,88,80,73,38,3,395,215,79,72,57,51,51,525,8,4,15,4,7,0,38,336,171,167,134,96,54,958
LGA10150,9,16,6,9,0,3,43,3,0,0,4,0,0,7,4,0,0,0,0,0,4,16,16,6,13,0,3,54,0,4,0,0,0,0,4,16,20,6,13,0,3,58,11,0,3,3,5,6,28,3,0,0,0,0,0,3,30,20,9,16,5,9,89,7,6,10,8,3,0,34,9,5,5,0,0,3,22,0,0,0,0,0,0,0,16,11,15,8,3,3,56,0,0,0,0,0,0,0,16,11,15,8,3,3,56,7,7,4,6,4,3,31,0,0,0,0,0,0,0,23,18,19,14,7,6,87,16,22,16,17,3,3,77,12,5,5,4,0,3,29,4,0,0,0,0,0,4,32,27,21,21,3,6,110,0,4,0,0,0,0,4,32,31,21,21,3,6,114,18,7,7,9,9,9,59,3,0,0,0,0,0,3,53,38,28,30,12,15,176
LGA10200,3,13,6,11,0,0,33,3,0,0,0,0,0,3,3,0,4,3,0,0,10,9,13,10,14,0,0,46,3,0,0,0,4,0,7,12,13,10,14,4,0,53,44,57,45,12,7,7,172,0,0,0,4,0,0,4,56,70,55,30,11,7,229,0,10,3,7,4,0,24,3,3,0,3,3,0,12,0,0,3,0,0,0,3,3,13,6,10,7,0,39,7,0,0,0,0,0,7,10,13,6,10,7,0,46,20,34,21,5,9,9,98,0,0,0,3,0,0,3,30,47,27,18,16,9,147,3,23,9,18,4,0,57,6,3,0,3,3,0,15,3,0,7,3,0,0,13,12,26,16,24,7,0,85,10,0,0,0,4,0,14,22,26,16,24,11,0,99,64,91,66,17,16,16,270,0,0,0,7,0,0,7,86,117,82,48,27,16,376
LGA10250,19,19,27,20,6,0,91,9,7,6,6,4,3,35,4,7,0,0,0,0,11,32,33,33,26,10,3,137,16,8,10,4,3,0,41,48,41,43,30,13,3,178,54,18,23,21,20,19,155,7,0,4,3,4,3,21,109,59,70,54,37,25,354,7,3,29,18,5,0,62,22,17,24,20,6,3,92,3,3,8,0,0,0,14,32,23,61,38,11,3,168,19,4,13,5,0,0,41,51,27,74,43,11,3,209,65,28,31,29,30,30,213,3,7,4,3,0,0,17,119,62,109,75,41,33,439,26,22,56,38,11,0,153,31,24,30,26,10,6,127,7,10,8,0,0,0,25,64,56,94,64,21,6,305,35,12,23,9,3,0,82,99,68,117,73,24,6,387,119,46,54,50,50,49,368,10,7,8,6,4,3,38,228,121,179,129,78,58,793
LGA10300,0,6,3,3,6,3,21,3,0,0,0,0,0,3,0,0,0,0,0,0,0,3,6,3,3,6,3,24,3,0,0,0,3,0,6,6,6,3,3,9,3,30,6,0,3,3,3,3,18,0,0,0,0,0,0,0,12,6,6,6,12,6,48,0,0,3,3,0,0,6,3,3,3,3,0,0,12,0,0,0,3,0,0,3,3,3,6,9,0,0,21,3,0,0,0,0,0,3,6,3,6,9,0,0,24,6,7,8,3,0,6,30,0,0,0,0,0,0,0,12,10,14,12,0,6,54,0,6,6,6,6,3,27,6,3,3,3,0,0,15,0,0,0,3,0,0,3,6,9,9,12,6,3,45,6,0,0,0,3,0,9,12,9,9,12,9,3,54,12,7,11,6,3,9,48,0,0,0,0,0,0,0,24,16,20,18,12,12,102
LGA10350,32,28,36,31,22,3,152,22,9,4,10,4,0,49,5,3,4,0,3,3,18,59,40,44,41,29,6,219,14,6,7,3,0,0,30,73,46,51,44,29,6,249,60,12,22,12,19,29,154,9,0,3,3,7,3,25,142,58,76,59,55,38,428,22,19,33,38,10,0,122,31,18,18,17,10,4,98,6,4,0,3,3,0,16,59,41,51,58,23,4,236,13,3,5,3,3,0,27,72,44,56,61,26,4,263,64,41,42,26,36,37,246,0,4,6,3,0,8,21,136,89,104,90,62,49,530,54,47,69,69,32,3,274,53,27,22,27,14,4,147,11,7,4,3,6,3,34,118,81,95,99,52,10,455,27,9,12,6,3,0,57,145,90,107,105,55,10,512,124,53,64,38,55,66,400,9,4,9,6,7,11,46,278,147,180,149,117,87,958
LGA10470,30,37,34,15,12,0,128,22,4,12,3,3,0,44,10,0,3,3,3,0,19,62,41,49,21,18,0,191,20,15,10,0,0,0,45,82,56,59,21,18,0,236,130,79,46,18,14,21,308,6,7,0,4,0,0,17,218,142,105,43,32,21,561,21,20,23,16,7,0,87,37,13,21,10,0,0,81,7,3,3,0,3,0,16,65,36,47,26,10,0,184,21,4,7,6,3,0,41,86,40,54,32,13,0,225,82,47,45,22,27,18,241,3,5,0,0,0,6,14,171,92,99,54,40,24,480,51,57,57,31,19,0,215,59,17,33,13,3,0,125,17,3,6,3,6,0,35,127,77,96,47,28,0,375,41,19,17,6,3,0,86,168,96,113,53,31,0,461,212,126,91,40,41,39,549,9,12,0,4,0,6,31,389,234,204,97,72,45,1041
LGA10550,9,21,16,16,9,3,74,8,3,7,3,4,0,25,0,0,4,0,0,0,4,17,24,27,19,13,3,103,20,5,3,3,0,0,31,37,29,30,22,13,3,134,38,13,16,15,16,15,113,3,3,4,3,3,3,19,78,45,50,40,32,21,266,0,7,10,9,0,0,26,15,11,9,9,0,3,47,0,4,3,4,0,0,11,15,22,22,22,0,3,84,12,3,3,3,3,0,24,27,25,25,25,3,3,108,43,24,17,23,22,17,146,6,3,5,3,3,3,23,76,52,47,51,28,23,277,9,28,26,25,9,3,100,23,14,16,12,4,3,72,0,4,7,4,0,0,15,32,46,49,41,13,6,187,32,8,6,6,3,0,55,64,54,55,47,16,6,242,81,37,33,38,38,32,259,9,6,9,6,6,6,42,154,97,97,91,60,44,543
LGA10600,8,4,10,3,4,3,32,3,3,3,3,3,0,15,3,3,0,3,0,0,9,14,10,13,9,7,3,56,3,0,3,3,3,3,15,17,10,16,12,10,6,71,21,3,4,10,6,4,48,0,3,0,0,3,0,6,38,16,20,22,19,10,125,0,5,3,8,0,0,16,12,3,5,4,3,0,27,0,0,0,3,0,0,3,12,8,8,15,3,0,46,4,0,0,0,0,0,4,16,8,8,15,3,0,50,16,4,9,15,7,11,62,0,0,0,0,0,0,0,32,12,17,30,10,11,112,8,9,13,11,4,3,48,15,6,8,7,6,0,42,3,3,0,6,0,0,12,26,18,21,24,10,3,102,7,0,3,3,3,3,19,33,18,24,27,13,6,121,37,7,13,25,13,15,110,0,3,0,0,3,0,6,70,28,37,52,29,21,237
LGA10650,0,3,6,3,3,0,15,3,3,0,0,0,0,6,0,0,0,3,3,0,6,3,6,6,6,6,0,27,0,0,0,3,0,0,3,3,6,6,9,6,0,30,10,0,0,3,0,3,16,0,3,0,0,0,3,6,13,9,6,12,6,6,52,0,0,0,0,0,0,0,8,0,0,0,0,0,8,0,0,0,0,0,0,0,8,0,0,0,0,0,8,3,3,0,0,0,0,6,11,3,0,0,0,0,14,8,5,4,6,3,3,29,0,0,0,0,0,0,0,19,8,4,6,3,3,43,0,3,6,3,3,0,15,11,3,0,0,0,0,14,0,0,0,3,3,0,6,11,6,6,6,6,0,35,3,3,0,3,0,0,9,14,9,6,9,6,0,44,18,5,4,9,3,6,45,0,3,0,0,0,3,6,32,17,10,18,9,9,95
LGA10750,157,181,172,129,61,4,704,81,49,34,23,8,6,201,34,23,13,18,3,0,91,272,253,219,170,72,10,996,134,45,32,24,3,0,238,406,298,251,194,75,10,1234,421,176,128,99,105,100,1029,33,19,27,14,11,13,117,860,493,406,307,191,123,2380,119,100,105,86,42,5,457,126,63,88,50,30,5,362,27,22,22,17,8,3,99,272,185,215,153,80,13,918,106,55,47,29,4,0,241,378,240,262,182,84,13,1159,407,276,227,159,148,109,1326,25,15,16,13,16,14,99,810,531,505,354,248,136,2584,276,281,277,215,103,9,1161,207,112,122,73,38,11,563,61,45,35,35,11,3,190,544,438,434,323,152,23,1914,240,100,79,53,7,0,479,784,538,513,376,159,23,2393,828,452,355,258,253,209,2355,58,34,43,27,27,27,216,1670,1024,911,661,439,259,4964
LGA10800,11,4,5,8,0,0,28,3,0,0,3,0,0,6,0,3,3,0,0,0,6,14,7,8,11,0,0,40,4,0,3,3,0,0,10,18,7,11,14,0,0,50,10,0,0,3,6,4,23,0,0,0,0,0,0,0,28,7,11,17,6,4,73,0,5,4,4,0,0,13,5,3,3,3,3,0,17,0,0,0,0,0,0,0,5,8,7,7,3,0,30,3,3,3,0,0,0,9,8,11,10,7,3,0,39,8,4,3,6,3,3,27,0,0,0,0,0,0,0,16,15,13,13,6,3,66,11,9,9,12,0,0,41,8,3,3,6,3,0,23,0,3,3,0,0,0,6,19,15,15,18,3,0,70,7,3,6,3,0,0,19,26,18,21,21,3,0,89,18,4,3,9,9,7,50,0,0,0,0,0,0,0,44,22,24,30,12,7,139
LGA10850,7,8,0,4,0,0,19,0,0,0,0,0,0,0,3,0,0,0,0,0,3,10,8,0,4,0,0,22,0,0,0,4,0,0,4,10,8,0,8,0,0,26,13,0,4,6,6,3,32,0,0,0,0,0,0,0,23,8,4,14,6,3,58,0,3,6,4,0,0,13,3,0,0,0,3,0,6,3,0,0,0,0,0,3,6,3,6,4,3,0,22,4,3,0,0,0,0,7,10,6,6,4,3,0,29,12,3,6,3,0,3,27,0,0,0,0,0,0,0,22,9,12,7,3,3,56,7,11,6,8,0,0,32,3,0,0,0,3,0,6,6,0,0,0,0,0,6,16,11,6,8,3,0,44,4,3,0,4,0,0,11,20,14,6,12,3,0,55,25,3,10,9,6,6,59,0,0,0,0,0,0,0,45,17,16,21,9,6,114
LGA10900,34,42,36,46,18,3,179,23,7,5,10,6,4,55,3,3,3,7,0,0,16,60,52,44,63,24,7,250,13,3,9,0,0,0,25,73,55,53,63,24,7,275,52,9,16,13,19,20,129,5,3,0,0,3,0,11,130,67,69,76,46,27,415,23,15,22,32,9,0,101,38,17,23,26,3,3,110,4,5,0,5,3,0,17,65,37,45,63,15,3,228,18,6,0,0,0,0,24,83,43,45,63,15,3,252,68,30,29,24,27,28,206,0,0,5,0,4,0,9,151,73,79,87,46,31,467,57,57,58,78,27,3,280,61,24,28,36,9,7,165,7,8,3,12,3,0,33,125,89,89,126,39,10,478,31,9,9,0,0,0,49,156,98,98,126,39,10,527,120,39,45,37,46,48,335,5,3,5,0,7,0,20,281,140,148,163,92,58,882
LGA10950,11,10,8,6,6,0,41,4,0,0,5,0,0,9,3,0,0,0,0,0,3,18,10,8,11,6,0,53,3,3,5,3,3,0,17,21,13,13,14,9,0,70,18,0,4,5,3,10,40,3,0,3,3,3,0,12,42,13,20,22,15,10,122,5,3,5,7,0,0,20,7,4,11,3,0,0,25,0,3,3,0,0,0,6,12,10,19,10,0,0,51,7,3,0,3,0,0,13,19,13,19,13,0,0,64,16,16,8,3,4,10,57,0,3,3,0,0,3,9,35,32,30,16,4,13,130,16,13,13,13,6,0,61,11,4,11,8,0,0,34,3,3,3,0,0,0,9,30,20,27,21,6,0,104,10,6,5,6,3,0,30,40,26,32,27,9,0,134,34,16,12,8,7,20,97,3,3,6,3,3,3,21,77,45,50,38,19,23,252
LGA11000,0,0,3,4,0,0,7,0,0,0,0,0,0,0,0,0,0,0,0,0,0,0,0,3,4,0,0,7,3,0,0,0,0,0,3,3,0,3,4,0,0,10,0,3,0,0,3,0,6,0,0,0,0,0,0,0,3,3,3,4,3,0,16,0,0,0,0,0,0,0,0,3,0,3,0,0,6,0,0,0,0,0,0,0,0,3,0,3,0,0,6,0,0,0,0,0,0,0,0,3,0,3,0,0,6,0,3,0,3,0,0,6,0,3,0,0,0,0,3,0,9,0,6,0,0,15,0,0,3,4,0,0,7,0,3,0,3,0,0,6,0,0,0,0,0,0,0,0,3,3,7,0,0,13,3,0,0,0,0,0,3,3,3,3,7,0,0,16,0,6,0,3,3,0,12,0,3,0,0,0,0,3,3,12,3,10,3,0,31
LGA11050,0,0,0,3,3,0,6,0,0,0,0,3,0,3,0,0,0,0,0,0,0,0,0,0,3,6,0,9,0,0,0,0,0,0,0,0,0,0,3,6,0,9,0,0,0,0,0,0,0,0,0,0,0,0,0,0,0,0,0,3,6,0,9,0,0,0,0,0,0,0,0,0,0,3,0,0,3,0,0,0,0,0,3,3,0,0,0,3,0,3,6,0,0,0,0,0,0,0,0,0,0,3,0,3,6,6,0,3,0,3,3,15,0,0,0,0,0,0,0,6,0,3,3,3,6,21,0,0,0,3,3,0,6,0,0,0,3,3,0,6,0,0,0,0,0,3,3,0,0,0,6,6,3,15,0,0,0,0,0,0,0,0,0,0,6,6,3,15,6,0,3,0,3,3,15,0,0,0,0,0,0,0,6,0,3,6,9,6,30
LGA11100,19,17,25,23,5,0,89,5,3,5,3,3,3,22,3,0,0,0,3,0,6,27,20,30,26,11,3,117,3,0,5,0,0,0,8,30,20,35,26,11,3,125,19,9,6,8,8,7,57,0,4,0,3,0,4,11,49,33,41,37,19,14,193,15,14,22,15,3,0,69,12,6,9,9,4,0,40,3,3,0,0,3,0,9,30,23,31,24,10,0,118,3,3,0,0,0,0,6,33,26,31,24,10,0,124,32,9,8,12,20,23,104,4,0,0,0,0,0,4,69,35,39,36,30,23,232,34,31,47,38,8,0,158,17,9,14,12,7,3,62,6,3,0,0,6,0,15,57,43,61,50,21,3,235,6,3,5,0,0,0,14,63,46,66,50,21,3,249,51,18,14,20,28,30,161,4,4,0,3,0,4,15,118,68,80,73,49,37,425
LGA11150,13,23,20,13,7,0,76,5,0,6,4,0,0,15,0,0,5,0,5,0,10,18,23,31,17,12,0,101,12,0,7,8,4,0,31,30,23,38,25,16,0,132,34,14,22,14,8,14,106,7,0,3,3,3,3,19,71,37,63,42,27,17,257,9,15,28,15,7,0,74,5,9,8,11,5,3,41,0,0,3,3,0,3,9,14,24,39,29,12,6,124,0,4,5,3,3,0,15,14,28,44,32,15,6,139,47,26,23,8,25,16,145,9,0,7,6,3,5,30,70,54,74,46,43,27,314,22,38,48,28,14,0,150,10,9,14,15,5,3,56,0,0,8,3,5,3,19,32,47,70,46,24,6,225,12,4,12,11,7,0,46,44,51,82,57,31,6,271,81,40,45,22,33,30,251,16,0,10,9,6,8,49,141,91,137,88,70,44,571
LGA11200,17,11,13,13,12,3,69,10,5,8,9,3,3,38,5,4,0,6,5,0,20,32,20,21,28,20,6,127,15,11,8,7,0,0,41,47,31,29,35,20,6,168,44,16,24,34,25,19,162,0,0,5,5,3,0,13,91,47,58,74,48,25,343,8,12,14,15,10,0,59,6,5,17,16,7,0,51,3,0,0,3,0,0,6,17,17,31,34,17,0,116,8,3,13,3,0,3,30,25,20,44,37,17,3,146,67,31,29,27,25,31,210,4,3,5,0,3,0,15,96,54,78,64,45,34,371,25,23,27,28,22,3,128,16,10,25,25,10,3,89,8,4,0,9,5,0,26,49,37,52,62,37,6,243,23,14,21,10,0,3,71,72,51,73,72,37,9,314,111,47,53,61,50,50,372,4,3,10,5,6,0,28,187,101,136,138,93,59,714
LGA11250,29,21,20,19,16,0,105,10,3,4,7,0,0,24,3,7,3,0,0,0,13,42,31,27,26,16,0,142,18,15,10,4,0,0,47,60,46,37,30,16,0,189,72,39,23,22,11,16,183,6,4,5,3,3,3,24,138,89,65,55,30,19,396,20,13,23,23,0,0,79,24,9,24,8,7,0,72,4,3,8,3,0,0,18,48,25,55,34,7,0,169,13,11,12,0,3,0,39,61,36,67,34,10,0,208,93,44,36,28,27,20,248,6,4,3,3,0,8,24,160,84,106,65,37,28,480,49,34,43,42,16,0,184,34,12,28,15,7,0,96,7,10,11,3,0,0,31,90,56,82,60,23,0,311,31,26,22,4,3,0,86,121,82,104,64,26,0,397,165,83,59,50,38,36,431,12,8,8,6,3,11,48,298,173,171,120,67,47,876
LGA11300,0,7,4,3,0,0,14,6,0,0,3,0,0,9,0,0,0,0,0,0,0,6,7,4,6,0,0,23,0,0,4,0,0,0,4,6,7,8,6,0,0,27,6,0,3,3,4,0,16,0,0,0,0,0,0,0,12,7,11,9,4,0,43,5,3,7,0,5,0,20,3,0,0,3,3,0,9,3,0,0,0,0,0,3,11,3,7,3,8,0,32,0,0,0,0,0,0,0,11,3,7,3,8,0,32,4,3,0,4,4,5,20,0,3,0,0,0,0,3,15,9,7,7,12,5,55,5,10,11,3,5,0,34,9,0,0,6,3,0,18,3,0,0,0,0,0,3,17,10,11,9,8,0,55,0,0,4,0,0,0,4,17,10,15,9,8,0,59,10,3,3,7,8,5,36,0,3,0,0,0,0,3,27,16,18,16,16,5,98
LGA11350,6,10,16,3,6,0,41,6,3,10,3,0,0,22,3,3,0,3,0,0,9,15,16,26,9,6,0,72,7,8,0,3,3,0,21,22,24,26,12,9,0,93,22,3,10,8,6,6,55,0,0,0,0,4,3,7,44,27,36,20,19,9,155,0,7,11,11,3,0,32,15,6,13,11,5,0,50,5,0,0,0,0,0,5,20,13,24,22,8,0,87,4,0,4,4,0,0,12,24,13,28,26,8,0,99,19,7,15,5,16,8,70,0,0,0,4,0,0,4,43,20,43,35,24,8,173,6,17,27,14,9,0,73,21,9,23,14,5,0,72,8,3,0,3,0,0,14,35,29,50,31,14,0,159,11,8,4,7,3,0,33,46,37,54,38,17,0,192,41,10,25,13,22,14,125,0,0,0,4,4,3,11,87,47,79,55,43,17,328
LGA11400,4,3,8,9,0,0,24,4,4,5,0,0,0,13,4,0,5,0,0,0,9,12,7,18,9,0,0,46,3,3,3,0,0,0,9,15,10,21,9,0,0,55,15,6,6,8,8,7,50,3,0,0,3,0,3,9,33,16,27,20,8,10,114,5,3,14,3,4,0,29,6,3,3,6,0,0,18,0,0,0,0,0,0,0,11,6,17,9,4,0,47,3,3,3,3,0,0,12,14,9,20,12,4,0,59,21,4,10,7,3,13,58,3,0,0,0,0,3,6,38,13,30,19,7,16,123,9,6,22,12,4,0,53,10,7,8,6,0,0,31,4,0,5,0,0,0,9,23,13,35,18,4,0,93,6,6,6,3,0,0,21,29,19,41,21,4,0,114,36,10,16,15,11,20,108,6,0,0,3,0,6,15,71,29,57,39,15,26,237
LGA11450,36,43,53,32,11,3,178,14,3,3,3,3,0,26,4,7,0,3,3,0,17,54,53,56,38,17,3,221,10,5,3,0,3,0,21,64,58,59,38,20,3,242,39,6,3,11,6,15,80,4,0,0,0,0,3,7,107,64,62,49,26,21,329,17,17,31,26,8,0,99,28,19,23,6,8,3,87,6,5,6,5,0,0,22,51,41,60,37,16,3,208,11,0,3,0,0,0,14,62,41,63,37,16,3,222,43,15,17,15,15,13,118,0,0,0,0,0,0,0,105,56,80,52,31,16,340,53,60,84,58,19,3,277,42,22,26,9,11,3,113,10,12,6,8,3,0,39,105,94,116,75,33,6,429,21,5,6,0,3,0,35,126,99,122,75,36,6,464,82,21,20,26,21,28,198,4,0,0,0,0,3,7,212,120,142,101,57,37,669
LGA11500,117,131,95,82,48,3,476,38,25,20,9,4,3,99,18,12,13,5,8,0,56,173,168,128,96,60,6,631,70,23,17,14,6,0,130,243,191,145,110,66,6,761,194,43,46,41,46,34,404,12,6,8,6,4,3,39,449,240,199,157,116,43,1204,76,97,80,68,37,0,358,93,48,51,40,19,3,254,14,12,12,7,4,0,49,183,157,143,115,60,3,661,61,23,18,8,0,3,113,244,180,161,123,60,6,774,250,150,125,97,87,60,769,17,10,5,8,6,7,53,511,340,291,228,153,73,1596,193,228,175,150,85,3,834,131,73,71,49,23,6,353,32,24,25,12,12,0,105,356,325,271,211,120,9,1292,131,46,35,22,6,3,243,487,371,306,233,126,12,1535,444,193,171,138,133,94,1173,29,16,13,14,10,10,92,960,580,490,385,269,116,2800
LGA11520,5,14,10,10,3,0,42,8,5,4,3,3,0,23,0,0,0,0,0,0,0,13,19,14,13,6,0,65,9,0,0,0,0,0,9,22,19,14,13,6,0,74,3,0,0,3,5,6,17,0,0,0,0,0,0,0,25,19,14,16,11,6,91,8,12,12,8,9,0,49,0,4,4,4,5,0,17,0,6,0,0,0,0,6,8,22,16,12,14,0,72,0,0,3,0,0,0,3,8,22,19,12,14,0,75,13,7,6,4,3,7,40,0,0,0,0,0,4,4,21,29,25,16,17,11,119,13,26,22,18,12,0,91,8,9,8,7,8,0,40,0,6,0,0,0,0,6,21,41,30,25,20,0,137,9,0,3,0,0,0,12,30,41,33,25,20,0,149,16,7,6,7,8,13,57,0,0,0,0,0,4,4,46,48,39,32,28,17,210
LGA11550,18,25,23,20,10,0,96,15,0,4,3,5,3,30,3,7,3,0,0,0,13,36,32,30,23,15,3,139,8,3,0,3,0,0,14,44,35,30,26,15,3,153,34,9,8,19,17,8,95,3,3,4,3,4,3,20,81,47,42,48,36,14,268,8,33,26,24,4,0,95,8,11,9,8,3,3,42,3,0,3,5,3,0,14,19,44,38,37,10,3,151,3,3,4,4,0,0,14,22,47,42,41,10,3,165,33,31,16,19,10,21,130,5,0,3,3,0,3,14,60,78,61,63,20,27,309,26,58,49,44,14,0,191,23,11,13,11,8,6,72,6,7,6,5,3,0,27,55,76,68,60,25,6,290,11,6,4,7,0,0,28,66,82,72,67,25,6,318,67,40,24,38,27,29,225,8,3,7,6,4,6,34,141,125,103,111,56,41,577
LGA11600,5,3,3,10,0,0,21,3,3,0,0,0,0,6,0,0,0,0,0,0,0,8,6,3,10,0,0,27,0,3,3,0,0,0,6,8,9,6,10,0,0,33,6,0,3,3,0,3,15,0,0,3,0,0,0,3,14,9,12,13,0,3,51,4,0,0,5,3,0,12,3,3,0,3,0,0,9,0,0,0,0,0,0,0,7,3,0,8,3,0,21,0,0,0,0,0,0,0,7,3,0,8,3,0,21,6,10,6,3,0,7,32,0,0,0,0,0,0,0,13,13,6,11,3,7,53,9,3,3,15,3,0,33,6,6,0,3,0,0,15,0,0,0,0,0,0,0,15,9,3,18,3,0,48,0,3,3,0,0,0,6,15,12,6,18,3,0,54,12,10,9,6,0,10,47,0,0,3,0,0,0,3,27,22,18,24,3,10,104
LGA11700,4,19,12,17,6,3,61,5,5,11,3,3,0,27,3,0,3,3,0,0,9,12,24,26,23,9,3,97,13,3,7,5,0,0,28,25,27,33,28,9,3,125,42,28,23,8,18,10,129,0,4,3,3,0,0,10,67,59,59,39,27,13,264,6,5,11,15,6,0,43,6,7,9,12,0,0,34,3,0,0,0,0,0,3,15,12,20,27,6,0,80,7,6,6,6,0,0,25,22,18,26,33,6,0,105,49,24,19,19,18,26,155,3,0,0,3,5,0,11,74,42,45,55,29,26,271,10,24,23,32,12,3,104,11,12,20,15,3,0,61,6,0,3,3,0,0,12,27,36,46,50,15,3,177,20,9,13,11,0,0,53,47,45,59,61,15,3,230,91,52,42,27,36,36,284,3,4,3,6,5,0,21,141,101,104,94,56,39,535
LGA11720,70,63,75,46,14,3,271,32,10,9,4,6,3,64,5,12,5,9,6,0,37,107,85,89,59,26,6,372,38,18,0,4,0,3,63,145,103,89,63,26,9,435,106,67,67,35,25,28,328,4,5,3,0,5,3,20,255,175,159,98,56,40,783,26,18,33,30,7,0,114,71,33,40,29,14,0,187,12,7,8,3,4,0,34,109,58,81,62,25,0,335,28,10,7,7,3,3,58,137,68,88,69,28,3,393,96,52,56,50,34,41,329,3,5,3,3,4,4,22,236,125,147,122,66,48,744,96,81,108,76,21,3,385,103,43,49,33,20,3,251,17,19,13,12,10,0,71,216,143,170,121,51,6,707,66,28,7,11,3,6,121,282,171,177,132,54,12,828,202,119,123,85,59,69,657,7,10,6,3,9,7,42,491,300,306,220,122,88,1527
LGA11730,44,34,44,39,19,0,180,29,7,26,10,6,3,81,7,6,0,6,3,3,25,80,47,70,55,28,6,286,51,13,23,14,4,0,105,131,60,93,69,32,6,391,120,83,69,56,39,54,421,17,3,8,3,3,3,37,268,146,170,128,74,63,849,19,21,26,39,11,0,116,40,33,39,29,8,0,149,8,6,6,7,6,0,33,67,60,71,75,25,0,298,24,17,12,4,0,0,57,91,77,83,79,25,0,355,147,75,92,74,66,58,512,17,8,7,8,3,8,51,255,160,182,161,94,66,918,63,55,70,78,30,0,296,69,40,65,39,14,3,230,15,12,6,13,9,3,58,147,107,141,130,53,6,584,75,30,35,18,4,0,162,222,137,176,148,57,6,746,267,158,161,130,105,112,933,34,11,15,11,6,11,88,523,306,352,289,168,129,1767
LGA11750,27,20,16,16,7,0,86,5,4,0,3,3,0,15,3,7,3,3,3,0,19,35,31,19,22,13,0,120,7,0,4,3,0,0,14,42,31,23,25,13,0,134,24,9,5,10,11,11,70,0,0,0,0,0,3,3,66,40,28,35,24,14,207,7,4,10,7,3,0,31,5,6,15,6,4,0,36,4,0,3,3,0,0,10,16,10,28,16,7,0,77,4,0,0,7,0,0,11,20,10,28,23,7,0,88,28,18,17,9,11,14,97,3,0,0,3,0,0,6,51,28,45,35,18,14,191,34,24,26,23,10,0,117,10,10,15,9,7,0,51,7,7,6,6,3,0,29,51,41,47,38,20,0,197,11,0,4,10,0,0,25,62,41,51,48,20,0,222,52,27,22,19,22,25,167,3,0,0,3,0,3,9,117,68,73,70,42,28,398
LGA11800,47,42,66,38,21,0,214,31,23,24,20,4,4,106,7,10,9,7,5,0,38,85,75,99,65,30,4,358,54,23,16,9,6,3,111,139,98,115,74,36,7,469,117,43,33,49,36,30,308,12,4,4,7,6,0,33,268,145,152,130,78,37,810,25,42,39,39,13,0,158,51,31,44,41,18,0,185,11,7,10,0,3,0,31,87,80,93,80,34,0,374,36,21,23,8,3,0,91,123,101,116,88,37,0,465,152,81,67,51,50,49,450,8,3,5,4,3,7,30,283,185,188,143,90,56,945,72,84,105,77,34,0,372,82,54,68,61,22,4,291,18,17,19,7,8,0,69,172,155,192,145,64,4,732,90,44,39,17,9,3,202,262,199,231,162,73,7,934,269,124,100,100,86,79,758,20,7,9,11,9,7,63,551,330,340,273,168,93,1755
LGA11860,0,0,0,3,0,0,3,0,0,0,0,0,0,0,0,0,0,0,0,0,0,0,0,0,3,0,0,3,0,0,0,0,0,0,0,0,0,0,3,0,0,3,0,0,0,0,0,0,0,0,0,0,0,0,0,0,0,0,0,3,0,0,3,0,0,0,0,0,0,0,0,0,3,0,0,0,3,0,0,0,0,0,0,0,0,0,3,0,0,0,3,0,0,0,0,0,0,0,0,0,3,0,0,0,3,0,4,3,3,0,0,10,0,0,0,0,0,0,0,0,4,6,3,0,0,13,0,0,0,3,0,0,3,0,0,3,0,0,0,3,0,0,0,0,0,0,0,0,0,3,3,0,0,6,0,0,0,0,0,0,0,0,0,3,3,0,0,6,0,4,3,3,0,0,10,0,0,0,0,0,0,0,0,4,6,6,0,0,16
LGA12000,3,3,4,4,0,0,14,0,0,0,0,0,0,0,0,0,0,0,0,0,0,3,3,4,4,0,0,14,0,0,0,0,0,0,0,3,3,4,4,0,0,14,4,0,0,0,0,4,8,0,0,0,0,0,0,0,7,3,4,4,0,4,22,0,3,4,0,0,0,7,0,4,0,0,0,0,4,3,0,0,0,0,0,3,3,7,4,0,0,0,14,3,0,0,0,0,0,3,6,7,4,0,0,0,17,0,0,6,0,7,0,13,0,0,0,0,0,0,0,6,7,10,0,7,0,30,3,6,8,4,0,0,21,0,4,0,0,0,0,4,3,0,0,0,0,0,3,6,10,8,4,0,0,28,3,0,0,0,0,0,3,9,10,8,4,0,0,31,4,0,6,0,7,4,21,0,0,0,0,0,0,0,13,10,14,4,7,4,52
LGA12050,3,3,8,10,3,0,27,5,0,0,3,0,3,11,0,0,0,3,0,0,3,8,3,8,16,3,3,41,3,0,0,0,0,0,3,11,3,8,16,3,3,44,11,10,11,8,3,3,46,0,0,0,0,0,0,0,22,13,19,24,6,6,90,0,4,5,0,0,3,12,6,0,5,4,0,0,15,0,0,0,0,0,0,0,6,4,10,4,0,3,27,4,0,0,3,0,0,7,10,4,10,7,0,3,34,14,6,7,3,8,3,41,0,0,0,3,0,0,3,24,10,17,13,8,6,78,3,7,13,10,3,3,39,11,0,5,7,0,3,26,0,0,0,3,0,0,3,14,7,18,20,3,6,68,7,0,0,3,0,0,10,21,7,18,23,3,6,78,25,16,18,11,11,6,87,0,0,0,3,0,0,3,46,23,36,37,14,12,168
LGA12150,10,25,28,12,11,0,86,6,6,6,7,3,3,31,0,3,5,3,3,0,14,16,34,39,22,17,3,131,23,12,11,9,0,0,55,39,46,50,31,17,3,186,46,13,21,24,29,25,158,3,0,0,3,3,3,12,88,59,71,58,49,31,356,5,14,12,10,0,0,41,16,8,26,17,3,0,70,4,3,0,0,0,0,7,25,25,38,27,3,0,118,7,8,11,3,0,0,29,32,33,49,30,3,0,147,72,37,30,30,41,34,244,6,3,3,3,0,0,15,110,73,82,63,44,34,406,15,39,40,22,11,0,127,22,14,32,24,6,3,101,4,6,5,3,3,0,21,41,59,77,49,20,3,249,30,20,22,12,0,0,84,71,79,99,61,20,3,333,118,50,51,54,70,59,402,9,3,3,6,3,3,27,198,132,153,121,93,65,762
LGA12200,3,9,5,4,8,0,29,0,0,3,0,0,0,3,0,0,0,4,0,0,4,3,9,8,8,8,0,36,3,3,0,0,0,0,6,6,12,8,8,8,0,42,10,0,7,4,12,8,41,0,0,0,0,0,0,0,16,12,15,12,20,8,83,3,7,5,5,0,0,20,8,0,8,8,0,0,24,0,0,0,0,0,0,0,11,7,13,13,0,0,44,4,0,0,0,0,0,4,15,7,13,13,0,0,48,10,10,3,7,7,13,50,3,0,0,0,0,3,6,28,17,16,20,7,16,104,6,16,10,9,8,0,49,8,0,11,8,0,0,27,0,0,0,4,0,0,4,14,16,21,21,8,0,80,7,3,0,0,0,0,10,21,19,21,21,8,0,90,20,10,10,11,19,21,91,3,0,0,0,0,3,6,44,29,31,32,27,24,187
LGA12300,3,0,0,5,3,0,11,5,0,0,0,0,0,5,3,0,0,0,0,0,3,11,0,0,5,3,0,19,3,0,0,0,4,0,7,14,0,0,5,7,0,26,3,0,5,3,0,3,14,0,0,0,0,0,0,0,17,0,5,8,7,3,40,3,3,3,0,0,0,9,3,3,3,3,0,0,12,3,0,0,0,0,0,3,9,6,6,3,0,0,24,3,0,0,4,0,0,7,12,6,6,7,0,0,31,3,3,3,0,3,3,15,0,0,0,0,0,0,0,15,9,9,7,3,3,46,6,3,3,5,3,0,20,8,3,3,3,0,0,17,6,0,0,0,0,0,6,20,6,6,8,3,0,43,6,0,0,4,4,0,14,26,6,6,12,7,0,57,6,3,8,3,3,6,29,0,0,0,0,0,0,0,32,9,14,15,10,6,86
LGA12350,15,12,14,17,6,0,64,6,0,10,3,3,0,22,3,0,0,0,0,0,3,24,12,24,20,9,0,89,11,12,4,0,0,0,27,35,24,28,20,9,0,116,35,11,11,24,13,17,111,14,3,6,4,8,5,40,84,38,45,48,30,22,267,9,3,12,9,7,0,40,13,9,16,5,3,0,46,3,0,0,5,0,0,8,25,12,28,19,10,0,94,11,5,3,0,0,0,19,36,17,31,19,10,0,113,35,18,17,17,21,25,133,3,3,0,3,4,3,16,74,38,48,39,35,28,262,24,15,26,26,13,0,104,19,9,26,8,6,0,68,6,0,0,5,0,0,11,49,24,52,39,19,0,183,22,17,7,0,0,0,46,71,41,59,39,19,0,229,70,29,28,41,34,42,244,17,6,6,7,12,8,56,158,76,93,87,65,50,529
LGA12500,6,6,5,3,0,0,20,3,0,0,3,0,0,6,0,0,0,0,0,0,0,9,6,5,6,0,0,26,3,0,4,0,0,0,7,12,6,9,6,0,0,33,11,8,3,0,3,8,33,5,0,0,7,3,0,15,28,14,12,13,6,8,81,3,3,6,0,0,0,12,3,0,5,3,0,0,11,0,0,3,3,3,0,9,6,3,14,6,3,0,32,3,0,0,0,0,0,3,9,3,14,6,3,0,35,8,7,7,4,7,8,41,0,0,0,0,4,0,4,17,10,21,10,14,8,80,9,9,11,3,0,0,32,6,0,5,6,0,0,17,0,0,3,3,3,0,9,15,9,19,12,3,0,58,6,0,4,0,0,0,10,21,9,23,12,3,0,68,19,15,10,4,10,16,74,5,0,0,7,7,0,19,45,24,33,23,20,16,161
LGA12600,124,150,101,100,52,3,530,57,17,20,26,11,3,134,15,7,6,4,4,3,39,196,174,127,130,67,9,703,75,38,30,18,7,0,168,271,212,157,148,74,9,871,185,55,60,51,55,60,466,21,4,9,8,3,3,48,477,271,226,207,132,72,1385,53,70,99,79,30,5,336,91,59,64,44,18,3,279,12,10,5,9,6,0,42,156,139,168,132,54,8,657,66,34,27,11,3,0,141,222,173,195,143,57,8,798,267,135,111,98,73,98,782,28,6,9,6,6,7,62,517,314,315,247,136,113,1642,177,220,200,179,82,8,866,148,76,84,70,29,6,413,27,17,11,13,10,3,81,352,313,295,262,121,17,1360,141,72,57,29,10,0,309,493,385,352,291,131,17,1669,452,190,171,149,128,158,1248,49,10,18,14,9,10,110,994,585,541,454,268,185,3027
LGA12700,4,7,8,7,6,0,32,7,0,4,0,3,0,14,0,0,0,0,0,0,0,11,7,12,7,9,0,46,3,3,3,0,0,0,9,14,10,15,7,9,0,55,8,3,3,7,3,4,28,3,0,0,0,0,0,3,25,13,18,14,12,4,86,5,3,5,0,0,3,16,3,4,3,4,3,0,17,0,0,0,6,0,0,6,8,7,8,10,3,3,39,0,0,0,0,0,0,0,8,7,8,10,3,3,39,9,14,3,4,8,4,42,0,0,0,0,0,3,3,17,21,11,14,11,10,84,9,10,13,7,6,3,48,10,4,7,4,6,0,31,0,0,0,6,0,0,6,19,14,20,17,12,3,85,3,3,3,0,0,0,9,22,17,23,17,12,3,94,17,17,6,11,11,8,70,3,0,0,0,0,3,6,42,34,29,28,23,14,170
LGA12750,13,16,18,20,5,3,75,11,17,14,11,7,0,60,3,7,6,7,6,0,29,27,40,38,38,18,3,164,31,20,21,8,6,0,86,58,60,59,46,24,3,250,74,27,46,34,30,42,253,11,4,7,0,3,3,28,143,91,112,80,57,48,531,3,13,10,25,7,0,58,25,23,24,27,13,0,112,3,3,5,5,0,0,16,31,39,39,57,20,0,186,21,4,16,6,0,0,47,52,43,55,63,20,0,233,87,52,58,53,48,35,333,8,3,4,5,5,8,33,147,98,117,121,73,43,599,16,29,28,45,12,3,133,36,40,38,38,20,0,172,6,10,11,12,6,0,45,58,79,77,95,38,3,350,52,24,37,14,6,0,133,110,103,114,109,44,3,483,161,79,104,87,78,77,586,19,7,11,5,8,11,61,290,189,229,201,130,91,1130
LGA12850,38,33,29,26,19,0,145,20,7,5,0,5,0,37,3,3,3,3,3,0,15,61,43,37,29,27,0,197,23,3,0,4,3,0,33,84,46,37,33,30,0,230,69,16,16,22,22,20,165,7,6,5,3,3,4,28,160,68,58,58,55,24,423,12,24,17,17,8,0,78,23,6,14,18,4,0,65,3,3,3,0,3,3,15,38,33,34,35,15,3,158,14,8,4,4,0,0,30,52,41,38,39,15,3,188,65,42,37,35,25,33,237,4,6,6,3,0,5,24,121,89,81,77,40,41,449,50,57,46,43,27,0,223,43,13,19,18,9,0,102,6,6,6,3,6,3,30,99,76,71,64,42,3,355,37,11,4,8,3,0,63,136,87,75,72,45,3,418,134,58,53,57,47,53,402,11,12,11,6,3,9,52,281,157,139,135,95,65,872
LGA12900,23,26,23,23,6,3,104,10,0,3,0,0,0,13,3,5,3,0,0,0,11,36,31,29,23,6,3,128,9,6,3,3,0,0,21,45,37,32,26,6,3,149,38,3,4,14,16,21,96,0,4,5,0,3,0,12,83,44,41,40,25,24,257,11,7,16,14,4,0,52,14,10,11,10,4,0,49,5,5,0,0,0,0,10,30,22,27,24,8,0,111,7,5,0,5,4,0,21,37,27,27,29,12,0,132,48,23,21,14,17,22,145,0,0,0,0,0,0,0,85,50,48,43,29,22,277,34,33,39,37,10,3,156,24,10,14,10,4,0,62,8,10,3,0,0,0,21,66,53,56,47,14,3,239,16,11,3,8,4,0,42,82,64,59,55,18,3,281,86,26,25,28,33,43,241,0,4,5,0,3,0,12,168,94,89,83,54,46,534
LGA12950,6,3,18,6,8,0,41,6,5,0,3,3,0,17,0,3,0,0,0,0,3,12,11,18,9,11,0,61,11,0,7,6,0,0,24,23,11,25,15,11,0,85,18,3,7,9,16,16,69,0,3,0,0,3,0,6,41,17,32,24,30,16,160,3,4,6,7,7,0,27,5,5,12,0,3,3,28,0,0,0,0,0,0,0,8,9,18,7,10,3,55,4,3,5,4,3,0,19,12,12,23,11,13,3,74,31,11,13,17,15,6,93,3,3,0,0,3,0,9,46,26,36,28,31,9,176,9,7,24,13,15,0,68,11,10,12,3,6,3,45,0,3,0,0,0,0,3,20,20,36,16,21,3,116,15,3,12,10,3,0,43,35,23,48,26,24,3,159,49,14,20,26,31,22,162,3,6,0,0,6,0,15,87,43,68,52,61,25,336
LGA13010,9,0,10,10,5,0,34,7,7,4,3,0,0,21,5,0,0,0,0,0,5,21,7,14,13,5,0,60,5,7,4,0,0,0,16,26,14,18,13,5,0,76,28,25,16,11,6,8,94,4,0,0,3,0,3,10,58,39,34,27,11,11,180,5,0,3,10,4,0,22,9,0,3,8,0,0,20,0,0,3,0,0,0,3,14,0,9,18,4,0,45,8,7,6,0,0,0,21,22,7,15,18,4,0,66,21,11,10,8,11,15,76,0,4,3,3,0,0,10,43,22,28,29,15,15,152,14,0,13,20,9,0,56,16,7,7,11,0,0,41,5,0,3,0,0,0,8,35,7,23,31,9,0,105,13,14,10,0,0,0,37,48,21,33,31,9,0,142,49,36,26,19,17,23,170,4,4,3,6,0,3,20,101,61,62,56,26,26,332
LGA13050,5,7,6,7,3,0,28,4,0,0,0,0,0,4,0,0,0,0,3,0,3,9,7,6,7,6,0,35,7,0,0,0,0,0,7,16,7,6,7,6,0,42,8,0,6,0,6,4,24,0,0,0,0,0,0,0,24,7,12,7,12,4,66,3,0,3,7,0,0,13,3,3,4,7,0,3,20,0,3,0,0,0,0,3,6,6,7,14,0,3,36,0,0,0,0,0,0,0,6,6,7,14,0,3,36,7,3,9,10,7,7,43,0,0,0,0,0,0,0,13,9,16,24,7,10,79,8,7,9,14,3,0,41,7,3,4,7,0,3,24,0,3,0,0,3,0,6,15,13,13,21,6,3,71,7,0,0,0,0,0,7,22,13,13,21,6,3,78,15,3,15,10,13,11,67,0,0,0,0,0,0,0,37,16,28,31,19,14,145
LGA13100,96,108,86,94,36,3,423,47,27,17,19,14,3,127,27,11,5,7,6,0,56,170,146,108,120,56,6,606,71,25,10,9,3,0,118,241,171,118,129,59,6,724,178,34,36,52,39,55,394,6,7,5,10,3,8,39,425,212,159,191,101,69,1157,60,54,52,60,24,0,250,89,48,55,54,31,4,281,19,9,8,5,0,3,44,168,111,115,119,55,7,575,46,15,10,9,3,0,83,214,126,125,128,58,7,658,155,68,70,79,64,84,520,4,3,3,3,4,11,28,373,197,198,210,126,102,1206,156,162,138,154,60,3,673,136,75,72,73,45,7,408,46,20,13,12,6,3,100,338,257,223,239,111,13,1181,117,40,20,18,6,0,201,455,297,243,257,117,13,1382,333,102,106,131,103,139,914,10,10,8,13,7,19,67,798,409,357,401,227,171,2363
LGA13310,12,22,19,18,7,3,81,14,0,4,0,0,0,18,4,4,0,0,0,0,8,30,26,23,18,7,3,107,13,4,0,7,0,0,24,43,30,23,25,7,3,131,38,39,42,17,14,11,161,4,0,0,3,0,3,10,85,69,65,45,21,17,302,9,12,11,7,5,0,44,12,8,11,13,6,0,50,0,3,4,0,0,0,7,21,23,26,20,11,0,101,12,4,0,0,0,0,16,33,27,26,20,11,0,117,31,14,22,14,9,18,108,0,3,0,3,0,3,9,64,44,48,37,20,21,234,21,34,30,25,12,3,125,26,8,15,13,6,0,68,4,7,4,0,0,0,15,51,49,49,38,18,3,208,25,8,0,7,0,0,40,76,57,49,45,18,3,248,69,53,64,31,23,29,269,4,3,0,6,0,6,19,149,113,113,82,41,38,536
LGA13320,23,24,24,29,12,0,112,21,13,10,3,4,3,54,3,0,3,3,0,0,9,47,37,37,35,16,3,175,17,15,7,4,4,0,47,64,52,44,39,20,3,222,56,11,31,37,30,30,195,0,0,0,3,4,0,7,120,63,75,79,54,33,424,10,9,8,12,0,0,39,27,4,19,18,8,0,76,3,3,3,4,5,0,18,40,16,30,34,13,0,133,18,3,6,8,3,0,38,58,19,36,42,16,0,171,71,34,34,39,45,43,266,4,3,0,3,0,3,13,133,56,70,84,61,46,450,33,33,32,41,12,0,151,48,17,29,21,12,3,130,6,3,6,7,5,0,27,87,53,67,69,29,3,308,35,18,13,12,7,0,85,122,71,80,81,36,3,393,127,45,65,76,75,73,461,4,3,0,6,4,3,20,253,119,145,163,115,79,874
LGA13340,3,3,7,5,0,0,18,0,0,0,0,3,0,3,0,0,0,0,0,0,0,3,3,7,5,3,0,21,0,0,0,0,3,0,3,3,3,7,5,6,0,24,13,0,0,4,0,4,21,0,3,0,0,0,0,3,16,6,7,9,6,4,48,0,3,5,4,0,0,12,3,0,0,0,3,0,6,0,0,0,0,0,0,0,3,3,5,4,3,0,18,0,3,0,0,0,0,3,3,6,5,4,3,0,21,7,7,4,3,3,3,27,3,3,0,0,3,3,12,13,16,9,7,9,6,60,3,6,12,9,0,0,30,3,0,0,0,6,0,9,0,0,0,0,0,0,0,6,6,12,9,6,0,39,0,3,0,0,3,0,6,6,9,12,9,9,0,45,20,7,4,7,3,7,48,3,6,0,0,3,3,15,29,22,16,16,15,10,108
LGA13380,37,38,38,33,8,0,154,25,12,12,8,9,0,66,0,5,5,0,3,3,16,62,55,55,41,20,3,236,51,18,13,14,8,0,104,113,73,68,55,28,3,340,124,39,38,51,44,38,334,6,3,0,0,3,3,15,243,115,106,106,75,44,689,12,13,29,25,8,0,87,34,15,29,24,10,0,112,6,5,0,5,0,0,16,52,33,58,54,18,0,215,32,9,15,13,3,0,72,84,42,73,67,21,0,287,156,83,84,62,73,42,500,5,3,5,5,0,0,18,245,128,162,134,94,42,805,49,51,67,58,16,0,241,59,27,41,32,19,0,178,6,10,5,5,3,3,32,114,88,113,95,38,3,451,83,27,28,27,11,0,176,197,115,141,122,49,3,627,280,122,122,113,117,80,834,11,6,5,5,3,3,33,488,243,268,240,169,86,1494
LGA13450,27,27,22,20,7,3,106,14,0,0,4,0,0,18,3,6,3,3,3,0,18,44,33,25,27,10,3,142,12,3,5,5,0,3,28,56,36,30,32,10,6,170,42,20,19,20,16,4,121,3,5,4,3,4,4,23,101,61,53,55,30,14,314,15,12,16,20,5,0,68,20,12,11,14,0,0,57,3,3,3,0,0,0,9,38,27,30,34,5,0,134,18,13,0,0,0,0,31,56,40,30,34,5,0,165,49,28,23,21,30,18,169,3,4,0,0,3,0,10,108,72,53,55,38,18,344,42,39,38,40,12,3,174,34,12,11,18,0,0,75,6,9,6,3,3,0,27,82,60,55,61,15,3,276,30,16,5,5,0,3,59,112,76,60,66,15,6,335,91,48,42,41,46,22,290,6,9,4,3,7,4,33,209,133,106,110,68,32,658
LGA13500,3,0,3,3,0,0,9,3,0,0,0,0,0,3,0,0,3,0,0,0,3,6,0,6,3,0,0,15,0,3,0,0,0,0,3,6,3,6,3,0,0,18,0,0,0,0,3,5,8,0,0,0,0,0,0,0,6,3,6,3,3,5,26,0,0,0,0,3,0,3,0,3,0,3,3,0,9,3,0,3,0,0,0,6,3,3,3,3,6,0,18,3,0,0,0,0,0,3,6,3,3,3,6,0,21,5,3,3,0,0,0,11,0,0,0,0,0,0,0,11,6,6,3,6,0,32,3,0,3,3,3,0,12,3,3,0,3,3,0,12,3,0,6,0,0,0,9,9,3,9,6,6,0,33,3,3,0,0,0,0,6,12,6,9,6,6,0,39,5,3,3,0,3,5,19,0,0,0,0,0,0,0,17,9,12,6,9,5,58
LGA13550,33,28,22,35,17,0,135,16,5,8,4,3,0,36,7,5,3,0,0,0,15,56,38,33,39,20,0,186,19,10,5,11,3,0,48,75,48,38,50,23,0,234,46,19,14,19,16,24,138,11,3,0,0,3,3,20,132,70,52,69,42,27,392,20,10,18,16,6,0,70,24,10,18,16,6,0,74,4,3,3,3,0,0,13,48,23,39,35,12,0,157,16,11,11,4,3,0,45,64,34,50,39,15,0,202,55,42,36,28,21,31,213,7,3,0,0,5,8,23,126,79,86,67,41,39,438,53,38,40,51,23,0,205,40,15,26,20,9,0,110,11,8,6,3,0,0,28,104,61,72,74,32,0,343,35,21,16,15,6,0,93,139,82,88,89,38,0,436,101,61,50,47,37,55,351,18,6,0,0,8,11,43,258,149,138,136,83,66,830
LGA13650,13,3,8,5,0,0,29,3,0,3,3,5,0,14,4,0,0,0,0,0,4,20,3,11,8,5,0,47,9,6,3,3,0,0,21,29,9,14,11,5,0,68,20,7,7,6,9,11,60,0,0,3,0,3,0,6,49,16,24,17,17,11,134,0,4,5,6,0,0,15,7,4,0,0,0,0,11,0,0,0,0,0,0,0,7,8,5,6,0,0,26,3,3,7,3,0,0,16,10,11,12,9,0,0,42,20,9,16,13,13,10,81,3,0,0,0,0,0,3,33,20,28,22,13,10,126,13,7,13,11,0,0,44,10,4,3,3,5,0,25,4,0,0,0,0,0,4,27,11,16,14,5,0,73,12,9,10,6,0,0,37,39,20,26,20,5,0,110,40,16,23,19,22,21,141,3,0,3,0,3,0,9,82,36,52,39,30,21,260
LGA13660,7,3,3,0,3,0,16,4,0,0,0,0,0,4,0,0,3,0,3,0,6,11,3,6,0,6,0,26,0,4,0,0,0,0,4,11,7,6,0,6,0,30,13,0,4,6,7,5,35,0,0,0,0,0,3,3,24,7,10,6,13,8,68,0,3,3,3,0,0,9,0,3,0,0,3,0,6,3,0,3,0,0,0,6,3,6,6,3,3,0,21,3,0,0,0,0,0,3,6,6,6,3,3,0,24,5,4,3,3,3,0,18,0,0,0,0,0,0,0,11,10,9,6,6,0,42,7,6,6,3,3,0,25,4,3,0,0,3,0,10,3,0,6,0,3,0,12,14,9,12,3,9,0,47,3,4,0,0,0,0,7,17,13,12,3,9,0,54,18,4,7,9,10,5,53,0,0,0,0,0,3,3,35,17,19,12,19,8,110
LGA13700,7,0,5,3,0,0,15,0,0,0,0,0,0,0,0,0,0,0,0,0,0,7,0,5,3,0,0,15,4,0,0,0,0,0,4,11,0,5,3,0,0,19,3,7,3,5,0,7,25,0,0,0,0,0,0,0,14,7,8,8,0,7,44,0,0,3,3,0,0,6,0,0,4,3,4,0,11,0,0,3,0,0,0,3,0,0,10,6,4,0,20,0,0,3,0,0,0,3,0,0,13,6,4,0,23,11,0,3,5,0,3,22,0,0,3,0,0,3,6,11,0,19,11,4,6,51,7,0,8,6,0,0,21,0,0,4,3,4,0,11,0,0,3,0,0,0,3,7,0,15,9,4,0,35,4,0,3,0,0,0,7,11,0,18,9,4,0,42,14,7,6,10,0,10,47,0,0,3,0,0,3,6,25,7,27,19,4,13,95
LGA13800,43,44,54,42,14,3,200,33,13,7,4,6,0,63,8,6,3,6,4,0,27,84,63,64,52,24,3,290,23,10,3,3,3,0,42,107,73,67,55,27,3,332,63,14,15,19,21,14,146,3,0,0,0,3,3,9,173,87,82,74,51,20,487,37,21,30,31,7,0,126,32,19,18,25,7,3,104,8,3,0,6,0,0,17,77,43,48,62,14,3,247,15,10,4,8,0,0,37,92,53,52,70,14,3,284,83,34,37,24,21,24,223,5,3,3,3,3,0,17,180,90,92,97,38,27,524,80,65,84,73,21,3,326,65,32,25,29,13,3,167,16,9,3,12,4,0,44,161,106,112,114,38,6,537,38,20,7,11,3,0,79,199,126,119,125,41,6,616,146,48,52,43,42,38,369,8,3,3,3,6,3,26,353,177,174,171,89,47,1011
LGA13850,8,5,3,3,3,0,22,0,0,4,0,0,0,4,0,0,0,3,0,0,3,8,5,7,6,3,0,29,3,0,3,3,0,0,9,11,5,10,9,3,0,38,3,3,0,0,6,3,15,0,0,0,0,0,0,0,14,8,10,9,9,3,53,0,0,0,3,0,0,3,0,5,0,5,0,0,10,0,0,0,3,0,0,3,0,5,0,11,0,0,16,0,0,0,3,0,0,3,0,5,0,14,0,0,19,4,6,0,4,0,6,20,0,3,0,0,0,0,3,4,14,0,18,0,6,42,8,5,3,6,3,0,25,0,5,4,5,0,0,14,0,0,0,6,0,0,6,8,10,7,17,3,0,45,3,0,3,6,0,0,12,11,10,10,23,3,0,57,7,9,0,4,6,9,35,0,3,0,0,0,0,3,18,22,10,27,9,9,95
LGA13950,19,23,23,19,6,0,90,11,3,7,0,3,0,24,3,3,3,3,0,3,15,33,29,33,22,9,3,129,9,4,4,3,3,0,23,42,33,37,25,12,3,152,27,14,18,11,12,16,98,5,0,0,3,3,3,14,74,47,55,39,27,22,264,14,18,18,21,8,0,79,11,6,10,8,10,0,45,3,3,3,3,0,0,12,28,27,31,32,18,0,136,8,3,7,0,3,0,21,36,30,38,32,21,0,157,52,18,14,16,12,23,135,3,3,3,0,0,3,12,91,51,55,48,33,26,304,33,41,41,40,14,0,169,22,9,17,8,13,0,69,6,6,6,6,0,3,27,61,56,64,54,27,3,265,17,7,11,3,6,0,44,78,63,75,57,33,3,309,79,32,32,27,24,39,233,8,3,3,3,3,6,26,165,98,110,87,60,48,568
LGA14000,10,20,25,14,8,0,77,6,8,3,3,3,0,23,3,3,3,0,3,0,12,19,31,31,17,14,0,112,7,4,0,0,0,0,11,26,35,31,17,14,0,123,16,0,3,5,4,17,45,0,0,0,0,0,0,0,42,35,34,22,18,17,168,11,19,12,16,6,0,64,9,6,11,11,5,0,42,0,3,3,0,0,0,6,20,28,26,27,11,0,112,11,3,0,0,0,0,14,31,31,26,27,11,0,126,28,8,14,11,8,14,83,0,0,6,0,0,0,6,59,39,46,38,19,14,215,21,39,37,30,14,0,141,15,14,14,14,8,0,65,3,6,6,0,3,0,18,39,59,57,44,25,0,224,18,7,0,0,0,0,25,57,66,57,44,25,0,249,44,8,17,16,12,31,128,0,0,6,0,0,0,6,101,74,80,60,37,31,383
LGA14100,0,0,3,0,0,0,3,3,0,0,0,0,0,3,0,0,0,0,0,0,0,3,0,3,0,0,0,6,0,0,0,0,0,0,0,3,0,3,0,0,0,6,18,0,0,0,0,0,18,0,0,0,0,0,3,3,21,0,3,0,0,3,27,0,3,3,0,0,0,6,0,0,0,0,0,0,0,0,0,0,0,0,0,0,0,3,3,0,0,0,6,0,0,0,0,0,0,0,0,3,3,0,0,0,6,0,0,0,0,0,0,0,3,0,0,0,0,0,3,3,3,3,0,0,0,9,0,3,6,0,0,0,9,3,0,0,0,0,0,3,0,0,0,0,0,0,0,3,3,6,0,0,0,12,0,0,0,0,0,0,0,3,3,6,0,0,0,12,18,0,0,0,0,0,18,3,0,0,0,0,3,6,24,3,6,0,0,3,36
LGA14150,13,19,11,12,10,0,65,6,3,0,0,6,0,15,5,3,0,5,0,0,13,24,25,11,17,16,0,93,4,3,0,0,0,0,7,28,28,11,17,16,0,100,22,3,6,10,0,8,49,3,0,3,0,0,0,6,53,31,20,27,16,8,155,4,11,10,13,0,0,38,13,4,7,5,7,3,39,0,3,3,0,0,0,6,17,18,20,18,7,3,83,4,0,6,0,0,0,10,21,18,26,18,7,3,93,21,10,11,10,12,10,74,3,0,0,0,0,0,3,45,28,37,28,19,13,170,17,30,21,25,10,0,103,19,7,7,5,13,3,54,5,6,3,5,0,0,19,41,43,31,35,23,3,176,8,3,6,0,0,0,17,49,46,37,35,23,3,193,43,13,17,20,12,18,123,6,0,3,0,0,0,9,98,59,57,55,35,21,325
LGA14200,12,16,19,16,11,0,74,11,3,0,4,0,0,18,0,3,3,0,0,0,6,23,22,22,20,11,0,98,14,11,8,12,0,0,45,37,33,30,32,11,0,143,60,17,28,28,18,22,173,0,7,0,7,0,0,14,97,57,58,67,29,22,330,3,9,9,5,3,0,29,9,5,14,6,5,3,42,3,3,0,0,3,0,9,15,17,23,11,11,3,80,14,0,8,0,0,0,22,29,17,31,11,11,3,102,56,31,35,29,26,14,191,6,0,9,3,3,4,25,91,48,75,43,40,21,318,15,25,28,21,14,0,103,20,8,14,10,5,3,60,3,6,3,0,3,0,15,38,39,45,31,22,3,178,28,11,16,12,0,0,67,66,50,61,43,22,3,245,116,48,63,57,44,36,364,6,7,9,10,3,4,39,188,105,133,110,69,43,648
LGA14250,3,0,0,3,0,0,6,0,0,0,3,0,0,3,0,0,0,0,0,0,0,3,0,0,6,0,0,9,0,0,0,0,0,0,0,3,0,0,6,0,0,9,0,0,0,3,0,0,3,0,0,0,0,0,0,0,3,0,0,9,0,0,12,3,0,0,3,0,0,6,0,0,3,0,3,0,6,0,0,0,0,0,0,0,3,0,3,3,3,0,12,0,0,0,0,0,0,0,3,0,3,3,3,0,12,0,0,0,0,0,4,4,0,0,0,0,0,0,0,3,0,3,3,3,4,16,6,0,0,6,0,0,12,0,0,3,3,3,0,9,0,0,0,0,0,0,0,6,0,3,9,3,0,21,0,0,0,0,0,0,0,6,0,3,9,3,0,21,0,0,0,3,0,4,7,0,0,0,0,0,0,0,6,0,3,12,3,4,28
LGA14300,7,5,3,9,0,0,24,0,3,0,0,0,0,3,0,0,0,0,0,0,0,7,8,3,9,0,0,27,3,0,3,0,0,0,6,10,8,6,9,0,0,33,48,72,60,20,5,3,208,0,0,0,0,0,0,0,58,80,66,29,5,3,241,3,3,3,0,3,0,12,3,0,3,3,3,0,12,0,3,3,0,0,0,6,6,6,9,3,6,0,30,0,0,0,0,0,0,0,6,6,9,3,6,0,30,9,6,4,8,3,4,34,0,0,0,0,0,0,0,15,12,13,11,9,4,64,10,8,6,9,3,0,36,3,3,3,3,3,0,15,0,3,3,0,0,0,6,13,14,12,12,6,0,57,3,0,3,0,0,0,6,16,14,15,12,6,0,63,57,78,64,28,8,7,242,0,0,0,0,0,0,0,73,92,79,40,14,7,305
LGA14350,17,21,30,29,8,0,105,19,14,6,18,6,3,66,4,3,5,5,3,0,20,40,38,41,52,17,3,191,37,22,20,15,6,3,103,77,60,61,67,23,6,294,198,130,100,90,70,49,637,15,5,9,9,7,3,48,290,195,170,166,100,58,979,16,16,32,35,18,0,117,29,27,30,14,3,3,106,4,3,5,6,0,0,18,49,46,67,55,21,3,241,21,15,13,9,3,0,61,70,61,80,64,24,3,302,195,97,95,102,82,52,623,15,5,8,3,7,7,45,280,163,183,169,113,62,970,33,37,62,64,26,0,222,48,41,36,32,9,6,172,8,6,10,11,3,0,38,89,84,108,107,38,6,432,58,37,33,24,9,3,164,147,121,141,131,47,9,596,393,227,195,192,152,101,1260,30,10,17,12,14,10,93,570,358,353,335,213,120,1949
LGA14400,8,13,10,6,3,0,40,8,0,0,4,0,0,12,0,0,0,4,0,0,4,16,13,10,14,3,0,56,3,0,0,0,0,0,3,19,13,10,14,3,0,59,15,0,0,0,6,6,27,0,0,0,0,0,0,0,34,13,10,14,9,6,86,3,7,3,7,3,0,23,5,4,7,7,3,0,26,3,0,0,0,0,0,3,11,11,10,14,6,0,52,0,0,3,0,0,0,3,11,11,13,14,6,0,55,13,6,4,6,0,10,39,3,0,3,0,0,4,10,27,17,20,20,6,14,104,11,20,13,13,6,0,63,13,4,7,11,3,0,38,3,0,0,4,0,0,7,27,24,20,28,9,0,108,3,0,3,0,0,0,6,30,24,23,28,9,0,114,28,6,4,6,6,16,66,3,0,3,0,0,4,10,61,30,30,34,15,20,190
LGA14450,4,7,10,3,5,0,29,3,4,0,0,0,0,7,3,0,5,3,0,0,11,10,11,15,6,5,0,47,0,0,0,0,0,0,0,10,11,15,6,5,0,47,3,0,0,3,3,8,17,0,0,0,0,0,0,0,13,11,15,9,8,8,64,7,8,3,6,0,0,24,6,0,3,3,5,0,17,0,0,0,0,0,0,0,13,8,6,9,5,0,41,3,0,0,0,0,0,3,16,8,6,9,5,0,44,10,5,5,4,3,3,30,0,3,0,3,3,0,9,26,16,11,16,11,3,83,11,15,13,9,5,0,53,9,4,3,3,5,0,24,3,0,5,3,0,0,11,23,19,21,15,10,0,88,3,0,0,0,0,0,3,26,19,21,15,10,0,91,13,5,5,7,6,11,47,0,3,0,3,3,0,9,39,27,26,25,19,11,147
LGA14500,0,12,3,8,4,0,27,0,0,3,0,0,0,3,0,0,0,0,0,0,0,0,12,6,8,4,0,30,0,0,0,0,0,0,0,0,12,6,8,4,0,30,9,0,0,0,3,5,17,0,0,0,0,0,0,0,9,12,6,8,7,5,47,0,5,3,5,3,0,16,11,0,3,0,0,4,18,0,0,0,0,3,0,3,11,5,6,5,6,4,37,3,0,0,0,0,0,3,14,5,6,5,6,4,40,7,3,3,4,3,0,20,0,0,0,0,0,0,0,21,8,9,9,9,4,60,0,17,6,13,7,0,43,11,0,6,0,0,4,21,0,0,0,0,3,0,3,11,17,12,13,10,4,67,3,0,0,0,0,0,3,14,17,12,13,10,4,70,16,3,3,4,6,5,37,0,0,0,0,0,0,0,30,20,15,17,16,9,107
LGA14550,0,9,3,9,0,0,21,5,3,3,0,6,0,17,3,0,0,0,3,3,9,8,12,6,9,9,3,47,10,3,3,3,0,0,19,18,15,9,12,9,3,66,33,12,13,13,12,7,90,0,0,3,3,4,4,14,51,27,25,28,25,14,170,0,3,4,3,0,0,10,8,3,6,6,5,0,28,0,0,0,3,0,0,3,8,6,10,12,5,0,41,0,4,5,5,0,0,14,8,10,15,17,5,0,55,34,13,16,11,8,8,90,3,0,3,3,0,3,12,45,23,34,31,13,11,157,0,12,7,12,0,0,31,13,6,9,6,11,0,45,3,0,0,3,3,3,12,16,18,16,21,14,3,88,10,7,8,8,0,0,33,26,25,24,29,14,3,121,67,25,29,24,20,15,180,3,0,6,6,4,7,26,96,50,59,59,38,25,327
LGA14600,17,21,19,19,11,0,87,10,8,10,8,3,0,39,3,3,3,3,3,3,18,30,32,32,30,17,3,144,7,11,3,0,4,0,25,37,43,35,30,21,3,169,46,11,4,17,33,28,139,5,5,0,0,0,3,13,88,59,39,47,54,34,321,7,10,18,10,7,0,52,13,11,11,11,3,0,49,4,3,0,0,3,0,10,24,24,29,21,13,0,111,6,9,3,5,0,0,23,30,33,32,26,13,0,134,52,31,34,31,23,33,204,9,0,0,3,0,0,12,91,64,66,60,36,33,350,24,31,37,29,18,0,139,23,19,21,19,6,0,88,7,6,3,3,6,3,28,54,56,61,51,30,3,255,13,20,6,5,4,0,48,67,76,67,56,34,3,303,98,42,38,48,56,61,343,14,5,0,3,0,3,25,179,123,105,107,90,67,671
LGA14650,149,149,145,135,54,7,639,67,35,23,18,13,3,159,28,10,16,11,4,0,69,244,194,184,164,71,10,867,71,44,23,10,7,0,155,315,238,207,174,78,10,1022,214,71,76,77,65,88,591,25,6,5,10,6,5,57,554,315,288,261,149,103,1670,70,66,96,81,30,0,343,126,72,87,69,26,5,385,15,18,18,5,5,3,64,211,156,201,155,61,8,792,59,24,22,10,0,0,115,270,180,223,165,61,8,907,264,125,144,111,113,109,866,13,4,4,4,5,19,49,547,309,371,280,179,136,1822,219,215,241,216,84,7,982,193,107,110,87,39,8,544,43,28,34,16,9,3,133,455,350,385,319,132,18,1659,130,68,45,20,7,0,270,585,418,430,339,139,18,1929,478,196,220,188,178,197,1457,38,10,9,14,11,24,106,1101,624,659,541,328,239,3492
LGA14700,0,4,3,0,0,0,7,0,0,0,0,0,0,0,0,0,0,0,0,0,0,0,4,3,0,0,0,7,0,0,0,0,0,0,0,0,4,3,0,0,0,7,10,0,0,3,0,0,13,0,3,0,0,0,0,3,10,7,3,3,0,0,23,5,4,0,3,0,0,12,0,3,4,3,3,0,13,0,4,0,0,0,0,4,5,11,4,6,3,0,29,0,0,0,0,0,0,0,5,11,4,6,3,0,29,0,0,6,0,0,0,6,0,0,0,0,0,0,0,5,11,10,6,3,0,35,5,8,3,3,0,0,19,0,3,4,3,3,0,13,0,4,0,0,0,0,4,5,15,7,6,3,0,36,0,0,0,0,0,0,0,5,15,7,6,3,0,36,10,0,6,3,0,0,19,0,3,0,0,0,0,3,15,18,13,9,3,0,58
LGA14750,13,19,13,10,6,0,61,3,3,4,0,0,0,10,5,0,0,3,0,0,8,21,22,17,13,6,0,79,6,3,3,3,0,0,15,27,25,20,16,6,0,94,29,7,10,6,8,7,67,8,0,0,0,0,0,8,64,32,30,22,14,7,169,8,4,10,6,3,0,31,9,9,10,3,5,0,36,3,0,0,3,0,0,6,20,13,20,12,8,0,73,7,4,4,0,0,0,15,27,17,24,12,8,0,88,31,18,17,11,11,10,98,4,3,0,3,0,0,10,62,38,41,26,19,10,196,21,23,23,16,9,0,92,12,12,14,3,5,0,46,8,0,0,6,0,0,14,41,35,37,25,14,0,152,13,7,7,3,0,0,30,54,42,44,28,14,0,182,60,25,27,17,19,17,165,12,3,0,3,0,0,18,126,70,71,48,33,17,365
LGA14800,11,16,16,11,6,3,63,5,4,4,0,4,0,17,3,3,0,3,0,0,9,19,23,20,14,10,3,89,6,7,4,0,3,0,20,25,30,24,14,13,3,109,22,7,8,5,6,9,57,3,0,0,0,0,0,3,50,37,32,19,19,12,169,20,17,10,18,6,0,71,5,10,7,3,6,0,31,0,3,0,3,0,0,6,25,30,17,24,12,0,108,3,4,5,4,3,0,19,28,34,22,28,15,0,127,20,14,18,18,6,16,92,0,0,0,0,5,0,5,48,48,40,46,26,16,224,31,33,26,29,12,3,134,10,14,11,3,10,0,48,3,6,0,6,0,0,15,44,53,37,38,22,3,197,9,11,9,4,6,0,39,53,64,46,42,28,3,236,42,21,26,23,12,25,149,3,0,0,0,5,0,8,98,85,72,65,45,28,393
LGA14850,16,30,22,32,11,3,114,19,20,9,13,4,0,65,9,7,0,0,4,0,20,44,57,31,45,19,3,199,33,22,14,6,0,0,75,77,79,45,51,19,3,274,79,33,42,30,22,14,220,12,0,3,5,4,0,24,168,112,90,86,45,17,518,14,15,34,27,11,0,101,36,26,15,17,9,3,106,5,4,7,3,3,0,22,55,45,56,47,23,3,229,26,11,9,8,3,0,57,81,56,65,55,26,3,286,108,64,62,40,31,26,331,7,5,6,3,4,0,25,196,125,133,98,61,29,642,30,45,56,59,22,3,215,55,46,24,30,13,3,171,14,11,7,3,7,0,42,99,102,87,92,42,6,428,59,33,23,14,3,0,132,158,135,110,106,45,6,560,187,97,104,70,53,40,551,19,5,9,8,8,0,49,364,237,223,184,106,46,1160
LGA14870,21,19,22,11,10,0,83,10,0,4,5,0,0,19,0,3,3,0,3,0,9,31,22,29,16,13,0,111,12,8,3,4,0,0,27,43,30,32,20,13,0,138,46,36,21,23,12,27,165,0,0,4,3,0,0,7,89,66,57,46,25,27,310,6,7,5,8,6,0,32,17,8,19,5,5,0,54,3,3,0,3,3,0,12,26,18,24,16,14,0,98,9,4,5,3,0,0,21,35,22,29,19,14,0,119,47,19,23,14,15,18,136,0,0,0,3,0,0,3,82,41,52,36,29,18,258,27,26,27,19,16,0,115,27,8,23,10,5,0,73,3,6,3,3,6,0,21,57,40,53,32,27,0,209,21,12,8,7,0,0,48,78,52,61,39,27,0,257,93,55,44,37,27,45,301,0,0,4,6,0,0,10,171,107,109,82,54,45,568
LGA14900,58,68,66,48,31,3,274,22,17,6,5,6,3,59,3,8,4,13,3,0,31,83,93,76,66,40,6,364,28,11,16,3,4,0,62,111,104,92,69,44,6,426,127,28,31,42,35,36,299,13,6,4,12,5,6,46,251,138,127,123,84,48,771,36,44,39,52,16,0,187,37,25,39,24,7,4,136,14,3,3,3,5,0,28,87,72,81,79,28,4,351,34,12,15,7,4,0,72,121,84,96,86,32,4,423,137,89,76,72,50,57,481,11,7,6,5,3,7,39,269,180,178,163,85,68,943,94,112,105,100,47,3,461,59,42,45,29,13,7,195,17,11,7,16,8,0,59,170,165,157,145,68,10,715,62,23,31,10,8,0,134,232,188,188,155,76,10,849,264,117,107,114,85,93,780,24,13,10,17,8,13,85,520,318,305,286,169,116,1714
LGA14920,14,15,23,16,10,0,78,4,6,3,5,3,0,21,3,3,4,3,3,0,16,21,24,30,24,16,0,115,6,8,3,0,0,0,17,27,32,33,24,16,0,132,40,9,13,21,15,22,120,3,3,3,3,0,3,15,70,44,49,48,31,25,267,4,6,10,10,4,0,34,11,5,11,9,3,3,42,0,0,0,3,0,0,3,15,11,21,22,7,3,79,6,3,8,3,3,0,23,21,14,29,25,10,3,102,41,21,22,18,22,34,158,3,0,3,0,0,3,9,65,35,54,43,32,40,269,18,21,33,26,14,0,112,15,11,14,14,6,3,63,3,3,4,6,3,0,19,36,35,51,46,23,3,194,12,11,11,3,3,0,40,48,46,62,49,26,3,234,81,30,35,39,37,56,278,6,3,6,3,0,6,24,135,79,103,91,63,65,536
LGA14950,4,3,0,0,3,0,10,0,0,0,0,3,0,3,0,0,0,0,0,0,0,4,3,0,0,6,0,13,0,0,5,0,0,0,5,4,3,5,0,6,0,18,3,3,3,0,3,3,15,0,0,0,0,0,0,0,7,6,8,0,9,3,33,0,0,0,0,0,0,0,0,0,0,3,0,0,3,0,0,0,0,0,0,0,0,0,0,3,0,0,3,0,0,0,0,0,0,0,0,0,0,3,0,0,3,5,0,0,0,5,0,10,0,0,0,0,0,0,0,5,0,0,3,5,0,13,4,3,0,0,3,0,10,0,0,0,3,3,0,6,0,0,0,0,0,0,0,4,3,0,3,6,0,16,0,0,5,0,0,0,5,4,3,5,3,6,0,21,8,3,3,0,8,3,25,0,0,0,0,0,0,0,12,6,8,3,14,3,46
LGA15050,62,77,59,33,14,3,248,26,11,14,11,6,0,68,5,3,4,4,5,0,21,93,91,77,48,25,3,337,43,18,5,8,3,3,80,136,109,82,56,28,6,417,69,27,26,28,25,25,200,7,8,4,0,0,3,22,212,144,112,84,53,34,639,31,24,41,38,16,0,150,62,33,40,20,9,0,164,13,4,6,3,0,0,26,106,61,87,61,25,0,340,24,11,16,4,0,0,55,130,72,103,65,25,0,395,104,52,55,43,46,37,337,4,8,6,7,0,10,35,238,132,164,115,71,47,767,93,101,100,71,30,3,398,88,44,54,31,15,0,232,18,7,10,7,5,0,47,199,152,164,109,50,3,677,67,29,21,12,3,3,135,266,181,185,121,53,6,812,173,79,81,71,71,62,537,11,16,10,7,0,13,57,450,276,276,199,124,81,1406
LGA15150,4,6,4,5,3,0,22,3,0,0,0,0,0,3,0,3,0,0,0,0,3,7,9,4,5,3,0,28,3,0,0,0,0,0,3,10,9,4,5,3,0,31,3,0,0,0,4,9,16,0,0,0,0,0,0,0,13,9,4,5,7,9,47,4,4,0,0,0,0,8,0,0,4,6,3,0,13,0,0,0,0,0,0,0,4,4,4,6,3,0,21,3,0,0,0,0,0,3,7,4,4,6,3,0,24,7,0,4,0,0,7,18,0,0,0,0,0,3,3,14,4,8,6,3,10,45,8,10,4,5,3,0,30,3,0,4,6,3,0,16,0,3,0,0,0,0,3,11,13,8,11,6,0,49,6,0,0,0,0,0,6,17,13,8,11,6,0,55,10,0,4,0,4,16,34,0,0,0,0,0,3,3,27,13,12,11,10,19,92
LGA15200,12,40,47,28,13,3,143,9,10,3,13,6,0,41,5,0,9,0,3,0,17,26,50,59,41,22,3,201,6,8,3,3,0,0,20,32,58,62,44,22,3,221,46,19,14,14,14,21,128,4,3,4,3,3,3,20,82,80,80,61,39,27,369,26,47,35,38,18,0,164,17,11,12,11,4,0,55,0,5,5,0,5,0,15,43,63,52,49,27,0,234,11,6,7,4,0,0,28,54,69,59,53,27,0,262,68,27,37,25,26,18,201,5,0,3,4,0,0,12,127,96,99,82,53,18,475,38,87,82,66,31,3,307,26,21,15,24,10,0,96,5,5,14,0,8,0,32,69,113,111,90,49,3,435,17,14,10,7,0,0,48,86,127,121,97,49,3,483,114,46,51,39,40,39,329,9,3,7,7,3,3,32,209,176,179,143,92,45,844
LGA15270,30,30,23,26,8,0,117,11,3,3,4,9,0,30,3,0,7,3,3,0,16,44,33,33,33,20,0,163,17,5,3,4,4,0,33,61,38,36,37,24,0,196,35,3,13,12,12,15,90,0,3,5,3,0,0,11,96,44,54,52,36,15,297,13,7,7,13,3,0,43,8,10,15,17,3,0,53,3,0,3,0,3,0,9,24,17,25,30,9,0,105,7,3,3,4,0,0,17,31,20,28,34,9,0,122,37,24,19,14,13,19,126,0,3,0,0,0,0,3,68,47,47,48,22,19,251,43,37,30,39,11,0,160,19,13,18,21,12,0,83,6,0,10,3,6,0,25,68,50,58,63,29,0,268,24,8,6,8,4,0,50,92,58,64,71,33,0,318,72,27,32,26,25,34,216,0,6,5,3,0,0,14,164,91,101,100,58,34,548
LGA15300,33,37,52,41,19,0,182,22,17,13,7,7,0,66,5,0,3,6,3,0,17,60,54,68,54,29,0,265,40,28,29,32,3,0,132,100,82,97,86,32,0,397,146,45,63,43,40,66,403,17,6,20,5,3,5,56,263,133,180,134,75,71,856,15,27,39,32,11,0,124,19,23,26,27,12,4,111,3,5,4,10,3,0,25,37,55,69,69,26,4,260,27,20,15,16,3,0,81,64,75,84,85,29,4,341,154,124,82,90,54,70,574,13,7,10,3,8,10,51,231,206,176,178,91,84,966,48,64,91,73,30,0,306,41,40,39,34,19,4,177,8,5,7,16,6,0,42,97,109,137,123,55,4,525,67,48,44,48,6,0,213,164,157,181,171,61,4,738,300,169,145,133,94,136,977,30,13,30,8,11,15,107,494,339,356,312,166,155,1822
LGA15350,0,3,4,0,3,0,10,0,0,0,0,0,0,0,0,0,0,0,0,0,0,0,3,4,0,3,0,10,0,0,0,0,0,0,0,0,3,4,0,3,0,10,0,0,0,0,0,0,0,0,0,0,0,0,0,0,0,3,4,0,3,0,10,0,3,3,3,0,0,9,0,0,0,0,0,0,0,0,0,0,0,0,0,0,0,3,3,3,0,0,9,3,0,0,0,0,0,3,3,3,3,3,0,0,12,0,0,0,0,0,0,0,0,0,0,0,0,0,0,3,3,3,3,0,0,12,0,6,7,3,3,0,19,0,0,0,0,0,0,0,0,0,0,0,0,0,0,0,6,7,3,3,0,19,3,0,0,0,0,0,3,3,6,7,3,3,0,22,0,0,0,0,0,0,0,0,0,0,0,0,0,0,3,6,7,3,3,0,22
LGA15500,0,7,4,3,3,0,17,3,3,0,3,0,0,9,0,0,0,0,0,0,0,3,10,4,6,3,0,26,0,4,5,3,3,0,15,3,14,9,9,6,0,41,9,3,3,7,4,10,36,4,0,3,0,0,0,7,16,17,15,16,10,10,84,10,3,0,4,4,0,21,3,3,7,3,0,0,16,0,0,0,0,0,0,0,13,6,7,7,4,0,37,4,0,0,0,0,0,4,17,6,7,7,4,0,41,6,5,10,10,8,3,42,3,0,0,0,0,0,3,26,11,17,17,12,3,86,10,10,4,7,7,0,38,6,6,7,6,0,0,25,0,0,0,0,0,0,0,16,16,11,13,7,0,63,4,4,5,3,3,0,19,20,20,16,16,10,0,82,15,8,13,17,12,13,78,7,0,3,0,0,0,10,42,28,32,33,22,13,170
LGA15550,7,6,7,14,3,0,37,0,3,3,0,0,0,6,3,0,0,3,3,0,9,10,9,10,17,6,0,52,4,3,0,0,0,0,7,14,12,10,17,6,0,59,10,0,3,3,3,8,27,0,0,0,0,0,0,0,24,12,13,20,9,8,86,0,3,5,0,3,0,11,3,3,4,4,3,0,17,0,0,0,0,0,0,0,3,6,9,4,6,0,28,0,0,0,3,0,0,3,3,6,9,7,6,0,31,9,7,8,8,3,7,42,0,0,0,0,0,0,0,12,13,17,15,9,7,73,7,9,12,14,6,0,48,3,6,7,4,3,0,23,3,0,0,3,3,0,9,13,15,19,21,12,0,80,4,3,0,3,0,0,10,17,18,19,24,12,0,90,19,7,11,11,6,15,69,0,0,0,0,0,0,0,36,25,30,35,18,15,159
LGA15650,23,25,20,24,9,3,104,9,5,3,0,0,3,20,4,3,0,0,0,0,7,36,33,23,24,9,6,131,20,3,3,4,0,0,30,56,36,26,28,9,6,161,27,28,20,12,6,6,99,0,3,3,0,0,3,9,83,67,49,40,15,15,269,10,16,10,20,0,0,56,16,6,13,7,0,0,42,4,5,0,0,0,0,9,30,27,23,27,0,0,107,5,3,7,3,3,0,21,35,30,30,30,3,0,128,43,31,17,11,10,6,118,0,3,3,0,0,3,9,78,64,50,41,13,9,255,33,41,30,44,9,3,160,25,11,16,7,0,3,62,8,8,0,0,0,0,16,66,60,46,51,9,6,238,25,6,10,7,3,0,51,91,66,56,58,12,6,289,70,59,37,23,16,12,217,0,6,6,0,0,6,18,161,131,99,81,28,24,524
LGA15700,4,16,18,16,6,3,63,8,9,3,3,4,3,30,3,3,6,3,3,0,18,15,28,27,22,13,6,111,21,10,17,7,4,0,59,36,38,44,29,17,6,170,79,18,23,26,27,32,205,0,3,6,0,0,0,9,115,59,73,55,44,38,384,5,3,12,9,6,0,35,14,14,17,17,5,0,67,3,0,0,3,0,0,6,22,17,29,29,11,0,108,17,14,8,8,3,0,50,39,31,37,37,14,0,158,61,46,37,40,35,32,251,6,0,5,3,3,0,17,106,77,79,80,52,32,426,9,19,30,25,12,3,98,22,23,20,20,9,3,97,6,3,6,6,3,0,24,37,45,56,51,24,6,219,38,24,25,15,7,0,109,75,69,81,66,31,6,328,140,64,60,66,62,64,456,6,3,11,3,3,0,26,221,136,152,135,96,70,810
LGA15750,26,27,24,23,7,0,107,7,5,5,9,5,0,31,8,0,0,3,0,0,11,41,32,29,35,12,0,149,23,17,13,0,3,0,56,64,49,42,35,15,0,205,50,22,18,21,22,26,159,3,7,3,0,3,3,19,117,78,63,56,40,29,383,14,18,17,15,4,0,68,13,18,11,12,3,3,60,5,0,3,4,0,0,12,32,36,31,31,7,3,140,14,10,14,9,0,0,47,46,46,45,40,7,3,187,85,41,30,39,33,30,258,6,5,5,4,0,0,20,137,92,80,83,40,33,465,40,45,41,38,11,0,175,20,23,16,21,8,3,91,13,0,3,7,0,0,23,73,68,60,66,19,3,289,37,27,27,9,3,0,103,110,95,87,75,22,3,392,135,63,48,60,55,56,417,9,12,8,4,3,3,39,254,170,143,139,80,62,848
LGA15800,11,12,12,12,14,0,61,4,0,0,3,0,3,10,0,5,3,3,0,0,11,15,17,15,18,14,3,82,4,4,3,0,0,0,11,19,21,18,18,14,3,93,14,5,7,12,13,12,63,5,3,0,8,4,0,20,38,29,25,38,31,15,176,5,6,5,9,0,0,25,8,11,12,6,0,0,37,0,0,0,3,0,0,3,13,17,17,18,0,0,65,3,6,4,0,0,0,13,16,23,21,18,0,0,78,25,13,8,12,11,14,83,4,3,0,3,0,0,10,45,39,29,33,11,14,171,16,18,17,21,14,0,86,12,11,12,9,0,3,47,0,5,3,6,0,0,14,28,34,32,36,14,3,147,7,10,7,0,0,0,24,35,44,39,36,14,3,171,39,18,15,24,24,26,146,9,6,0,11,4,0,30,83,68,54,71,42,29,347
LGA15850,30,28,26,23,16,0,123,3,5,9,4,0,0,21,4,0,4,0,3,0,11,37,33,39,27,19,0,155,15,8,8,3,6,0,40,52,41,47,30,25,0,195,49,7,7,20,17,22,122,10,3,3,0,3,0,19,111,51,57,50,45,22,336,5,12,26,22,9,0,74,20,11,15,17,0,0,63,3,3,4,3,6,0,19,28,26,45,42,15,0,156,12,12,10,5,0,0,39,40,38,55,47,15,0,195,62,34,24,17,34,24,195,3,3,3,3,3,4,19,105,75,82,67,52,28,409,35,40,52,45,25,0,197,23,16,24,21,0,0,84,7,3,8,3,9,0,30,65,59,84,69,34,0,311,27,20,18,8,6,0,79,92,79,102,77,40,0,390,111,41,31,37,51,46,317,13,6,6,3,6,4,38,216,126,139,117,97,50,745
LGA15900,95,135,127,80,40,4,481,76,35,27,7,7,0,152,17,12,5,6,7,0,47,188,182,159,93,54,4,680,64,20,15,14,8,0,121,252,202,174,107,62,4,801,171,52,56,71,52,53,455,11,11,8,13,6,9,58,434,265,238,191,120,66,1314,77,80,65,68,21,5,316,96,53,55,53,24,0,281,25,13,12,5,3,0,58,198,146,132,126,48,5,655,44,16,15,8,3,0,86,242,162,147,134,51,5,741,164,111,82,76,77,85,595,11,5,10,5,3,8,42,417,278,239,215,131,98,1378,172,215,192,148,61,9,797,172,88,82,60,31,0,433,42,25,17,11,10,0,105,386,328,291,219,102,9,1335,108,36,30,22,11,0,207,494,364,321,241,113,9,1542,335,163,138,147,129,138,1050,22,16,18,18,9,17,100,851,543,477,406,251,164,2692
LGA15950,6,12,10,3,0,0,31,3,3,0,3,3,3,15,3,3,0,0,0,0,6,12,18,10,6,3,3,52,0,0,0,0,0,0,0,12,18,10,6,3,3,52,5,0,0,0,0,4,9,0,0,0,0,0,0,0,17,18,10,6,3,7,61,3,14,3,4,3,0,27,3,6,0,0,0,0,9,0,0,0,0,0,0,0,6,20,3,4,3,0,36,0,0,0,0,0,0,0,6,20,3,4,3,0,36,0,0,3,3,4,3,13,0,0,0,0,0,3,3,6,20,6,7,7,6,52,9,26,13,7,3,0,58,6,9,0,3,3,3,24,3,3,0,0,0,0,6,18,38,13,10,6,3,88,0,0,0,0,0,0,0,18,38,13,10,6,3,88,5,0,3,3,4,7,22,0,0,0,0,0,3,3,23,38,16,13,10,13,113
LGA16100,8,4,4,0,7,0,23,4,0,0,0,0,0,4,0,0,0,0,0,0,0,12,4,4,0,7,0,27,0,0,0,4,3,0,7,12,4,4,4,10,0,34,17,4,0,8,3,0,32,0,0,0,0,0,0,0,29,8,4,12,13,0,66,0,0,3,0,0,0,3,4,0,3,3,0,0,10,0,0,0,0,0,0,0,4,0,6,3,0,0,13,0,4,3,0,0,0,7,4,4,9,3,0,0,20,6,6,3,3,0,8,26,0,0,0,3,0,0,3,10,10,12,9,0,8,49,8,4,7,0,7,0,26,8,0,3,3,0,0,14,0,0,0,0,0,0,0,16,4,10,3,7,0,40,0,4,3,4,3,0,14,16,8,13,7,10,0,54,23,10,3,11,3,8,58,0,0,0,3,0,0,3,39,18,16,21,13,8,115
LGA16150,39,36,46,45,16,0,182,24,7,7,7,4,0,49,13,4,5,0,0,0,22,76,47,58,52,20,0,253,29,9,14,6,0,0,58,105,56,72,58,20,0,311,89,26,29,36,23,17,220,12,7,4,6,3,3,35,206,89,105,100,46,20,566,28,25,39,25,5,0,122,36,12,19,19,6,0,92,3,3,5,3,0,3,17,67,40,63,47,11,3,231,18,10,8,3,0,0,39,85,50,71,50,11,3,270,111,69,56,38,31,28,333,11,9,13,4,3,3,43,207,128,140,92,45,34,646,67,61,85,70,21,0,304,60,19,26,26,10,0,141,16,7,10,3,0,3,39,143,87,121,99,31,3,484,47,19,22,9,0,0,97,190,106,143,108,31,3,581,200,95,85,74,54,45,553,23,16,17,10,6,6,78,413,217,245,192,91,54,1212
LGA16180,4,8,6,10,3,0,31,0,0,0,0,4,0,4,0,0,6,0,0,0,6,4,8,12,10,7,0,41,0,0,0,0,0,0,0,4,8,12,10,7,0,41,7,0,5,0,5,0,17,0,0,0,0,0,0,0,11,8,17,10,12,0,58,3,7,5,3,6,0,24,3,7,6,3,0,0,19,0,0,0,3,0,0,3,6,14,11,9,6,0,46,0,0,0,0,0,0,0,6,14,11,9,6,0,46,10,6,5,5,0,0,26,0,0,0,0,0,0,0,16,20,16,14,6,0,72,7,15,11,13,9,0,55,3,7,6,3,4,0,23,0,0,6,3,0,0,9,10,22,23,19,13,0,87,0,0,0,0,0,0,0,10,22,23,19,13,0,87,17,6,10,5,5,0,43,0,0,0,0,0,0,0,27,28,33,24,18,0,130
LGA16200,31,29,27,14,9,0,110,10,8,4,3,0,0,25,0,0,5,6,0,0,11,41,37,36,23,9,0,146,16,3,12,5,0,0,36,57,40,48,28,9,0,182,43,16,15,20,26,20,140,6,5,0,0,0,6,17,106,61,63,48,35,26,339,12,9,18,13,8,0,60,30,16,16,12,5,0,79,6,3,3,0,0,0,12,48,28,37,25,13,0,151,9,6,9,3,0,0,27,57,34,46,28,13,0,178,56,34,27,28,26,24,195,3,0,5,0,3,5,16,116,68,78,56,42,29,389,43,38,45,27,17,0,170,40,24,20,15,5,0,104,6,3,8,6,0,0,23,89,65,73,48,22,0,297,25,9,21,8,0,0,63,114,74,94,56,22,0,360,99,50,42,48,52,44,335,9,5,5,0,3,11,33,222,129,141,104,77,55,728
LGA16250,29,44,37,37,9,3,159,32,7,10,0,0,3,52,4,3,5,3,4,0,19,65,54,52,40,13,6,230,17,11,6,3,0,0,37,82,65,58,43,13,6,267,79,44,36,32,27,28,246,9,4,4,5,4,3,29,170,113,98,80,44,37,542,25,28,30,20,9,0,112,13,14,20,19,4,3,73,5,6,3,0,3,0,17,43,48,53,39,16,3,202,11,7,3,6,0,0,27,54,55,56,45,16,3,229,55,44,47,25,25,31,227,0,0,0,6,3,6,15,109,99,103,76,44,40,471,54,72,67,57,18,3,271,45,21,30,19,4,6,125,9,9,8,3,7,0,36,108,102,105,79,29,9,432,28,18,9,9,0,0,64,136,120,114,88,29,9,496,134,88,83,57,52,59,473,9,4,4,11,7,9,44,279,212,201,156,88,77,1013
LGA16350,157,204,164,124,70,4,723,70,21,28,20,7,4,150,15,13,11,11,7,0,57,242,238,203,155,84,8,930,80,26,21,10,8,0,145,322,264,224,165,92,8,1075,261,57,65,47,39,45,514,14,5,11,7,11,0,48,597,326,300,219,142,53,1637,93,122,123,97,39,4,478,96,55,97,44,23,4,319,28,21,15,12,6,0,82,217,198,235,153,68,8,879,56,23,22,7,5,0,113,273,221,257,160,73,8,992,257,158,129,83,68,77,772,12,7,5,6,4,7,41,542,386,391,249,145,92,1805,250,326,287,221,109,8,1201,166,76,125,64,30,8,469,43,34,26,23,13,0,139,459,436,438,308,152,16,1809,136,49,43,17,13,0,258,595,485,481,325,165,16,2067,518,215,194,130,107,122,1286,26,12,16,13,15,7,89,1139,712,691,468,287,145,3442
LGA16370,9,6,7,17,7,0,46,6,0,3,4,3,0,16,0,0,0,0,0,0,0,15,6,10,21,10,0,62,3,0,0,0,0,0,3,18,6,10,21,10,0,65,8,3,4,3,0,6,24,0,0,0,0,0,0,0,26,9,14,24,10,6,89,0,0,5,10,3,0,18,11,3,6,4,3,0,27,0,4,0,0,0,0,4,11,7,11,14,6,0,49,0,0,0,3,0,0,3,11,7,11,17,6,0,52,4,5,3,0,3,7,22,0,0,0,0,3,0,3,15,12,14,17,12,7,77,9,6,12,27,10,0,64,17,3,9,8,6,0,43,0,4,0,0,0,0,4,26,13,21,35,16,0,111,3,0,0,3,0,0,6,29,13,21,38,16,0,117,12,8,7,3,3,13,46,0,0,0,0,3,0,3,41,21,28,41,22,13,166
LGA16380,46,53,49,43,25,3,219,33,12,10,7,16,3,81,13,8,0,3,0,0,24,92,73,59,53,41,6,324,39,17,5,7,0,3,71,131,90,64,60,41,9,395,95,23,34,47,39,49,287,4,5,4,7,3,4,27,230,118,102,114,83,62,709,21,18,39,35,13,0,126,44,24,46,33,6,0,153,10,10,5,5,5,3,38,75,52,90,73,24,3,317,24,10,4,10,5,0,53,99,62,94,83,29,3,370,116,55,51,57,46,42,367,3,3,3,3,4,3,19,218,120,148,143,79,48,756,67,71,88,78,38,3,345,77,36,56,40,22,3,234,23,18,5,8,5,3,62,167,125,149,126,65,9,641,63,27,9,17,5,3,124,230,152,158,143,70,12,765,211,78,85,104,85,91,654,7,8,7,10,7,7,46,448,238,250,257,162,110,1465
LGA16400,65,52,59,55,29,3,263,34,6,13,11,6,3,73,7,12,5,7,0,0,31,106,70,77,73,35,6,367,37,14,15,3,0,0,69,143,84,92,76,35,6,436,92,25,19,24,28,37,225,4,6,0,0,3,6,19,239,115,111,100,66,49,680,36,20,42,37,11,0,146,53,22,35,27,19,0,156,12,5,9,3,3,0,32,101,47,86,67,33,0,334,22,11,15,4,3,0,55,123,58,101,71,36,0,389,102,52,57,58,29,46,344,5,0,0,3,3,4,15,230,110,158,132,68,50,748,101,72,101,92,40,3,409,87,28,48,38,25,3,229,19,17,14,10,3,0,63,207,117,163,140,68,6,701,59,25,30,7,3,0,124,266,142,193,147,71,6,825,194,77,76,82,57,83,569,9,6,0,3,6,10,34,469,225,269,232,134,99,1428
LGA16470,35,33,37,29,10,3,147,17,7,5,3,4,0,36,6,4,4,3,3,0,20,58,44,46,35,17,3,203,19,4,3,4,0,0,30,77,48,49,39,17,3,233,32,11,10,11,12,7,83,5,0,3,0,0,3,11,114,59,62,50,29,13,327,29,35,29,31,15,0,139,19,22,10,17,4,0,72,4,5,4,3,4,0,20,52,62,43,51,23,0,231,8,3,4,3,3,0,21,60,65,47,54,26,0,252,40,28,14,19,17,12,130,0,5,0,4,3,0,12,100,98,61,77,46,12,394,64,68,66,60,25,3,286,36,29,15,20,8,0,108,10,9,8,6,7,0,40,110,106,89,86,40,3,434,27,7,7,7,3,0,51,137,113,96,93,43,3,485,72,39,24,30,29,19,213,5,5,3,4,3,3,23,214,157,123,127,75,25,721
LGA16550,30,52,50,44,14,0,190,31,7,7,3,7,3,58,5,5,7,4,0,3,24,66,64,64,51,21,6,272,16,8,8,5,3,0,40,82,72,72,56,24,6,312,114,78,74,43,28,26,363,0,0,3,0,3,9,15,196,150,149,99,55,41,690,26,41,44,24,16,5,156,30,29,36,20,13,0,128,8,5,5,0,5,7,30,64,75,85,44,34,12,314,11,8,7,0,3,0,29,75,83,92,44,37,12,343,81,39,32,35,47,51,285,0,4,3,3,3,8,21,156,126,127,82,87,71,649,56,93,94,68,30,5,346,61,36,43,23,20,3,186,13,10,12,4,5,10,54,130,139,149,95,55,18,586,27,16,15,5,6,0,69,157,155,164,100,61,18,655,195,117,106,78,75,77,648,0,4,6,3,6,17,36,352,276,276,181,142,112,1339
LGA16610,15,20,21,22,11,3,92,11,5,9,3,3,0,31,3,3,0,3,3,0,12,29,28,30,28,17,3,135,25,9,11,6,3,0,54,54,37,41,34,20,3,189,70,21,27,28,26,16,188,11,13,7,5,5,3,44,135,71,75,67,51,22,421,7,7,16,13,10,0,53,19,11,18,12,4,3,67,7,3,0,3,0,0,13,33,21,34,28,14,3,133,19,6,5,7,3,0,40,52,27,39,35,17,3,173,84,62,41,28,30,22,267,10,0,8,8,0,5,31,146,89,88,71,47,30,471,22,27,37,35,21,3,145,30,16,27,15,7,3,98,10,6,0,6,3,0,25,62,49,64,56,31,6,268,44,15,16,13,6,0,94,106,64,80,69,37,6,362,154,83,68,56,56,38,455,21,13,15,13,5,8,75,281,160,163,138,98,52,892
LGA16650,10,30,26,25,11,3,105,4,6,5,4,3,0,22,3,0,0,0,3,0,6,17,36,31,29,17,3,133,5,3,4,0,0,0,12,22,39,35,29,17,3,145,26,0,0,12,3,5,46,0,0,0,3,0,3,6,48,39,35,44,20,11,197,11,12,22,17,8,0,70,8,6,12,7,7,0,40,0,3,0,0,3,0,6,19,21,34,24,18,0,116,8,0,0,0,0,0,8,27,21,34,24,18,0,124,20,7,15,7,9,8,66,3,0,3,0,3,0,9,50,28,52,31,30,8,199,21,42,48,42,19,3,175,12,12,17,11,10,0,62,3,3,0,0,6,0,12,36,57,65,53,35,3,249,13,3,4,0,0,0,20,49,60,69,53,35,3,269,46,7,15,19,12,13,112,3,0,3,3,3,3,15,98,67,87,75,50,19,396
LGA16700,14,11,18,4,6,0,53,6,0,3,3,5,3,20,3,3,3,3,0,0,12,23,14,24,10,11,3,85,0,4,0,3,0,0,7,23,18,24,13,11,3,92,7,3,4,3,4,8,29,0,0,0,0,0,0,0,30,21,28,16,15,11,121,11,11,12,11,6,0,51,12,10,3,4,0,0,29,3,0,3,0,0,0,6,26,21,18,15,6,0,86,0,0,0,0,5,0,5,26,21,18,15,11,0,91,10,5,6,5,7,10,43,0,0,3,0,0,0,3,36,26,27,20,18,10,137,25,22,30,15,12,0,104,18,10,6,7,5,3,49,6,3,6,3,0,0,18,49,35,42,25,17,3,171,0,4,0,3,5,0,12,49,39,42,28,22,3,183,17,8,10,8,11,18,72,0,0,3,0,0,0,3,66,47,55,36,33,21,258
LGA16900,51,40,60,33,13,3,200,24,6,7,6,3,3,49,10,6,3,7,0,0,26,85,52,70,46,16,6,275,31,14,7,4,3,0,59,116,66,77,50,19,6,334,80,22,26,21,30,18,197,11,3,7,4,3,4,32,207,91,110,75,52,28,563,32,19,19,22,13,4,109,30,20,21,22,8,0,101,5,3,6,5,0,0,19,67,42,46,49,21,4,229,24,5,4,5,0,0,38,91,47,50,54,21,4,267,100,57,42,45,32,23,299,6,3,6,4,8,0,27,197,107,98,103,61,27,593,83,59,79,55,26,7,309,54,26,28,28,11,3,150,15,9,9,12,0,0,45,152,94,116,95,37,10,504,55,19,11,9,3,0,97,207,113,127,104,40,10,601,180,79,68,66,62,41,496,17,6,13,8,11,4,59,404,198,208,178,113,55,1156
LGA16950,72,81,86,72,30,3,344,42,14,11,26,18,3,114,8,10,11,8,4,0,41,122,105,108,106,52,6,499,79,52,20,21,5,0,177,201,157,128,127,57,6,676,210,84,81,73,85,82,615,13,7,5,8,9,7,49,424,248,214,208,151,95,1340,36,51,61,63,26,3,240,56,50,55,54,12,3,230,9,11,8,9,6,0,43,101,112,124,126,44,6,513,49,16,20,8,3,0,96,150,128,144,134,47,6,609,203,107,107,95,85,97,694,10,0,8,3,8,5,34,363,235,259,232,140,108,1337,108,132,147,135,56,6,584,98,64,66,80,30,6,344,17,21,19,17,10,0,84,223,217,232,232,96,12,1012,128,68,40,29,8,0,273,351,285,272,261,104,12,1285,413,191,188,168,170,179,1309,23,7,13,11,17,12,83,787,483,473,440,291,203,2677
LGA17000,31,45,29,19,8,0,132,9,3,0,3,3,0,18,9,4,0,4,0,0,17,49,52,29,26,11,0,167,11,0,0,3,0,0,14,60,52,29,29,11,0,181,24,11,7,16,6,13,77,0,0,0,0,0,3,3,84,63,36,45,17,16,261,19,6,18,7,4,0,54,16,9,9,10,6,0,50,4,5,4,0,0,0,13,39,20,31,17,10,0,117,8,5,0,4,0,0,17,47,25,31,21,10,0,134,29,17,20,19,13,16,114,0,3,0,0,4,0,7,76,45,51,40,27,16,255,50,51,47,26,12,0,186,25,12,9,13,9,0,68,13,9,4,4,0,0,30,88,72,60,43,21,0,284,19,5,0,7,0,0,31,107,77,60,50,21,0,315,53,28,27,35,19,29,191,0,3,0,0,4,3,10,160,108,87,85,44,32,516
LGA17050,5,11,5,3,0,0,24,0,0,0,3,0,0,3,0,0,0,0,0,0,0,5,11,5,6,0,0,27,0,0,0,0,0,0,0,5,11,5,6,0,0,27,4,0,0,0,0,3,7,0,0,0,0,0,0,0,9,11,5,6,0,3,34,0,5,0,5,0,0,10,0,0,4,0,0,0,4,0,0,0,0,0,0,0,0,5,4,5,0,0,14,0,0,0,0,0,0,0,0,5,4,5,0,0,14,3,3,0,0,0,3,9,0,0,0,0,0,0,0,3,8,4,5,0,3,23,5,16,5,8,0,0,34,0,0,4,3,0,0,7,0,0,0,0,0,0,0,5,16,9,11,0,0,41,0,0,0,0,0,0,0,5,16,9,11,0,0,41,7,3,0,0,0,6,16,0,0,0,0,0,0,0,12,19,9,11,0,6,57
LGA17100,3,6,6,0,3,0,18,4,0,0,0,3,0,7,0,0,0,0,0,0,0,7,6,6,0,6,0,25,0,3,0,3,0,0,6,7,9,6,3,6,0,31,5,3,0,0,3,3,14,0,0,0,0,0,0,0,12,12,6,3,9,3,45,0,6,0,4,0,0,10,0,0,5,3,0,0,8,0,0,0,0,0,0,0,0,6,5,7,0,0,18,4,0,0,0,0,0,4,4,6,5,7,0,0,22,3,0,3,0,0,0,6,0,0,0,0,0,0,0,7,6,8,7,0,0,28,3,12,6,4,3,0,28,4,0,5,3,3,0,15,0,0,0,0,0,0,0,7,12,11,7,6,0,43,4,3,0,3,0,0,10,11,15,11,10,6,0,53,8,3,3,0,3,3,20,0,0,0,0,0,0,0,19,18,14,10,9,3,73
LGA17150,57,62,83,65,28,4,299,33,13,10,3,6,5,70,11,13,6,0,0,3,33,101,88,99,68,34,12,402,14,8,5,0,0,0,27,115,96,104,68,34,12,429,77,11,14,16,17,46,181,6,3,4,4,3,4,24,198,110,122,88,54,62,634,29,55,23,44,16,0,167,49,16,35,35,13,6,154,3,11,5,3,4,0,26,81,82,63,82,33,6,347,16,5,4,7,0,0,32,97,87,67,89,33,6,379,49,22,32,24,27,50,204,4,4,0,0,3,4,15,150,113,99,113,63,60,598,86,117,106,109,44,4,466,82,29,45,38,19,11,224,14,24,11,3,4,3,59,182,170,162,150,67,18,749,30,13,9,7,0,0,59,212,183,171,157,67,18,808,126,33,46,40,44,96,385,10,7,4,4,6,8,39,348,223,221,201,117,122,1232
LGA17200,44,83,92,39,14,5,277,26,22,19,7,10,4,88,6,10,5,8,0,0,29,76,115,116,54,24,9,394,22,16,25,12,6,0,81,98,131,141,66,30,9,475,78,45,60,76,51,43,353,12,6,4,8,7,3,40,188,182,205,150,88,55,868,24,73,53,42,16,6,214,25,23,16,14,9,0,87,11,6,8,3,6,0,34,60,102,77,59,31,6,335,23,15,12,7,0,0,57,83,117,89,66,31,6,392,137,61,76,56,56,49,435,4,3,6,6,6,7,32,224,181,171,128,93,62,859,68,156,145,81,30,11,491,51,45,35,21,19,4,175,17,16,13,11,6,0,63,136,217,193,113,55,15,729,45,31,37,19,6,0,138,181,248,230,132,61,15,867,215,106,136,132,107,92,788,16,9,10,14,13,10,72,412,363,376,278,181,117,1727
LGA17310,95,113,109,92,42,0,451,49,22,29,23,10,3,136,9,11,9,6,3,3,41,153,146,147,121,55,6,628,78,43,27,16,15,0,179,231,189,174,137,70,6,807,165,63,80,70,75,60,513,17,8,5,8,7,7,52,413,260,259,215,152,73,1372,57,49,74,60,18,3,261,85,47,63,49,10,3,257,7,11,12,13,4,0,47,149,107,149,122,32,6,565,46,25,21,13,0,0,105,195,132,170,135,32,6,670,235,150,112,102,85,80,764,16,11,11,4,6,7,55,446,293,293,241,123,93,1489,152,162,183,152,60,3,712,134,69,92,72,20,6,393,16,22,21,19,7,3,88,302,253,296,243,87,12,1193,124,68,48,29,15,0,284,426,321,344,272,102,12,1477,400,213,192,172,160,140,1277,33,19,16,12,13,14,107,859,553,552,456,275,166,2861
LGA17350,3,0,0,4,0,0,7,0,0,3,0,0,0,3,0,0,0,0,0,0,0,3,0,3,4,0,0,10,0,3,0,0,3,0,6,3,3,3,4,3,0,16,7,0,0,0,5,3,15,0,0,0,0,0,0,0,10,3,3,4,8,3,31,3,0,3,0,0,0,6,3,3,0,3,3,0,12,0,0,0,0,0,0,0,6,3,3,3,3,0,18,0,3,0,0,0,0,3,6,6,3,3,3,0,21,3,3,5,3,0,4,18,0,0,0,0,0,0,0,9,9,8,6,3,4,39,6,0,3,4,0,0,13,3,3,3,3,3,0,15,0,0,0,0,0,0,0,9,3,6,7,3,0,28,0,6,0,0,3,0,9,9,9,6,7,6,0,37,10,3,5,3,5,7,33,0,0,0,0,0,0,0,19,12,11,10,11,7,70
LGA17400,3,0,5,0,3,3,14,3,0,0,4,0,0,7,0,0,0,0,0,0,0,6,0,5,4,3,3,21,3,5,5,3,0,3,19,9,5,10,7,3,6,40,19,17,17,15,11,4,83,3,0,0,0,0,0,3,31,22,27,22,14,10,126,3,3,0,3,0,0,9,3,3,10,3,5,0,24,0,3,0,0,0,0,3,6,9,10,6,5,0,36,0,4,6,4,0,0,14,6,13,16,10,5,0,50,28,20,15,18,10,3,94,3,0,0,0,0,3,6,37,33,31,28,15,6,150,6,3,5,3,3,3,23,6,3,10,7,5,0,31,0,3,0,0,0,0,3,12,9,15,10,8,3,57,3,9,11,7,0,3,33,15,18,26,17,8,6,90,47,37,32,33,21,7,177,6,0,0,0,0,3,9,68,55,58,50,29,16,276
LGA17420,16,27,32,12,13,3,103,11,4,3,3,0,0,21,3,3,3,3,0,0,12,30,34,38,18,13,3,136,7,0,0,0,0,0,7,37,34,38,18,13,3,143,26,4,3,4,10,7,54,0,0,0,0,0,0,0,63,38,41,22,23,10,197,23,15,16,13,9,0,76,14,6,10,6,11,0,47,0,9,3,0,3,0,15,37,30,29,19,23,0,138,3,4,0,4,0,0,11,40,34,29,23,23,0,149,27,7,10,10,19,13,86,0,3,0,0,0,3,6,67,44,39,33,42,16,241,39,42,48,25,22,3,179,25,10,13,9,11,0,68,3,12,6,3,3,0,27,67,64,67,37,36,3,274,10,4,0,4,0,0,18,77,68,67,41,36,3,292,53,11,13,14,29,20,140,0,3,0,0,0,3,6,130,82,80,55,65,26,438
LGA17450,0,0,4,3,0,0,7,0,3,0,0,0,0,3,0,0,0,0,0,0,0,0,3,4,3,0,0,10,0,0,0,0,0,0,0,0,3,4,3,0,0,10,13,9,4,0,0,3,29,0,0,0,0,0,0,0,13,12,8,3,0,3,39,0,0,0,0,0,0,0,0,0,0,0,0,0,0,0,0,0,0,0,0,0,0,0,0,0,0,0,0,0,0,0,0,0,0,0,0,0,0,0,0,0,0,0,3,3,5,0,6,17,0,0,0,0,0,0,0,0,3,3,5,0,6,17,0,0,4,3,0,0,7,0,3,0,0,0,0,3,0,0,0,0,0,0,0,0,3,4,3,0,0,10,0,0,0,0,0,0,0,0,3,4,3,0,0,10,13,12,7,5,0,9,46,0,0,0,0,0,0,0,13,15,11,8,0,9,56
LGA17500,7,10,16,6,3,0,42,0,6,3,3,3,0,15,0,0,3,0,3,0,6,7,16,22,9,9,0,63,6,0,3,3,0,0,12,13,16,25,12,9,0,75,14,5,7,7,3,11,47,0,0,0,0,0,0,0,27,21,32,19,12,11,122,4,6,5,8,3,0,26,8,10,12,4,3,0,37,0,0,0,0,0,0,0,12,16,17,12,6,0,63,12,0,3,3,3,0,21,24,16,20,15,9,0,84,25,16,15,8,7,16,87,0,0,0,3,3,0,6,49,32,35,26,19,16,177,11,16,21,14,6,0,68,8,16,15,7,6,0,52,0,0,3,0,3,0,6,19,32,39,21,15,0,126,18,0,6,6,3,0,33,37,32,45,27,18,0,159,39,21,22,15,10,27,134,0,0,0,3,3,0,6,76,53,67,45,31,27,299
LGA17550,49,63,63,59,33,3,270,42,17,25,17,9,3,113,15,5,8,4,0,3,35,106,85,96,80,42,9,418,48,27,23,7,11,0,116,154,112,119,87,53,9,534,125,32,26,46,35,61,325,12,4,12,5,3,10,46,291,148,157,138,91,80,905,24,37,49,49,15,0,174,77,45,46,38,23,3,232,12,7,10,7,7,3,46,113,89,105,94,45,6,452,18,9,10,4,0,0,41,131,98,115,98,45,6,493,111,72,65,55,47,60,410,6,3,3,3,6,8,29,248,173,183,156,98,74,932,73,100,112,108,48,3,444,119,62,71,55,32,6,345,27,12,18,11,7,6,81,219,174,201,174,87,15,870,66,36,33,11,11,0,157,285,210,234,185,98,15,1027,236,104,91,101,82,121,735,18,7,15,8,9,18,75,539,321,340,294,189,154,1837
LGA17620,15,13,18,20,7,3,76,11,0,0,0,0,0,11,0,7,4,0,0,0,11,26,20,22,20,7,3,98,6,0,0,3,0,0,9,32,20,22,23,7,3,107,22,7,11,3,6,3,52,4,0,0,0,0,3,7,58,27,33,26,13,9,166,11,6,7,7,5,0,36,14,9,11,7,0,0,41,0,0,0,0,0,0,0,25,15,18,14,5,0,77,3,4,5,0,0,0,12,28,19,23,14,5,0,89,12,9,9,4,14,14,62,0,0,0,0,0,0,0,40,28,32,18,19,14,151,26,19,25,27,12,3,112,25,9,11,7,0,0,52,0,7,4,0,0,0,11,51,35,40,34,12,3,175,9,4,5,3,0,0,21,60,39,45,37,12,3,196,34,16,20,7,20,17,114,4,0,0,0,0,3,7,98,55,65,44,32,23,317
LGA17640,0,0,3,3,0,3,9,4,0,4,0,3,0,11,0,0,0,0,0,0,0,4,0,7,3,3,3,20,0,0,0,0,0,0,0,4,0,7,3,3,3,20,6,0,0,0,3,5,14,0,0,0,0,0,0,0,10,0,7,3,6,8,34,3,0,3,3,3,0,12,0,0,6,0,0,0,6,3,0,0,0,0,0,3,6,0,9,3,3,0,21,3,3,3,0,0,0,9,9,3,12,3,3,0,30,5,4,0,3,3,0,15,0,0,0,0,0,0,0,14,7,12,6,6,0,45,3,0,6,6,3,3,21,4,0,10,0,3,0,17,3,0,0,0,0,0,3,10,0,16,6,6,3,41,3,3,3,0,0,0,9,13,3,19,6,6,3,50,11,4,0,3,6,5,29,0,0,0,0,0,0,0,24,7,19,9,12,8,79
LGA17650,8,11,11,6,0,0,36,3,3,0,0,3,0,9,3,0,0,0,0,0,3,14,14,11,6,3,0,48,5,0,0,4,0,0,9,19,14,11,10,3,0,57,17,5,3,11,17,8,61,0,0,0,0,0,0,0,36,19,14,21,20,8,118,0,3,5,8,3,0,19,4,4,4,8,3,0,23,3,0,0,3,3,0,9,7,7,9,19,9,0,51,4,3,0,0,0,0,7,11,10,9,19,9,0,58,16,11,3,11,6,8,55,3,0,0,3,0,3,9,30,21,12,33,15,11,122,8,14,16,14,3,0,55,7,7,4,8,6,0,32,6,0,0,3,3,0,12,21,21,20,25,12,0,99,9,3,0,4,0,0,16,30,24,20,29,12,0,115,33,16,6,22,23,16,116,3,0,0,3,0,3,9,66,40,26,54,35,19,240
LGA17700,0,0,0,0,3,0,3,0,0,0,3,0,0,3,0,0,0,0,0,0,0,0,0,0,3,3,0,6,0,0,0,0,0,0,0,0,0,0,3,3,0,6,0,0,3,3,3,0,9,0,0,0,0,0,0,0,0,0,3,6,6,0,15,0,0,0,0,0,0,0,0,0,0,0,0,0,0,0,0,0,0,0,0,0,0,0,0,0,0,0,0,0,0,0,0,0,0,0,0,0,0,0,0,0,0,0,0,3,3,3,0,9,0,0,0,0,0,0,0,0,0,3,3,3,0,9,0,0,0,0,3,0,3,0,0,0,3,0,0,3,0,0,0,0,0,0,0,0,0,0,3,3,0,6,0,0,0,0,0,0,0,0,0,0,3,3,0,6,0,0,6,6,6,0,18,0,0,0,0,0,0,0,0,0,6,9,9,0,24
LGA17750,77,87,67,42,27,3,303,34,13,9,5,0,3,64,11,8,7,3,3,0,32,122,108,83,50,30,6,399,39,17,13,7,4,0,80,161,125,96,57,34,6,479,123,35,33,35,39,21,286,8,3,8,3,3,4,29,292,163,137,95,76,31,794,44,35,51,35,10,3,178,49,33,28,15,7,4,136,11,9,9,8,3,0,40,104,77,88,58,20,7,354,27,23,9,10,0,0,69,131,100,97,68,20,7,423,133,77,77,57,35,39,418,10,3,4,3,3,4,27,274,180,178,128,58,50,868,121,122,118,77,37,6,481,83,46,37,20,7,7,200,22,17,16,11,6,0,72,226,185,171,108,50,13,753,66,40,22,17,4,0,149,292,225,193,125,54,13,902,256,112,110,92,74,60,704,18,6,12,6,6,8,56,566,343,315,223,134,81,1662
LGA17800,0,4,0,0,0,0,4,0,0,0,3,0,0,3,0,0,0,3,0,3,6,0,4,0,6,0,3,13,0,0,0,0,0,0,0,0,4,0,6,0,3,13,7,0,0,0,4,4,15,4,0,0,3,0,0,7,11,4,0,9,4,7,35,0,3,0,3,0,0,6,3,3,4,0,0,0,10,0,0,0,0,0,0,0,3,6,4,3,0,0,16,0,0,0,5,0,0,5,3,6,4,8,0,0,21,5,3,0,3,3,0,14,0,3,0,0,0,0,3,8,12,4,11,3,0,38,0,7,0,3,0,0,10,3,3,4,3,0,0,13,0,0,0,3,0,3,6,3,10,4,9,0,3,29,0,0,0,5,0,0,5,3,10,4,14,0,3,34,12,3,0,3,7,4,29,4,3,0,3,0,0,10,19,16,4,20,7,7,73
LGA17850,3,3,0,3,0,3,12,3,0,3,0,0,0,6,0,0,3,0,0,0,3,6,3,6,3,0,3,21,3,3,0,0,0,0,6,9,6,6,3,0,3,27,11,0,6,5,5,4,31,0,0,0,0,0,0,0,20,6,12,8,5,7,58,3,3,3,0,0,0,9,0,0,3,0,0,0,3,0,3,0,3,0,0,6,3,6,6,3,0,0,18,0,3,3,0,0,0,6,3,9,9,3,0,0,24,13,7,3,4,10,8,45,0,0,0,3,0,0,3,16,16,12,10,10,8,72,6,6,3,3,0,3,21,3,0,6,0,0,0,9,0,3,3,3,0,0,9,9,9,12,6,0,3,39,3,6,3,0,0,0,12,12,15,15,6,0,3,51,24,7,9,9,15,12,76,0,0,0,3,0,0,3,36,22,24,18,15,15,130
LGA17900,25,27,20,23,22,0,117,8,16,18,10,6,0,58,6,5,6,3,3,0,23,39,48,44,36,31,0,198,17,3,14,6,6,0,46,56,51,58,42,37,0,244,83,31,34,55,37,51,291,12,5,11,9,6,5,48,151,87,103,106,80,56,583,12,26,30,29,11,0,108,17,12,22,6,9,5,71,3,3,4,11,5,0,26,32,41,56,46,25,5,205,12,7,6,3,3,0,31,44,48,62,49,28,5,236,101,53,63,63,37,41,358,11,8,7,4,5,7,42,156,109,132,116,70,53,636,37,53,50,52,33,0,225,25,28,40,16,15,5,129,9,8,10,14,8,0,49,71,89,100,82,56,5,403,29,10,20,9,9,0,77,100,99,120,91,65,5,480,184,84,97,118,74,92,649,23,13,18,13,11,12,90,307,196,235,222,150,109,1219
LGA17950,8,6,4,5,0,0,23,0,3,3,0,0,0,6,3,3,3,0,0,0,9,11,12,10,5,0,0,38,3,3,3,3,0,0,12,14,15,13,8,0,0,50,9,0,4,13,18,3,47,0,3,0,0,0,0,3,23,18,17,21,18,3,100,0,0,0,9,4,0,13,4,10,6,3,3,0,26,0,0,4,0,0,0,4,4,10,10,12,7,0,43,5,0,4,3,3,0,15,9,10,14,15,10,0,58,21,13,19,6,7,11,77,0,0,0,3,0,0,3,30,23,33,24,17,11,138,8,6,4,14,4,0,36,4,13,9,3,3,0,32,3,3,7,0,0,0,13,15,22,20,17,7,0,81,8,3,7,6,3,0,27,23,25,27,23,10,0,108,30,13,23,19,25,14,124,0,3,0,3,0,0,6,53,41,50,45,35,14,238
LGA18000,15,20,34,26,17,3,115,3,3,7,5,3,3,24,3,0,0,0,3,0,6,21,23,41,31,23,6,145,3,0,0,3,3,3,12,24,23,41,34,26,9,157,10,0,10,5,6,11,42,0,0,0,3,0,3,6,34,23,51,42,32,23,205,16,15,28,16,4,0,79,8,4,15,10,3,3,43,3,5,0,0,0,0,8,27,24,43,26,7,3,130,3,3,0,3,3,0,12,30,27,43,29,10,3,142,21,10,13,4,3,23,74,0,3,3,0,0,3,9,51,40,59,33,13,29,225,31,35,62,42,21,3,194,11,7,22,15,6,6,67,6,5,0,0,3,0,14,48,47,84,57,30,9,275,6,3,0,6,6,3,24,54,50,84,63,36,12,299,31,10,23,9,9,34,116,0,3,3,3,0,6,15,85,63,110,75,45,52,430
LGA18020,10,8,14,10,7,0,49,7,3,0,3,0,3,16,3,5,0,3,0,0,11,20,16,14,16,7,3,76,12,5,11,4,0,0,32,32,21,25,20,7,3,108,36,9,13,23,14,24,119,7,0,0,3,0,0,10,75,30,38,46,21,27,237,3,3,10,9,0,0,25,23,5,7,6,3,0,44,0,0,0,3,3,0,6,26,8,17,18,6,0,75,4,9,6,4,0,0,23,30,17,23,22,6,0,98,41,28,22,23,30,24,168,3,3,6,3,0,3,18,74,48,51,48,36,27,284,13,11,24,19,7,0,74,30,8,7,9,3,3,60,3,5,0,6,3,0,17,46,24,31,34,13,3,151,16,14,17,8,0,0,55,62,38,48,42,13,3,206,77,37,35,46,44,48,287,10,3,6,6,0,3,28,149,78,89,94,57,54,521
LGA18050,0,16,15,7,3,3,44,6,0,3,6,0,0,15,3,3,0,0,0,0,6,9,19,18,13,3,3,65,3,3,3,0,3,0,12,12,22,21,13,6,3,77,9,5,3,4,0,0,21,0,0,0,0,0,0,0,21,27,24,17,6,3,98,10,18,12,6,0,0,46,6,6,7,0,0,0,19,0,0,0,0,0,0,0,16,24,19,6,0,0,65,0,3,0,0,0,0,3,16,27,19,6,0,0,68,8,0,0,7,5,0,20,0,0,0,0,0,0,0,24,27,19,13,5,0,88,10,34,27,13,3,3,90,12,6,10,6,0,0,34,3,3,0,0,0,0,6,25,43,37,19,3,3,130,3,6,3,0,3,0,15,28,49,40,19,6,3,145,17,5,3,11,5,0,41,0,0,0,0,0,0,0,45,54,43,30,11,3,186
LGA18100,0,0,0,4,0,0,4,0,0,0,0,0,0,0,0,0,0,0,0,0,0,0,0,0,4,0,0,4,0,0,0,0,0,0,0,0,0,0,4,0,0,4,7,0,3,3,3,3,19,0,0,0,0,0,0,0,7,0,3,7,3,3,23,0,0,0,0,0,0,0,0,0,3,3,3,0,9,0,0,0,0,0,0,0,0,0,3,3,3,0,9,0,0,0,0,0,0,0,0,0,3,3,3,0,9,0,3,3,0,0,3,9,0,0,0,0,0,0,0,0,3,6,3,3,3,18,0,0,0,4,0,0,4,0,0,3,3,3,0,9,0,0,0,0,0,0,0,0,0,3,7,3,0,13,0,0,0,0,0,0,0,0,0,3,7,3,0,13,7,3,6,3,3,6,28,0,0,0,0,0,0,0,7,3,9,10,6,6,41
LGA18150,20,20,28,21,15,3,107,13,7,0,8,5,3,36,0,4,3,3,4,0,14,33,31,31,32,24,6,157,35,18,12,6,0,3,74,68,49,43,38,24,9,231,142,128,75,33,40,14,432,0,0,5,3,0,0,8,210,177,123,74,64,23,671,12,19,21,20,5,0,77,28,19,13,11,3,0,74,4,0,3,6,3,0,16,44,38,37,37,11,0,167,16,6,15,6,0,0,43,60,44,52,43,11,0,210,71,44,43,34,45,34,271,4,3,3,3,0,3,16,135,91,98,80,56,37,497,32,39,49,41,20,3,184,41,26,13,19,8,3,110,4,4,6,9,7,0,30,77,69,68,69,35,6,324,51,24,27,12,0,3,117,128,93,95,81,35,9,441,213,172,118,67,85,48,703,4,3,8,6,0,3,24,345,268,221,154,120,60,1168
LGA18200,5,6,0,8,3,0,22,6,0,8,3,0,0,17,0,3,0,4,0,0,7,11,9,8,15,3,0,46,13,8,12,4,3,0,40,24,17,20,19,6,0,86,41,14,13,22,9,17,116,6,0,3,3,0,0,12,71,31,36,44,15,17,214,8,4,9,9,3,0,33,0,4,5,9,3,0,21,0,0,0,0,0,0,0,8,8,14,18,6,0,54,8,4,4,6,0,0,22,16,12,18,24,6,0,76,53,23,26,32,15,14,163,9,0,3,0,0,0,12,78,35,47,56,21,14,251,13,10,9,17,6,0,55,6,4,13,12,3,0,38,0,3,0,4,0,0,7,19,17,22,33,9,0,100,21,12,16,10,3,0,62,40,29,38,43,12,0,162,94,37,39,54,24,31,279,15,0,6,3,0,0,24,149,66,83,100,36,31,465
LGA18250,10,7,6,5,4,0,32,0,0,0,0,0,0,0,0,0,0,0,0,0,0,10,7,6,5,4,0,32,0,0,0,4,0,0,4,10,7,6,9,4,0,36,5,3,0,0,0,4,12,0,0,0,0,0,3,3,15,10,6,9,4,7,51,3,7,5,3,3,0,21,3,3,6,3,0,0,15,0,0,0,0,0,0,0,6,10,11,6,3,0,36,0,0,0,0,0,0,0,6,10,11,6,3,0,36,7,0,0,0,5,3,15,0,0,0,0,0,3,3,13,10,11,6,8,6,54,13,14,11,8,7,0,53,3,3,6,3,0,0,15,0,0,0,0,0,0,0,16,17,17,11,7,0,68,0,0,0,4,0,0,4,16,17,17,15,7,0,72,12,3,0,0,5,7,27,0,0,0,0,0,6,6,28,20,17,15,12,13,105
LGA18350,28,12,21,21,8,3,93,5,7,3,3,3,0,21,5,3,6,3,3,0,20,38,22,30,27,14,3,134,8,0,0,3,0,0,11,46,22,30,30,14,3,145,35,7,9,4,8,15,78,5,0,0,4,0,0,9,86,29,39,38,22,18,232,10,9,10,14,4,0,47,18,5,13,7,4,0,47,3,4,3,3,0,0,13,31,18,26,24,8,0,107,6,0,6,0,0,0,12,37,18,32,24,8,0,119,38,24,24,28,5,18,137,0,6,0,0,4,0,10,75,48,56,52,17,18,266,38,21,31,35,12,3,140,23,12,16,10,7,0,68,8,7,9,6,3,0,33,69,40,56,51,22,3,241,14,0,6,3,0,0,23,83,40,62,54,22,3,264,73,31,33,32,13,33,215,5,6,0,4,4,0,19,161,77,95,90,39,36,498
LGA18400,32,31,38,27,8,3,139,7,7,8,3,7,3,35,5,3,0,3,4,0,15,44,41,46,33,19,6,189,6,3,6,3,3,0,21,50,44,52,36,22,6,210,33,5,5,15,14,11,83,0,0,0,3,0,0,3,83,49,57,54,36,17,296,15,15,30,22,9,0,91,26,13,19,9,12,0,79,0,3,4,4,3,0,14,41,31,53,35,24,0,184,13,7,0,0,0,0,20,54,38,53,35,24,0,204,30,19,22,20,14,16,121,0,0,0,3,0,0,3,84,57,75,58,38,16,328,47,46,68,49,17,3,230,33,20,27,12,19,3,114,5,6,4,7,7,0,29,85,72,99,68,43,6,373,19,10,6,3,3,0,41,104,82,105,71,46,6,414,63,24,27,35,28,27,204,0,0,0,6,0,0,6,167,106,132,112,74,33,624
LGA18450,89,137,104,71,36,3,440,57,23,18,17,13,0,128,19,17,14,12,5,3,70,165,177,136,100,54,6,638,90,36,12,17,0,0,155,255,213,148,117,54,6,793,186,63,55,53,51,55,463,13,9,9,9,3,3,46,454,285,212,179,108,64,1302,66,64,53,69,16,3,271,69,44,81,40,16,0,250,17,13,8,8,7,3,56,152,121,142,117,39,6,577,59,16,24,9,0,0,108,211,137,166,126,39,6,685,218,126,104,88,71,97,704,6,8,4,7,3,12,40,435,271,274,221,113,115,1429,155,201,157,140,52,6,711,126,67,99,57,29,0,378,36,30,22,20,12,6,126,317,298,278,217,93,12,1215,149,52,36,26,0,0,263,466,350,314,243,93,12,1478,404,189,159,141,122,152,1167,19,17,13,16,6,15,86,889,556,486,400,221,179,2731
LGA18500,6,5,4,3,0,0,18,0,4,0,0,0,0,4,4,0,0,0,0,0,4,10,9,4,3,0,0,26,0,3,0,0,0,0,3,10,12,4,3,0,0,29,11,3,0,0,0,3,17,0,0,0,0,0,0,0,21,15,4,3,0,3,46,0,5,7,3,4,0,19,5,0,0,4,0,0,9,0,0,0,0,0,0,0,5,5,7,7,4,0,28,0,3,0,0,0,0,3,5,8,7,7,4,0,31,7,3,0,0,0,0,10,0,0,0,0,0,4,4,12,11,7,7,4,4,45,6,10,11,6,4,0,37,5,4,0,4,0,0,13,4,0,0,0,0,0,4,15,14,11,10,4,0,54,0,6,0,0,0,0,6,15,20,11,10,4,0,60,18,6,0,0,0,3,27,0,0,0,0,0,4,4,33,26,11,10,4,7,91
LGA18550,134,137,140,106,40,0,557,99,26,27,19,15,5,191,12,8,9,14,6,3,52,245,171,176,139,61,8,800,100,39,28,14,3,0,184,345,210,204,153,64,8,984,219,44,57,69,62,82,533,13,9,10,6,7,10,55,577,263,271,228,133,100,1572,59,75,83,95,21,5,338,114,68,88,68,24,0,362,30,28,12,13,0,0,83,203,171,183,176,45,5,783,71,25,17,19,4,0,136,274,196,200,195,49,5,919,232,146,126,82,105,100,791,15,8,11,8,5,10,57,521,350,337,285,159,115,1767,193,212,223,201,61,5,895,213,94,115,87,39,5,553,42,36,21,27,6,3,135,448,342,359,315,106,13,1583,171,64,45,33,7,0,320,619,406,404,348,113,13,1903,451,190,183,151,167,182,1324,28,17,21,14,12,20,112,1098,613,608,513,292,215,3339
LGA18710,11,7,14,9,3,0,44,3,4,3,3,5,0,18,0,3,0,0,0,0,3,14,14,17,12,8,0,65,5,0,3,0,0,0,8,19,14,20,12,8,0,73,11,3,3,3,3,7,30,0,0,0,0,0,0,0,30,17,23,15,11,7,103,5,4,4,4,0,0,17,3,4,6,0,0,0,13,3,0,0,0,0,0,3,11,8,10,4,0,0,33,3,3,0,0,0,0,6,14,11,10,4,0,0,39,4,3,6,3,8,5,29,0,3,0,3,0,0,6,18,17,16,10,8,5,74,16,11,18,13,3,0,61,6,8,9,3,5,0,31,3,3,0,0,0,0,6,25,22,27,16,8,0,98,8,3,3,0,0,0,14,33,25,30,16,8,0,112,15,6,9,6,11,12,59,0,3,0,3,0,0,6,48,34,39,25,19,12,177
LGA18750,4,3,9,6,5,0,27,6,3,0,5,0,0,14,0,0,0,0,0,0,0,10,6,9,11,5,0,41,4,0,7,3,0,0,14,14,6,16,14,5,0,55,17,0,4,3,6,9,39,0,3,0,0,3,3,9,31,9,20,17,14,12,103,0,3,4,0,4,0,11,6,3,8,0,4,0,21,0,0,0,0,0,3,3,6,6,12,0,8,3,35,0,3,3,0,3,0,9,6,9,15,0,11,3,44,27,12,7,9,10,6,71,0,0,0,0,0,3,3,33,21,22,9,21,12,118,4,6,13,6,9,0,38,12,6,8,5,4,0,35,0,0,0,0,0,3,3,16,12,21,11,13,3,76,4,3,10,3,3,0,23,20,15,31,14,16,3,99,44,12,11,12,16,15,110,0,3,0,0,3,6,12,64,30,42,26,35,24,221
LGA19399,5,3,0,3,0,0,11,0,0,0,0,0,0,0,3,0,0,0,0,0,3,8,3,0,3,0,0,14,0,0,0,0,0,0,0,8,3,0,3,0,0,14,3,0,0,0,3,0,6,0,0,0,0,0,0,0,11,3,0,3,3,0,20,3,0,0,4,0,0,7,0,0,0,0,3,0,3,0,0,0,0,0,0,0,3,0,0,4,3,0,10,0,0,0,0,0,0,0,3,0,0,4,3,0,10,0,0,0,0,0,3,3,0,0,3,0,0,0,3,3,0,3,4,3,3,16,8,3,0,7,0,0,18,0,0,0,0,3,0,3,3,0,0,0,0,0,3,11,3,0,7,3,0,24,0,0,0,0,0,0,0,11,3,0,7,3,0,24,3,0,0,0,3,3,9,0,0,3,0,0,0,3,14,3,3,7,6,3,36
LGA19499,9,12,21,4,0,0,46,4,4,4,3,3,0,18,5,3,3,0,0,0,11,18,19,28,7,3,0,75,19,14,8,3,3,0,47,37,33,36,10,6,0,122,43,23,25,32,5,8,136,26,30,55,46,16,6,179,106,86,116,88,27,14,437,4,3,3,3,3,0,16,7,11,3,3,3,0,27,0,0,0,3,0,0,3,11,14,6,9,6,0,46,9,7,3,3,3,0,25,20,21,9,12,9,0,71,58,37,17,13,13,3,141,11,33,26,16,3,4,93,89,91,52,41,25,7,305,13,15,24,7,3,0,62,11,15,7,6,6,0,45,5,3,3,3,0,0,14,29,33,34,16,9,0,121,28,21,11,6,6,0,72,57,54,45,22,15,0,193,101,60,42,45,18,11,277,37,63,81,62,19,10,272,195,177,168,129,52,21,742
