region_id,HH_IN_P_1_f_hh_C_f_n_c_N_u_1,HH_IN_P_1_f_hh_C_f_n_c_N_u_2,HH_IN_P_1_f_hh_C_f_n_c_N_u_3,HH_IN_P_1_f_hh_C_f_n_c_N_u_4,HH_IN_P_1_f_hh_C_f_n_c_N_u_5,HH_IN_P_1_f_h_C_f_n_c_N_u_6ov,HH_IN_P_1_f_hh_C_f_no_ch_Tot,HH_IN_P_1_f_hh_C_f_ch_Nu_ur_1,HH_IN_P_1_f_hh_C_f_ch_Nu_ur_2,HH_IN_P_1_f_hh_C_f_ch_Nu_ur_3,HH_IN_P_1_f_hh_C_f_ch_Nu_ur_4,HH_IN_P_1_f_hh_C_f_ch_Nu_ur_5,HH_I_P_1_f_h_C_f_ch_Nu_ur_6ov,HH_IN_PE_1_fa_hh_Co_fa_ch_Tot,HH_IN_P_1_f_h_1_pa_f_Nu_ur_1,HH_IN_P_1_f_h_1_pa_f_Nu_ur_2,HH_IN_P_1_f_h_1_pa_f_Nu_ur_3,HH_IN_P_1_f_h_1_pa_f_Nu_ur_4,HH_IN_P_1_f_h_1_pa_f_Nu_ur_5,HH_IN_P_1_f_h_1_pa_f_N_ur_6ov,HH_IN_P_1_f_h_1_pa_f_Tot,HH_IN_P_1_fa_hh_Ot_fa_Nu_ur_1,HH_IN_P_1_fa_hh_Ot_fa_Nu_ur_2,HH_IN_P_1_fa_hh_Ot_fa_Nu_ur_3,HH_IN_P_1_fa_hh_Ot_fa_Nu_ur_4,HH_IN_P_1_fa_hh_Ot_fa_Nu_ur_5,HH_IN_P_1_fa_hh_Ot_f_N_ur_6ov,HH_IN_PE_1_fa_hh_Other_fa_Tot,HH_IN_PE_1_fa_hh_Tot_Nu_ur_1,HH_IN_PE_1_fa_hh_Tot_Nu_ur_2,HH_IN_PE_1_fa_hh_Tot_Nu_ur_3,HH_IN_PE_1_fa_hh_Tot_Nu_ur_4,HH_IN_PE_1_fa_hh_Tot_Nu_ur_5,HH_IN_PE_1_fa_hh_Tot_N_ur_6ov,HH_IN_PE_1_fa_hh_Tot_Tot,HHD_IN_PE_Mu_fa_hhd_Nu_ur_1,HHD_IN_PE_Mu_fa_hhd_Nu_ur_2,HHD_IN_PE_Mu_fa_hhd_Nu_ur_3,HHD_IN_PE_Mu_fa_hhd_Nu_ur_4,HHD_IN_PE_Mu_fa_hhd_Nu_ur_5,HHD_IN_PE_Mu_fa_hhd_N_ur_6ov,HHD_IN_PE_Mu_fa_hhd_Tot,HHD_IN_PE_TotFa_hhd_Nu_ur_1,HHD_IN_PE_TotFa_hhd_Nu_ur_2,HHD_IN_PE_TotFa_hhd_Nu_ur_3,HHD_IN_PE_TotFa_hhd_Nu_ur_4,HHD_IN_PE_TotFa_hhd_Nu_ur_5,HHD_IN_PE_TotFa_hhd_N_ur_6ov,HHD_IN_PE_TotFa_hhd_Tot,HHD_IN_PE_Lo_per_hhd_Nu_ur_1,HHD_IN_PE_Lo_per_hhd_Nu_ur_2,HHD_IN_PE_Lo_per_hhd_Nu_ur_3,HHD_IN_PE_Lo_per_hhd_Nu_ur_4,HHD_IN_PE_Lo_per_hhd_Nu_ur_5,HHD_IN_PE_Lo_per_hhd_N_ur_6ov,HHD_IN_PE_Lo_per_hhd_Tot,HHD_IN_PE_Gr_hh_Nu_ur_1,HHD_IN_PE_Gr_hh_Nu_ur_2,HHD_IN_PE_Gr_hh_Nu_ur_3,HHD_IN_PE_Gr_hh_Nu_ur_4,HHD_IN_PE_Gr_hh_Nu_ur_5,HHD_IN_PE_Gr_hh_N_ur_6ov,HHD_IN_PE_Gr_hh_Tot,HHD_IN_PE_Tot_Nu_ur_1,HHD_IN_PE_Tot_Nu_ur_2,HHD_IN_PE_Tot_Nu_ur_3,HHD_IN_PE_Tot_Nu_ur_4,HHD_IN_PE_Tot_Nu_ur_5,HHD_IN_PE_Tot_Nu_ur_6_more,HHD_IN_PE_Tot_Tot,OT_HH_1_f_hh_C_f_no_c_Nu_ur_1,OT_HH_1_f_hh_C_f_no_c_Nu_ur_2,OT_HH_1_f_hh_C_f_no_c_Nu_ur_3,OT_HH_1_f_hh_C_f_no_c_Nu_ur_4,OT_HH_1_f_hh_C_f_no_c_Nu_ur_5,OT_HH_1_f_hh_C_f_n_c_N_ur_6ov,OT_HH_1_f_hh_C_f_no_c_Tot,OT_HH_1_f_hh_C_f_ch_Nu_ur_1,OT_HH_1_f_hh_C_f_ch_Nu_ur_2,OT_HH_1_f_hh_C_f_ch_Nu_ur_3,OT_HH_1_f_hh_C_f_ch_Nu_ur_4,OT_HH_1_f_hh_C_f_ch_Nu_ur_5,OT_HH_1_f_hh_C_f_ch_N_ur_6ov,OT_HH_1_f_hh_C_f_with_ch_Tot,OT_HH_1_f_hh_1_pa_f_Nu_ur_1,OT_HH_1_f_hh_1_pa_f_Nu_ur_2,OT_HH_1_f_hh_1_pa_f_Nu_ur_3,OT_HH_1_f_hh_1_pa_f_Nu_ur_4,OT_HH_1_f_hh_1_pa_f_Nu_ur_5,OT_HH_1_f_hh_1_pa_f_N_ur_6ov,OT_HH_1_f_hh_1_parent_f_Tot,OT_HH_One_fa_hh_Ot_fa_Nu_ur_1,OT_HH_One_fa_hh_Ot_fa_Nu_ur_2,OT_HH_One_fa_hh_Ot_fa_Nu_ur_3,OT_HH_One_fa_hh_Ot_fa_Nu_ur_4,OT_HH_One_fa_hh_Ot_fa_Nu_ur_5,OT_HH_1_fa_hh_Ot_fa_N_ur_6ov,OT_HH_One_fa_hhd_Other_fa_Tot,OT_HH_One_fa_hhd_Tot_Nu_ur_1,OT_HH_One_fa_hhd_Tot_Nu_ur_2,OT_HH_One_fa_hhd_Tot_Nu_ur_3,OT_HH_One_fa_hhd_Tot_Nu_ur_4,OT_HH_One_fa_hhd_Tot_Nu_ur_5,OT_HH_One_fa_hhd_Tot_N_ur_6ov,OT_HH_One_fa_hhd_Tot_Tot,OT_HH_Multiple_fa_hhd_Nu_ur_1,OT_HH_Multiple_fa_hhd_Nu_ur_2,OT_HH_Multiple_fa_hhd_Nu_ur_3,OT_HH_Multiple_fa_hhd_Nu_ur_4,OT_HH_Multiple_fa_hhd_Nu_ur_5,OT_HH_Multiple_fa_hh_Nu_u_6ov,OT_HH_Multiple_fa_hhd_Tot,OT_HH_TotFa_hhd_Nu_ur_1,OT_HH_TotFa_hhd_Nu_ur_2,OT_HH_TotFa_hhd_Nu_ur_3,OT_HH_TotFa_hhd_Nu_ur_4,OT_HH_TotFa_hhd_Nu_ur_5,OT_HH_TotFa_hhd_Nu_ur_6_more,OT_HH_TotFa_hhd_Tot,OT_HH_Lo_per_hhd_Nu_ur_1,OT_HH_Lo_per_hhd_Nu_ur_2,OT_HH_Lo_per_hhd_Nu_ur_3,OT_HH_Lo_per_hhd_Nu_ur_4,OT_HH_Lo_per_hhd_Nu_ur_5,OT_HH_Lo_per_hh_Nu_ur_6ov,OT_HH_Lo_per_hhd_Tot,OT_HH_Gr_hh_Nu_ur_1,OT_HH_Gr_hh_Nu_ur_2,OT_HH_Gr_hh_Nu_ur_3,OT_HH_Gr_hh_Nu_ur_4,OT_HH_Gr_hh_Nu_ur_5,OT_HH_Gr_hh_Nu_u_6ov,OT_HH_Gr_hh_Tot,OT_HH_Tot_Nu_ur_1,OT_HH_Tot_Nu_ur_2,OT_HH_Tot_Nu_ur_3,OT_HH_Tot_Nu_ur_4,OT_HH_Tot_Nu_ur_5,OT_HH_Tot_Nu_ur_6_more,OT_HH_Tot_Tot
LGA10050,0,63,3,0,0,0,66,0,0,30,43,27,17,117,0,49,54,30,20,20,173,0,3,3,0,0,3,9,0,115,90,73,47,40,365,0,0,0,4,3,3,10,0,115,90,77,50,43,375,90,0,0,0,0,0,90,0,30,3,3,0,0,36,90,145,93,80,50,43,501,0,4641,115,19,3,3,4781,0,0,1643,2022,850,315,4830,0,964,650,239,73,23,1949,0,128,28,9,0,3,168,0,5733,2436,2289,926,344,11728,0,0,0,38,39,24,101,0,5733,2436,2327,965,368,11829,5493,0,0,0,0,0,5493,0,607,131,42,8,4,792,5493,6340,2567,2369,973,372,18114
LGA10110,0,51,7,0,0,0,58,0,0,37,43,33,25,138,0,44,60,34,26,18,182,0,13,4,3,0,0,20,0,108,108,80,59,43,398,0,0,0,8,5,13,26,0,108,108,88,64,56,424,99,0,0,0,0,0,99,0,26,7,0,0,0,33,99,134,115,88,64,56,556,0,2148,73,9,0,0,2230,0,0,692,869,413,150,2124,0,426,245,95,37,7,810,0,42,17,3,0,4,66,0,2616,1027,976,450,161,5230,0,0,0,13,10,12,35,0,2616,1027,989,460,173,5265,2369,0,0,0,0,0,2369,0,284,76,27,9,3,399,2369,2900,1103,1016,469,176,8033
LGA10150,0,20,0,0,3,0,23,0,0,9,12,4,3,28,0,14,5,7,3,0,29,0,0,5,0,0,0,5,0,34,19,19,10,3,85,0,0,0,0,0,0,0,0,34,19,19,10,3,85,26,0,0,0,0,0,26,0,13,3,0,0,0,16,26,47,22,19,10,3,127,0,3161,261,120,20,18,3580,0,0,1734,1882,613,176,4405,0,798,423,126,30,13,1390,0,227,64,18,5,3,317,0,4186,2482,2146,668,210,9692,0,0,0,104,95,120,319,0,4186,2482,2250,763,330,10011,4153,0,0,0,0,0,4153,0,680,210,75,26,14,1005,4153,4866,2692,2325,789,344,15169
LGA10200,0,19,4,0,0,0,23,0,0,6,15,4,7,32,0,10,12,5,0,0,27,0,6,0,0,0,0,6,0,35,22,20,4,7,88,0,0,0,0,0,3,3,0,35,22,20,4,10,91,27,0,0,0,0,0,27,0,9,3,0,0,0,12,27,44,25,20,4,10,130,0,3665,438,177,40,24,4344,0,0,2768,3351,1645,1070,8834,0,1018,779,364,135,85,2381,0,310,119,54,20,6,509,0,4993,4104,3946,1840,1185,16068,0,0,0,235,252,547,1034,0,4993,4104,4181,2092,1732,17102,3732,0,0,0,0,0,3732,0,644,246,119,62,43,1114,3732,5637,4350,4300,2154,1775,21948
LGA10250,0,74,6,3,3,0,86,0,0,27,49,23,22,121,0,60,67,33,18,13,191,0,8,3,0,0,0,11,0,142,103,85,44,35,409,0,0,0,8,10,5,23,0,142,103,93,54,40,432,75,0,0,0,0,0,75,0,21,5,3,0,0,29,75,163,108,96,54,40,536,0,4547,124,14,3,0,4688,0,0,1318,1579,644,253,3794,0,852,525,163,51,12,1603,0,92,15,4,0,0,111,0,5491,1982,1760,698,265,10196,0,0,0,62,41,48,151,0,5491,1982,1822,739,313,10347,4187,0,0,0,0,0,4187,0,436,73,14,0,5,528,4187,5927,2055,1836,739,318,15062
LGA10300,0,15,0,0,0,0,15,0,0,7,9,0,4,20,0,4,6,0,0,3,13,0,0,0,0,0,0,0,0,19,13,9,0,7,48,0,0,0,0,6,0,6,0,19,13,9,6,7,54,10,0,0,0,0,0,10,0,5,0,0,0,0,5,10,24,13,9,6,7,69,0,233,3,0,0,0,236,0,0,81,82,49,22,234,0,31,16,10,0,0,57,0,10,0,0,0,0,10,0,274,100,92,49,22,537,0,0,0,0,0,0,0,0,274,100,92,49,22,537,214,0,0,0,0,0,214,0,5,3,0,0,0,8,214,279,103,92,49,22,759
LGA10350,0,82,11,0,0,0,93,0,0,47,73,45,19,184,0,56,71,46,14,10,197,0,7,3,0,3,0,13,0,145,132,119,62,29,487,0,0,0,11,15,19,45,0,145,132,130,77,48,532,105,0,0,0,0,0,105,0,26,5,0,3,0,34,105,171,137,130,80,48,671,0,9843,620,111,22,11,10607,0,0,6411,8684,4831,2875,22801,0,3237,2437,1211,496,262,7643,0,584,154,33,13,6,790,0,13664,9622,10039,5362,3154,41841,0,0,0,396,568,1282,2246,0,13664,9622,10435,5930,4436,44087,11350,0,0,0,0,0,11350,0,878,162,56,20,14,1130,11350,14542,9784,10491,5950,4450,56567
LGA10470,0,73,8,3,3,0,87,0,0,59,65,38,36,198,0,46,48,45,26,8,173,0,9,4,3,0,0,16,0,128,119,116,67,44,474,0,0,0,5,7,8,20,0,128,119,121,74,52,494,84,0,0,0,0,0,84,0,24,5,3,0,0,32,84,152,124,124,74,52,610,0,3468,118,7,0,0,3593,0,0,1240,1539,745,330,3854,0,665,431,193,58,20,1367,0,101,19,6,0,0,126,0,4234,1808,1745,803,350,8940,0,0,0,46,30,42,118,0,4234,1808,1791,833,392,9058,3465,0,0,0,0,0,3465,0,371,96,42,10,3,522,3465,4605,1904,1833,843,395,13045
LGA10550,0,52,4,3,0,0,59,0,0,26,35,24,20,105,0,39,37,28,11,7,122,0,4,3,3,0,0,10,0,95,70,69,35,27,296,0,0,0,0,0,8,8,0,95,70,69,35,35,304,52,0,0,0,0,0,52,0,18,4,0,0,0,22,52,113,74,69,35,35,378,0,4287,90,5,3,0,4385,0,0,1066,1122,528,184,2900,0,573,371,135,46,13,1138,0,53,8,0,0,0,61,0,4913,1535,1262,577,197,8484,0,0,0,36,17,34,87,0,4913,1535,1298,594,231,8571,3413,0,0,0,0,0,3413,0,283,27,5,0,0,315,3413,5196,1562,1303,594,231,12299
LGA10600,0,28,0,0,0,0,28,0,0,14,27,13,8,62,0,15,23,6,5,0,49,0,0,0,3,0,0,3,0,43,37,36,18,8,142,0,0,0,0,0,0,0,0,43,37,36,18,8,142,25,0,0,0,0,0,25,0,10,0,0,0,0,10,25,53,37,36,18,8,177,0,1467,38,0,0,0,1505,0,0,393,450,205,80,1128,0,289,191,86,30,7,603,0,17,3,3,0,0,23,0,1773,625,539,235,87,3259,0,0,0,26,13,21,60,0,1773,625,565,248,108,3319,1356,0,0,0,0,0,1356,0,137,17,3,0,0,157,1356,1910,642,568,248,108,4832
LGA10650,0,13,0,0,0,0,13,0,0,13,6,6,5,30,0,5,6,3,0,0,14,0,3,0,0,0,0,3,0,21,19,9,6,5,60,0,0,0,0,0,4,4,0,21,19,9,6,9,64,13,0,0,0,0,0,13,0,4,0,0,0,0,4,13,25,19,9,6,9,81,0,1105,10,3,0,0,1118,0,0,232,254,140,77,703,0,120,73,39,10,0,242,0,22,0,3,0,0,25,0,1247,315,299,150,77,2088,0,0,0,8,4,3,15,0,1247,315,307,154,80,2103,1013,0,0,0,0,0,1013,0,50,0,0,0,0,50,1013,1297,315,307,154,80,3166
LGA10750,0,295,38,10,0,0,343,0,0,247,317,201,192,957,0,327,382,269,149,112,1239,0,49,12,3,3,0,67,0,671,679,599,353,304,2606,0,0,0,44,58,105,207,0,671,679,643,411,409,2813,381,0,0,0,0,0,381,0,78,12,7,3,0,100,381,749,691,650,414,409,3294,0,16113,1098,190,21,15,17437,0,0,11908,16144,7437,3755,39244,0,4934,4093,1994,778,450,12249,0,861,185,52,22,7,1127,0,21908,17284,18380,8258,4227,70057,0,0,0,707,930,1965,3602,0,21908,17284,19087,9188,6192,73659,14717,0,0,0,0,0,14717,0,1552,269,99,41,28,1989,14717,23460,17553,19186,9229,6220,90365
LGA10800,0,17,3,0,0,0,20,0,0,6,11,13,12,42,0,9,3,3,3,0,18,0,0,0,0,0,0,0,0,26,12,14,16,12,80,0,0,0,0,3,0,3,0,26,12,14,19,12,83,13,0,0,0,0,0,13,0,6,3,0,0,0,9,13,32,15,14,19,12,105,0,692,8,3,0,0,703,0,0,189,201,126,86,602,0,87,48,16,6,3,160,0,10,5,0,0,0,15,0,789,250,220,132,89,1480,0,0,0,0,3,4,7,0,789,250,220,135,93,1487,632,0,0,0,0,0,632,0,36,3,0,0,0,39,632,825,253,220,135,93,2158
LGA10850,0,14,0,0,0,0,14,0,0,5,7,9,8,29,0,6,12,8,0,3,29,0,0,0,0,0,0,0,0,20,17,15,9,11,72,0,0,0,0,3,0,3,0,20,17,15,12,11,75,6,0,0,0,0,0,6,0,0,0,0,0,0,0,6,20,17,15,12,11,81,0,699,14,0,0,0,713,0,0,239,282,167,78,766,0,124,64,31,12,3,234,0,23,3,0,0,0,26,0,846,320,313,179,81,1739,0,0,0,7,5,7,19,0,846,320,320,184,88,1758,672,0,0,0,0,0,672,0,37,3,0,0,0,40,672,883,323,320,184,88,2470
LGA10900,0,103,4,3,0,0,110,0,0,69,72,49,38,228,0,47,37,26,14,11,135,0,8,0,0,0,0,8,0,158,110,101,63,49,481,0,0,0,12,5,15,32,0,158,110,113,68,64,513,76,0,0,0,0,0,76,0,36,6,3,0,0,45,76,194,116,116,68,64,634,0,7232,199,22,0,3,7456,0,0,2972,3682,1569,589,8812,0,1402,955,325,92,30,2804,0,144,23,0,0,0,167,0,8778,4149,4029,1661,622,19239,0,0,0,95,81,124,300,0,8778,4149,4124,1742,746,19539,7108,0,0,0,0,0,7108,0,644,84,17,4,3,752,7108,9422,4233,4141,1746,749,27399
LGA10950,0,24,3,3,0,0,30,0,0,16,20,12,8,56,0,21,9,9,8,0,47,0,0,0,0,0,0,0,0,45,28,32,20,8,133,0,0,0,0,3,3,6,0,45,28,32,23,11,139,31,0,0,0,0,0,31,0,0,0,0,0,0,0,31,45,28,32,23,11,170,0,224,7,3,0,0,234,0,0,82,95,52,26,255,0,42,17,9,3,0,71,0,8,3,0,0,0,11,0,274,109,107,55,26,571,0,0,0,0,0,4,7,0,274,109,107,55,30,578,283,0,0,0,0,0,283,0,17,3,0,0,0,20,286,291,112,107,55,30,881
LGA11000,0,4,0,0,0,0,4,0,0,3,3,3,0,9,0,3,0,3,0,0,6,0,0,0,0,0,0,0,0,7,3,6,3,0,19,0,0,0,0,0,0,0,0,7,3,6,3,0,19,5,0,0,0,0,0,5,0,0,0,0,0,0,0,5,7,3,6,3,0,24,0,301,5,0,0,0,306,0,0,69,100,39,18,226,0,48,28,5,6,0,87,0,7,0,0,0,0,7,0,356,102,105,45,18,626,0,0,0,0,3,3,6,0,356,102,105,48,21,632,326,0,0,0,0,0,326,0,24,0,0,0,0,24,326,380,102,105,48,21,982
LGA11050,0,0,0,0,0,0,0,0,0,0,3,0,3,6,0,4,4,0,3,0,11,0,0,0,0,0,0,0,0,4,4,3,3,3,17,0,0,0,0,0,0,0,0,4,4,3,3,3,17,7,0,0,0,0,0,7,0,0,0,0,0,0,0,7,4,4,3,3,3,24,0,279,5,0,0,0,284,0,0,76,86,55,17,234,0,47,15,6,5,7,80,0,6,3,0,0,0,9,0,332,99,92,60,24,607,0,0,0,4,0,3,7,0,332,99,96,60,27,614,313,0,0,0,0,0,313,0,14,0,0,0,0,14,313,346,99,96,60,27,941
LGA11100,0,33,5,0,0,0,38,0,0,22,26,15,11,74,0,32,34,18,4,0,88,0,6,0,0,0,0,6,0,71,61,44,19,11,206,0,0,0,5,5,8,18,0,71,61,49,24,19,224,67,0,0,0,0,0,67,0,18,0,0,0,0,18,67,89,61,49,24,19,309,0,2614,224,46,12,6,2902,0,0,1660,2049,746,207,4662,0,802,508,176,41,17,1544,0,211,53,15,0,0,279,0,3627,2445,2286,799,230,9387,0,0,0,79,104,181,364,0,3627,2445,2365,903,411,9751,3397,0,0,0,0,0,3397,0,469,131,45,13,5,663,3397,4096,2576,2410,916,416,13811
LGA11150,0,37,8,5,0,0,50,0,0,18,26,24,21,89,0,25,15,19,8,10,77,0,9,3,0,0,0,12,0,71,44,50,32,31,228,0,0,0,0,0,6,6,0,71,44,50,32,37,234,57,0,0,0,0,0,57,0,8,0,0,0,0,8,57,79,44,50,32,37,299,0,183,0,0,0,0,183,0,0,53,59,36,16,164,0,21,5,5,3,0,34,0,6,0,0,0,0,6,0,210,58,64,39,16,387,0,0,0,3,0,3,6,0,210,58,67,39,19,393,229,0,0,0,0,0,229,0,16,0,0,0,0,16,229,226,58,67,39,19,638
LGA11200,0,35,5,0,0,0,40,0,0,24,23,14,25,86,0,19,32,15,7,8,81,0,14,3,0,0,0,17,0,68,64,38,21,33,224,0,0,0,5,4,15,24,0,68,64,43,25,48,248,61,0,0,0,0,0,61,0,10,0,0,0,0,10,61,78,64,43,25,48,319,0,70,3,0,0,0,73,0,0,21,18,7,3,49,0,4,0,4,0,3,11,0,6,0,0,0,0,6,0,80,24,22,7,6,139,0,0,0,0,0,0,0,0,80,24,22,7,6,139,107,0,0,0,0,0,107,0,10,0,0,0,0,10,107,90,24,22,7,6,256
LGA11250,0,74,8,0,0,3,85,0,0,34,57,30,23,144,0,58,48,36,24,7,173,0,9,3,0,0,0,12,0,141,93,93,54,33,414,0,0,0,0,14,11,25,0,141,93,93,68,44,439,91,0,0,0,0,0,91,0,14,3,0,0,0,17,91,155,96,93,68,44,547,0,1919,50,3,3,0,1975,0,0,592,561,229,87,1469,0,408,238,106,27,14,793,0,50,7,0,0,0,57,0,2377,887,670,259,101,4294,0,0,0,18,15,16,49,0,2377,887,688,274,117,4343,2416,0,0,0,0,0,2416,0,124,5,4,0,0,133,2416,2501,892,692,274,117,6892
LGA11300,0,5,0,0,3,0,8,0,0,3,3,5,0,11,0,3,3,4,0,0,10,0,3,0,3,0,0,6,0,11,6,10,8,0,35,0,0,0,0,0,4,4,0,11,6,10,8,4,39,8,0,0,0,0,0,8,0,5,3,3,3,0,14,8,16,9,13,11,4,61,0,1875,237,114,33,12,2271,0,0,1212,1535,607,243,3597,0,562,342,131,47,15,1097,0,169,46,31,15,10,271,0,2606,1837,1811,702,280,7236,0,0,0,97,112,171,380,0,2606,1837,1908,814,451,7616,2203,0,0,0,0,0,2203,0,414,223,133,59,21,850,2203,3020,2060,2041,873,472,10669
LGA11350,0,36,0,0,0,0,36,0,0,22,27,11,10,70,0,28,30,12,11,0,81,0,0,0,0,0,0,0,0,64,52,39,22,10,187,0,0,0,3,3,7,13,0,64,52,42,25,17,200,42,0,0,0,0,0,42,0,19,5,6,0,0,30,42,83,57,48,25,17,272,0,2518,114,21,8,0,2661,0,0,950,1161,436,152,2699,0,788,487,164,37,15,1491,0,64,18,4,0,0,86,0,3370,1569,1350,481,167,6937,0,0,0,37,44,54,135,0,3370,1569,1387,525,221,7072,3049,0,0,0,0,0,3049,0,569,154,65,14,4,806,3049,3939,1723,1452,539,225,10927
LGA11400,0,26,0,0,0,0,26,0,0,17,25,16,27,85,0,11,11,3,3,0,28,0,0,4,0,0,0,4,0,37,32,28,19,27,143,0,0,0,0,0,0,0,0,37,32,28,19,27,143,22,0,0,0,0,0,22,0,8,0,3,3,0,14,22,45,32,31,22,27,179,0,1475,32,3,0,0,1510,0,0,427,539,324,144,1434,0,166,128,40,16,10,360,0,28,0,3,3,0,34,0,1669,587,585,343,154,3338,0,0,0,13,16,15,44,0,1669,587,598,359,169,3382,1083,0,0,0,0,0,1083,0,58,3,0,0,0,61,1083,1727,590,598,359,169,4526
LGA11450,0,84,11,0,0,0,95,0,0,66,102,46,35,249,0,20,27,17,8,8,80,0,7,3,0,0,0,10,0,111,107,119,54,43,434,0,0,0,8,6,14,28,0,111,107,127,60,57,462,31,0,0,0,0,0,31,0,4,3,3,3,3,16,31,115,110,130,63,60,509,0,4001,133,19,6,0,4159,0,0,2134,3613,1549,637,7933,0,698,658,339,99,26,1820,0,101,28,4,0,0,133,0,4800,2953,3975,1654,663,14045,0,0,0,102,127,226,455,0,4800,2953,4077,1781,889,14500,2561,0,0,0,0,0,2561,0,255,43,3,6,0,307,2561,5055,2996,4080,1787,889,17368
LGA11500,0,196,33,4,3,0,236,0,0,151,221,144,104,620,0,202,233,182,77,62,756,0,27,10,3,0,0,40,0,425,427,410,224,166,1652,0,0,0,19,45,48,112,0,425,427,429,269,214,1764,219,0,0,0,0,0,219,0,58,3,3,3,0,67,219,483,430,432,272,214,2050,0,8826,506,57,7,3,9399,0,0,5451,6841,3166,1780,17238,0,2792,2370,1116,384,189,6851,0,443,96,20,5,0,564,0,12061,8423,8034,3562,1972,34052,0,0,0,371,395,800,1566,0,12061,8423,8405,3957,2772,35618,8636,0,0,0,0,0,8636,0,852,101,24,7,0,984,8636,12913,8524,8429,3964,2772,45238
LGA11520,0,39,3,0,0,0,42,0,0,17,18,4,4,43,0,10,5,0,4,3,22,0,0,3,0,0,0,3,0,49,28,18,8,7,110,0,0,0,0,0,4,4,0,49,28,18,8,11,114,24,0,0,0,0,0,24,0,15,9,3,0,0,27,24,64,37,21,8,11,165,0,6994,413,94,25,4,7530,0,0,3480,4005,1388,325,9198,0,1267,795,224,46,8,2340,0,341,82,10,4,0,437,0,8602,4770,4333,1463,337,19505,0,0,0,131,126,201,458,0,8602,4770,4464,1589,538,19963,6433,0,0,0,0,0,6433,0,987,333,104,24,9,1457,6433,9589,5103,4568,1613,547,27853
LGA11550,0,47,4,0,0,0,51,0,0,28,29,31,16,104,0,45,39,17,3,5,109,0,9,0,0,0,0,9,0,101,71,46,34,21,273,0,0,0,7,6,6,19,0,101,71,53,40,27,292,96,0,0,0,0,0,96,0,23,0,4,0,0,27,96,124,71,57,40,27,415,0,8237,705,178,47,15,9182,0,0,5924,6749,3110,1533,17316,0,2775,1745,705,232,111,5568,0,554,137,59,18,7,775,0,11566,8511,7691,3407,1666,32841,0,0,0,331,392,779,1502,0,11566,8511,8022,3799,2445,34343,9651,0,0,0,0,0,9651,0,1090,233,121,51,25,1520,9651,12656,8744,8143,3850,2470,45514
LGA11600,0,11,3,0,0,0,14,0,0,8,11,4,0,23,0,6,11,3,3,3,26,0,0,0,0,0,0,0,0,17,22,14,7,3,63,0,0,0,0,3,0,3,0,17,22,14,10,3,66,11,0,0,0,0,0,11,0,4,0,0,0,0,4,11,21,22,14,10,3,81,0,273,8,0,0,0,281,0,0,75,103,46,31,255,0,28,15,4,4,4,55,0,9,0,0,0,0,9,0,310,98,107,50,35,600,0,0,0,0,3,6,9,0,310,98,107,53,41,609,271,0,0,0,0,0,271,0,23,0,0,0,0,23,271,333,98,107,53,41,903
LGA11700,0,28,4,0,0,0,32,0,0,18,18,8,13,57,0,18,12,14,3,11,58,0,9,0,0,0,0,9,0,55,34,32,11,24,156,0,0,0,0,3,14,17,0,55,34,32,14,38,173,45,0,0,0,0,0,45,0,9,0,0,0,0,9,45,64,34,32,14,38,227,0,140,5,0,0,0,145,0,0,39,27,16,9,91,0,25,6,0,3,0,34,0,3,0,0,0,0,3,0,168,50,27,19,9,273,0,0,0,3,3,0,6,0,168,50,30,22,9,279,221,0,0,0,0,0,221,0,8,3,0,0,0,11,221,176,53,30,22,9,511
LGA11720,0,154,16,3,0,0,173,0,0,92,130,75,62,359,0,83,103,62,28,18,294,0,10,4,0,0,0,14,0,247,215,195,103,80,840,0,0,0,11,14,27,52,0,247,215,206,117,107,892,99,0,0,0,0,0,99,0,32,0,0,0,0,32,99,279,215,206,117,107,1023,0,4470,154,13,0,0,4637,0,0,1803,2064,987,377,5231,0,1035,709,319,109,40,2212,0,127,24,0,3,0,154,0,5632,2690,2396,1099,417,12234,0,0,0,88,100,105,293,0,5632,2690,2484,1199,522,12527,4243,0,0,0,0,0,4243,0,387,37,5,3,3,435,4243,6019,2727,2489,1202,525,17205
LGA11730,0,144,13,3,0,0,160,0,0,69,121,77,57,324,0,97,121,58,36,38,350,0,13,5,3,3,0,24,0,254,208,185,116,95,858,0,0,0,6,20,20,46,0,254,208,191,136,115,904,174,0,0,0,0,0,174,0,32,11,4,0,0,47,174,286,219,195,136,115,1125,0,5860,170,5,3,0,6038,0,0,1466,1638,741,347,4192,0,897,623,268,72,29,1889,0,126,34,4,0,0,164,0,6883,2293,1915,816,376,12283,0,0,0,69,66,86,221,0,6883,2293,1984,882,462,12504,5154,0,0,0,0,0,5154,0,431,34,10,0,0,475,5154,7314,2327,1994,882,462,18133
LGA11750,0,52,4,0,0,0,56,0,0,16,27,25,15,83,0,18,15,8,4,0,45,0,6,3,0,0,0,9,0,76,38,35,29,15,193,0,0,0,0,3,6,9,0,76,38,35,32,21,202,50,0,0,0,0,0,50,0,8,0,0,0,0,8,50,84,38,35,32,21,260,0,393,16,3,0,0,412,0,0,131,166,74,33,404,0,79,19,10,5,0,113,0,10,3,0,0,0,13,0,482,169,179,79,33,942,0,0,0,3,6,6,15,0,482,169,182,85,39,957,477,0,0,0,0,0,477,0,25,5,0,0,0,30,477,507,174,182,85,39,1464
LGA11800,0,152,13,3,0,0,168,0,0,96,114,74,55,339,0,116,129,75,50,19,389,0,16,6,0,0,0,22,0,284,244,192,124,74,918,0,0,0,11,13,25,49,0,284,244,203,137,99,967,164,0,0,0,0,0,164,0,49,12,3,0,0,64,164,333,256,206,137,99,1195,0,7193,211,35,6,0,7445,0,0,2214,2622,1149,428,6413,0,1411,914,383,125,45,2878,0,135,24,5,3,0,167,0,8739,3363,3045,1283,473,16903,0,0,0,117,99,153,369,0,8739,3363,3162,1382,626,17272,6769,0,0,0,0,0,6769,0,702,100,27,8,0,837,6769,9441,3463,3189,1390,626,24878
LGA11860,0,0,0,0,0,0,0,0,0,0,4,4,0,8,0,0,0,0,0,0,0,0,0,0,0,0,0,0,0,0,0,4,4,0,8,0,0,0,0,0,0,0,0,0,0,4,4,0,8,0,0,0,0,0,0,0,0,4,0,0,0,0,4,0,4,0,4,4,0,12,0,179,3,0,0,0,182,0,0,54,70,44,28,196,0,15,11,3,0,0,29,0,3,0,0,0,0,3,0,197,68,73,44,28,410,0,0,0,0,3,0,3,0,197,68,73,47,28,413,118,0,0,0,0,0,118,0,7,0,0,0,0,7,118,204,68,73,47,28,538
LGA12000,0,14,0,0,0,0,14,0,0,5,5,6,0,16,0,0,3,0,4,0,7,0,0,0,0,0,0,0,0,14,8,5,10,0,37,0,0,0,3,0,0,3,0,14,8,8,10,0,40,0,0,0,0,0,0,0,0,0,0,0,0,0,0,0,14,8,8,10,0,40,0,467,11,0,0,0,478,0,0,110,146,108,59,423,0,46,38,23,6,4,117,0,10,0,0,0,0,10,0,523,159,169,114,63,1028,0,0,0,7,3,3,13,0,523,159,176,117,66,1041,374,0,0,0,0,0,374,0,31,0,0,0,0,31,374,554,159,176,117,66,1446
LGA12050,0,21,3,0,0,0,24,0,0,8,14,8,4,34,0,11,6,6,3,3,29,0,3,0,3,0,0,6,0,35,17,23,11,7,93,0,0,0,3,0,0,3,0,35,17,26,11,7,96,13,0,0,0,0,0,13,0,3,3,0,0,0,6,13,38,20,26,11,7,115,0,1103,24,0,0,0,1127,0,0,309,379,188,72,948,0,194,106,41,11,4,356,0,17,6,0,0,0,23,0,1314,445,420,199,76,2454,0,0,0,4,10,11,25,0,1314,445,424,209,87,2479,1154,0,0,0,0,0,1154,0,75,6,0,0,0,81,1154,1389,451,424,209,87,3714
LGA12150,0,56,8,3,0,0,67,0,0,27,40,22,16,105,0,30,41,43,14,13,141,0,13,3,0,0,0,16,0,99,79,86,36,29,329,0,0,0,0,3,6,9,0,99,79,86,39,35,338,82,0,0,0,0,0,82,0,11,0,0,0,0,11,82,110,79,86,39,35,431,0,363,3,0,0,0,366,0,0,89,68,53,31,241,0,56,20,6,3,0,85,0,13,0,0,0,0,13,0,432,112,74,56,31,705,0,0,0,0,3,0,3,0,432,112,74,59,31,708,377,0,0,0,0,0,377,0,21,0,0,0,0,21,377,453,112,74,59,31,1106
LGA12200,0,24,3,0,0,0,27,0,0,10,15,7,8,40,0,18,9,6,3,0,36,0,4,0,0,0,0,4,0,46,22,21,10,8,107,0,0,0,0,0,4,4,0,46,22,21,10,12,111,22,0,0,0,0,0,22,0,5,0,0,0,0,5,22,51,22,21,10,12,138,0,946,16,3,0,0,965,0,0,232,245,134,47,658,0,133,69,29,13,4,248,0,18,0,0,0,0,18,0,1097,317,277,147,51,1889,0,0,0,8,3,3,14,0,1097,317,285,150,54,1903,874,0,0,0,0,0,874,0,38,0,0,0,0,38,874,1135,317,285,150,54,2815
LGA12300,0,10,0,0,0,0,10,0,0,4,8,4,4,20,0,3,6,4,5,0,18,0,3,0,0,0,0,3,0,16,10,12,9,4,51,0,0,0,3,0,0,3,0,16,10,15,9,4,54,11,0,0,0,0,0,11,0,6,0,0,0,0,6,11,22,10,15,9,4,71,0,1520,18,0,0,0,1538,0,0,338,421,204,85,1048,0,171,99,57,17,4,348,0,20,4,0,0,0,24,0,1711,459,478,221,89,2958,0,0,0,8,6,8,22,0,1711,459,486,227,97,2980,1248,0,0,0,0,0,1248,0,101,9,0,0,0,110,1248,1812,468,486,227,97,4338
LGA12350,0,62,8,0,0,0,70,0,0,18,27,28,20,93,0,21,21,20,5,10,77,0,3,3,0,3,0,9,0,86,50,47,36,30,249,0,0,0,3,3,4,10,0,86,50,50,39,34,259,98,0,0,0,0,0,98,0,7,4,0,0,0,11,98,93,54,50,39,34,368,0,1374,32,3,0,0,1409,0,0,378,404,219,88,1089,0,169,105,49,21,8,352,0,28,4,0,0,0,32,0,1571,519,456,240,96,2882,0,0,0,8,13,7,28,0,1571,519,464,253,103,2910,1362,0,0,0,0,0,1362,0,89,5,5,3,0,102,1362,1660,524,469,256,103,4374
LGA12500,0,6,0,0,0,0,6,0,0,11,8,4,4,27,0,15,19,7,4,3,48,0,3,0,0,0,0,3,0,24,30,15,8,7,84,0,0,0,0,0,0,0,0,24,30,15,8,7,84,24,0,0,0,0,0,24,0,5,0,0,0,0,5,24,29,30,15,8,7,113,0,796,22,0,0,0,818,0,0,213,256,121,48,638,0,156,89,33,12,6,296,0,23,0,0,0,0,23,0,975,324,289,133,54,1775,0,0,0,4,3,7,14,0,975,324,293,136,61,1789,958,0,0,0,0,0,958,0,48,4,3,0,0,55,958,1023,328,296,136,61,2802
LGA12600,0,227,22,5,3,0,257,0,0,141,206,118,114,579,0,172,194,129,54,55,604,0,15,9,3,0,0,27,0,414,366,343,175,169,1467,0,0,0,15,23,42,80,0,414,366,358,198,211,1547,270,0,0,0,0,0,270,0,63,9,0,0,3,75,270,477,375,358,198,214,1892,0,3303,96,7,0,0,3406,0,0,1213,1406,729,249,3597,0,580,388,146,48,22,1184,0,101,19,4,3,0,127,0,3984,1716,1563,780,271,8314,0,0,0,46,34,54,134,0,3984,1716,1609,814,325,8448,3333,0,0,0,0,0,3333,0,309,41,11,3,3,367,3333,4293,1757,1620,817,328,12148
LGA12700,0,22,0,0,0,0,22,0,0,18,24,10,6,58,0,12,13,0,5,0,30,0,0,0,0,0,0,0,0,34,31,24,15,6,110,0,0,0,0,0,0,0,0,34,31,24,15,6,110,13,0,0,0,0,0,13,0,3,0,0,0,0,3,13,37,31,24,15,6,126,0,951,30,3,0,0,984,0,0,312,367,154,73,906,0,129,86,38,10,5,268,0,15,0,3,0,0,18,0,1095,428,411,164,78,2176,0,0,0,9,16,12,37,0,1095,428,420,180,90,2213,728,0,0,0,0,0,728,0,45,3,0,0,0,48,728,1140,431,420,180,90,2989
LGA12750,0,87,9,0,0,0,96,0,0,60,63,46,32,201,0,49,70,39,19,25,202,0,9,0,3,0,0,12,0,145,139,105,65,57,511,0,0,0,8,9,16,33,0,145,139,113,74,73,544,136,0,0,0,0,0,136,0,21,0,0,0,0,21,136,166,139,113,74,73,701,0,4977,128,4,0,0,5109,0,0,1028,1011,464,205,2708,0,640,432,135,48,18,1273,0,71,10,4,0,0,85,0,5688,1598,1154,512,223,9175,0,0,0,42,38,46,126,0,5688,1598,1196,550,269,9301,4021,0,0,0,0,0,4021,0,279,27,5,3,0,314,4021,5967,1625,1201,553,269,13636
LGA12850,0,57,4,0,0,0,61,0,0,46,52,40,36,174,0,67,72,36,22,8,205,0,5,4,0,3,0,12,0,129,126,88,65,44,452,0,0,0,9,9,20,38,0,129,126,97,74,64,490,83,0,0,0,0,0,83,0,20,7,0,0,0,27,83,149,133,97,74,64,600,0,8145,757,148,24,16,9090,0,0,6297,8733,5110,2783,22923,0,3376,3018,1581,679,337,8991,0,698,205,65,11,3,982,0,12219,10277,10527,5824,3139,41986,0,0,0,550,825,2106,3481,0,12219,10277,11077,6649,5245,45467,8653,0,0,0,0,0,8653,0,867,161,57,19,11,1115,8653,13086,10438,11134,6668,5256,55235
LGA12900,0,69,4,0,0,0,73,0,0,31,36,23,20,110,0,35,27,22,11,3,98,0,0,4,0,0,0,4,0,104,66,58,34,23,285,0,0,0,5,3,6,14,0,104,66,63,37,29,299,60,0,0,0,0,0,60,0,7,3,0,0,0,10,60,111,69,63,37,29,369,0,974,22,3,0,0,999,0,0,234,278,195,61,768,0,146,88,39,10,6,289,0,24,3,3,0,0,30,0,1144,347,323,205,67,2086,0,0,0,6,9,6,21,0,1144,347,329,214,73,2107,1018,0,0,0,0,0,1018,0,63,5,0,0,0,68,1018,1207,352,329,214,73,3193
LGA12950,0,28,3,3,0,0,34,0,0,11,23,16,5,55,0,16,28,19,3,3,69,0,4,4,0,0,0,8,0,48,46,45,19,8,166,0,0,0,0,5,0,5,0,48,46,45,24,8,171,36,0,0,0,0,0,36,0,4,0,0,0,0,4,36,52,46,45,24,8,211,0,476,9,0,0,0,485,0,0,136,131,83,29,379,0,58,33,18,4,0,113,0,9,0,0,0,0,9,0,543,178,149,87,29,986,0,0,0,0,3,5,8,0,543,178,149,90,34,994,420,0,0,0,0,0,420,0,22,3,0,0,0,25,420,565,181,149,90,34,1439
LGA13010,0,30,3,3,0,0,36,0,0,8,16,7,11,42,0,22,19,16,9,3,69,0,6,0,0,0,0,6,0,58,30,35,16,14,153,0,0,0,3,3,3,9,0,58,30,38,19,17,162,25,0,0,0,0,0,25,0,10,8,0,0,0,18,25,68,38,38,19,17,205,0,1042,35,3,0,0,1080,0,0,252,251,160,47,710,0,149,85,42,14,7,297,0,36,0,0,0,0,36,0,1227,372,296,174,54,2123,0,0,0,10,7,4,21,0,1227,372,306,181,58,2144,1043,0,0,0,0,0,1043,0,74,0,0,0,0,74,1043,1301,372,306,181,58,3261
LGA13050,0,23,0,0,0,0,23,0,0,9,13,9,6,37,0,8,5,6,3,0,22,0,0,0,0,0,0,0,0,31,14,19,12,6,82,0,0,0,0,0,3,3,0,31,14,19,12,9,85,24,0,0,0,0,0,24,0,3,0,0,0,0,3,24,34,14,19,12,9,112,0,696,15,0,0,0,711,0,0,151,169,70,25,415,0,70,43,15,0,6,134,0,11,5,0,0,0,16,0,777,214,184,70,31,1276,0,0,0,4,3,4,11,0,777,214,188,73,35,1287,567,0,0,0,0,0,567,0,27,7,0,0,0,34,567,804,221,188,73,35,1888
LGA13100,0,222,23,6,3,0,254,0,0,138,222,115,82,557,0,163,169,86,32,23,473,0,15,7,0,0,0,22,0,400,337,314,150,105,1306,0,0,0,25,26,37,88,0,400,337,339,176,142,1394,259,0,0,0,0,0,259,0,61,17,5,3,0,86,259,461,354,344,179,142,1739,0,15208,461,57,4,0,15730,0,0,5659,7674,3213,1103,17649,0,3340,2231,921,245,77,6814,0,414,87,12,3,0,516,0,18962,8438,8664,3465,1180,40709,0,0,0,255,221,307,783,0,18962,8438,8919,3686,1487,41492,16442,0,0,0,0,0,16442,0,1402,176,33,5,6,1622,16442,20364,8614,8952,3691,1493,59556
LGA13310,0,56,0,0,0,0,56,0,0,26,41,28,9,104,0,33,32,22,4,3,94,0,0,0,0,0,0,0,0,89,58,63,32,12,254,0,0,0,0,3,5,8,0,89,58,63,35,17,262,52,0,0,0,0,0,52,0,9,0,0,0,0,9,52,98,58,63,35,17,323,0,2757,59,12,0,0,2828,0,0,999,1022,490,211,2722,0,581,372,150,34,10,1147,0,85,13,0,3,0,101,0,3423,1443,1184,527,221,6798,0,0,0,31,23,43,97,0,3423,1443,1215,550,264,6895,2985,0,0,0,0,0,2985,0,225,19,6,3,0,253,2985,3648,1462,1221,553,264,10133
LGA13320,0,103,8,0,0,0,111,0,0,54,51,37,20,162,0,51,78,35,15,11,190,0,7,3,0,0,0,10,0,161,143,86,52,31,473,0,0,0,6,7,9,22,0,161,143,92,59,40,495,105,0,0,0,0,0,105,0,33,0,3,0,0,36,105,194,143,95,59,40,636,0,5001,97,7,0,0,5105,0,0,925,976,448,161,2510,0,659,379,159,67,15,1279,0,85,13,0,0,0,98,0,5745,1414,1142,515,176,8992,0,0,0,55,24,38,117,0,5745,1414,1197,539,214,9109,4238,0,0,0,0,0,4238,0,295,24,3,0,0,322,4238,6040,1438,1200,539,214,13669
LGA13340,0,11,0,0,0,0,11,0,0,13,12,6,10,41,0,9,7,4,4,4,28,0,0,0,0,0,0,0,0,20,20,16,10,14,80,0,0,0,0,0,0,0,0,20,20,16,10,14,80,10,0,0,0,0,0,10,0,0,0,0,0,0,0,10,20,20,16,10,14,90,0,1084,9,0,0,0,1093,0,0,368,397,231,111,1107,0,142,89,43,11,7,292,0,22,4,0,0,0,26,0,1248,470,440,242,118,2518,0,0,0,10,7,7,24,0,1248,470,450,249,125,2542,907,0,0,0,0,0,907,0,69,4,0,0,0,73,907,1317,474,450,249,125,3522
LGA13380,0,141,15,0,0,0,156,0,0,64,85,59,68,276,0,99,92,70,40,31,332,0,13,0,0,0,0,13,0,253,171,155,99,99,777,0,0,0,12,14,23,49,0,253,171,167,113,122,826,136,0,0,0,0,0,136,0,31,13,0,0,0,44,136,284,184,167,113,122,1006,0,5599,153,12,4,0,5768,0,0,1360,1500,735,305,3900,0,918,610,219,85,27,1859,0,108,13,0,0,0,121,0,6625,2136,1731,824,332,11648,0,0,0,68,55,71,194,0,6625,2136,1799,879,403,11842,4873,0,0,0,0,0,4873,0,405,21,10,0,3,439,4873,7030,2157,1809,879,406,17154
LGA13450,0,54,6,0,0,0,60,0,0,36,41,23,24,124,0,45,32,24,11,9,121,0,9,5,0,0,0,14,0,108,79,65,34,33,319,0,0,0,5,7,3,15,0,108,79,70,41,36,334,111,0,0,0,0,0,111,0,17,4,0,0,0,21,111,125,83,70,41,36,466,0,2101,57,5,0,4,2167,0,0,809,1067,673,251,2800,0,332,226,97,34,13,702,0,68,17,0,0,0,85,0,2501,1109,1169,707,268,5754,0,0,0,24,25,50,99,0,2501,1109,1193,732,318,5853,1949,0,0,0,0,0,1949,0,155,23,4,0,4,186,1949,2656,1132,1197,732,322,7988
LGA13500,0,6,0,0,0,0,6,0,0,7,7,3,3,20,0,3,5,3,0,0,11,0,0,0,0,0,0,0,0,9,12,10,3,3,37,0,0,0,0,0,0,0,0,9,12,10,3,3,37,3,0,0,0,0,0,3,0,0,0,0,0,0,0,3,9,12,10,3,3,40,0,425,12,0,0,0,437,0,0,134,117,93,49,393,0,59,27,18,8,0,112,0,7,4,0,0,0,11,0,491,177,135,101,49,953,0,0,0,0,3,6,9,0,491,177,135,104,55,962,376,0,0,0,0,0,376,0,26,0,0,0,0,26,376,517,177,135,104,55,1364
LGA13550,0,62,4,0,0,3,69,0,0,40,55,40,28,163,0,52,59,28,15,8,162,0,7,3,0,0,0,10,0,121,106,83,55,39,404,0,0,0,3,6,9,18,0,121,106,86,61,48,422,87,0,0,0,0,0,87,0,15,7,3,0,0,25,87,136,113,89,61,48,534,0,1153,34,0,0,0,1187,0,0,368,458,216,86,1128,0,162,110,49,12,3,336,0,28,5,0,3,0,36,0,1343,517,507,231,89,2687,0,0,0,7,9,11,27,0,1343,517,514,240,100,2714,1146,0,0,0,0,0,1146,0,85,8,0,0,0,93,1146,1428,525,514,240,100,3953
LGA13650,0,13,0,0,0,0,13,0,0,10,11,8,21,50,0,10,8,7,6,10,41,0,6,0,0,0,0,6,0,29,18,18,14,31,110,0,0,0,3,0,4,7,0,29,18,21,14,35,117,21,0,0,0,0,0,21,0,0,0,0,0,0,0,21,29,18,21,14,35,138,0,451,19,4,0,0,474,0,0,133,149,88,40,410,0,62,27,17,8,0,114,0,7,4,0,0,0,11,0,520,183,170,96,40,1009,0,0,0,5,5,6,16,0,520,183,175,101,46,1025,415,0,0,0,0,0,415,0,34,0,0,0,0,34,415,554,183,175,101,46,1474
LGA13660,0,13,0,0,0,0,13,0,0,9,5,9,9,32,0,8,4,9,0,0,21,0,0,0,0,0,0,0,0,21,13,14,9,9,66,0,0,0,0,0,0,0,0,21,13,14,9,9,66,8,0,0,0,0,0,8,0,6,0,0,0,0,6,8,27,13,14,9,9,80,0,636,9,3,0,0,648,0,0,174,188,105,33,500,0,69,41,17,5,0,132,0,13,0,0,0,0,13,0,718,224,208,110,33,1293,0,0,0,8,0,7,15,0,718,224,216,110,40,1308,600,0,0,0,0,0,600,0,28,0,0,0,0,28,600,746,224,216,110,40,1936
LGA13700,0,13,0,0,0,0,13,0,0,6,5,7,6,24,0,9,3,8,0,0,20,0,0,0,0,0,0,0,0,22,9,13,7,6,57,0,0,0,0,3,0,3,0,22,9,13,10,6,60,9,0,0,0,0,0,9,0,3,0,0,0,0,3,9,25,9,13,10,6,72,0,453,6,0,0,0,459,0,0,102,120,65,37,324,0,57,28,15,0,0,100,0,12,3,0,0,0,15,0,522,139,135,65,37,898,0,0,0,6,4,5,15,0,522,139,141,69,42,913,420,0,0,0,0,0,420,0,31,0,0,0,0,31,420,553,139,141,69,42,1364
LGA13800,0,100,8,3,0,0,111,0,0,87,97,53,53,290,0,54,62,43,14,13,186,0,5,3,0,0,0,8,0,159,160,143,67,66,595,0,0,0,3,9,23,35,0,159,160,146,76,89,630,65,0,0,0,0,0,65,0,22,3,4,0,0,29,65,181,163,150,76,89,724,0,4661,195,20,3,0,4879,0,0,2310,3041,1553,664,7568,0,1055,841,346,97,31,2370,0,123,25,5,0,0,153,0,5839,3371,3412,1653,695,14970,0,0,0,122,135,228,485,0,5839,3371,3534,1788,923,15455,4197,0,0,0,0,0,4197,0,400,54,10,3,0,467,4197,6239,3425,3544,1791,923,20119
LGA13850,0,15,3,0,0,0,18,0,0,3,12,7,4,26,0,4,8,3,0,4,19,0,0,0,0,0,0,0,0,19,14,15,7,8,63,0,0,0,0,0,0,0,0,19,14,15,7,8,63,3,0,0,0,0,0,3,0,4,0,0,0,0,4,3,23,14,15,7,8,70,0,302,10,0,0,0,312,0,0,106,100,53,27,286,0,51,31,15,6,4,107,0,8,0,0,0,0,8,0,361,147,115,59,31,713,0,0,0,0,0,0,0,0,361,147,115,59,31,713,362,0,0,0,0,0,362,0,19,0,0,0,0,19,362,380,147,115,59,31,1094
LGA13950,0,47,4,3,3,0,57,0,0,28,44,18,19,109,0,35,41,26,6,9,117,0,13,3,3,0,0,19,0,95,76,76,27,28,302,0,0,0,4,4,12,20,0,95,76,80,31,40,322,70,0,0,0,0,0,70,0,14,3,0,0,0,17,70,109,79,80,31,40,409,0,6257,414,96,21,4,6792,0,0,4218,4806,2243,1182,12449,0,1854,1292,556,212,94,4008,0,422,112,22,3,3,562,0,8533,6036,5480,2479,1283,23811,0,0,0,227,312,552,1091,0,8533,6036,5707,2791,1835,24902,6830,0,0,0,0,0,6830,0,635,145,65,17,9,871,6830,9168,6181,5772,2808,1844,32603
LGA14000,0,48,5,0,0,0,53,0,0,21,48,32,13,114,0,18,23,5,3,5,54,0,3,0,0,0,0,3,0,69,49,53,35,18,224,0,0,0,3,7,3,13,0,69,49,56,42,21,237,35,0,0,0,0,0,35,0,13,0,6,0,0,19,35,82,49,62,42,21,291,0,11840,527,85,12,8,12472,0,0,7285,10523,4202,1199,23209,0,2240,1637,575,143,26,4621,0,422,82,18,3,4,529,0,14502,9531,11201,4360,1237,40831,0,0,0,271,331,526,1128,0,14502,9531,11472,4691,1763,41959,9306,0,0,0,0,0,9306,0,831,171,77,24,12,1115,9306,15333,9702,11549,4715,1775,52380
LGA14100,0,3,0,0,0,0,3,0,0,0,0,0,0,0,0,0,3,0,0,0,3,0,0,0,0,0,0,0,0,3,3,0,0,0,6,0,0,0,0,0,0,0,0,3,3,0,0,0,6,4,0,0,0,0,0,4,0,3,0,0,0,0,3,4,6,3,0,0,0,13,0,1078,26,3,3,4,1114,0,0,515,710,344,114,1683,0,187,107,44,3,0,341,0,28,6,0,0,0,34,0,1293,654,757,350,118,3172,0,0,0,15,20,15,50,0,1293,654,772,370,133,3222,1160,0,0,0,0,0,1160,0,76,12,4,3,0,95,1160,1369,666,776,373,133,4477
LGA14150,0,29,6,0,0,0,35,0,0,24,32,16,8,80,0,19,22,8,6,3,58,0,3,0,0,0,0,3,0,51,52,40,22,11,176,0,0,0,6,5,3,14,0,51,52,46,27,14,190,40,0,0,0,0,0,40,0,10,5,0,0,0,15,40,61,57,46,27,14,245,0,5645,456,143,35,12,6291,0,0,3465,4272,1689,592,10018,0,1437,980,353,93,32,2895,0,318,77,21,9,5,430,0,7400,4978,4789,1826,641,19634,0,0,0,203,261,407,871,0,7400,4978,4992,2087,1048,20505,5830,0,0,0,0,0,5830,0,644,187,93,25,17,966,5830,8044,5165,5085,2112,1065,27301
LGA14200,0,46,0,4,0,0,50,0,0,33,39,19,30,121,0,33,42,31,17,15,138,0,3,5,0,0,0,8,0,82,80,74,36,45,317,0,0,0,0,0,8,8,0,82,80,74,36,53,325,60,0,0,0,0,0,60,0,6,0,0,0,0,6,60,88,80,74,36,53,391,0,1738,49,4,0,0,1791,0,0,537,543,310,123,1513,0,248,169,93,28,12,550,0,40,6,0,0,0,46,0,2026,761,640,338,135,3900,0,0,0,17,13,19,49,0,2026,761,657,351,154,3949,1612,0,0,0,0,0,1612,0,111,18,0,0,0,129,1612,2137,779,657,351,154,5690
LGA14250,0,4,0,0,0,0,4,0,0,0,3,3,0,6,0,0,0,3,0,0,3,0,0,0,0,0,0,0,0,4,0,6,3,0,13,0,0,0,0,0,0,0,0,4,0,6,3,0,13,7,0,0,0,0,0,7,0,0,0,0,0,0,0,7,4,0,6,3,0,20,0,168,4,0,0,0,172,0,0,41,58,47,13,159,0,19,7,3,3,0,32,0,3,0,0,0,0,3,0,190,52,61,50,13,366,0,0,0,3,0,3,6,0,190,52,64,50,16,372,144,0,0,0,0,0,144,0,10,0,0,0,0,10,144,200,52,64,50,16,526
LGA14300,0,10,0,0,0,0,10,0,0,12,15,12,3,42,0,7,5,6,0,3,21,0,0,0,0,0,0,0,0,17,17,21,12,6,73,0,0,0,0,0,3,3,0,17,17,21,12,9,76,11,0,0,0,0,0,11,0,0,0,0,0,0,0,11,17,17,21,12,9,87,0,507,14,0,0,0,521,0,0,168,195,110,64,537,0,97,55,20,11,3,186,0,9,3,0,0,0,12,0,613,240,215,121,67,1256,0,0,0,8,3,4,15,0,613,240,223,124,71,1271,494,0,0,0,0,0,494,0,35,0,0,0,0,35,494,648,240,223,124,71,1800
LGA14350,0,101,19,3,0,0,123,0,0,47,62,49,68,226,0,100,120,80,51,45,396,0,24,6,0,0,0,30,0,225,192,145,100,113,775,0,0,0,10,14,29,53,0,225,192,155,114,142,828,164,0,0,0,0,0,164,0,44,3,0,0,0,47,164,269,195,155,114,142,1039,0,2971,89,3,0,0,3063,0,0,776,760,408,178,2122,0,554,379,143,33,34,1143,0,64,13,0,0,0,77,0,3589,1257,906,441,212,6405,0,0,0,31,32,43,106,0,3589,1257,937,473,255,6511,2826,0,0,0,0,0,2826,0,223,11,3,3,0,240,2826,3812,1268,940,476,255,9577
LGA14400,0,27,0,0,0,0,27,0,0,22,21,12,5,60,0,13,9,3,3,3,31,0,0,0,0,0,0,0,0,40,31,24,15,8,118,0,0,0,3,3,0,6,0,40,31,27,18,8,124,13,0,0,0,0,0,13,0,0,0,0,0,0,0,13,40,31,27,18,8,137,0,2372,61,3,0,0,2436,0,0,723,997,479,121,2320,0,329,219,73,20,12,653,0,35,3,0,0,0,38,0,2736,1006,1073,499,133,5447,0,0,0,28,24,28,80,0,2736,1006,1101,523,161,5527,1632,0,0,0,0,0,1632,0,97,16,3,0,0,116,1632,2833,1022,1104,523,161,7275
LGA14450,0,17,4,3,0,0,24,0,0,5,13,3,6,27,0,3,11,4,3,3,24,0,3,0,0,0,0,3,0,23,20,20,6,9,78,0,0,0,3,0,3,6,0,23,20,23,6,12,84,19,0,0,0,0,0,19,0,6,3,0,0,0,9,19,29,23,23,6,12,112,0,3977,333,87,39,4,4440,0,0,2634,3114,1233,393,7374,0,950,650,225,65,27,1917,0,235,63,17,3,3,321,0,5162,3680,3443,1340,427,14052,0,0,0,142,153,306,601,0,5162,3680,3585,1493,733,14653,3864,0,0,0,0,0,3864,0,458,147,68,34,13,720,3864,5620,3827,3653,1527,746,19237
LGA14500,0,13,3,0,0,0,16,0,0,7,16,8,4,35,0,0,3,3,0,0,6,0,0,3,0,0,0,3,0,13,16,19,8,4,60,0,0,0,3,0,0,3,0,13,16,22,8,4,63,8,0,0,0,0,0,8,0,3,0,0,0,0,3,8,16,16,22,8,4,74,0,8788,277,34,8,5,9112,0,0,4584,7659,3439,944,16626,0,1349,974,352,91,24,2790,0,267,53,7,4,0,331,0,10404,5888,8052,3542,973,28859,0,0,0,142,152,257,551,0,10404,5888,8194,3694,1230,29410,5803,0,0,0,0,0,5803,0,352,91,29,11,7,490,5803,10756,5979,8223,3705,1237,35703
LGA14550,0,29,0,0,0,0,29,0,0,14,13,16,9,52,0,13,22,12,4,5,56,0,0,0,0,0,0,0,0,42,36,25,20,14,137,0,0,0,3,3,8,14,0,42,36,28,23,22,151,37,0,0,0,0,0,37,0,3,3,0,0,0,6,37,45,39,28,23,22,194,0,1019,28,0,0,0,1047,0,0,298,276,166,78,818,0,183,109,48,16,4,360,0,27,6,0,0,0,33,0,1229,441,324,182,82,2258,0,0,0,14,13,17,44,0,1229,441,338,195,99,2302,1023,0,0,0,0,0,1023,0,76,0,4,4,0,84,1023,1305,441,342,199,99,3409
LGA14600,0,55,5,0,0,0,60,0,0,36,32,29,22,119,0,32,28,25,16,5,106,0,10,3,0,0,0,13,0,97,72,57,45,27,298,0,0,0,4,3,8,15,0,97,72,61,48,35,313,67,0,0,0,0,0,67,0,14,0,0,0,0,14,67,111,72,61,48,35,394,0,657,16,0,0,0,673,0,0,208,200,120,45,573,0,75,40,20,3,0,138,0,22,0,0,0,0,22,0,754,264,220,123,45,1406,0,0,0,7,3,4,14,0,754,264,227,126,49,1420,630,0,0,0,0,0,630,0,31,0,0,0,0,31,630,785,264,227,126,49,2081
LGA14650,0,385,30,6,0,0,421,0,0,214,348,183,124,869,0,203,241,118,76,35,673,0,23,15,3,0,0,41,0,611,500,475,259,159,2004,0,0,0,31,39,53,123,0,611,500,506,298,212,2127,323,0,0,0,0,0,323,0,91,16,3,3,0,113,323,702,516,509,301,212,2563,0,19069,655,59,3,0,19786,0,0,6945,9029,3702,1170,20846,0,3665,2602,1024,286,93,7670,0,503,95,19,3,0,620,0,23237,10297,10131,3994,1263,48922,0,0,0,374,290,361,1025,0,23237,10297,10505,4284,1624,49947,16507,0,0,0,0,0,16507,0,1328,155,47,5,5,1540,16507,24565,10452,10552,4289,1629,67994
LGA14700,0,8,0,0,0,0,8,0,0,5,3,0,0,8,0,3,5,3,0,0,11,0,0,0,0,0,0,0,0,11,10,6,0,0,27,0,0,0,0,0,0,0,0,11,10,6,0,0,27,8,0,0,0,0,0,8,0,5,0,0,0,0,5,8,16,10,6,0,0,40,0,2808,122,21,7,0,2958,0,0,1360,1799,745,162,4066,0,523,255,90,11,3,882,0,149,30,3,3,0,185,0,3480,1767,1913,766,165,8091,0,0,0,39,43,56,138,0,3480,1767,1952,809,221,8229,3016,0,0,0,0,0,3016,0,449,108,24,11,4,596,3016,3929,1875,1976,820,225,11841
LGA14750,0,25,4,0,0,0,29,0,0,25,25,19,16,85,0,26,21,18,9,5,79,0,5,0,3,0,0,8,0,56,50,46,28,21,201,0,0,0,0,6,3,9,0,56,50,46,34,24,210,38,0,0,0,0,0,38,0,6,3,0,0,0,9,38,62,53,46,34,24,257,0,947,21,4,0,0,972,0,0,376,404,214,106,1100,0,154,127,48,18,7,354,0,28,5,0,0,0,33,0,1129,529,456,232,113,2459,0,0,0,11,14,5,30,0,1129,529,467,246,118,2489,966,0,0,0,0,0,966,0,68,7,0,0,0,75,966,1197,536,467,246,118,3530
LGA14800,0,33,4,0,0,0,37,0,0,18,11,5,8,42,0,40,17,9,6,0,72,0,3,3,3,0,0,9,0,76,42,23,11,8,160,0,0,0,3,3,4,10,0,76,42,26,14,12,170,68,0,0,0,0,0,68,0,25,10,3,0,0,38,68,101,52,29,14,12,276,0,5414,214,35,10,0,5673,0,0,2447,2373,607,122,5549,0,955,459,107,22,6,1549,0,252,53,13,3,0,321,0,6621,3173,2528,642,128,13092,0,0,0,41,39,49,129,0,6621,3173,2569,681,177,13221,6220,0,0,0,0,0,6220,0,1097,375,97,24,7,1600,6220,7718,3548,2666,705,184,21041
LGA14850,0,77,5,3,0,0,85,0,0,56,85,44,44,229,0,64,85,51,29,18,247,0,8,3,0,3,0,14,0,149,149,139,76,62,575,0,0,0,5,8,15,28,0,149,149,144,84,77,603,124,0,0,0,0,0,124,0,44,16,4,0,0,64,124,193,165,148,84,77,791,0,3964,154,12,4,3,4137,0,0,1315,1671,737,286,4009,0,1036,605,246,70,32,1989,0,113,32,0,0,0,145,0,5113,2106,1929,811,321,10280,0,0,0,56,50,57,163,0,5113,2106,1985,861,378,10443,4361,0,0,0,0,0,4361,0,570,120,43,12,4,749,4361,5683,2226,2028,873,382,15553
LGA14870,0,64,4,0,0,0,68,0,0,27,50,32,21,130,0,24,29,15,12,4,84,0,0,0,0,0,0,0,0,88,60,65,44,25,282,0,0,0,6,3,11,20,0,88,60,71,47,36,302,61,0,0,0,0,0,61,0,21,0,0,0,0,21,61,109,60,71,47,36,384,0,2029,49,3,3,0,2084,0,0,637,791,330,121,1879,0,404,244,99,34,14,795,0,85,7,0,0,0,92,0,2518,937,893,367,135,4850,0,0,0,31,28,8,67,0,2518,937,924,395,143,4917,2333,0,0,0,0,0,2333,0,146,5,0,0,3,154,2333,2664,942,924,395,146,7404
LGA14900,0,124,11,4,0,0,139,0,0,85,129,75,61,350,0,117,133,70,34,24,378,0,13,3,3,0,0,19,0,254,232,206,109,85,886,0,0,0,8,16,33,57,0,254,232,214,125,118,943,172,0,0,0,0,0,172,0,38,6,3,0,3,50,172,292,238,217,125,121,1165,0,8531,541,81,22,3,9178,0,0,6575,9944,5072,2539,24130,0,2723,2335,1164,427,203,6852,0,408,111,27,3,3,552,0,11662,9562,11216,5524,2748,40712,0,0,0,429,571,1364,2364,0,11662,9562,11645,6095,4112,43076,8423,0,0,0,0,0,8423,0,787,94,32,13,3,929,8423,12449,9656,11677,6108,4115,52428
LGA14920,0,56,7,0,0,0,63,0,0,28,32,20,13,93,0,28,30,24,7,3,92,0,7,3,0,0,0,10,0,91,68,56,27,16,258,0,0,0,7,0,6,13,0,91,68,63,27,22,271,54,0,0,0,0,0,54,0,14,0,3,0,0,17,54,105,68,66,27,22,342,0,840,25,0,0,0,865,0,0,231,239,133,30,633,0,120,64,23,11,4,222,0,27,0,0,0,0,27,0,987,320,262,144,34,1747,0,0,0,6,5,10,21,0,987,320,268,149,44,1768,777,0,0,0,0,0,777,0,61,0,0,0,0,61,777,1048,320,268,149,44,2606
LGA14950,0,8,0,0,0,0,8,0,0,8,0,3,4,15,0,0,0,0,0,0,0,0,0,0,0,0,0,0,0,8,8,0,3,4,23,0,0,0,0,0,0,0,0,8,8,0,3,4,23,5,0,0,0,0,0,5,0,4,0,0,0,0,4,5,12,8,0,3,4,32,0,341,10,0,0,0,351,0,0,108,109,75,37,329,0,46,28,7,3,3,87,0,8,0,0,0,0,8,0,395,146,116,78,40,775,0,0,0,4,0,0,4,0,395,146,120,78,40,779,298,0,0,0,0,0,298,0,18,0,0,0,0,18,298,413,146,120,78,40,1095
LGA15050,0,162,11,0,3,0,176,0,0,93,129,73,69,364,0,82,103,48,31,24,288,0,13,4,0,0,0,17,0,257,211,177,107,93,845,0,0,0,16,15,16,47,0,257,211,193,122,109,892,117,0,0,0,0,0,117,0,40,6,3,0,0,49,117,297,217,196,122,109,1058,0,5976,214,20,7,3,6220,0,0,2654,3427,1440,543,8064,0,1210,898,377,120,44,2649,0,161,33,5,0,0,199,0,7347,3799,3829,1567,590,17132,0,0,0,106,91,122,319,0,7347,3799,3935,1658,712,17451,5067,0,0,0,0,0,5067,0,454,49,13,3,0,519,5067,7801,3848,3948,1661,712,23037
LGA15150,0,19,0,3,0,0,22,0,0,3,6,5,0,14,0,5,0,0,0,0,5,0,0,0,0,0,0,0,0,24,3,9,5,0,41,0,0,0,0,0,3,3,0,24,3,9,5,3,44,16,0,0,0,0,0,16,0,5,3,0,0,0,8,16,29,6,9,5,3,68,0,4105,147,33,9,3,4297,0,0,1559,2187,855,153,4754,0,564,356,115,22,8,1065,0,109,25,3,0,0,137,0,4778,2087,2338,886,164,10253,0,0,0,35,32,19,86,0,4778,2087,2373,918,183,10339,3816,0,0,0,0,0,3816,0,631,219,44,14,3,911,3816,5409,2306,2417,932,186,15066
LGA15200,0,80,6,3,0,0,89,0,0,27,26,13,11,77,0,52,41,29,6,7,135,0,13,6,3,0,0,22,0,145,80,61,19,18,323,0,0,0,8,6,10,24,0,145,80,69,25,28,347,128,0,0,0,0,0,128,0,47,9,11,0,0,67,128,192,89,80,25,28,542,0,6696,437,103,32,10,7278,0,0,2914,2885,828,277,6904,0,1428,777,237,73,32,2547,0,408,111,37,9,0,565,0,8532,4239,3262,942,319,17294,0,0,0,119,142,207,468,0,8532,4239,3381,1084,526,17762,8645,0,0,0,0,0,8645,0,1984,684,271,71,16,3026,8645,10516,4923,3652,1155,542,29433
LGA15270,0,67,8,3,0,0,78,0,0,47,58,30,25,160,0,26,37,7,9,3,82,0,5,0,0,0,0,5,0,98,92,68,39,28,325,0,0,0,0,5,13,18,0,98,92,68,44,41,343,47,0,0,0,0,0,47,0,9,0,0,0,0,9,47,107,92,68,44,41,399,0,2369,56,5,0,0,2430,0,0,758,818,462,166,2204,0,393,232,91,24,13,753,0,53,8,4,0,0,65,0,2815,1054,918,486,179,5452,0,0,0,30,24,24,78,0,2815,1054,948,510,203,5530,2226,0,0,0,0,0,2226,0,189,15,4,0,0,208,2226,3004,1069,952,510,203,7964
LGA15300,0,89,4,5,0,0,98,0,0,59,85,44,61,249,0,69,83,57,35,22,266,0,20,3,0,0,0,23,0,178,149,147,79,83,636,0,0,0,8,10,40,58,0,178,149,155,89,123,694,177,0,0,0,0,0,177,0,15,4,3,0,0,22,177,193,153,158,89,123,893,0,1048,36,3,0,0,1087,0,0,370,427,216,76,1089,0,159,97,27,7,6,296,0,38,3,0,0,0,41,0,1245,506,457,223,82,2513,0,0,0,8,6,13,27,0,1245,506,465,229,95,2540,1138,0,0,0,0,0,1138,0,84,5,3,0,0,92,1138,1329,511,468,229,95,3770
LGA15350,0,10,0,0,0,0,10,0,0,0,0,0,0,0,0,0,0,0,0,0,0,0,0,0,0,0,0,0,0,10,0,0,0,0,10,0,0,0,0,0,0,0,0,10,0,0,0,0,10,10,0,0,0,0,0,10,0,0,0,0,0,0,0,10,10,0,0,0,0,20,0,2779,89,8,0,0,2876,0,0,1051,1369,645,144,3209,0,424,219,86,17,0,746,0,86,11,3,0,3,103,0,3289,1370,1466,662,147,6934,0,0,0,18,17,13,48,0,3289,1370,1484,679,160,6982,3395,0,0,0,0,0,3395,0,288,39,16,0,0,343,3395,3577,1409,1500,679,160,10720
LGA15500,0,22,5,0,0,0,27,0,0,5,7,3,3,18,0,14,5,6,4,0,29,0,0,4,0,0,0,4,0,36,19,13,7,3,78,0,0,0,0,0,3,3,0,36,19,13,7,6,81,19,0,0,0,0,0,19,0,5,0,0,0,0,5,19,41,19,13,7,6,105,0,965,15,0,0,0,980,0,0,198,254,143,42,637,0,86,65,23,4,0,178,0,14,0,0,0,0,14,0,1065,278,277,147,42,1809,0,0,0,5,4,5,14,0,1065,278,282,151,47,1823,725,0,0,0,0,0,725,0,45,12,0,0,0,57,725,1110,290,282,151,47,2605
LGA15550,0,19,3,3,0,0,25,0,0,9,4,5,4,22,0,16,3,10,0,3,32,0,3,0,0,0,0,3,0,38,15,17,5,7,82,0,0,0,0,3,0,3,0,38,15,17,8,7,85,18,0,0,0,0,0,18,0,4,0,0,0,0,4,18,42,15,17,8,7,107,0,214,3,0,0,0,217,0,0,64,85,50,19,218,0,30,22,6,0,3,61,0,4,4,0,0,0,8,0,248,93,91,50,22,504,0,0,0,3,3,0,6,0,248,93,94,53,22,510,203,0,0,0,0,0,203,0,11,3,0,0,0,14,203,259,96,94,53,22,727
LGA15650,0,45,5,3,0,0,53,0,0,34,51,35,11,131,0,18,34,16,13,5,86,0,7,0,0,0,0,7,0,70,73,70,48,16,277,0,0,0,6,0,5,11,0,70,73,76,48,21,288,51,0,0,0,0,0,51,0,17,0,0,0,0,17,51,87,73,76,48,21,356,0,1347,40,5,0,0,1392,0,0,530,639,342,120,1631,0,252,143,78,29,13,515,0,43,7,4,0,0,54,0,1642,720,726,371,133,3592,0,0,0,13,24,17,54,0,1642,720,739,395,150,3646,1366,0,0,0,0,0,1366,0,140,18,8,0,0,166,1366,1782,738,747,395,150,5178
LGA15700,0,70,8,3,0,0,81,0,0,22,30,33,25,110,0,45,47,44,15,24,175,0,11,4,0,0,0,15,0,126,81,77,48,49,381,0,0,0,6,9,20,35,0,126,81,83,57,69,416,59,0,0,0,0,0,59,0,17,5,0,0,0,22,59,143,86,83,57,69,497,0,2275,57,5,0,0,2337,0,0,480,531,254,108,1373,0,347,239,97,37,17,737,0,53,7,3,0,0,63,0,2675,783,636,291,125,4510,0,0,0,21,28,25,74,0,2675,783,657,319,150,4584,2326,0,0,0,0,0,2326,0,198,11,0,0,0,209,2326,2873,794,657,319,150,7119
LGA15750,0,63,11,0,0,0,74,0,0,54,49,34,27,164,0,40,51,36,25,9,161,0,10,5,0,0,0,15,0,113,121,85,59,36,414,0,0,0,3,4,10,17,0,113,121,88,63,46,431,97,0,0,0,0,0,97,0,14,0,3,0,0,17,97,127,121,91,63,46,545,0,1292,26,3,0,0,1321,0,0,385,502,263,97,1247,0,177,102,42,10,7,338,0,28,3,3,0,0,34,0,1497,516,550,273,104,2940,0,0,0,8,7,8,23,0,1497,516,558,280,112,2963,1179,0,0,0,0,0,1179,0,86,8,0,0,0,94,1179,1583,524,558,280,112,4236
LGA15800,0,27,3,3,0,0,33,0,0,16,22,16,9,63,0,25,24,14,7,11,81,0,4,3,0,0,0,7,0,56,46,39,23,20,184,0,0,0,0,3,3,6,0,56,46,39,26,23,190,36,0,0,0,0,0,36,0,12,0,3,0,0,15,36,68,46,42,26,23,241,0,558,7,3,0,0,568,0,0,183,193,106,54,536,0,93,40,24,5,0,162,0,14,5,0,0,0,19,0,665,235,220,111,54,1285,0,0,0,8,4,3,15,0,665,235,228,115,57,1300,677,0,0,0,0,0,677,0,27,0,0,0,0,27,677,692,235,228,115,57,2004
LGA15850,0,75,3,0,0,0,78,0,0,35,43,31,23,132,0,40,51,36,12,19,158,0,9,0,0,0,0,9,0,124,89,79,43,42,377,0,0,0,3,5,10,18,0,124,89,82,48,52,395,84,0,0,0,0,0,84,0,19,0,0,0,0,19,84,143,89,82,48,52,498,0,592,8,0,0,0,600,0,0,163,182,112,58,515,0,84,55,16,4,0,159,0,15,3,3,0,0,21,0,691,229,201,116,58,1295,0,0,0,9,3,7,19,0,691,229,210,119,65,1314,608,0,0,0,0,0,608,0,28,4,0,0,0,32,608,719,233,210,119,65,1954
LGA15900,0,296,34,3,0,0,333,0,0,167,172,93,65,497,0,153,157,87,48,31,476,0,29,13,3,3,0,48,0,478,371,265,144,96,1354,0,0,0,15,13,23,51,0,478,371,280,157,119,1405,377,0,0,0,0,0,377,0,133,51,14,17,8,223,377,611,422,294,174,127,2005,0,13295,522,98,21,6,13942,0,0,5280,6204,2400,692,14576,0,3282,1947,632,176,62,6099,0,590,128,24,9,4,755,0,17167,7877,6958,2606,764,35372,0,0,0,164,173,194,531,0,17167,7877,7122,2779,958,35903,16888,0,0,0,0,0,16888,0,2437,779,275,105,59,3655,16888,19604,8656,7397,2884,1017,56446
LGA15950,0,27,0,0,0,0,27,0,0,9,7,0,0,16,0,8,4,0,0,0,12,0,0,0,0,0,0,0,0,35,13,7,0,0,55,0,0,0,0,0,0,0,0,35,13,7,0,0,55,23,0,0,0,0,0,23,0,13,4,3,0,0,20,23,48,17,10,0,0,98,0,8412,263,56,10,6,8747,0,0,2398,1800,467,98,4763,0,938,417,95,8,0,1458,0,358,57,17,5,0,437,0,9708,3135,1968,490,104,15405,0,0,0,47,28,21,96,0,9708,3135,2015,518,125,15501,10668,0,0,0,0,0,10668,0,1600,469,77,8,6,2160,10668,11308,3604,2092,526,131,28329
LGA16100,0,14,0,0,0,0,14,0,0,5,7,6,5,23,0,6,7,3,3,0,19,0,0,0,0,0,0,0,0,20,12,10,9,5,56,0,0,0,0,0,0,0,0,20,12,10,9,5,56,13,0,0,0,0,0,13,0,3,0,0,0,0,3,13,23,12,10,9,5,72,0,566,13,0,0,0,579,0,0,183,204,119,34,540,0,72,44,27,6,6,155,0,5,3,0,0,0,8,0,643,243,231,125,40,1282,0,0,0,3,4,4,11,0,643,243,234,129,44,1293,496,0,0,0,0,0,496,0,26,0,0,0,0,26,496,669,243,234,129,44,1815
LGA16150,0,81,3,3,0,0,87,0,0,62,76,67,54,259,0,78,83,51,28,19,259,0,6,6,3,0,0,15,0,165,154,133,95,73,620,0,0,0,11,7,13,31,0,165,154,144,102,86,651,132,0,0,0,0,0,132,0,28,9,3,3,0,43,132,193,163,147,105,86,826,0,3268,85,10,3,0,3366,0,0,1254,1551,772,266,3843,0,692,428,182,59,45,1406,0,102,23,3,0,0,128,0,4062,1790,1746,834,311,8743,0,0,0,34,48,54,136,0,4062,1790,1780,882,365,8879,3746,0,0,0,0,0,3746,0,318,65,27,3,0,413,3746,4380,1855,1807,885,365,13038
LGA16180,0,22,3,0,0,0,25,0,0,15,17,9,12,53,0,4,5,0,3,0,12,0,0,0,0,0,0,0,0,26,23,17,12,12,90,0,0,0,0,0,0,0,0,26,23,17,12,12,90,10,0,0,0,0,0,10,0,3,0,0,0,0,3,10,29,23,17,12,12,103,0,1500,42,4,0,0,1546,0,0,550,795,341,107,1793,0,148,109,40,13,4,314,0,19,3,0,0,0,22,0,1667,704,839,354,111,3675,0,0,0,19,24,32,75,0,1667,704,858,378,143,3750,912,0,0,0,0,0,912,0,70,9,3,3,0,85,912,1737,713,861,381,143,4747
LGA16200,0,66,6,0,0,0,72,0,0,46,46,30,34,156,0,50,63,31,14,7,165,0,8,0,0,0,0,8,0,124,115,77,44,41,401,0,0,0,4,3,10,17,0,124,115,81,47,51,418,82,0,0,0,0,0,82,0,17,3,0,0,0,20,82,141,118,81,47,51,520,0,1388,25,0,0,0,1413,0,0,439,440,315,156,1350,0,249,143,61,14,12,479,0,32,5,0,0,0,37,0,1669,612,501,329,168,3279,0,0,0,14,14,11,39,0,1669,612,515,343,179,3318,1479,0,0,0,0,0,1479,0,64,18,3,0,0,85,1479,1733,630,518,343,179,4882
LGA16250,0,82,9,5,0,0,96,0,0,51,55,33,14,153,0,66,82,35,17,4,204,0,9,5,0,0,0,14,0,157,147,95,50,18,467,0,0,0,0,5,14,19,0,157,147,95,55,32,486,146,0,0,0,0,0,146,0,41,3,4,0,3,51,146,198,150,99,55,35,683,0,11127,878,272,73,24,12374,0,0,7033,7894,3259,1701,19887,0,2806,1789,775,266,145,5781,0,673,181,65,14,9,942,0,14606,9881,9006,3612,1879,38984,0,0,0,372,468,860,1700,0,14606,9881,9378,4080,2739,40684,13012,0,0,0,0,0,13012,0,1530,485,209,68,33,2325,13012,16136,10366,9587,4148,2772,56021
LGA16350,0,304,47,7,0,0,358,0,0,213,295,193,129,830,0,183,215,130,62,43,633,0,30,11,3,0,0,44,0,517,486,435,255,172,1865,0,0,0,25,41,55,121,0,517,486,460,296,227,1986,265,0,0,0,0,0,268,0,88,18,4,3,0,113,265,605,504,464,299,230,2367,0,11947,610,66,8,0,12631,0,0,6849,9115,4223,1856,22043,0,3304,2577,1096,371,152,7500,0,533,116,17,0,0,666,0,15784,10152,10294,4602,2008,42840,0,0,0,417,476,775,1668,0,15784,10152,10711,5078,2783,44508,11154,0,0,0,0,0,11154,0,1174,156,30,5,0,1365,11154,16958,10308,10741,5083,2783,57027
LGA16370,0,15,5,0,0,0,20,0,0,15,15,18,6,54,0,6,7,5,0,0,18,0,0,0,0,0,0,0,0,21,27,20,18,6,92,0,0,0,0,3,7,10,0,21,27,20,21,13,102,20,0,0,0,0,0,20,0,6,0,0,0,0,6,20,27,27,20,21,13,128,0,5252,171,29,3,4,5459,0,0,2274,3526,1476,396,7672,0,847,596,228,55,11,1737,0,110,15,4,0,3,132,0,6209,3056,3787,1534,414,15000,0,0,0,84,103,134,321,0,6209,3056,3871,1637,548,15321,3855,0,0,0,0,0,3855,0,363,80,19,5,4,471,3855,6572,3136,3890,1642,552,19647
LGA16380,0,174,15,0,0,0,189,0,0,114,131,75,48,368,0,104,93,64,27,13,301,0,11,6,0,0,0,17,0,289,228,195,102,61,875,0,0,0,15,7,22,44,0,289,228,210,109,83,919,153,0,0,0,0,0,153,0,37,6,0,3,0,46,153,326,234,210,112,83,1118,0,9371,222,15,5,0,9613,0,0,2189,2674,1172,426,6461,0,1388,948,323,115,25,2799,0,158,22,6,0,0,186,0,10917,3381,3018,1292,451,19059,0,0,0,94,90,118,302,0,10917,3381,3112,1382,569,19361,7863,0,0,0,0,0,7863,0,646,64,6,3,0,719,7863,11563,3445,3118,1385,569,27943
LGA16400,0,133,13,0,3,0,149,0,0,103,121,89,57,370,0,78,91,53,27,13,262,0,11,5,0,0,0,16,0,222,212,174,119,70,797,0,0,0,12,11,25,48,0,222,212,186,130,95,845,127,0,0,0,0,0,127,0,32,3,3,0,0,38,127,254,215,189,130,95,1010,0,7077,193,11,0,0,7281,0,0,2097,2731,1201,459,6488,0,1144,795,336,110,39,2424,0,121,23,5,0,0,149,0,8342,3108,3083,1311,498,16342,0,0,0,90,116,150,356,0,8342,3108,3173,1427,648,16698,5762,0,0,0,0,0,5762,0,459,43,5,0,0,507,5762,8801,3151,3178,1427,648,22967
LGA16470,0,81,10,0,0,0,91,0,0,47,58,31,8,144,0,52,54,36,18,5,165,0,8,6,0,0,0,14,0,141,117,94,49,13,414,0,0,0,6,3,10,19,0,141,117,100,52,23,433,75,0,0,0,0,0,75,0,15,3,0,0,0,18,75,156,120,100,52,23,526,0,3021,125,17,0,0,3163,0,0,1497,1958,801,252,4508,0,682,445,144,47,13,1331,0,122,24,6,0,0,152,0,3825,2091,2125,848,265,9154,0,0,0,63,65,92,220,0,3825,2091,2188,913,357,9374,3813,0,0,0,0,0,3813,0,333,52,9,5,0,399,3813,4158,2143,2197,918,357,13586
LGA16550,0,88,16,0,0,0,104,0,0,42,74,31,15,162,0,89,75,39,20,5,228,0,10,5,3,0,0,18,0,187,138,116,51,20,512,0,0,0,13,10,14,37,0,187,138,129,61,34,549,156,0,0,0,0,0,156,0,56,18,5,3,0,82,156,243,156,134,64,34,787,0,9898,701,169,51,22,10841,0,0,4680,5683,1994,502,12859,0,2274,1242,380,79,33,4008,0,744,198,58,8,4,1012,0,12916,6821,6290,2132,561,28720,0,0,0,184,180,248,612,0,12916,6821,6474,2312,809,29332,12839,0,0,0,0,0,12839,0,2887,1087,420,144,63,4601,12839,15803,7908,6894,2456,872,46772
LGA16610,0,54,3,0,3,0,60,0,0,38,43,29,32,142,0,51,55,45,20,30,201,0,6,3,3,0,0,12,0,111,99,91,52,62,415,0,0,0,4,8,14,26,0,111,99,95,60,76,441,79,0,0,0,0,0,79,0,21,4,3,0,0,28,79,132,103,98,60,76,548,0,2311,80,5,0,0,2396,0,0,680,745,392,184,2001,0,405,283,145,44,13,890,0,68,5,0,0,0,73,0,2784,1048,895,436,197,5360,0,0,0,28,21,27,76,0,2784,1048,923,457,224,5436,2301,0,0,0,0,0,2301,0,161,14,0,0,0,175,2301,2945,1062,923,457,224,7912
LGA16650,0,59,9,3,0,0,71,0,0,26,33,14,9,82,0,22,24,8,7,3,64,0,4,4,0,0,0,8,0,85,63,44,21,12,225,0,0,0,3,4,4,11,0,85,63,47,25,16,236,41,0,0,0,0,0,41,0,21,0,0,0,0,21,41,106,63,47,25,16,298,0,7232,586,175,48,14,8055,0,0,4110,4431,1839,798,11178,0,1808,1132,426,133,52,3551,0,440,118,39,12,7,616,0,9480,5946,5071,2032,871,23400,0,0,0,252,285,538,1075,0,9480,5946,5323,2317,1409,24475,8155,0,0,0,0,0,8155,0,1010,261,128,51,30,1480,8155,10490,6207,5451,2368,1439,34110
LGA16700,0,38,3,3,0,0,44,0,0,15,22,8,4,49,0,15,10,7,3,3,38,0,3,0,0,0,0,3,0,56,28,32,11,7,134,0,0,0,0,3,4,7,0,56,28,32,14,11,141,38,0,0,0,0,0,38,0,14,5,0,0,0,19,38,70,33,32,14,11,198,0,8035,539,117,53,16,8760,0,0,4492,5598,2027,499,12616,0,1798,1045,331,78,30,3282,0,460,88,29,9,4,590,0,10293,6164,6075,2167,549,25248,0,0,0,201,205,373,779,0,10293,6164,6276,2372,922,26027,9465,0,0,0,0,0,9465,0,1188,416,226,100,58,1988,9465,11481,6580,6502,2472,980,37480
LGA16900,0,93,8,3,0,0,104,0,0,61,123,65,50,299,0,75,98,55,25,22,275,0,11,3,0,0,0,14,0,179,170,181,90,72,692,0,0,0,10,13,12,35,0,179,170,191,103,84,727,100,0,0,0,0,0,100,0,18,6,3,0,0,27,100,197,176,194,103,84,854,0,5416,210,13,3,0,5642,0,0,2451,3288,1375,551,7665,0,1229,963,383,118,50,2743,0,165,27,5,3,0,200,0,6810,3651,3689,1499,601,16250,0,0,0,134,127,178,439,0,6810,3651,3823,1626,779,16689,4538,0,0,0,0,0,4538,0,323,24,5,3,0,355,4538,7133,3675,3828,1629,779,21582
LGA16950,0,251,25,0,0,0,276,0,0,176,214,144,81,615,0,179,190,115,48,32,564,0,24,5,3,0,0,32,0,454,396,332,192,113,1487,0,0,0,16,31,36,83,0,454,396,348,223,149,1570,244,0,0,0,0,0,244,0,53,14,3,0,0,70,244,507,410,351,223,149,1884,0,11230,296,26,0,0,11552,0,0,2750,3219,1397,548,7914,0,1727,1124,461,138,45,3495,0,201,32,0,3,0,236,0,13158,4202,3706,1538,593,23197,0,0,0,126,97,117,340,0,13158,4202,3832,1635,710,23537,9716,0,0,0,0,0,9716,0,713,62,17,6,0,798,9716,13871,4264,3849,1641,710,34051
LGA17000,0,61,7,0,0,0,68,0,0,32,63,37,21,153,0,21,25,16,4,6,72,0,4,0,0,0,0,4,0,86,64,79,41,27,297,0,0,0,5,4,10,19,0,86,64,84,45,37,316,47,0,0,0,0,0,47,0,9,0,0,0,0,9,47,95,64,84,45,37,372,0,1959,62,6,3,0,2030,0,0,866,1188,537,198,2789,0,302,227,92,28,13,662,0,29,13,3,0,0,45,0,2290,1168,1289,568,211,5526,0,0,0,36,35,41,112,0,2290,1168,1325,603,252,5638,1554,0,0,0,0,0,1554,0,155,33,6,0,0,194,1554,2445,1201,1331,603,252,7386
LGA17050,0,10,0,0,0,0,10,0,0,5,5,0,3,13,0,0,0,0,0,0,0,0,0,0,0,0,0,0,0,10,5,5,0,3,23,0,0,0,0,0,0,0,0,10,5,5,0,3,23,6,0,0,0,0,0,6,0,3,3,0,0,0,6,6,13,8,5,0,3,35,0,651,22,8,3,0,684,0,0,235,347,105,32,719,0,95,60,18,3,3,179,0,11,0,0,3,0,14,0,757,317,373,114,35,1596,0,0,0,9,3,0,12,0,757,317,382,117,35,1608,618,0,0,0,0,0,618,0,63,25,10,6,0,104,618,820,342,392,123,35,2330
LGA17100,0,12,0,0,0,0,12,0,0,6,5,0,3,14,0,3,5,0,0,0,8,0,0,0,3,0,0,3,0,15,11,8,0,3,37,0,0,0,0,3,3,6,0,15,11,8,3,6,43,5,0,0,0,0,0,5,0,4,0,0,0,0,4,5,19,11,8,3,6,52,0,2091,279,88,14,9,2481,0,0,1493,1790,751,324,4358,0,574,381,131,41,19,1146,0,163,52,17,7,0,239,0,2828,2205,2026,813,352,8224,0,0,0,74,93,182,349,0,2828,2205,2100,906,534,8573,2146,0,0,0,0,0,2146,0,315,157,74,40,20,606,2146,3143,2362,2174,946,554,11325
LGA17150,0,154,15,3,0,0,172,0,0,89,140,74,35,338,0,63,63,28,10,0,164,0,7,0,3,0,0,10,0,224,167,174,84,35,684,0,0,0,11,12,20,43,0,224,167,185,96,55,727,139,0,0,0,0,0,139,0,47,0,0,0,0,47,139,271,167,185,96,55,913,0,18243,608,54,7,8,18920,0,0,8777,12768,5552,1477,28574,0,3479,2402,857,217,55,7010,0,575,91,17,5,0,688,0,22297,11878,13696,5781,1540,55192,0,0,0,375,372,501,1248,0,22297,11878,14071,6153,2041,56440,16170,0,0,0,0,0,16170,0,1559,210,43,8,3,1823,16170,23856,12088,14114,6161,2044,74433
LGA17200,0,159,14,0,3,0,176,0,0,33,33,10,8,84,0,122,91,51,17,8,289,0,26,3,0,0,0,29,0,307,141,84,30,16,578,0,0,0,3,5,7,15,0,307,141,87,35,23,593,428,0,0,0,0,0,428,0,116,41,13,8,0,178,428,423,182,100,43,23,1199,0,18410,1229,549,98,54,20340,0,0,3966,2578,640,147,7331,0,2080,920,233,60,30,3323,0,1090,306,179,37,15,1627,0,21580,6421,3539,835,246,32621,0,0,0,157,120,98,375,0,21580,6421,3696,955,344,32996,28799,0,0,0,0,0,28799,0,6360,2184,1167,303,162,10176,28799,27940,8605,4863,1258,506,71971
LGA17310,0,268,12,7,0,0,287,0,0,156,210,121,88,575,0,180,183,112,64,52,591,0,26,12,0,0,0,38,0,474,363,329,185,140,1491,0,0,0,22,25,33,80,0,474,363,351,210,173,1571,273,0,0,0,0,0,273,0,65,8,4,0,0,77,273,539,371,355,210,173,1921,0,5586,159,7,0,0,5752,0,0,1850,2106,964,317,5237,0,1005,650,244,84,37,2020,0,154,20,8,0,0,182,0,6745,2679,2365,1048,354,13191,0,0,0,73,53,57,183,0,6745,2679,2438,1101,411,13374,5337,0,0,0,0,0,5337,0,446,52,11,3,0,512,5337,7191,2731,2449,1104,411,19223
LGA17350,0,9,0,0,0,0,9,0,0,3,7,3,3,16,0,3,3,3,0,4,13,0,0,0,0,0,0,0,0,12,6,10,3,7,38,0,0,0,3,0,0,3,0,12,6,13,3,7,41,10,0,0,0,0,0,10,0,3,0,0,0,0,3,10,15,6,13,3,7,54,0,684,16,0,0,0,700,0,0,184,206,116,68,574,0,102,56,25,8,4,195,0,16,0,0,0,0,16,0,802,256,231,124,72,1485,0,0,0,3,5,5,13,0,802,256,234,129,77,1498,699,0,0,0,0,0,699,0,41,0,0,0,0,41,699,843,256,234,129,77,2238
LGA17400,0,23,3,0,0,0,26,0,0,14,6,10,9,39,0,12,23,14,6,7,62,0,5,0,0,0,0,5,0,40,40,20,16,16,132,0,0,0,0,0,7,7,0,40,40,20,16,23,139,26,0,0,0,0,0,26,0,7,0,0,0,0,7,26,47,40,20,16,23,172,0,813,19,3,0,0,835,0,0,203,188,100,50,541,0,116,50,27,9,11,213,0,24,0,0,0,0,24,0,953,272,218,109,61,1613,0,0,0,4,3,7,14,0,953,272,222,112,68,1627,832,0,0,0,0,0,832,0,46,7,0,0,0,53,832,999,279,222,112,68,2512
LGA17420,0,52,3,0,0,0,55,0,0,38,55,30,14,137,0,14,16,14,6,0,50,0,3,0,0,0,0,3,0,69,57,69,36,14,245,0,0,0,0,6,13,19,0,69,57,69,42,27,264,23,0,0,0,0,0,23,0,11,5,3,4,0,23,23,80,62,72,46,27,310,0,12173,517,77,9,5,12781,0,0,7638,12224,5137,1625,26624,0,1948,1595,617,147,55,4362,0,334,82,18,4,5,443,0,14455,9832,12936,5297,1690,44210,0,0,0,324,441,787,1552,0,14455,9832,13260,5738,2477,45762,6371,0,0,0,0,0,6371,0,630,125,42,31,23,851,6371,15085,9957,13302,5769,2500,52984
LGA17450,0,10,0,0,0,0,10,0,0,7,4,0,0,11,0,0,0,0,0,0,0,0,0,0,0,0,0,0,0,10,7,4,0,0,21,0,0,0,0,0,3,3,0,10,7,4,0,3,24,0,0,0,0,0,0,0,0,3,0,0,0,0,3,0,13,7,4,0,3,27,0,440,6,0,0,0,446,0,0,97,113,57,37,304,0,44,36,8,7,3,98,0,7,0,0,0,0,7,0,491,139,121,64,40,855,0,0,0,3,0,3,6,0,491,139,124,64,43,861,384,0,0,0,0,0,384,0,15,0,0,0,0,15,384,506,139,124,64,43,1260
LGA17500,0,29,0,0,0,0,29,0,0,23,16,12,15,66,0,15,28,8,4,3,58,0,7,0,0,0,0,7,0,51,51,24,16,18,160,0,0,0,0,3,3,6,0,51,51,24,19,21,166,41,0,0,0,0,0,41,0,3,0,0,0,0,3,41,54,51,24,19,21,210,0,1171,28,4,0,0,1203,0,0,373,487,212,86,1158,0,197,99,45,10,6,357,0,19,7,0,0,0,26,0,1387,507,536,222,92,2744,0,0,0,7,8,4,19,0,1387,507,543,230,96,2763,1157,0,0,0,0,0,1157,0,60,7,0,3,0,70,1157,1447,514,543,233,96,3990
LGA17550,0,189,22,0,0,3,214,0,0,108,178,95,66,447,0,127,116,89,31,15,378,0,16,4,0,0,0,20,0,332,250,267,126,84,1059,0,0,0,11,13,29,53,0,332,250,278,139,113,1112,174,0,0,0,0,0,174,0,54,10,3,3,0,70,174,386,260,281,142,113,1356,0,9558,292,32,3,3,9888,0,0,2657,2992,1401,493,7543,0,1768,1198,448,152,41,3607,0,218,38,8,0,0,264,0,11544,4185,3480,1556,537,21302,0,0,0,126,116,163,405,0,11544,4185,3606,1672,700,21707,9396,0,0,0,0,0,9396,0,1044,113,29,8,4,1198,9396,12588,4298,3635,1680,704,32301
LGA17620,0,37,4,0,0,0,41,0,0,19,28,16,17,80,0,14,17,15,7,3,56,0,3,3,0,0,0,6,0,54,43,43,23,20,183,0,0,0,0,4,4,8,0,54,43,43,27,24,191,28,0,0,0,0,0,28,0,11,0,0,0,0,11,28,65,43,43,27,24,230,0,1459,38,3,0,0,1500,0,0,497,581,304,82,1464,0,211,151,58,11,8,439,0,24,6,0,0,0,30,0,1694,692,642,315,90,3433,0,0,0,11,12,13,36,0,1694,692,653,327,103,3469,1399,0,0,0,0,0,1399,0,137,10,0,0,0,147,1399,1831,702,653,327,103,5015
LGA17640,0,14,0,0,0,0,14,0,0,5,11,9,0,25,0,4,3,0,0,0,7,0,0,0,0,0,0,0,0,18,8,11,9,0,46,0,0,0,0,0,0,0,0,18,8,11,9,0,46,3,0,0,0,0,0,3,0,3,0,0,0,0,3,3,21,8,11,9,0,52,0,904,25,3,0,0,932,0,0,240,288,161,54,743,0,114,77,22,5,3,221,0,26,3,0,0,0,29,0,1044,345,313,166,57,1925,0,0,0,9,8,6,23,0,1044,345,322,174,63,1948,773,0,0,0,0,0,773,0,25,0,0,0,0,25,773,1069,345,322,174,63,2746
LGA17650,0,25,3,0,0,0,28,0,0,24,11,12,7,54,0,15,11,7,4,3,40,0,4,0,0,0,0,4,0,44,38,18,16,10,126,0,0,0,0,0,5,5,0,44,38,18,16,15,131,23,0,0,0,0,0,23,0,3,0,0,0,0,3,23,47,38,18,16,15,157,0,653,10,3,0,0,666,0,0,205,260,120,62,647,0,88,48,23,5,5,169,0,21,0,0,0,0,21,0,762,263,286,125,67,1503,0,0,0,4,3,6,13,0,762,263,290,128,73,1516,492,0,0,0,0,0,492,0,36,0,3,0,0,39,492,798,263,293,128,73,2047
LGA17700,0,8,0,0,0,0,8,0,0,0,0,0,0,0,0,0,0,4,0,0,4,0,0,0,0,0,0,0,0,8,0,4,0,0,12,0,0,0,0,0,0,0,0,8,0,4,0,0,12,4,0,0,0,0,0,4,0,0,0,0,0,0,0,4,8,0,4,0,0,16,0,144,3,3,0,0,150,0,0,31,35,30,17,113,0,14,10,3,0,0,27,0,0,0,0,0,0,0,0,158,44,41,30,17,290,0,0,0,3,0,0,3,0,158,44,44,30,17,293,129,0,0,0,0,0,129,0,8,0,0,0,0,8,129,166,44,44,30,17,430
LGA17750,0,165,13,4,0,0,182,0,0,96,122,75,59,352,0,103,128,67,43,31,372,0,17,3,0,0,0,20,0,285,240,193,118,90,926,0,0,0,8,6,7,21,0,285,240,201,124,97,947,182,0,0,0,0,0,182,0,41,12,3,0,0,56,182,326,252,204,124,97,1185,0,5390,185,25,5,0,5605,0,0,1948,2396,1258,505,6107,0,1039,667,274,92,32,2104,0,188,42,12,0,0,242,0,6617,2842,2707,1355,537,14058,0,0,0,80,48,51,179,0,6617,2842,2787,1403,588,14237,5355,0,0,0,0,0,5355,0,684,179,61,15,0,939,5355,7301,3021,2848,1418,588,20531
LGA17800,0,13,0,0,0,0,13,0,0,5,3,4,4,16,0,0,3,3,0,0,6,0,0,0,0,0,0,0,0,13,8,6,4,4,35,0,0,0,0,0,0,0,0,13,8,6,4,4,35,8,0,0,0,0,0,8,0,3,0,0,0,0,3,8,16,8,6,4,4,46,0,539,12,0,0,0,551,0,0,118,151,85,23,377,0,51,29,14,3,0,97,0,5,4,0,0,0,9,0,595,163,165,88,23,1034,0,0,0,3,3,3,9,0,595,163,168,91,26,1043,399,0,0,0,0,0,399,0,23,0,0,0,0,23,399,618,163,168,91,26,1465
LGA17850,0,12,3,0,0,0,15,0,0,10,5,5,5,25,0,5,10,11,4,0,30,0,0,0,0,0,0,0,0,17,23,16,9,5,70,0,0,0,0,0,0,0,0,17,23,16,9,5,70,11,0,0,0,0,0,11,0,5,0,0,0,0,5,11,22,23,16,9,5,86,0,406,6,0,0,0,412,0,0,99,112,61,19,291,0,44,11,10,0,4,69,0,10,0,0,0,0,10,0,460,116,122,61,23,782,0,0,0,0,0,4,4,0,460,116,122,61,27,786,337,0,0,0,0,0,337,0,9,0,0,0,0,9,337,469,116,122,61,27,1132
LGA17900,0,58,8,5,0,0,71,0,0,47,48,39,36,170,0,53,48,32,18,13,164,0,9,0,3,0,0,12,0,120,103,88,57,49,417,0,0,0,4,11,20,35,0,120,103,92,68,69,452,135,0,0,0,0,0,135,0,20,0,4,0,0,24,135,140,103,96,68,69,611,0,492,15,0,0,0,507,0,0,138,108,71,31,348,0,79,30,11,8,0,128,0,17,0,3,0,0,20,0,588,183,122,79,31,1003,0,0,0,3,0,3,6,0,588,183,125,79,34,1009,805,0,0,0,0,0,805,0,57,6,3,0,0,66,805,645,189,128,79,34,1880
LGA17950,0,22,0,0,0,0,22,0,0,14,12,4,5,35,0,18,13,13,8,3,55,0,4,0,0,0,0,4,0,44,27,25,12,8,116,0,0,0,3,0,3,6,0,44,27,28,12,11,122,35,0,0,0,0,0,35,0,4,0,0,0,0,4,35,48,27,28,12,11,161,0,286,5,3,0,0,294,0,0,91,95,54,15,255,0,31,19,3,5,0,58,0,5,0,0,0,0,5,0,322,115,101,59,15,612,0,0,0,3,0,0,3,0,322,115,104,59,15,615,310,0,0,0,0,0,310,0,12,4,0,0,0,16,310,334,119,104,59,15,941
LGA18000,0,61,3,3,0,0,67,0,0,29,57,33,6,125,0,17,17,7,0,0,41,0,0,0,0,0,0,0,0,78,49,67,33,6,233,0,0,0,4,0,6,10,0,78,49,71,33,12,243,56,0,0,0,0,0,56,0,25,6,3,0,0,34,56,103,55,74,33,12,333,0,11951,527,92,17,5,12592,0,0,5717,8592,3358,928,18595,0,2242,1466,458,125,40,4331,0,426,70,16,4,0,516,0,14619,7780,9158,3504,973,36034,0,0,0,243,274,448,965,0,14619,7780,9401,3778,1421,36999,11518,0,0,0,0,0,11518,0,1392,262,91,30,11,1786,11518,16011,8042,9492,3808,1432,50303
LGA18020,0,43,4,0,0,0,47,0,0,26,34,24,28,112,0,23,18,24,9,3,77,0,8,3,0,0,0,11,0,74,51,58,33,31,247,0,0,0,0,5,10,15,0,74,51,58,38,41,262,45,0,0,0,0,0,45,0,13,3,0,0,0,16,45,87,54,58,38,41,323,0,1085,24,3,0,0,1112,0,0,226,307,171,72,776,0,136,86,34,15,8,279,0,32,3,0,0,0,35,0,1253,339,344,186,80,2202,0,0,0,6,3,6,15,0,1253,339,350,189,86,2217,1047,0,0,0,0,0,1047,0,74,3,0,0,0,77,1047,1327,342,350,189,86,3341
LGA18050,0,34,3,3,0,0,40,0,0,12,12,7,0,31,0,5,3,0,0,0,8,0,0,0,0,0,0,0,0,39,18,15,7,0,79,0,0,0,3,3,0,6,0,39,18,18,10,0,85,35,0,0,0,0,0,35,0,13,10,0,0,3,26,35,52,28,18,10,3,146,0,5903,300,55,16,5,6279,0,0,2255,2550,959,209,5973,0,988,513,150,23,8,1682,0,258,57,15,0,0,330,0,7149,3125,2770,998,222,14264,0,0,0,39,56,70,165,0,7149,3125,2809,1054,292,14429,7541,0,0,0,0,0,7541,0,1970,579,150,40,15,2754,7541,9119,3704,2959,1094,307,24724
LGA18100,0,9,0,0,0,0,9,0,0,3,7,3,0,13,0,0,3,3,3,0,9,0,0,0,0,0,0,0,0,9,6,10,6,0,31,0,0,0,0,0,0,0,0,9,6,10,6,0,31,5,0,0,0,0,0,5,0,0,0,0,0,0,0,5,9,6,10,6,0,36,0,493,5,0,0,0,498,0,0,122,122,78,27,349,0,76,39,8,4,3,130,0,12,4,0,0,0,16,0,581,170,130,82,30,993,0,0,0,3,4,3,10,0,581,170,133,86,33,1003,432,0,0,0,0,0,432,0,28,4,0,0,0,32,432,609,174,133,86,33,1467
LGA18150,0,66,9,3,0,0,78,0,0,46,49,37,26,158,0,59,56,33,19,13,180,0,12,5,0,0,0,17,0,137,116,85,56,39,433,0,0,0,5,6,8,19,0,137,116,90,62,47,452,78,0,0,0,0,0,78,0,14,0,0,0,0,14,78,151,116,90,62,47,544,0,747,20,3,0,0,770,0,0,203,227,132,56,618,0,118,70,24,6,5,223,0,22,3,0,0,0,25,0,887,296,254,138,61,1636,0,0,0,5,4,7,16,0,887,296,259,142,68,1652,817,0,0,0,0,0,817,0,47,0,0,0,0,47,817,934,296,259,142,68,2516
LGA18200,0,32,9,0,0,0,41,0,0,12,15,8,24,59,0,31,19,11,7,4,72,0,5,3,0,0,0,8,0,68,43,26,15,28,180,0,0,0,6,0,6,12,0,68,43,32,15,34,192,31,0,0,0,0,0,31,0,12,0,0,0,0,12,31,80,43,32,15,34,235,0,754,19,0,0,0,773,0,0,212,246,133,49,640,0,80,52,17,4,3,156,0,5,3,0,0,0,8,0,839,286,263,137,52,1577,0,0,0,4,5,5,14,0,839,286,267,142,57,1591,598,0,0,0,0,0,598,0,35,3,0,0,0,38,598,874,289,267,142,57,2227
LGA18250,0,17,3,0,0,0,20,0,0,5,6,4,0,15,0,9,4,3,3,0,19,0,0,0,0,0,0,0,0,26,12,9,7,0,54,0,0,0,0,0,0,0,0,26,12,9,7,0,54,16,0,0,0,0,0,16,0,5,0,3,0,0,8,16,31,12,12,7,0,78,0,5584,324,81,11,11,6011,0,0,3073,3967,1479,293,8812,0,1153,683,200,42,11,2089,0,343,90,13,3,0,449,0,7080,4170,4261,1535,315,17361,0,0,0,84,109,153,346,0,7080,4170,4345,1644,468,17707,5690,0,0,0,0,0,5690,0,868,238,75,35,10,1226,5690,7948,4408,4420,1679,478,24623
LGA18350,0,62,6,3,0,0,71,0,0,32,50,22,24,128,0,16,26,24,18,7,91,0,4,0,0,0,0,4,0,82,64,77,40,31,294,0,0,0,3,3,9,15,0,82,64,80,43,40,309,44,0,0,0,0,0,44,0,8,3,0,0,0,11,44,90,67,80,43,40,364,0,5175,128,10,0,0,5313,0,0,1378,1870,912,372,4532,0,762,535,200,58,22,1577,0,105,12,3,0,0,120,0,6042,2053,2083,970,394,11542,0,0,0,61,69,72,202,0,6042,2053,2144,1039,466,11744,4280,0,0,0,0,0,4280,0,268,23,12,4,0,307,4280,6310,2076,2156,1043,466,16331
LGA18400,0,71,8,3,0,0,82,0,0,40,80,51,30,201,0,34,25,14,7,10,90,0,3,3,0,0,0,6,0,108,76,97,58,40,379,0,0,0,6,5,14,25,0,108,76,103,63,54,404,48,0,0,0,0,0,48,0,11,0,0,0,0,11,48,119,76,103,63,54,463,0,3340,143,12,0,0,3495,0,0,1639,2374,1261,506,5780,0,553,452,209,74,29,1317,0,84,8,4,0,5,101,0,3977,2242,2599,1335,540,10693,0,0,0,99,91,184,374,0,3977,2242,2698,1426,724,11067,2196,0,0,0,0,0,2196,0,186,27,6,5,0,224,2196,4163,2269,2704,1431,724,13487
LGA18450,0,270,31,3,0,0,304,0,0,156,227,122,76,581,0,200,201,113,52,31,597,0,24,9,0,0,0,33,0,494,397,343,174,107,1515,0,0,0,19,25,32,76,0,494,397,362,199,139,1591,347,0,0,0,0,0,347,0,93,24,5,3,3,128,347,587,421,367,202,142,2066,0,16808,646,103,19,13,17589,0,0,7068,9355,3844,1258,21525,0,3799,2576,951,257,89,7672,0,619,101,34,6,0,760,0,21226,10391,10443,4126,1360,47546,0,0,0,304,290,420,1014,0,21226,10391,10747,4416,1780,48560,18239,0,0,0,0,0,18239,0,1981,555,238,93,32,2899,18239,23207,10946,10985,4509,1812,69698
LGA18500,0,9,3,0,0,0,12,0,0,3,5,3,0,11,0,3,3,0,0,0,6,0,3,0,0,0,0,3,0,15,9,5,3,0,32,0,0,0,0,0,3,3,0,15,9,5,3,3,35,11,0,0,0,0,0,11,0,6,4,3,3,0,16,11,21,13,8,6,3,62,0,5305,166,27,6,0,5504,0,0,1838,2064,875,221,4998,0,821,424,123,19,4,1391,0,239,59,12,4,0,314,0,6365,2487,2226,904,225,12207,0,0,0,41,31,49,121,0,6365,2487,2267,935,274,12328,6531,0,0,0,0,0,6531,0,1079,350,89,17,6,1541,6531,7444,2837,2356,952,280,20400
LGA18550,0,319,26,11,0,0,356,0,0,229,295,187,129,840,0,231,259,155,67,46,758,0,26,14,3,0,0,43,0,576,528,464,254,175,1997,0,0,0,31,34,51,116,0,576,528,495,288,226,2113,311,0,0,0,0,0,311,0,99,9,3,0,0,111,311,675,537,498,288,226,2535,0,13588,551,45,3,0,14187,0,0,4762,6185,2823,1144,14914,0,3258,2386,1031,345,147,7167,0,394,59,9,3,4,469,0,17240,7758,7270,3174,1295,36737,0,0,0,250,260,360,870,0,17240,7758,7520,3434,1655,37607,14349,0,0,0,0,0,14349,0,1260,111,37,7,4,1419,14349,18500,7869,7557,3441,1659,53375
LGA18710,0,24,3,0,0,0,27,0,0,20,23,12,8,63,0,13,3,6,3,3,28,0,0,0,0,0,0,0,0,37,26,29,15,11,118,0,0,0,0,0,0,0,0,37,26,29,15,11,118,18,0,0,0,0,0,18,0,0,0,0,0,0,0,18,37,26,29,15,11,136,0,1589,35,4,0,0,1628,0,0,572,777,383,146,1878,0,194,117,48,14,4,377,0,22,0,0,0,0,22,0,1805,724,829,397,150,3905,0,0,0,20,24,23,67,0,1805,724,849,421,173,3972,973,0,0,0,0,0,973,0,83,8,7,0,0,98,973,1888,732,856,421,173,5043
LGA18750,0,23,0,0,0,0,23,0,0,12,18,17,15,62,0,13,14,12,3,0,42,0,0,0,0,0,0,0,0,36,26,30,20,15,127,0,0,0,0,0,5,5,0,36,26,30,20,20,132,35,0,0,0,0,0,35,0,5,0,0,0,0,5,35,41,26,30,20,20,172,0,1198,36,4,0,0,1238,0,0,386,481,251,130,1248,0,216,150,77,24,6,473,0,38,4,0,0,0,42,0,1452,576,562,275,136,3001,0,0,0,11,12,15,38,0,1452,576,573,287,151,3039,1262,0,0,0,0,0,1262,0,90,4,3,0,0,97,1262,1542,580,576,287,151,4398
LGA19399,0,3,0,0,0,0,3,0,0,5,0,0,4,9,0,0,0,0,0,0,0,0,0,0,0,0,0,0,0,3,5,0,0,4,12,0,0,0,0,0,0,0,0,3,5,0,0,4,12,6,0,0,0,0,0,6,0,0,0,0,0,0,0,6,3,5,0,0,4,18,0,112,3,0,0,0,115,0,0,46,42,15,6,109,0,11,5,3,3,0,22,0,3,0,0,0,0,3,0,126,54,45,18,6,249,0,0,0,0,3,3,6,0,126,54,45,21,9,255,105,0,0,0,0,0,105,0,6,5,0,0,0,11,105,132,59,45,21,9,371
LGA19499,0,0,0,0,0,0,0,0,0,0,0,0,0,0,0,0,0,0,0,0,0,0,0,0,0,0,0,0,0,0,0,0,0,0,0,0,0,0,0,0,0,0,0,0,0,0,0,0,0,0,0,0,0,0,0,0,0,0,0,0,0,0,0,0,0,0,0,0,0,0,0,0,0,0,0,0,0,0,0,0,0,0,0,0,0,0,0,0,0,0,0,0,0,0,0,0,0,0,0,0,0,0,0,0,0,0,0,0,0,0,0,0,0,0,0,0,0,0,0,0,0,0,0,0,0,0,0,0,0,0,0,0,0,0,0,0,0,0,0,0
