region_id,M_0_4_Has_need_for_assist,M_0_4_Does_not_need_assist,M_0_4_Need_for_assistance_ns,M_0_4_Tot,M_5_14_Has_need_for_assist,M_5_14_Does_not_need_assist,M_5_14_Need_for_assistance_ns,M_5_14_Tot,M_15_19_Has_need_for_assist,M_15_19_Does_not_need_assist,M_15_19_Need_for_assist_ns,M_15_19_Tot,M_20_24_Has_need_for_assist,M_20_24_Does_not_need_assist,M_20_24_Need_for_assist_ns,M_20_24_Tot,M_25_34_Has_need_for_assist,M_25_34_Does_not_need_assist,M_25_34_Need_for_assist_ns,M_25_34_Tot,M_35_44_Has_need_for_assist,M_35_44_Does_not_need_assist,M_35_44_Need_for_assist_ns,M_35_44_Tot,M_45_54_Has_need_for_assist,M_45_54_Does_not_need_assist,M_45_54_Need_for_assist_ns,M_45_54_Tot,M_55_64_Has_need_for_assist,M_55_64_Does_not_need_assist,M_55_64_Need_for_assist_ns,M_55_64_Tot,M_65_over_Has_need_for_assist,M_65ov_Does_not_need_assist,M_65_over_Need_for_assist_ns,M_65_over_Tot,M_Tot_Has_need_for_assist,M_Tot_Does_not_need_assist,M_Tot_Need_for_assist_ns,M_Tot_Tot,F_0_4_Has_need_for_assist,F_0_4_Does_not_need_assist,F_0_4_Need_for_assistance_ns,F_0_4_Tot,F_5_14_Has_need_for_assist,F_5_14_Does_not_need_assist,F_5_14_Need_for_assistance_ns,F_5_14_Tot,F_15_19_Has_need_for_assist,F_15_19_Does_not_need_assist,F_15_19_Need_for_assist_ns,F_15_19_Tot,F_20_24_Has_need_for_assist,F_20_24_Does_not_need_assist,F_20_24_Need_for_assist_ns,F_20_24_Tot,F_25_34_Has_need_for_assist,F_25_34_Does_not_need_assist,F_25_34_Need_for_assist_ns,F_25_34_Tot,F_35_44_Has_need_for_assist,F_35_44_Does_not_need_assist,F_35_44_Need_for_assist_ns,F_35_44_Tot,F_45_54_Has_need_for_assist,F_45_54_Does_not_need_assist,F_45_54_Need_for_assist_ns,F_45_54_Tot,F_55_64_Has_need_for_assist,F_55_64_Does_not_need_assist,F_55_64_Need_for_assist_ns,F_55_64_Tot,F_65ov_Has_need_for_assist,F_65ov_Does_not_need_assist,F_65_over_Need_for_assist_ns,F_65_over_Tot,F_Tot_Has_need_for_assist,F_Tot_Does_not_need_assist,F_Tot_Need_for_assist_ns,F_Tot_Tot,P_0_4_Has_need_for_assist,P_0_4_Does_not_need_assist,P_0_4_Need_for_assistance_ns,P_0_4_Tot,P_5_14_Has_need_for_assist,P_5_14_Does_not_need_assist,P_5_14_Need_for_assistance_ns,P_5_14_Tot,P_15_19_Has_need_for_assist,P_15_19_Does_not_need_assist,P_15_19_Need_for_assist_ns,P_15_19_Tot,P_20_24_Has_need_for_assist,P_20_24_Does_not_need_assist,P_20_24_Need_for_assist_ns,P_20_24_Tot,P_25_34_Has_need_for_assist,P_25_34_Does_not_need_assist,P_25_34_Need_for_assist_ns,P_25_34_Tot,P_35_44_Has_need_for_assist,P_35_44_Does_not_need_assist,P_35_44_Need_for_assist_ns,P_35_44_Tot,P_45_54_Has_need_for_assist,P_45_54_Does_not_need_assist,P_45_54_Need_for_assist_ns,P_45_54_Tot,P_55_64_Has_need_for_assist,P_55_64_Does_not_need_assist,P_55_64_Need_for_assist_ns,P_55_64_Tot,P_65_over_Has_need_for_assist,P_65_ov_Does_not_need_assist,P_65_over_Need_for_assist_ns,P_65_over_Tot,P_Tot_Has_need_for_assist,P_Tot_Does_not_need_assist,P_Tot_Need_for_assist_ns,P_Tot_Tot
ILOC10100101,0,25,3,28,3,49,0,52,3,19,3,25,0,16,0,16,3,17,0,20,0,20,0,20,3,17,3,23,0,10,3,13,0,8,3,11,12,181,15,208,0,31,0,31,3,50,3,56,3,16,0,19,0,20,0,20,0,26,0,26,0,29,3,32,3,14,0,17,0,7,3,10,0,8,3,11,9,201,12,222,0,56,3,59,6,99,3,108,6,35,3,44,0,36,0,36,3,43,0,46,0,49,3,52,6,31,3,40,0,17,6,23,0,16,6,22,21,382,27,430
ILOC10100201,3,141,6,150,20,227,6,253,3,125,3,131,3,79,3,85,3,119,3,125,3,70,3,76,3,75,3,81,7,41,3,51,3,17,3,23,48,894,33,975,3,165,5,173,3,279,3,285,3,117,3,123,0,97,3,100,3,126,3,132,3,132,3,138,3,90,3,96,3,45,3,51,4,28,0,32,25,1079,26,1130,6,306,11,323,23,506,9,538,6,242,6,254,3,176,6,185,6,245,6,257,6,202,6,214,6,165,6,177,10,86,6,102,7,45,3,55,73,1973,59,2105
ILOC10100202,0,24,0,24,3,41,0,44,0,12,3,15,0,20,0,20,3,22,3,28,3,16,3,22,3,16,0,19,3,11,3,17,3,6,0,9,18,168,12,198,3,29,3,35,3,47,0,50,3,16,0,19,3,13,3,19,3,35,3,41,3,27,0,30,3,26,0,29,3,13,0,16,3,13,0,16,27,219,9,255,3,53,3,59,6,88,0,94,3,28,3,34,3,33,3,39,6,57,6,69,6,43,3,52,6,42,0,48,6,24,3,33,6,19,0,25,45,387,21,453
ILOC10100203,0,45,3,48,3,91,3,97,0,34,3,37,0,39,3,42,3,35,3,41,3,26,3,32,3,35,0,38,3,13,0,16,3,10,0,13,18,328,18,364,0,43,3,46,3,65,0,68,3,46,3,52,3,21,3,27,3,51,0,54,3,39,3,45,3,38,0,41,3,13,0,16,3,23,3,29,24,339,15,378,0,88,6,94,6,156,3,165,3,80,6,89,3,60,6,69,6,86,3,95,6,65,6,77,6,73,0,79,6,26,0,32,6,33,3,42,42,667,33,742
ILOC10100204,3,25,0,28,3,47,3,53,0,27,0,27,0,10,0,10,0,15,0,15,0,21,0,21,3,10,3,16,3,12,3,18,0,3,0,3,12,170,9,191,0,15,0,15,3,40,3,46,0,17,0,17,0,11,3,14,0,12,0,12,0,24,0,24,3,15,3,21,3,7,3,13,0,5,0,5,9,146,12,167,3,40,0,43,6,87,6,99,0,44,0,44,0,21,3,24,0,27,0,27,0,45,0,45,6,25,6,37,6,19,6,31,0,8,0,8,21,316,21,358
ILOC10100205,3,106,4,113,4,154,4,162,3,57,3,63,3,44,3,50,3,67,3,73,3,65,3,71,3,44,3,50,3,20,3,26,3,19,3,25,28,576,29,633,0,95,4,99,3,140,3,146,3,79,3,85,3,59,0,62,3,72,0,75,3,76,3,82,3,53,3,59,3,35,0,38,3,13,0,16,24,622,16,662,3,201,8,212,7,294,7,308,6,136,6,148,6,103,3,112,6,139,3,148,6,141,6,153,6,97,6,109,6,55,3,64,6,32,3,41,52,1198,45,1295
ILOC10100301,3,29,3,35,3,67,3,73,0,26,3,29,3,11,0,14,0,17,3,20,3,26,3,32,3,24,0,27,3,21,0,24,3,13,0,16,21,234,15,270,0,23,3,26,0,60,3,63,0,31,3,34,0,12,0,12,3,22,0,25,3,34,3,40,3,22,0,25,3,28,3,34,3,4,0,7,15,236,15,266,3,52,6,61,3,127,6,136,0,57,6,63,3,23,0,26,3,39,3,45,6,60,6,72,6,46,0,52,6,49,3,58,6,17,0,23,36,470,30,536
ILOC10100401,3,65,3,71,3,112,3,118,3,53,3,59,0,15,3,18,0,38,3,41,3,36,3,42,3,28,3,34,0,25,3,28,0,11,0,11,15,383,24,422,3,85,3,91,0,107,3,110,0,30,3,33,0,41,0,41,3,43,3,49,3,56,0,59,3,44,3,50,3,24,3,30,3,17,3,23,18,447,21,486,6,150,6,162,3,219,6,228,3,83,6,92,0,56,3,59,3,81,6,90,6,92,3,101,6,72,6,84,3,49,6,58,3,28,3,34,33,830,45,908
ILOC10100402,0,9,0,9,0,18,3,21,3,5,3,11,0,3,3,6,0,3,0,3,0,10,0,10,3,5,3,11,0,7,0,7,0,3,0,3,6,63,12,81,0,8,0,8,3,13,3,19,3,8,3,14,3,5,0,8,3,13,0,16,3,9,3,15,0,9,3,12,0,10,0,10,0,0,0,0,15,75,12,102,0,17,0,17,3,31,6,40,6,13,6,25,3,8,3,14,3,16,0,19,3,19,3,25,3,14,6,23,0,17,0,17,0,3,0,3,21,138,24,183
ILOC10100403,0,13,3,16,0,22,3,25,0,9,0,9,0,10,0,10,0,9,0,9,0,6,0,6,0,6,0,6,0,13,0,13,3,9,0,12,3,97,6,106,3,19,0,22,3,26,3,32,3,7,3,13,0,6,3,9,0,15,0,15,0,9,0,9,3,4,3,10,3,8,0,11,3,0,0,3,18,94,12,124,3,32,3,38,3,48,6,57,3,16,3,22,0,16,3,19,0,24,0,24,0,15,0,15,3,10,3,16,3,21,0,24,6,9,0,15,21,191,18,230
ILOC10100501,3,56,3,62,4,102,3,109,3,44,3,50,0,24,0,24,3,35,3,41,3,34,0,37,3,25,0,28,3,15,3,21,0,6,3,9,22,341,18,381,0,49,0,49,3,84,3,90,0,53,0,53,0,24,3,27,3,43,3,49,0,41,0,41,3,27,3,33,3,19,0,22,3,11,0,14,15,351,12,378,3,105,3,111,7,186,6,199,3,97,3,103,0,48,3,51,6,78,6,90,3,75,0,78,6,52,3,61,6,34,3,43,3,17,3,23,37,692,30,759
ILOC10100502,0,12,3,15,0,22,0,22,3,5,3,11,0,6,0,6,0,14,0,14,3,7,0,10,3,12,3,18,0,5,3,8,3,9,0,12,12,92,12,116,0,17,0,17,3,24,3,30,0,10,0,10,3,3,0,6,0,4,3,7,3,17,0,20,3,11,0,14,3,7,0,10,3,3,0,6,18,96,6,120,0,29,3,32,3,46,3,52,3,15,3,21,3,9,0,12,0,18,3,21,6,24,0,30,6,23,3,32,3,12,3,18,6,12,0,18,30,188,18,236
ILOC10100503,3,7,0,10,0,27,3,30,0,14,0,14,0,3,3,6,0,7,0,7,0,15,0,15,3,3,3,9,3,3,0,6,3,3,0,6,12,82,9,103,3,15,0,18,3,17,0,20,3,12,3,18,0,5,3,8,0,15,0,15,0,10,3,13,0,9,0,9,3,7,0,10,0,3,0,3,12,93,9,114,6,22,0,28,3,44,3,50,3,26,3,32,0,8,6,14,0,22,0,22,0,25,3,28,3,12,3,18,6,10,0,16,3,6,0,9,24,175,18,217
ILOC10100601,3,17,0,20,0,33,3,36,0,11,3,14,0,7,3,10,0,14,3,17,0,16,0,16,3,17,3,23,3,12,0,15,0,4,0,4,9,131,15,155,0,11,0,11,3,51,3,57,0,20,0,20,3,11,3,17,0,20,0,20,3,31,0,34,3,18,0,21,3,15,0,18,3,6,0,9,18,183,6,207,3,28,0,31,3,84,6,93,0,31,3,34,3,18,6,27,0,34,3,37,3,47,0,50,6,35,3,44,6,27,0,33,3,10,0,13,27,314,21,362
ILOC10100701,3,21,3,27,3,54,3,60,0,21,0,21,0,13,0,13,3,16,0,19,3,21,0,24,3,19,3,25,3,5,3,11,3,12,3,18,21,182,15,218,0,28,3,31,0,45,3,48,3,16,3,22,0,12,3,15,0,22,0,22,3,14,3,20,3,21,0,24,0,16,3,19,3,12,3,18,12,186,21,219,3,49,6,58,3,99,6,108,3,37,3,43,0,25,3,28,3,38,0,41,6,35,3,44,6,40,3,49,3,21,6,30,6,24,6,36,33,368,36,437
ILOC10100702,0,27,3,30,3,61,3,67,3,16,0,19,0,11,0,11,3,7,0,10,0,9,3,12,3,16,0,19,3,10,3,16,3,3,0,6,18,160,12,190,3,30,3,36,3,36,0,39,0,14,3,17,3,12,0,15,3,18,0,21,3,22,3,28,0,18,0,18,3,10,0,13,0,3,3,6,18,163,12,193,3,57,6,66,6,97,3,106,3,30,3,36,3,23,0,26,6,25,0,31,3,31,6,40,3,34,0,37,6,20,3,29,3,6,3,12,36,323,24,383
ILOC10100801,3,76,3,82,8,152,3,163,3,70,3,76,0,31,0,31,3,53,0,56,3,53,3,59,3,41,3,47,3,36,0,39,4,7,3,14,30,519,18,567,3,57,3,63,3,113,3,119,0,54,3,57,0,48,0,48,3,62,3,68,3,65,3,71,3,53,3,59,3,33,3,39,4,20,3,27,22,505,24,551,6,133,6,145,11,265,6,282,3,124,6,133,0,79,0,79,6,115,3,124,6,118,6,130,6,94,6,106,6,69,3,78,8,27,6,41,52,1024,42,1118
ILOC10100802,0,17,7,24,3,44,0,47,3,22,3,28,0,23,37,60,0,22,91,113,3,26,41,70,3,17,3,23,3,18,3,24,0,4,0,4,15,193,185,393,0,12,0,12,3,38,3,44,0,19,0,19,3,5,3,11,0,19,3,22,0,22,3,25,3,18,3,24,0,15,0,15,3,6,3,12,12,154,18,184,0,29,7,36,6,82,3,91,3,41,3,47,3,28,40,71,0,41,94,135,3,48,44,95,6,35,6,47,3,33,3,39,3,10,3,16,27,347,203,577
ILOC10200101,3,94,5,102,5,168,7,180,3,80,3,86,3,56,0,59,3,64,0,67,3,60,3,66,3,68,3,74,3,38,0,41,3,20,3,26,29,648,24,701,3,91,4,98,3,165,3,171,3,107,0,110,0,81,3,84,3,98,3,104,3,89,3,95,3,61,3,67,3,46,3,52,3,18,3,24,24,756,25,805,6,185,9,200,8,333,10,351,6,187,3,196,3,137,3,143,6,162,3,171,6,149,6,161,6,129,6,141,6,84,3,93,6,38,6,50,53,1404,49,1506
ILOC10200201,0,27,3,30,0,42,3,45,3,30,3,36,3,18,3,24,3,25,4,32,3,26,3,32,3,17,3,23,0,8,3,11,3,5,3,11,18,198,28,244,0,25,0,25,3,51,3,57,3,22,0,25,0,17,0,17,3,24,0,27,3,21,3,27,0,28,3,31,3,9,3,15,3,10,0,13,18,207,12,237,0,52,3,55,3,93,6,102,6,52,3,61,3,35,3,41,6,49,4,59,6,47,6,59,3,45,6,54,3,17,6,26,6,15,3,24,36,405,40,481
ILOC10200301,3,66,4,73,5,150,4,159,3,56,0,59,0,42,3,45,3,56,3,62,3,40,3,46,3,47,0,50,0,25,3,28,3,19,0,22,23,501,20,544,0,66,5,71,3,128,3,134,3,52,3,58,0,46,3,49,0,58,3,61,3,64,0,67,3,49,3,55,3,25,0,28,3,24,0,27,18,512,20,550,3,132,9,144,8,278,7,293,6,108,3,117,0,88,6,94,3,114,6,123,6,104,3,113,6,96,3,105,3,50,3,56,6,43,0,49,41,1013,40,1094
ILOC10200302,3,11,3,17,3,33,3,39,3,16,0,19,3,8,0,11,0,9,3,12,0,6,0,6,0,13,0,13,0,10,3,13,3,5,0,8,15,111,12,138,0,10,3,13,0,17,0,17,3,13,0,16,0,4,3,7,0,13,0,13,3,17,0,20,3,14,0,17,0,12,0,12,3,5,0,8,12,105,6,123,3,21,6,30,3,50,3,56,6,29,0,35,3,12,3,18,0,22,3,25,3,23,0,26,3,27,0,30,0,22,3,25,6,10,0,16,27,216,18,261
ILOC10200401,0,13,0,13,3,28,3,34,3,11,0,14,0,18,3,21,3,9,0,12,3,16,0,19,3,6,0,9,3,10,0,13,0,6,0,6,18,117,6,141,0,16,0,16,3,39,0,42,3,12,0,15,3,5,3,11,0,8,0,8,0,18,0,18,3,13,0,16,3,6,0,9,0,3,0,3,15,120,3,138,0,29,0,29,6,67,3,76,6,23,0,29,3,23,6,32,3,17,0,20,3,34,0,37,6,19,0,25,6,16,0,22,0,9,0,9,33,237,9,279
ILOC10200402,3,6,3,12,3,26,0,29,0,10,0,10,3,3,0,6,3,6,0,9,0,3,3,6,0,9,0,9,0,6,0,6,3,3,0,6,15,72,6,93,0,10,0,10,3,29,0,32,3,3,0,6,0,6,3,9,0,7,3,10,0,11,0,11,0,4,3,7,0,9,0,9,3,0,0,3,9,79,9,97,3,16,3,22,6,55,0,61,3,13,0,16,3,9,3,15,3,13,3,19,0,14,3,17,0,13,3,16,0,15,0,15,6,3,0,9,24,151,15,190
ILOC10200501,0,8,3,11,3,21,0,24,3,21,0,24,0,5,0,5,0,7,0,7,3,8,0,11,3,3,3,9,3,7,3,13,0,6,3,9,15,86,12,113,0,6,3,9,3,29,3,35,3,5,0,8,0,0,3,3,0,8,0,8,3,7,0,10,0,7,0,7,3,3,0,6,0,0,3,3,12,65,12,89,0,14,6,20,6,50,3,59,6,26,0,32,0,5,3,8,0,15,0,15,6,15,0,21,3,10,3,16,6,10,3,19,0,6,6,12,27,151,24,202
ILOC10200502,0,79,4,83,7,114,5,126,3,63,0,66,0,28,0,28,3,50,3,56,3,53,0,56,3,57,3,63,3,27,0,30,3,18,0,21,25,489,15,529,3,67,3,73,0,112,3,115,3,57,3,63,3,28,0,31,3,46,0,49,3,67,3,73,3,38,0,41,3,33,3,39,3,11,3,17,24,459,18,501,3,146,7,156,7,226,8,241,6,120,3,129,3,56,0,59,6,96,3,105,6,120,3,129,6,95,3,104,6,60,3,69,6,29,3,38,49,948,33,1030
ILOC10200601,0,13,0,13,3,11,0,14,0,9,3,12,0,4,0,4,3,3,0,6,0,7,3,10,0,7,0,7,0,4,3,7,0,0,0,0,6,58,9,73,3,8,0,11,0,12,3,15,3,6,0,9,0,3,0,3,0,3,3,6,0,9,3,12,3,7,0,10,0,5,3,8,0,4,0,4,9,57,12,78,3,21,0,24,3,23,3,29,3,15,3,21,0,7,0,7,3,6,3,12,0,16,6,22,3,14,0,17,0,9,6,15,0,4,0,4,15,115,21,151
ILOC10200602,3,11,0,14,3,34,3,40,3,16,0,19,0,12,0,12,3,12,0,15,3,14,3,20,3,14,3,20,3,11,0,14,3,4,3,10,24,128,12,164,0,17,0,17,3,45,3,51,3,12,3,18,0,14,3,17,0,18,0,18,3,19,0,22,0,12,3,15,3,10,0,13,3,13,3,19,15,160,15,190,3,28,0,31,6,79,6,91,6,28,3,37,0,26,3,29,3,30,0,33,6,33,3,42,3,26,6,35,6,21,0,27,6,17,6,29,39,288,27,354
ILOC10200603,0,0,0,0,3,13,0,16,3,3,0,6,0,3,0,3,0,3,3,6,0,7,3,10,0,3,3,6,0,3,0,3,3,0,3,6,9,35,12,56,0,6,3,9,0,6,0,6,3,3,0,6,0,0,0,0,0,4,0,4,3,3,3,9,3,3,0,6,0,3,3,6,0,3,0,3,9,31,9,49,0,6,3,9,3,19,0,22,6,6,0,12,0,3,0,3,0,7,3,10,3,10,6,19,3,6,3,12,0,6,3,9,3,3,3,9,18,66,21,105
ILOC10200604,0,13,0,13,3,23,0,26,3,12,0,15,3,7,3,13,0,14,0,14,3,12,0,15,3,11,0,14,3,8,0,11,3,10,0,13,21,110,3,134,0,9,3,12,0,23,0,23,0,9,3,12,0,4,3,7,0,10,0,10,3,12,0,15,3,16,0,19,0,8,3,11,3,8,3,14,9,99,15,123,0,22,3,25,3,46,0,49,3,21,3,27,3,11,6,20,0,24,0,24,6,24,0,30,6,27,0,33,3,16,3,22,6,18,3,27,30,209,18,257
ILOC10200701,0,15,0,15,3,29,3,35,0,16,0,16,3,10,0,13,0,16,3,19,0,24,0,24,3,12,3,18,3,9,0,12,3,11,0,14,15,142,9,166,0,15,0,15,3,36,0,39,0,10,0,10,0,21,3,24,3,16,0,19,0,19,3,22,3,20,3,26,3,6,3,12,3,11,3,17,15,154,15,184,0,30,0,30,6,65,3,74,0,26,0,26,3,31,3,37,3,32,3,38,0,43,3,46,6,32,6,44,6,15,3,24,6,22,3,31,30,296,24,350
ILOC10200702,0,48,5,53,3,83,11,97,3,46,3,52,3,33,3,39,3,48,3,54,3,48,3,54,3,45,3,51,3,19,0,22,4,17,0,21,25,387,31,443,3,68,4,75,3,75,3,81,3,56,0,59,0,42,3,45,3,70,3,76,3,58,3,64,3,55,3,61,3,23,3,29,4,22,0,26,25,469,22,516,3,116,9,128,6,158,14,178,6,102,3,111,3,75,6,84,6,118,6,130,6,106,6,118,6,100,6,112,6,42,3,51,8,39,0,47,50,856,53,959
ILOC10200703,0,3,3,6,0,21,0,21,3,16,0,19,3,7,0,10,0,7,3,10,0,12,3,15,3,10,0,13,0,5,0,5,0,7,0,7,9,88,9,106,3,6,3,12,0,16,0,16,3,7,3,13,0,3,3,6,3,13,3,19,3,13,0,16,3,11,3,17,3,4,0,7,0,3,0,3,18,76,15,109,3,9,6,18,0,37,0,37,6,23,3,32,3,10,3,16,3,20,6,29,3,25,3,31,6,21,3,30,3,9,0,12,0,10,0,10,27,164,24,215
ILOC10200704,0,15,3,18,0,29,3,32,0,20,0,20,3,7,3,13,0,11,0,11,0,23,0,23,0,15,0,15,0,8,0,8,3,7,0,10,6,135,9,150,3,15,0,18,0,44,3,47,0,19,0,19,0,4,0,4,3,21,0,24,0,17,0,17,0,20,0,20,0,17,0,17,3,6,3,12,9,163,6,178,3,30,3,36,0,73,6,79,0,39,0,39,3,11,3,17,3,32,0,35,0,40,0,40,0,35,0,35,0,25,0,25,6,13,3,22,15,298,15,328
ILOC10200801,3,24,0,27,0,55,0,55,0,24,0,24,0,10,0,10,3,15,0,18,3,20,0,23,3,7,3,13,0,6,0,6,3,4,3,10,15,165,6,186,0,16,0,16,0,54,0,54,0,14,0,14,3,9,0,12,0,29,3,32,3,13,3,19,0,23,0,23,0,14,0,14,3,5,0,8,9,177,6,192,3,40,0,43,0,109,0,109,0,38,0,38,3,19,0,22,3,44,3,50,6,33,3,42,3,30,3,36,0,20,0,20,6,9,3,18,24,342,12,378
ILOC10200802,0,21,0,21,0,20,3,23,0,11,3,14,0,5,3,8,3,12,0,15,3,12,0,15,3,5,3,11,3,6,3,12,3,3,3,9,15,95,18,128,0,11,0,11,0,31,3,34,3,3,3,9,0,4,0,4,0,12,3,15,3,9,3,15,3,10,0,13,3,3,0,6,3,3,0,6,15,86,12,113,0,32,0,32,0,51,6,57,3,14,6,23,0,9,3,12,3,24,3,30,6,21,3,30,6,15,3,24,6,9,3,18,6,6,3,15,30,181,30,241
ILOC10200803,0,8,0,8,3,5,3,11,0,4,0,4,0,0,0,0,0,4,3,7,0,3,3,6,0,6,3,9,0,4,0,4,0,3,0,3,3,37,12,52,0,7,3,10,3,28,0,31,0,4,0,4,0,3,3,6,3,11,0,14,3,6,0,9,0,6,0,6,0,0,3,3,3,3,3,9,12,68,12,92,0,15,3,18,6,33,3,42,0,8,0,8,0,3,3,6,3,15,3,21,3,9,3,15,0,12,3,15,0,4,3,7,3,6,3,12,15,105,24,144
ILOC10200804,3,13,0,16,0,30,0,30,0,14,3,17,0,3,0,3,0,7,3,10,3,17,0,20,0,11,0,11,3,3,3,9,3,0,3,6,12,98,12,122,0,14,0,14,3,28,0,31,0,14,0,14,3,7,0,10,3,12,3,18,0,12,3,15,0,13,3,16,0,6,0,6,0,3,0,3,9,109,9,127,3,27,0,30,3,58,0,61,0,28,3,31,3,10,0,13,3,19,6,28,3,29,3,35,0,24,3,27,3,9,3,15,3,3,3,9,21,207,21,249
ILOC10200901,0,38,3,41,3,87,3,93,3,26,0,29,0,29,0,29,0,35,3,38,3,26,0,29,0,26,3,29,0,9,0,9,0,7,3,10,9,283,15,307,0,42,3,45,3,81,3,87,3,35,3,41,3,21,0,24,3,48,0,51,3,37,3,43,3,31,0,34,3,9,3,15,0,8,3,11,21,312,18,351,0,80,6,86,6,168,6,180,6,61,3,70,3,50,0,53,3,83,3,89,6,63,3,72,3,57,3,63,3,18,3,24,0,15,6,21,30,595,33,658
ILOC10200902,3,9,0,12,0,18,0,18,3,6,3,12,0,4,3,7,3,14,8,25,0,12,3,15,0,11,3,14,3,3,0,6,3,0,0,3,15,77,20,112,0,17,0,17,3,6,0,9,3,7,0,10,3,6,3,12,0,11,0,11,0,7,0,7,0,9,0,9,0,0,0,0,0,0,0,0,9,63,3,75,3,26,0,29,3,24,0,27,6,13,3,22,3,10,6,19,3,25,8,36,0,19,3,22,0,20,3,23,3,3,0,6,3,0,0,3,24,140,23,187
ILOC10201001,0,54,3,57,3,61,3,67,3,19,3,25,0,20,0,20,3,35,3,41,0,27,3,30,3,22,0,25,3,15,3,21,3,9,3,15,18,262,21,301,3,42,3,48,0,59,3,62,3,31,0,34,0,37,3,40,3,34,0,37,3,30,3,36,3,32,0,35,3,13,3,19,3,15,3,21,21,293,18,332,3,96,6,105,3,120,6,129,6,50,3,59,0,57,3,60,6,69,3,78,3,57,6,66,6,54,0,60,6,28,6,40,6,24,6,36,39,555,39,633
ILOC10201002,0,23,3,26,3,54,3,60,3,15,3,21,0,15,0,15,3,13,3,19,3,13,0,16,0,15,3,18,3,10,3,16,3,4,0,7,18,162,18,198,0,21,3,24,0,52,3,55,3,17,3,23,3,10,0,13,0,21,3,24,3,25,3,31,3,23,0,26,3,8,3,14,3,3,0,6,18,180,18,216,0,44,6,50,3,106,6,115,6,32,6,44,3,25,0,28,3,34,6,43,6,38,3,47,3,38,3,44,6,18,6,30,6,7,0,13,36,342,36,414
ILOC10201003,0,29,0,29,0,43,3,46,3,19,3,25,0,15,3,18,0,15,0,15,0,13,3,16,3,11,0,14,3,3,3,9,3,7,0,10,12,155,15,182,0,15,3,18,0,31,3,34,3,9,0,12,3,15,0,18,3,29,3,35,3,15,3,21,0,17,3,20,0,10,0,10,3,3,0,6,15,144,15,174,0,44,3,47,0,74,6,80,6,28,3,37,3,30,3,36,3,44,3,50,3,28,6,37,3,28,3,34,3,13,3,19,6,10,0,16,27,299,30,356
ILOC10201101,3,280,20,303,30,380,30,440,3,180,3,186,3,132,3,138,3,202,10,215,3,176,9,188,15,139,4,158,19,85,3,107,7,37,5,49,86,1611,87,1784,3,240,6,249,13,434,8,455,3,212,3,218,0,152,3,155,3,223,3,229,5,220,5,230,16,161,4,181,5,84,5,94,25,48,5,78,73,1774,42,1889,6,520,26,552,43,814,38,895,6,392,6,404,3,284,6,293,6,425,13,444,8,396,14,418,31,300,8,339,24,169,8,201,32,85,10,127,159,3385,129,3673
ILOC10201102,3,59,0,62,3,134,3,140,3,46,3,52,0,26,0,26,3,37,0,40,3,55,3,61,3,49,3,55,3,32,0,35,3,16,3,22,24,454,15,493,0,59,3,62,3,142,3,148,3,46,0,49,3,19,3,25,3,48,3,54,3,58,0,61,3,51,3,57,0,27,0,27,3,16,0,19,21,466,15,502,3,118,3,124,6,276,6,288,6,92,3,101,3,45,3,51,6,85,3,94,6,113,3,122,6,100,6,112,3,59,0,62,6,32,3,41,45,920,30,995
ILOC10201201,3,5,0,8,0,7,3,10,0,3,0,3,0,3,3,6,3,6,0,9,0,7,3,10,3,6,0,9,3,3,3,9,3,3,0,6,15,43,12,70,0,10,3,13,3,14,0,17,3,3,0,6,0,7,0,7,0,11,0,11,0,3,3,6,0,8,3,11,3,3,0,6,3,0,3,6,12,59,12,83,3,15,3,21,3,21,3,27,3,6,0,9,0,10,3,13,3,17,0,20,0,10,6,16,3,14,3,20,6,6,3,15,6,3,3,12,27,102,24,153
ILOC10201202,3,20,3,26,3,40,3,46,0,16,0,16,0,5,3,8,3,9,0,12,3,15,0,18,3,11,0,14,3,9,0,12,0,4,0,4,18,129,9,156,0,19,3,22,0,38,0,38,3,16,3,22,0,10,0,10,0,21,0,21,0,25,0,25,0,15,3,18,0,6,3,9,0,3,0,3,3,153,12,168,3,39,6,48,3,78,3,84,3,32,3,38,0,15,3,18,3,30,0,33,3,40,0,43,3,26,3,32,3,15,3,21,0,7,0,7,21,282,21,324
ILOC10201301,0,27,0,27,3,78,3,84,0,37,3,40,0,19,0,19,3,23,3,29,3,32,0,35,3,25,3,31,3,8,3,14,3,3,3,9,18,252,18,288,0,32,3,35,0,70,3,73,0,18,0,18,0,20,0,20,0,29,0,29,3,28,3,34,0,14,3,17,3,15,0,18,0,13,0,13,6,239,12,257,0,59,3,62,3,148,6,157,0,55,3,58,0,39,0,39,3,52,3,58,6,60,3,69,3,39,6,48,6,23,3,32,3,16,3,22,24,491,30,545
ILOC10201401,0,17,3,20,3,27,0,30,3,14,0,17,3,13,0,16,0,15,3,18,3,13,3,19,3,18,0,21,3,16,0,19,3,0,0,3,21,133,9,163,0,20,3,23,0,37,0,37,3,20,0,23,0,6,0,6,3,12,3,18,0,13,0,13,3,25,0,28,3,13,3,19,3,8,3,14,15,154,12,181,0,37,6,43,3,64,0,67,6,34,0,40,3,19,0,22,3,27,6,36,3,26,3,32,6,43,0,49,6,29,3,38,6,8,3,17,36,287,21,344
ILOC10201402,0,15,3,18,0,31,3,34,0,10,3,13,0,3,0,3,0,3,0,3,3,9,0,12,3,8,3,14,3,9,0,12,0,5,0,5,9,93,12,114,3,10,0,13,0,25,3,28,0,8,3,11,0,8,3,11,0,17,0,17,0,11,3,14,3,3,0,6,3,8,0,11,3,7,0,10,12,97,12,121,3,25,3,31,0,56,6,62,0,18,6,24,0,11,3,14,0,20,0,20,3,20,3,26,6,11,3,20,6,17,0,23,3,12,0,15,21,190,24,235
ILOC10300101,3,30,4,37,0,83,6,89,0,31,3,34,0,18,3,21,0,35,3,38,0,51,0,51,3,29,3,35,3,24,0,27,3,8,3,14,12,309,25,346,0,35,5,40,0,79,3,82,3,33,3,39,0,29,0,29,3,47,0,50,3,57,3,63,3,40,3,46,3,28,3,34,3,13,3,19,18,361,23,402,3,65,9,77,0,162,9,171,3,64,6,73,0,47,3,50,3,82,3,88,3,108,3,114,6,69,6,81,6,52,3,61,6,21,6,33,30,670,48,748
ILOC10300102,0,10,0,10,0,11,0,11,0,4,3,7,0,3,3,6,0,3,0,3,3,7,3,13,0,5,0,5,0,0,0,0,0,3,0,3,3,46,9,58,3,3,3,9,0,7,0,7,0,3,0,3,0,3,0,3,0,5,0,5,0,8,3,11,0,3,0,3,0,3,0,3,3,3,3,9,6,38,9,53,3,13,3,19,0,18,0,18,0,7,3,10,0,6,3,9,0,8,0,8,3,15,6,24,0,8,0,8,0,3,0,3,3,6,3,12,9,84,18,111
ILOC10300201,3,43,3,49,3,49,3,55,3,25,3,31,3,18,0,21,0,24,3,27,3,28,3,34,3,38,3,44,3,18,3,24,3,15,0,18,24,258,21,303,0,26,3,29,0,56,3,59,3,24,3,30,0,25,3,28,0,34,3,37,0,34,3,37,3,49,0,52,3,15,0,18,3,17,0,20,12,280,18,310,3,69,6,78,3,105,6,114,6,49,6,61,3,43,3,49,0,58,6,64,3,62,6,71,6,87,3,96,6,33,3,42,6,32,0,38,36,538,39,613
ILOC10300202,0,11,3,14,0,23,0,23,3,11,0,14,0,11,3,14,3,14,0,17,0,14,0,14,3,26,0,29,0,10,0,10,0,0,0,0,9,120,6,135,0,15,0,15,0,28,0,28,3,8,3,14,0,9,3,12,0,9,0,9,0,24,3,27,3,4,0,7,3,7,0,10,3,4,0,7,12,108,9,129,0,26,3,29,0,51,0,51,6,19,3,28,0,20,6,26,3,23,0,26,0,38,3,41,6,30,0,36,3,17,0,20,3,4,0,7,21,228,15,264
ILOC10300203,3,5,3,11,0,11,3,14,0,9,0,9,3,7,0,10,3,5,0,8,0,8,3,11,0,4,3,7,0,15,0,15,0,0,0,0,9,64,12,85,0,9,0,9,0,24,0,24,0,6,3,9,0,8,0,8,0,8,0,8,0,20,0,20,0,4,0,4,3,10,0,13,3,5,0,8,6,94,3,103,3,14,3,20,0,35,3,38,0,15,3,18,3,15,0,18,3,13,0,16,0,28,3,31,0,8,3,11,3,25,0,28,3,5,0,8,15,158,15,188
ILOC10300301,0,25,3,28,3,62,3,68,3,26,3,32,0,28,0,28,3,31,3,37,3,22,0,25,3,25,0,28,3,15,3,21,3,5,3,11,21,239,18,278,0,27,3,30,0,44,3,47,3,26,3,32,0,13,0,13,0,21,0,21,3,36,3,42,3,27,0,30,3,14,3,20,3,7,0,10,15,215,15,245,0,52,6,58,3,106,6,115,6,52,6,64,0,41,0,41,3,52,3,58,6,58,3,67,6,52,0,58,6,29,6,41,6,12,3,21,36,454,33,523
ILOC10300302,0,8,0,8,0,14,0,14,0,3,3,6,0,4,3,7,0,6,0,6,0,4,0,4,3,6,0,9,3,3,0,6,0,0,0,0,6,48,6,60,0,3,0,3,3,10,0,13,3,3,0,6,0,3,3,6,0,5,0,5,0,3,0,3,3,3,0,6,3,3,0,6,3,3,0,6,15,36,3,54,0,11,0,11,3,24,0,27,3,6,3,12,0,7,6,13,0,11,0,11,0,7,0,7,6,9,0,15,6,6,0,12,3,3,0,6,21,84,9,114
ILOC10300401,0,48,0,48,3,101,3,107,0,45,3,48,3,21,3,27,0,46,0,46,0,44,3,47,3,35,3,41,3,33,3,39,5,14,3,22,17,387,21,425,0,47,3,50,3,106,3,112,3,44,3,50,3,32,3,38,3,54,3,60,3,55,0,58,3,43,3,49,3,26,3,32,4,20,0,24,25,427,21,473,0,95,3,98,6,207,6,219,3,89,6,98,6,53,6,65,3,100,3,106,3,99,3,105,6,78,6,90,6,59,6,71,9,34,3,46,42,814,42,898
ILOC10300402,0,3,3,6,0,14,0,14,0,3,3,6,0,3,0,3,3,4,0,7,0,6,3,9,0,4,0,4,3,3,0,6,3,3,0,6,9,43,9,61,0,3,3,6,0,8,0,8,0,3,0,3,0,3,3,6,3,3,0,6,3,4,3,10,0,5,0,5,0,3,0,3,3,3,0,6,9,35,9,53,0,6,6,12,0,22,0,22,0,6,3,9,0,6,3,9,6,7,0,13,3,10,6,19,0,9,0,9,3,6,0,9,6,6,0,12,18,78,18,114
ILOC10300403,0,13,3,16,3,14,0,17,0,5,0,5,0,3,0,3,3,3,3,9,0,18,0,18,0,7,0,7,0,3,3,6,0,3,3,6,6,69,12,87,0,7,3,10,0,15,0,15,0,8,0,8,0,10,0,10,3,5,3,11,0,14,0,14,0,6,0,6,3,5,0,8,3,3,0,6,9,73,6,88,0,20,6,26,3,29,0,32,0,13,0,13,0,13,0,13,6,8,6,20,0,32,0,32,0,13,0,13,3,8,3,14,3,6,3,12,15,142,18,175
ILOC10300501,0,69,6,75,20,154,17,191,3,68,3,74,0,54,3,57,3,58,17,78,3,55,3,61,3,47,3,53,0,29,3,32,0,17,3,20,32,551,58,641,0,93,4,97,3,143,3,149,3,74,3,80,3,72,3,78,3,80,3,86,3,96,3,102,3,60,0,63,0,33,3,36,4,16,3,23,22,667,25,714,0,162,10,172,23,297,20,340,6,142,6,154,3,126,6,135,6,138,20,164,6,151,6,163,6,107,3,116,0,62,6,68,4,33,6,43,54,1218,83,1355
ILOC10300502,3,3,0,6,3,3,0,6,3,3,3,9,3,10,3,16,0,14,3,17,3,6,3,12,0,6,3,9,3,6,0,9,3,3,3,9,21,54,18,93,0,3,0,3,0,11,0,11,0,5,0,5,0,4,0,4,3,3,0,6,3,7,0,10,0,8,0,8,0,10,3,13,3,3,0,6,9,54,3,66,3,6,0,9,3,14,0,17,3,8,3,14,3,14,3,20,3,17,3,23,6,13,3,22,0,14,3,17,3,16,3,22,6,6,3,15,30,108,21,159
ILOC10300503,0,3,0,3,3,16,3,22,0,9,0,9,0,4,3,7,3,10,0,13,0,8,3,11,0,11,0,11,0,4,0,4,3,3,0,6,9,68,9,86,3,7,3,13,0,12,0,12,0,12,3,15,0,5,3,8,0,7,0,7,3,6,0,9,3,12,3,18,3,5,0,8,3,3,0,6,15,69,12,96,3,10,3,16,3,28,3,34,0,21,3,24,0,9,6,15,3,17,0,20,3,14,3,20,3,23,3,29,3,9,0,12,6,6,0,12,24,137,21,182
ILOC10300504,0,22,0,22,0,43,3,46,0,24,3,27,3,12,0,15,0,20,0,20,0,31,3,34,0,23,3,26,3,9,0,12,3,3,0,6,9,187,12,208,3,27,0,30,0,64,3,67,0,23,0,23,0,19,0,19,0,32,0,32,0,30,0,30,3,29,0,32,3,13,0,16,3,11,3,17,12,248,6,266,3,49,0,52,0,107,6,113,0,47,3,50,3,31,0,34,0,52,0,52,0,61,3,64,3,52,3,58,6,22,0,28,6,14,3,23,21,435,18,474
ILOC10300601,3,4,0,7,0,21,0,21,0,7,0,7,0,4,0,4,3,7,0,10,0,11,0,11,0,6,3,9,3,10,0,13,0,3,3,6,9,73,6,88,0,9,3,12,0,22,0,22,3,7,0,10,3,3,0,6,0,12,0,12,3,17,0,20,0,6,3,9,0,12,0,12,3,3,3,9,12,91,9,112,3,13,3,19,0,43,0,43,3,14,0,17,3,7,0,10,3,19,0,22,3,28,0,31,0,12,6,18,3,22,0,25,3,6,6,15,21,164,15,200
ILOC10300602,0,0,3,3,0,5,3,8,0,0,0,0,0,0,0,0,0,0,0,0,0,0,0,0,3,3,0,6,3,3,3,9,0,3,3,6,6,14,12,32,0,3,3,6,0,6,3,9,3,3,0,6,3,0,0,3,3,0,0,3,3,3,3,9,3,0,3,6,0,0,0,0,3,3,0,6,18,18,12,48,0,3,6,9,0,11,6,17,3,3,0,6,3,0,0,3,3,0,0,3,3,3,3,9,6,3,3,12,3,3,3,9,3,6,3,12,24,32,24,80
ILOC10300603,0,24,0,24,3,53,3,59,0,12,0,12,0,13,0,13,3,19,3,25,3,19,3,25,0,14,3,17,3,18,3,24,3,3,0,6,15,175,15,205,0,25,3,28,3,40,3,46,3,20,0,23,0,9,0,9,0,29,3,32,3,22,3,28,0,29,3,32,0,13,3,16,3,7,0,10,12,194,18,224,0,49,3,52,6,93,6,105,3,32,0,35,0,22,0,22,3,48,6,57,6,41,6,53,0,43,6,49,3,31,6,40,6,10,0,16,27,369,33,429
ILOC10300604,3,3,0,6,3,7,0,10,3,4,3,10,0,3,0,3,0,4,0,4,0,4,3,7,3,10,3,16,3,3,0,6,0,0,0,0,15,38,9,62,0,3,0,3,0,7,0,7,3,4,0,7,0,3,0,3,0,0,3,3,0,7,0,7,0,4,0,4,3,3,0,6,0,3,3,6,6,34,6,46,3,6,0,9,3,14,0,17,6,8,3,17,0,6,0,6,0,4,3,7,0,11,3,14,3,14,3,20,6,6,0,12,0,3,3,6,21,72,15,108
ILOC10300605,0,27,3,30,0,81,3,84,3,39,3,45,3,32,3,38,3,38,3,44,0,43,3,46,0,37,3,40,3,21,3,27,4,22,3,29,16,340,27,383,0,58,3,61,0,83,3,86,0,40,3,43,3,37,3,43,0,46,0,46,0,52,3,55,3,47,3,53,3,25,0,28,4,17,0,21,13,405,18,436,0,85,6,91,0,164,6,170,3,79,6,88,6,69,6,81,3,84,3,90,0,95,6,101,3,84,6,93,6,46,3,55,8,39,3,50,29,745,45,819
ILOC10300606,3,6,0,9,3,13,0,16,0,6,0,6,0,7,0,7,3,10,3,16,0,13,3,16,3,19,3,25,0,9,3,12,3,12,0,15,15,95,12,122,0,8,3,11,3,16,3,22,3,12,0,15,0,4,3,7,3,3,3,9,0,15,0,15,3,12,0,15,0,9,0,9,3,6,0,9,15,85,12,112,3,14,3,20,6,29,3,38,3,18,0,21,0,11,3,14,6,13,6,25,0,28,3,31,6,31,3,40,0,18,3,21,6,18,0,24,30,180,24,234
ILOC10400101,3,12,0,15,0,23,3,26,0,7,3,10,0,4,3,7,0,10,0,10,3,9,3,15,3,4,3,10,3,0,0,3,0,4,0,4,12,73,15,100,0,12,3,15,0,16,3,19,3,10,3,16,3,8,0,11,0,8,3,11,3,13,0,16,0,9,3,12,3,3,3,9,3,3,3,9,15,82,21,118,3,24,3,30,0,39,6,45,3,17,6,26,3,12,3,18,0,18,3,21,6,22,3,31,3,13,6,22,6,3,3,12,3,7,3,13,27,155,36,218
ILOC10400102,3,26,3,32,3,61,0,64,3,32,0,35,3,20,0,23,3,23,0,26,3,20,3,26,3,21,3,27,3,8,3,14,0,8,3,11,24,219,15,258,0,33,0,33,3,76,3,82,3,24,3,30,3,24,0,27,0,32,3,35,3,49,3,55,3,36,3,42,3,17,3,23,3,15,0,18,21,306,18,345,3,59,3,65,6,137,3,146,6,56,3,65,6,44,0,50,3,55,3,61,6,69,6,81,6,57,6,69,6,25,6,37,3,23,3,29,45,525,33,603
ILOC10400103,3,25,3,31,3,35,0,38,0,27,0,27,0,12,3,15,0,21,3,24,0,27,0,27,0,18,0,18,3,13,0,16,0,3,0,3,9,181,9,199,0,24,0,24,0,57,3,60,0,16,3,19,0,10,0,10,0,15,0,15,0,38,3,41,3,16,3,22,3,12,3,18,3,7,0,10,9,195,15,219,3,49,3,55,3,92,3,98,0,43,3,46,0,22,3,25,0,36,3,39,0,65,3,68,3,34,3,40,6,25,3,34,3,10,0,13,18,376,24,418
ILOC10400201,0,21,0,21,3,62,3,68,3,29,0,32,3,11,0,14,0,25,0,25,3,32,3,38,0,19,3,22,3,16,0,19,3,4,0,7,18,219,9,246,0,32,3,35,3,60,0,63,0,20,3,23,3,17,3,23,0,21,0,21,3,39,0,42,3,32,0,35,3,19,0,22,3,7,0,10,18,247,9,274,0,53,3,56,6,122,3,131,3,49,3,55,6,28,3,37,0,46,0,46,6,71,3,80,3,51,3,57,6,35,0,41,6,11,0,17,36,466,18,520
ILOC10400301,3,40,3,46,3,100,3,106,0,62,3,65,0,31,0,31,3,46,3,52,3,43,3,49,3,28,3,34,3,11,3,17,3,8,0,11,21,369,21,411,0,57,3,60,3,109,3,115,3,46,3,52,0,48,0,48,3,46,3,52,3,51,3,57,3,43,0,46,3,25,3,31,3,13,0,16,21,438,18,477,3,97,6,106,6,209,6,221,3,108,6,117,0,79,0,79,6,92,6,104,6,94,6,106,6,71,3,80,6,36,6,48,6,21,0,27,42,807,39,888
ILOC10400302,0,46,3,49,3,88,6,97,0,38,3,41,3,27,3,33,3,44,38,85,3,45,19,67,3,36,3,42,0,16,3,19,3,10,0,13,18,350,78,446,3,37,0,40,3,87,3,93,3,35,3,41,3,18,3,24,0,37,0,37,3,43,3,49,0,37,0,37,3,13,0,16,3,5,3,11,21,312,15,348,3,83,3,89,6,175,9,190,3,73,6,82,6,45,6,57,3,81,38,122,6,88,22,116,3,73,3,79,3,29,3,35,6,15,3,24,39,662,93,794
ILOC10400303,3,50,3,56,3,92,3,98,3,50,3,56,0,24,0,24,3,31,3,37,3,34,0,37,3,17,0,20,3,15,3,21,0,10,3,13,21,323,18,362,3,47,3,53,3,99,3,105,3,35,3,41,0,33,0,33,3,35,0,38,3,38,3,44,3,30,0,33,3,13,0,16,3,14,0,17,24,344,12,380,6,97,6,109,6,191,6,203,6,85,6,97,0,57,0,57,6,66,3,75,6,72,3,81,6,47,0,53,6,28,3,37,3,24,3,30,45,667,30,742
ILOC10400401,0,3,3,6,0,5,0,5,3,4,0,7,0,3,3,6,3,3,0,6,0,3,3,6,3,4,0,7,0,3,0,3,3,3,3,9,12,31,12,55,0,3,0,3,3,11,0,14,0,6,0,6,3,3,3,9,3,3,0,6,0,7,3,10,3,3,0,6,0,3,3,6,3,3,0,6,15,42,9,66,0,6,3,9,3,16,0,19,3,10,0,13,3,6,6,15,6,6,0,12,0,10,6,16,6,7,0,13,0,6,3,9,6,6,3,15,27,73,21,121
ILOC10400402,0,16,0,16,3,40,0,43,0,12,0,12,3,0,0,3,3,5,0,8,3,17,3,23,3,11,0,14,3,9,3,15,0,0,0,0,18,110,6,134,0,17,0,17,0,47,3,50,3,14,0,17,0,5,0,5,0,12,0,12,3,13,3,19,3,5,3,11,3,8,3,14,3,3,3,9,15,124,15,154,0,33,0,33,3,87,3,93,3,26,0,29,3,5,0,8,3,17,0,20,6,30,6,42,6,16,3,25,6,17,6,29,3,3,3,9,33,234,21,288
ILOC10400403,3,98,7,108,20,174,11,205,3,77,3,83,0,63,4,67,3,66,26,95,3,73,7,83,3,57,3,63,4,26,3,33,4,18,0,22,43,652,64,759,0,87,4,91,3,178,3,184,0,90,3,93,0,52,3,55,0,86,3,89,3,91,3,97,6,81,3,90,3,35,3,41,5,23,3,31,20,723,28,771,3,185,11,199,23,352,14,389,3,167,6,176,0,115,7,122,3,152,29,184,6,164,10,180,9,138,6,153,7,61,6,74,9,41,3,53,63,1375,92,1530
ILOC10400404,0,16,0,16,3,32,3,38,0,14,3,17,0,9,3,12,0,5,3,8,3,17,0,20,3,3,3,9,0,10,3,13,3,3,0,6,12,109,18,139,3,14,0,17,0,31,3,34,3,24,0,27,3,7,0,10,0,22,3,25,0,15,3,18,3,15,0,18,3,6,0,9,0,5,0,5,15,139,9,163,3,30,0,33,3,63,6,72,3,38,3,44,3,16,3,22,0,27,6,33,3,32,3,38,6,18,3,27,3,16,3,22,3,8,0,11,27,248,27,302
ILOC10400405,3,39,3,45,3,69,3,75,3,25,0,28,3,21,3,27,0,26,3,29,3,29,3,35,3,33,0,36,3,14,0,17,3,18,0,21,24,274,15,313,0,30,3,33,3,63,3,69,0,24,0,24,3,18,0,21,3,26,0,29,3,30,0,33,3,25,3,31,3,19,0,22,3,16,0,19,21,251,9,281,3,69,6,78,6,132,6,144,3,49,0,52,6,39,3,48,3,52,3,58,6,59,3,68,6,58,3,67,6,33,0,39,6,34,0,40,45,525,24,594
ILOC10400501,0,16,3,19,3,44,3,50,3,19,3,25,0,16,3,19,0,13,3,16,0,19,0,19,3,21,0,24,3,12,0,15,3,6,0,9,15,166,15,196,3,21,3,27,3,44,3,50,0,20,0,20,3,10,0,13,0,14,0,14,3,15,3,21,0,24,3,27,3,6,3,12,3,8,0,11,18,162,15,195,3,37,6,46,6,88,6,100,3,39,3,45,3,26,3,32,0,27,3,30,3,34,3,40,3,45,3,51,6,18,3,27,6,14,0,20,33,328,30,391
ILOC10400502,0,13,3,16,3,27,3,33,0,20,3,23,3,15,0,18,0,5,3,8,0,15,0,15,0,6,3,9,0,11,0,11,3,3,0,6,9,115,15,139,3,16,0,19,3,34,0,37,3,7,0,10,0,4,3,7,0,12,0,12,0,13,3,16,3,13,3,19,0,4,0,4,3,8,0,11,15,111,9,135,3,29,3,35,6,61,3,70,3,27,3,33,3,19,3,25,0,17,3,20,0,28,3,31,3,19,6,28,0,15,0,15,6,11,0,17,24,226,24,274
ILOC10400503,3,122,4,129,20,218,7,245,3,114,0,117,3,73,3,79,3,101,3,107,3,111,3,117,10,86,3,99,9,43,3,55,4,18,3,25,58,886,29,973,3,119,5,127,4,237,3,244,3,120,3,126,3,82,0,85,0,128,3,131,3,124,3,130,3,94,0,97,6,64,0,70,12,29,3,44,37,997,20,1054,6,241,9,256,24,455,10,489,6,234,3,243,6,155,3,164,3,229,6,238,6,235,6,247,13,180,3,196,15,107,3,125,16,47,6,69,95,1883,49,2027
ILOC10400504,0,11,3,14,3,26,3,32,3,5,3,11,3,3,0,6,0,3,3,6,0,11,3,14,3,5,0,8,3,6,0,9,3,3,0,6,18,73,15,106,3,11,3,17,3,22,3,28,3,17,3,23,0,8,0,8,3,8,3,14,0,10,3,13,0,12,0,12,3,5,0,8,3,3,0,6,18,96,15,129,3,22,6,31,6,48,6,60,6,22,6,34,3,11,0,14,3,11,6,20,0,21,6,27,3,17,0,20,6,11,0,17,6,6,0,12,36,169,30,235
ILOC10400505,3,20,0,23,3,30,3,36,3,13,3,19,0,3,0,3,0,15,0,15,3,8,3,14,3,15,0,18,0,7,3,10,3,12,0,15,18,123,12,153,0,10,3,13,3,44,0,47,0,11,3,14,3,3,3,9,0,16,0,16,3,15,3,21,3,15,0,18,3,13,0,16,0,0,0,0,15,127,12,154,3,30,3,36,6,74,3,83,3,24,6,33,3,6,3,12,0,31,0,31,6,23,6,35,6,30,0,36,3,20,3,26,3,12,0,15,33,250,24,307
ILOC10400506,3,52,3,58,3,64,0,67,3,25,0,28,3,16,0,19,3,25,3,31,0,26,3,29,3,15,0,18,3,10,0,13,3,13,0,16,24,246,9,279,0,29,3,32,3,76,3,82,0,28,0,28,0,17,0,17,0,34,0,34,3,29,3,35,3,32,0,35,3,14,3,20,3,6,3,12,15,265,15,295,3,81,6,90,6,140,3,149,3,53,0,56,3,33,0,36,3,59,3,65,3,55,6,64,6,47,0,53,6,24,3,33,6,19,3,28,39,511,24,574
ILOC10400507,3,53,3,59,3,92,3,98,3,39,0,42,0,25,0,25,3,30,3,36,0,33,0,33,3,26,0,29,3,17,3,23,0,5,3,8,18,320,15,353,0,40,3,43,0,112,3,115,3,45,0,48,0,24,0,24,3,46,3,52,3,45,3,51,3,39,0,42,0,15,3,18,3,5,3,11,15,371,18,404,3,93,6,102,3,204,6,213,6,84,0,90,0,49,0,49,6,76,6,88,3,78,3,84,6,65,0,71,3,32,6,41,3,10,6,19,33,691,33,757
ILOC10400601,0,24,3,27,3,18,3,24,0,12,3,15,0,9,0,9,0,9,3,12,3,12,0,15,3,11,0,14,3,9,0,12,3,4,3,10,15,108,15,138,3,12,0,15,3,30,0,33,0,11,0,11,0,3,3,6,3,21,3,27,0,9,3,12,0,11,3,14,3,9,0,12,0,8,0,8,12,114,12,138,3,36,3,42,6,48,3,57,0,23,3,26,0,12,3,15,3,30,6,39,3,21,3,27,3,22,3,28,6,18,0,24,3,12,3,18,27,222,27,276
ILOC10400602,0,14,3,17,3,29,3,35,3,14,0,17,0,0,0,0,0,7,0,7,3,10,0,13,0,11,0,11,0,10,3,13,3,3,0,6,12,98,9,119,0,10,0,10,0,21,0,21,0,11,0,11,3,5,0,8,3,3,3,9,0,17,0,17,3,18,3,24,3,6,0,9,0,9,0,9,12,100,6,118,0,24,3,27,3,50,3,56,3,25,0,28,3,5,0,8,3,10,3,16,3,27,0,30,3,29,3,35,3,16,3,22,3,12,0,15,24,198,15,237
ILOC10400701,3,39,3,45,7,106,3,116,0,83,0,83,0,62,3,65,0,61,0,61,3,49,0,52,0,66,3,69,0,33,3,36,3,12,0,15,16,511,15,542,3,62,3,68,3,112,0,115,3,68,3,74,3,49,0,52,3,55,0,58,3,46,3,52,3,52,0,55,3,32,3,38,3,21,0,24,27,497,12,536,6,101,6,113,10,218,3,231,3,151,3,157,3,111,3,117,3,116,0,119,6,95,3,104,3,118,3,124,3,65,6,74,6,33,0,39,43,1008,27,1078
ILOC10400702,0,140,4,144,33,277,13,323,3,162,0,165,3,100,3,106,3,140,3,146,3,98,3,104,9,106,3,118,7,53,3,63,3,42,3,48,64,1118,35,1217,0,129,5,134,4,237,3,244,3,133,0,136,3,103,3,109,3,135,3,141,4,137,3,144,17,131,3,151,10,73,3,86,19,48,3,70,63,1126,26,1215,0,269,9,278,37,514,16,567,6,295,0,301,6,203,6,215,6,275,6,287,7,235,6,248,26,237,6,269,17,126,6,149,22,90,6,118,127,2244,61,2432
ILOC10400801,0,38,3,41,3,80,0,83,3,26,3,32,3,12,0,15,0,17,0,17,3,30,3,36,3,28,0,31,3,24,0,27,3,10,0,13,21,265,9,295,0,28,3,31,0,54,3,57,3,33,0,36,0,17,3,20,0,23,0,23,3,31,0,34,3,33,3,39,3,21,0,24,3,6,0,9,15,246,12,273,0,66,6,72,3,134,3,140,6,59,3,68,3,29,3,35,0,40,0,40,6,61,3,70,6,61,3,70,6,45,0,51,6,16,0,22,36,511,21,568
ILOC10400802,3,26,3,32,3,53,0,56,0,31,3,34,3,14,0,17,0,32,0,32,3,23,0,26,3,24,0,27,0,18,3,21,3,4,0,7,18,225,9,252,0,36,0,36,0,56,3,59,0,40,3,43,3,22,0,25,0,24,0,24,0,29,0,29,0,31,3,34,0,19,3,22,3,18,0,21,6,275,12,293,3,62,3,68,3,109,3,115,0,71,6,77,6,36,0,42,0,56,0,56,3,52,0,55,3,55,3,61,0,37,6,43,6,22,0,28,24,500,21,545
ILOC10400803,0,4,0,4,3,22,3,28,0,13,3,16,3,3,3,9,3,7,3,13,3,7,0,10,3,9,3,15,0,9,0,9,3,5,3,11,18,79,18,115,3,4,0,7,3,12,0,15,3,4,3,10,0,6,0,6,0,6,3,9,0,8,3,11,3,12,0,15,0,8,0,8,3,5,3,11,15,65,12,92,3,8,0,11,6,34,3,43,3,17,6,26,3,9,3,15,3,13,6,22,3,15,3,21,6,21,3,30,0,17,0,17,6,10,6,22,33,144,30,207
ILOC10400901,3,93,4,100,8,147,4,159,3,58,3,64,0,36,0,36,3,47,3,53,3,44,3,50,3,53,3,59,4,33,0,37,3,5,3,11,30,516,23,569,0,69,4,73,3,161,3,167,3,60,3,66,3,58,3,64,3,69,3,75,3,69,3,75,3,70,0,73,4,39,3,46,3,14,3,20,25,609,25,659,3,162,8,173,11,308,7,326,6,118,6,130,3,94,3,100,6,116,6,128,6,113,6,125,6,123,3,132,8,72,3,83,6,19,6,31,55,1125,48,1228
ILOC10400902,0,37,6,43,10,78,10,98,3,41,3,47,0,34,12,46,3,26,61,90,3,35,22,60,3,44,3,50,3,21,0,24,3,18,3,24,28,334,120,482,3,39,3,45,3,98,3,104,0,37,0,37,3,15,3,21,3,33,3,39,3,30,3,36,3,29,3,35,3,13,3,19,3,13,3,19,24,307,24,355,3,76,9,88,13,176,13,202,3,78,3,84,3,49,15,67,6,59,64,129,6,65,25,96,6,73,6,85,6,34,3,43,6,31,6,43,52,641,144,837
ILOC10400903,3,6,0,9,0,13,0,13,0,8,0,8,0,3,3,6,3,8,0,11,3,7,0,10,3,3,3,9,3,5,3,11,0,0,0,0,15,53,9,77,0,8,3,11,0,16,3,19,0,4,0,4,3,3,0,6,3,8,0,11,3,5,0,8,0,10,0,10,3,10,0,13,0,3,3,6,12,67,9,88,3,14,3,20,0,29,3,32,0,12,0,12,3,6,3,12,6,16,0,22,6,12,0,18,3,13,3,19,6,15,3,24,0,3,3,6,27,120,18,165
ILOC10400904,0,33,3,36,3,73,0,76,3,27,0,30,3,13,3,19,3,27,0,30,3,25,3,31,3,22,3,28,4,12,3,19,3,8,0,11,25,240,15,280,3,26,3,32,3,68,0,71,3,37,0,40,3,25,0,28,3,25,3,31,3,35,0,38,3,29,3,35,4,19,3,26,3,8,0,11,28,272,12,312,3,59,6,68,6,141,0,147,6,64,0,70,6,38,3,47,6,52,3,61,6,60,3,69,6,51,6,63,8,31,6,45,6,16,0,22,53,512,27,592
ILOC10400905,0,20,3,23,0,31,3,34,3,11,0,14,0,7,0,7,0,5,0,5,3,10,0,13,3,14,3,20,3,3,0,6,3,3,3,9,15,104,12,131,0,21,3,24,3,30,3,36,3,14,0,17,0,3,0,3,3,8,0,11,0,21,0,21,0,10,0,10,3,4,3,10,3,3,0,6,15,114,9,138,0,41,6,47,3,61,6,70,6,25,0,31,0,10,0,10,3,13,0,16,3,31,0,34,3,24,3,30,6,7,3,16,6,6,3,15,30,218,21,269
ILOC10401001,3,15,3,21,3,27,3,33,0,15,3,18,3,3,3,9,0,15,0,15,0,13,3,16,3,10,3,16,0,17,0,17,3,6,3,12,15,121,21,157,0,13,0,13,0,30,0,30,0,14,3,17,0,6,0,6,3,6,0,9,3,15,0,18,0,20,3,23,0,7,0,7,3,4,0,7,9,115,6,130,3,28,3,34,3,57,3,63,0,29,6,35,3,9,3,15,3,21,0,24,3,28,3,34,3,30,6,39,0,24,0,24,6,10,3,19,24,236,27,287
ILOC10401002,3,3,3,9,3,22,3,28,3,15,3,21,3,8,0,11,0,10,3,13,0,6,3,9,3,5,3,11,3,4,3,10,0,3,0,3,18,76,21,115,0,9,3,12,0,24,0,24,3,10,0,13,0,6,3,9,3,13,0,16,3,10,0,13,0,7,3,10,0,4,0,4,3,3,0,6,12,86,9,107,3,12,6,21,3,46,3,52,6,25,3,34,3,14,3,20,3,23,3,29,3,16,3,22,3,12,6,21,3,8,3,14,3,6,0,9,30,162,30,222
ILOC10401101,0,106,4,110,27,198,12,237,3,83,3,89,3,62,3,68,3,82,3,88,3,79,3,85,3,75,3,81,5,36,3,44,4,25,0,29,51,746,34,831,0,102,5,107,3,230,3,236,3,87,3,93,0,67,0,67,3,95,0,98,3,103,0,106,3,86,0,89,12,55,0,67,12,39,3,54,39,864,14,917,0,208,9,217,30,428,15,473,6,170,6,182,3,129,3,135,6,177,3,186,6,182,3,191,6,161,3,170,17,91,3,111,16,64,3,83,90,1610,48,1748
ILOC10401102,3,95,4,102,20,216,4,240,3,114,0,117,3,84,0,87,3,122,3,128,3,103,3,109,3,87,3,93,3,51,0,54,3,32,0,35,44,904,17,965,0,142,5,147,3,236,3,242,3,132,3,138,3,80,0,83,3,127,0,130,3,126,3,132,3,91,3,97,0,48,3,51,8,31,3,42,26,1013,23,1062,3,237,9,249,23,452,7,482,6,246,3,255,6,164,0,170,6,249,3,258,6,229,6,241,6,178,6,190,3,99,3,105,11,63,3,77,70,1917,40,2027
ILOC10401103,0,88,10,98,15,217,10,242,3,103,3,109,3,62,3,68,3,85,3,91,3,81,3,87,9,74,3,86,5,44,0,49,3,30,0,33,44,784,35,863,3,86,4,93,3,211,3,217,3,100,3,106,3,53,3,59,3,81,3,87,3,113,3,119,9,80,0,89,4,43,3,50,7,28,3,38,38,795,25,858,3,174,14,191,18,428,13,459,6,203,6,215,6,115,6,127,6,166,6,178,6,194,6,206,18,154,3,175,9,87,3,99,10,58,3,71,82,1579,60,1721
ILOC10401201,0,57,3,60,4,113,3,120,3,32,0,35,3,15,0,18,3,45,3,51,3,25,3,31,3,31,0,34,3,13,0,16,0,10,0,10,22,341,12,375,3,48,3,54,3,105,3,111,0,41,3,44,0,28,0,28,0,62,3,65,3,54,0,57,3,31,0,34,0,15,3,18,3,5,3,11,15,389,18,422,3,105,6,114,7,218,6,231,3,73,3,79,3,43,0,46,3,107,6,116,6,79,3,88,6,62,0,68,3,28,3,34,3,15,3,21,37,730,30,797
ILOC10401202,3,32,3,38,3,47,0,50,0,14,3,17,0,12,3,15,3,23,3,29,3,25,0,28,0,8,3,11,3,8,0,11,3,0,3,6,18,169,18,205,3,12,3,18,3,37,0,40,3,24,3,30,0,20,3,23,0,20,0,20,0,29,0,29,3,18,3,24,0,11,0,11,3,3,0,6,15,174,12,201,6,44,6,56,6,84,0,90,3,38,6,47,0,32,6,38,3,43,3,49,3,54,0,57,3,26,6,35,3,19,0,22,6,3,3,12,33,343,30,406
ILOC10401203,0,26,3,29,3,38,3,44,0,19,0,19,3,15,0,18,3,25,0,28,0,17,3,20,0,15,3,18,0,8,3,11,0,3,0,3,9,166,15,190,3,10,3,16,3,33,3,39,0,26,3,29,3,14,3,20,3,17,3,23,0,19,3,22,0,16,3,19,0,12,0,12,0,5,3,8,12,152,24,188,3,36,6,45,6,71,6,83,0,45,3,48,6,29,3,38,6,42,3,51,0,36,6,42,0,31,6,37,0,20,3,23,0,8,3,11,21,318,39,378
ILOC10401204,0,31,0,31,3,34,3,40,0,16,0,16,3,12,3,18,0,6,3,9,3,12,3,18,0,16,3,19,3,5,0,8,0,3,0,3,12,135,15,162,0,20,0,20,3,33,0,36,0,17,3,20,3,6,0,9,0,16,0,16,0,16,3,19,0,21,3,24,3,14,0,17,0,4,3,7,9,147,12,168,0,51,0,51,6,67,3,76,0,33,3,36,6,18,3,27,0,22,3,25,3,28,6,37,0,37,6,43,6,19,0,25,0,7,3,10,21,282,27,330
ILOC10401301,3,155,10,168,33,275,16,324,3,108,3,114,3,91,3,97,3,127,3,133,3,104,3,110,3,79,3,85,9,39,3,51,3,22,3,28,63,1000,47,1110,0,133,4,137,12,294,4,310,3,130,3,136,3,91,3,97,3,126,3,132,3,154,4,161,10,102,3,115,5,59,4,68,19,26,3,48,58,1115,31,1204,3,288,14,305,45,569,20,634,6,238,6,250,6,182,6,194,6,253,6,265,6,258,7,271,13,181,6,200,14,98,7,119,22,48,6,76,121,2115,78,2314
ILOC10401401,0,48,3,51,13,79,3,95,3,51,3,57,0,69,3,72,3,87,3,93,3,67,3,73,5,52,3,60,8,37,0,45,3,16,3,22,38,506,24,568,0,47,3,50,3,89,3,95,0,51,3,54,0,68,0,68,0,89,3,92,3,56,0,59,3,74,0,77,3,33,3,39,3,22,3,28,15,529,18,562,0,95,6,101,16,168,6,190,3,102,6,111,0,137,3,140,3,176,6,185,6,123,3,132,8,126,3,137,11,70,3,84,6,38,6,50,53,1035,42,1130
ILOC10401402,3,98,3,104,19,176,3,198,3,83,3,89,3,61,3,67,3,73,3,79,3,75,3,81,3,53,0,56,4,31,3,38,3,19,3,25,44,669,24,737,3,80,4,87,4,157,3,164,3,83,0,86,3,71,3,77,3,88,3,94,3,91,3,97,3,53,3,59,3,46,0,49,4,29,0,33,29,698,19,746,6,178,7,191,23,333,6,362,6,166,3,175,6,132,6,144,6,161,6,173,6,166,6,178,6,106,3,115,7,77,3,87,7,48,3,58,73,1367,43,1483
ILOC10401403,3,76,4,83,7,108,0,115,3,68,3,74,3,70,3,76,3,81,3,87,3,78,3,84,3,56,3,62,3,30,3,36,3,16,3,22,31,583,25,639,3,74,3,80,0,102,3,105,3,60,3,66,0,63,3,66,3,85,3,91,3,67,3,73,3,66,3,72,3,29,3,35,3,25,3,31,21,571,27,619,6,150,7,163,7,210,3,220,6,128,6,140,3,133,6,142,6,166,6,178,6,145,6,157,6,122,6,134,6,59,6,71,6,41,6,53,52,1154,52,1258
ILOC10401501,0,42,3,45,3,82,3,88,3,41,0,44,3,20,0,23,3,29,0,32,0,21,3,24,3,38,3,44,3,36,0,39,3,19,0,22,21,328,12,361,0,41,3,44,3,71,0,74,3,37,0,40,0,21,3,24,0,29,0,29,3,45,0,48,3,37,3,43,3,13,3,19,3,11,3,17,18,305,15,338,0,83,6,89,6,153,3,162,6,78,0,84,3,41,3,47,3,58,0,61,3,66,3,72,6,75,6,87,6,49,3,58,6,30,3,39,39,633,27,699
ILOC10401502,3,79,3,85,18,152,3,173,3,75,3,81,3,51,0,54,3,55,3,61,3,53,3,59,3,49,3,55,3,26,3,32,3,14,3,20,42,554,24,620,0,83,0,83,3,145,3,151,0,73,3,76,3,45,0,48,3,58,3,64,3,74,3,80,3,65,0,68,3,36,3,42,3,16,3,22,21,595,18,634,3,162,3,168,21,297,6,324,3,148,6,157,6,96,0,102,6,113,6,125,6,127,6,139,6,114,3,123,6,62,6,74,6,30,6,42,63,1149,42,1254
ILOC10401503,3,33,0,36,3,56,3,62,3,14,3,20,3,9,0,12,0,24,3,27,3,14,3,20,3,14,3,20,3,6,3,12,3,10,0,13,24,180,18,222,3,31,3,37,3,52,3,58,0,16,3,19,0,17,0,17,3,16,3,22,0,19,0,19,3,24,0,27,3,9,0,12,3,6,3,12,18,190,15,223,6,64,3,73,6,108,6,120,3,30,6,39,3,26,0,29,3,40,6,49,3,33,3,39,6,38,3,47,6,15,3,24,6,16,3,25,42,370,33,445
ILOC10401601,0,8,3,11,0,11,3,14,3,10,0,13,0,10,0,10,3,3,0,6,3,9,0,12,0,5,3,8,3,4,3,10,3,3,3,9,15,63,15,93,3,11,0,14,0,16,3,19,0,9,3,12,0,8,0,8,3,3,0,6,0,13,0,13,0,13,0,13,3,4,0,7,3,0,3,6,12,77,9,98,3,19,3,25,0,27,6,33,3,19,3,25,0,18,0,18,6,6,0,12,3,22,0,25,0,18,3,21,6,8,3,17,6,3,6,15,27,140,24,191
ILOC10401602,0,14,0,14,3,33,3,39,0,17,0,17,3,11,0,14,3,11,0,14,0,10,3,13,0,10,0,10,3,3,0,6,0,3,0,3,12,112,6,130,3,23,3,29,0,34,0,34,3,10,3,16,0,11,0,11,0,15,0,15,0,17,0,17,0,17,0,17,3,4,0,7,0,3,0,3,9,134,6,149,3,37,3,43,3,67,3,73,3,27,3,33,3,22,0,25,3,26,0,29,0,27,3,30,0,27,0,27,6,7,0,13,0,6,0,6,21,246,12,279
ILOC10401603,3,19,0,22,0,36,0,36,3,17,3,23,0,4,3,7,0,14,3,17,3,17,3,23,3,15,0,18,3,11,3,17,0,14,0,14,15,147,15,177,0,12,0,12,3,36,0,39,3,18,0,21,3,13,3,19,0,18,0,18,0,18,3,21,3,24,0,27,0,11,3,14,3,8,0,11,15,158,9,182,3,31,0,34,3,72,0,75,6,35,3,44,3,17,6,26,0,32,3,35,3,35,6,44,6,39,0,45,3,22,6,31,3,22,0,25,30,305,24,359
ILOC10401604,0,44,3,47,3,77,3,83,3,42,3,48,3,21,3,27,3,23,3,29,3,34,0,37,0,39,0,39,0,14,3,17,3,11,0,14,18,305,18,341,0,40,3,43,3,92,0,95,3,43,3,49,3,29,3,35,3,20,3,26,0,45,0,45,3,36,3,42,3,15,3,21,3,16,3,22,21,336,21,378,0,84,6,90,6,169,3,178,6,85,6,97,6,50,6,62,6,43,6,55,3,79,0,82,3,75,3,81,3,29,6,38,6,27,3,36,39,641,39,719
ILOC10401605,3,56,3,62,6,100,3,109,3,51,3,57,3,28,0,31,3,45,3,51,0,32,0,32,3,23,0,26,3,17,3,23,3,8,0,11,27,360,15,402,3,63,3,69,3,105,3,111,3,42,3,48,0,25,3,28,3,46,0,49,3,54,0,57,3,30,3,36,0,16,0,16,3,6,0,9,21,387,15,423,6,119,6,131,9,205,6,220,6,93,6,105,3,53,3,59,6,91,3,100,3,86,0,89,6,53,3,62,3,33,3,39,6,14,0,20,48,747,30,825
ILOC10401701,0,50,3,53,14,108,3,125,0,46,0,46,3,22,3,28,0,47,3,50,3,40,0,43,3,37,0,40,3,21,0,24,3,7,3,13,29,378,15,422,3,63,0,66,3,127,3,133,3,56,3,62,0,35,0,35,0,59,3,62,3,51,3,57,3,40,0,43,3,25,3,31,3,9,0,12,21,465,15,501,3,113,3,119,17,235,6,258,3,102,3,108,3,57,3,63,0,106,6,112,6,91,3,100,6,77,0,83,6,46,3,55,6,16,3,25,50,843,30,923
ILOC10401702,0,16,3,19,3,12,3,18,3,7,0,10,0,3,3,6,3,3,3,9,0,13,0,13,0,6,0,6,3,3,3,9,3,0,0,3,15,63,15,93,0,15,0,15,3,13,3,19,0,11,3,14,0,7,0,7,0,10,0,10,3,9,3,15,3,3,3,9,0,4,0,4,3,0,3,6,12,72,15,99,0,31,3,34,6,25,6,37,3,18,3,24,0,10,3,13,3,13,3,19,3,22,3,28,3,9,3,15,3,7,3,13,6,0,3,9,27,135,30,192
ILOC10401703,0,18,0,18,3,43,3,49,0,27,3,30,3,12,3,18,0,13,0,13,0,12,3,15,3,15,0,18,3,12,0,15,3,3,3,9,15,155,15,185,0,12,3,15,0,30,3,33,0,17,3,20,0,9,0,9,3,15,0,18,0,22,0,22,0,17,0,17,3,10,0,13,3,3,3,9,9,135,12,156,0,30,3,33,3,73,6,82,0,44,6,50,3,21,3,27,3,28,0,31,0,34,3,37,3,32,0,35,6,22,0,28,6,6,6,18,24,290,27,341
ILOC10401801,0,41,3,44,3,98,3,104,3,46,3,52,0,30,3,33,3,59,3,65,3,36,3,42,3,36,3,42,3,16,0,19,3,10,3,16,21,372,24,417,0,51,0,51,3,115,3,121,3,41,3,47,0,32,0,32,3,41,3,47,3,44,0,47,3,38,3,44,3,21,0,24,3,11,3,17,21,394,15,430,0,92,3,95,6,213,6,225,6,87,6,99,0,62,3,65,6,100,6,112,6,80,3,89,6,74,6,86,6,37,0,43,6,21,6,33,42,766,39,847
ILOC10401901,3,5,3,11,3,17,0,20,0,17,0,17,0,0,3,3,3,8,3,14,0,5,0,5,3,7,0,10,0,4,3,7,3,4,0,7,15,67,12,94,0,3,0,3,3,16,0,19,3,3,0,6,0,8,3,11,0,4,3,7,3,10,0,13,0,5,0,5,3,4,3,10,0,4,0,4,12,57,9,78,3,8,3,14,6,33,0,39,3,20,0,23,0,8,6,14,3,12,6,21,3,15,0,18,3,12,0,15,3,8,6,17,3,8,0,11,27,124,21,172
ILOC10401902,0,97,8,105,18,180,6,204,3,74,0,77,3,45,3,51,3,59,3,65,3,51,3,57,3,45,3,51,5,35,3,43,3,11,3,17,41,597,32,670,3,84,6,93,3,170,3,176,3,70,3,76,3,59,3,65,3,86,3,92,3,79,3,85,3,68,3,74,5,37,3,45,5,11,0,16,31,664,27,722,3,181,14,198,21,350,9,380,6,144,3,153,6,104,6,116,6,145,6,157,6,130,6,142,6,113,6,125,10,72,6,88,8,22,3,33,72,1261,59,1392
ILOC10401903,3,44,3,50,3,95,0,98,3,43,3,49,3,13,3,19,3,24,3,30,3,38,0,41,3,30,3,36,4,19,3,26,0,13,3,16,25,319,21,365,3,31,3,37,3,95,3,101,3,35,3,41,0,22,0,22,3,17,3,23,3,46,0,49,3,34,0,37,5,24,0,29,3,10,3,16,26,314,15,355,6,75,6,87,6,190,3,199,6,78,6,90,3,35,3,41,6,41,6,53,6,84,0,90,6,64,3,73,9,43,3,55,3,23,6,32,51,633,36,720
ILOC10401904,3,17,3,23,0,32,3,35,3,13,0,16,0,11,0,11,0,4,0,4,3,3,3,9,3,6,0,9,0,0,0,0,3,0,0,3,15,86,9,110,0,9,3,12,0,31,0,31,3,12,3,18,0,5,0,5,3,10,0,13,3,4,3,10,3,8,3,14,3,0,0,3,0,3,0,3,15,82,12,109,3,26,6,35,0,63,3,66,6,25,3,34,0,16,0,16,3,14,0,17,6,7,6,19,6,14,3,23,3,0,0,3,3,3,0,6,30,168,21,219
ILOC10402001,3,34,3,40,0,80,3,83,0,13,3,16,0,7,0,7,0,23,0,23,3,19,3,25,3,21,3,27,3,17,0,20,3,7,0,10,15,221,15,251,0,39,3,42,3,58,3,64,0,32,3,35,3,13,3,19,0,24,0,24,0,25,0,25,3,22,3,28,3,11,0,14,3,3,3,9,15,227,18,260,3,73,6,82,3,138,6,147,0,45,6,51,3,20,3,26,0,47,0,47,3,44,3,50,6,43,6,55,6,28,0,34,6,10,3,19,30,448,33,511
ILOC10402002,0,24,3,27,3,70,0,73,0,29,3,32,0,7,3,10,3,22,0,25,3,22,0,25,3,12,0,15,0,4,3,7,3,8,0,11,15,198,12,225,0,17,0,17,0,58,0,58,0,17,3,20,0,7,0,7,0,29,0,29,3,22,0,25,3,8,0,11,0,9,3,12,3,0,3,6,9,167,9,185,0,41,3,44,3,128,0,131,0,46,6,52,0,14,3,17,3,51,0,54,6,44,0,50,6,20,0,26,0,13,6,19,6,8,3,17,24,365,21,410
ILOC10402003,3,139,3,145,17,190,10,217,3,127,3,133,3,79,3,85,3,95,3,101,3,100,3,106,7,90,3,100,6,56,0,62,10,44,3,57,55,920,31,1006,0,93,3,96,3,229,3,235,0,112,3,115,0,53,3,56,3,116,0,119,3,128,3,134,3,106,0,109,3,66,3,72,23,38,3,64,38,941,21,1000,3,232,6,241,20,419,13,452,3,239,6,248,3,132,6,141,6,211,3,220,6,228,6,240,10,196,3,209,9,122,3,134,33,82,6,121,93,1861,52,2006
ILOC10402101,3,179,10,192,43,392,14,449,3,206,3,212,3,120,3,126,3,133,3,139,4,152,3,159,15,103,3,121,16,59,3,78,3,40,3,46,93,1384,45,1522,3,171,5,179,17,413,3,433,3,161,3,167,0,109,3,112,3,164,3,170,4,190,3,197,11,143,3,157,14,67,0,81,24,48,3,75,79,1466,26,1571,6,350,15,371,60,805,17,882,6,367,6,379,3,229,6,238,6,297,6,309,8,342,6,356,26,246,6,278,30,126,3,159,27,88,6,121,172,2850,71,3093
ILOC10402102,3,132,5,140,34,255,9,298,3,109,3,115,3,104,3,110,3,113,3,119,3,101,3,107,9,92,3,104,10,46,0,56,4,40,0,44,72,992,29,1093,3,131,5,139,7,267,3,277,3,120,3,126,3,102,3,108,3,168,3,174,3,129,3,135,6,117,3,126,11,60,0,71,9,28,3,40,48,1122,26,1196,6,263,10,279,41,522,12,575,6,229,6,241,6,206,6,218,6,281,6,293,6,230,6,242,15,209,6,230,21,106,0,127,13,68,3,84,120,2114,55,2289
ILOC10500101,0,11,0,11,0,17,3,20,0,9,0,9,0,3,3,6,0,8,3,11,0,8,3,11,0,6,3,9,3,4,0,7,0,0,3,3,3,66,18,87,0,11,0,11,0,13,3,16,0,7,3,10,0,8,0,8,0,8,3,11,0,15,0,15,0,5,0,5,0,3,0,3,0,3,3,6,0,73,12,85,0,22,0,22,0,30,6,36,0,16,3,19,0,11,3,14,0,16,6,22,0,23,3,26,0,11,3,14,3,7,0,10,0,3,6,9,3,139,30,172
ILOC10500102,0,57,6,63,6,119,11,136,3,53,3,59,3,37,3,43,3,45,3,51,3,31,0,34,3,32,0,35,0,18,3,21,3,5,3,11,24,397,32,453,3,62,6,71,3,96,3,102,3,46,3,52,3,42,3,48,0,66,3,69,3,41,3,47,3,34,0,37,0,24,3,27,3,13,3,19,21,424,27,472,3,119,12,134,9,215,14,238,6,99,6,111,6,79,6,91,3,111,6,120,6,72,3,81,6,66,0,72,0,42,6,48,6,18,6,30,45,821,59,925
ILOC10500201,0,3,0,3,0,3,3,6,0,5,3,8,3,3,3,9,0,0,0,0,0,3,3,6,0,3,0,3,0,6,0,6,3,3,3,9,6,29,15,50,3,4,0,7,3,4,0,7,3,3,0,6,0,3,3,6,0,10,0,10,3,4,3,10,0,7,0,7,0,3,0,3,0,3,3,6,12,41,9,62,3,7,0,10,3,7,3,13,3,8,3,14,3,6,6,15,0,10,0,10,3,7,6,16,0,10,0,10,0,9,0,9,3,6,6,15,18,70,24,112
ILOC10500202,3,13,0,16,3,29,3,35,3,6,0,9,3,13,0,16,0,12,3,15,0,9,3,12,3,14,3,20,3,6,0,9,3,3,0,6,21,105,12,138,0,22,3,25,0,30,3,33,3,12,3,18,0,11,0,11,3,16,3,22,0,12,3,15,0,17,0,17,0,9,0,9,0,3,3,6,6,132,18,156,3,35,3,41,3,59,6,68,6,18,3,27,3,24,0,27,3,28,6,37,0,21,6,27,3,31,3,37,3,15,0,18,3,6,3,12,27,237,30,294
ILOC10500203,0,5,0,5,0,16,0,16,3,3,3,9,0,3,0,3,0,6,0,6,3,7,0,10,0,6,0,6,0,0,3,3,3,0,0,3,9,46,6,61,3,3,0,6,0,16,0,16,0,9,0,9,0,3,3,6,0,6,0,6,3,8,0,11,0,8,3,11,3,3,0,6,0,3,3,6,9,59,9,77,3,8,0,11,0,32,0,32,3,12,3,18,0,6,3,9,0,12,0,12,6,15,0,21,0,14,3,17,3,3,3,9,3,3,3,9,18,105,15,138
ILOC10500204,0,4,0,4,0,12,0,12,3,15,0,18,0,3,0,3,3,6,0,9,0,12,0,12,0,14,0,14,0,3,0,3,3,4,0,7,9,73,0,82,0,10,3,13,3,14,0,17,0,17,0,17,3,7,0,10,0,8,0,8,0,17,0,17,3,12,0,15,0,0,0,0,3,3,0,6,12,88,3,103,0,14,3,17,3,26,0,29,3,32,0,35,3,10,0,13,3,14,0,17,0,29,0,29,3,26,0,29,0,3,0,3,6,7,0,13,21,161,3,185
ILOC10500205,0,6,0,6,3,13,0,16,0,7,3,10,0,9,0,9,0,4,0,4,3,4,0,7,3,8,3,14,0,3,0,3,3,0,3,6,12,54,9,75,0,7,0,7,0,8,0,8,3,8,0,11,0,3,0,3,0,10,0,10,3,9,3,15,3,11,3,17,0,5,0,5,3,0,0,3,12,61,6,79,0,13,0,13,3,21,0,24,3,15,3,21,0,12,0,12,0,14,0,14,6,13,3,22,6,19,6,31,0,8,0,8,6,0,3,9,24,115,15,154
ILOC10500301,3,87,6,96,16,174,14,204,3,100,3,106,3,75,17,95,3,78,53,134,3,71,24,98,3,33,3,39,4,23,3,30,3,20,3,26,41,661,126,828,0,107,3,110,3,178,3,184,0,81,3,84,3,80,3,86,0,88,3,91,3,91,3,97,3,43,3,49,3,34,3,40,6,12,3,21,21,714,27,762,3,194,9,206,19,352,17,388,3,181,6,190,6,155,20,181,3,166,56,225,6,162,27,195,6,76,6,88,7,57,6,70,9,32,6,47,62,1375,153,1590
ILOC10500401,3,26,3,32,3,77,3,83,0,33,3,36,0,15,0,15,3,22,0,25,3,23,0,26,3,26,0,29,3,7,0,10,3,12,3,18,21,241,12,274,3,22,3,28,3,86,3,92,3,32,3,38,0,20,0,20,3,15,0,18,0,36,3,39,0,28,0,28,3,5,3,11,3,3,3,9,18,247,18,283,6,48,6,60,6,163,6,175,3,65,6,74,0,35,0,35,6,37,0,43,3,59,3,65,3,54,0,57,6,12,3,21,6,15,6,27,39,488,30,557
ILOC10500501,0,3,0,3,3,5,0,8,0,3,3,6,0,3,3,6,0,5,0,5,0,7,0,7,0,4,0,4,0,3,3,6,3,3,0,6,6,36,9,51,0,9,3,12,3,16,0,19,3,3,3,9,0,0,3,3,0,6,3,9,0,6,0,6,3,4,0,7,3,3,0,6,0,3,0,3,12,50,12,74,0,12,3,15,6,21,0,27,3,6,6,15,0,3,6,9,0,11,3,14,0,13,0,13,3,8,0,11,3,6,3,12,3,6,0,9,18,86,21,125
ILOC10500502,3,10,3,16,3,17,0,20,0,9,3,12,3,8,0,11,0,15,3,18,0,8,0,8,3,14,0,17,3,3,0,6,3,5,0,8,18,89,9,116,0,7,3,10,0,17,0,17,3,6,3,12,0,3,3,6,0,6,0,6,3,11,0,14,3,8,0,11,3,4,0,7,0,5,3,8,12,67,12,91,3,17,6,26,3,34,0,37,3,15,6,24,3,11,3,17,0,21,3,24,3,19,0,22,6,22,0,28,6,7,0,13,3,10,3,16,30,156,21,207
ILOC10500503,0,4,0,4,0,13,0,13,0,9,0,9,0,3,3,6,0,3,0,3,3,3,3,9,0,9,0,9,0,0,0,0,0,3,0,3,3,47,6,56,0,6,0,6,0,7,0,7,0,3,0,3,3,0,3,6,0,8,0,8,0,3,0,3,0,7,0,7,0,3,0,3,3,3,3,9,6,40,6,52,0,10,0,10,0,20,0,20,0,12,0,12,3,3,6,12,0,11,0,11,3,6,3,12,0,16,0,16,0,3,0,3,3,6,3,12,9,87,12,108
ILOC10500601,3,34,0,37,3,62,3,68,0,31,0,31,0,14,0,14,0,17,3,20,3,16,3,22,3,27,3,33,0,14,0,14,3,8,3,14,15,223,15,253,3,26,3,32,3,57,0,60,0,17,3,20,0,9,0,9,0,28,0,28,0,20,3,23,3,39,3,45,3,17,0,20,3,7,3,13,15,220,15,250,6,60,3,69,6,119,3,128,0,48,3,51,0,23,0,23,0,45,3,48,3,36,6,45,6,66,6,78,3,31,0,34,6,15,6,27,30,443,30,503
ILOC10500701,0,30,3,33,3,63,3,69,0,28,3,31,3,18,0,21,0,22,0,22,3,21,0,24,3,25,3,31,3,13,3,19,3,9,3,15,18,229,18,265,3,27,3,33,3,66,0,69,3,18,0,21,0,15,0,15,3,21,0,24,0,33,3,36,3,21,0,24,3,15,0,18,3,6,0,9,21,222,6,249,3,57,6,66,6,129,3,138,3,46,3,52,3,33,0,36,3,43,0,46,3,54,3,60,6,46,3,55,6,28,3,37,6,15,3,24,39,451,24,514
ILOC10500801,3,12,3,18,3,39,3,45,3,10,0,13,0,5,3,8,3,11,0,14,0,11,0,11,0,9,3,12,3,15,0,18,3,4,3,10,18,116,15,149,0,14,0,14,0,33,0,33,3,15,3,21,0,7,3,10,3,16,0,19,0,16,0,16,0,18,3,21,3,5,0,8,3,11,3,17,12,135,12,159,3,26,3,32,3,72,3,78,6,25,3,34,0,12,6,18,6,27,0,33,0,27,0,27,0,27,6,33,6,20,0,26,6,15,6,27,30,251,27,308
ILOC10500901,3,38,0,41,9,95,3,107,3,50,3,56,0,19,3,22,3,34,3,40,3,36,3,42,3,41,3,47,3,18,3,24,4,17,3,24,31,348,24,403,3,37,3,43,3,69,3,75,3,46,0,49,3,27,0,30,0,34,3,37,3,44,3,50,3,33,3,39,3,27,3,33,4,19,0,23,25,336,18,379,6,75,3,84,12,164,6,182,6,96,3,105,3,46,3,52,3,68,6,77,6,80,6,92,6,74,6,86,6,45,6,57,8,36,3,47,56,684,42,782
ILOC10501001,0,20,0,20,3,37,0,40,0,22,0,22,0,3,3,6,3,9,3,15,3,9,3,15,0,6,3,9,3,5,0,8,3,7,0,10,15,118,12,145,0,8,3,11,0,20,3,23,3,4,3,10,3,8,3,14,3,9,0,12,3,21,0,24,3,10,0,13,3,6,3,12,0,6,0,6,18,92,15,125,0,28,3,31,3,57,3,63,3,26,3,32,3,11,6,20,6,18,3,27,6,30,3,39,3,16,3,22,6,11,3,20,3,13,0,16,33,210,27,270
ILOC10501002,0,6,0,6,3,15,3,21,0,9,0,9,3,6,3,12,3,13,3,19,3,8,3,14,3,15,3,21,0,10,0,10,3,5,3,11,18,87,18,123,3,12,3,18,0,20,3,23,3,15,0,18,0,7,0,7,3,10,0,13,0,16,3,19,3,12,0,15,3,8,0,11,3,0,0,3,18,100,9,127,3,18,3,24,3,35,6,44,3,24,0,27,3,13,3,19,6,23,3,32,3,24,6,33,6,27,3,36,3,18,0,21,6,5,3,14,36,187,27,250
ILOC10501101,3,60,3,66,5,100,3,108,3,46,0,49,3,28,3,34,0,46,0,46,0,37,3,40,3,38,0,41,3,19,3,25,3,17,0,20,23,391,15,429,0,44,0,44,3,121,0,124,0,51,0,51,0,33,0,33,3,46,0,49,3,47,0,50,3,36,3,42,3,23,3,29,3,19,0,22,18,420,6,444,3,104,3,110,8,221,3,232,3,97,0,100,3,61,3,67,3,92,0,95,3,84,3,90,6,74,3,83,6,42,6,54,6,36,0,42,41,811,21,873
ILOC10501201,3,61,3,67,3,105,4,112,3,50,3,56,3,41,3,47,0,56,3,59,3,49,3,55,3,49,3,55,4,21,3,28,3,5,3,11,25,437,28,490,3,55,0,58,3,93,3,99,0,51,3,54,0,49,3,52,3,63,3,69,3,47,3,53,3,50,3,56,4,28,3,35,3,14,0,17,22,450,21,493,6,116,3,125,6,198,7,211,3,101,6,110,3,90,6,99,3,119,6,128,6,96,6,108,6,99,6,111,8,49,6,63,6,19,3,28,47,887,49,983
ILOC10501202,0,40,3,43,3,75,0,78,3,39,3,45,3,12,3,18,3,29,3,35,3,31,0,34,0,18,3,21,3,11,3,17,3,3,3,9,21,258,21,300,0,53,3,56,0,99,3,102,0,40,3,43,0,20,3,23,0,35,3,38,3,36,0,39,0,24,0,24,0,17,0,17,3,6,0,9,6,330,15,351,0,93,6,99,3,174,3,180,3,79,6,88,3,32,6,41,3,64,6,73,6,67,0,73,0,42,3,45,3,28,3,34,6,9,3,18,27,588,36,651
ILOC10501301,3,12,6,21,3,55,10,68,3,28,3,34,3,22,14,39,0,25,59,84,0,25,43,68,3,27,3,33,0,12,3,15,3,7,3,13,18,213,144,375,3,31,3,37,0,51,3,54,3,10,3,16,0,16,0,16,3,17,0,20,3,31,3,37,3,21,0,24,3,12,0,15,3,10,0,13,21,199,12,232,6,43,9,58,3,106,13,122,6,38,6,50,3,38,14,55,3,42,59,104,3,56,46,105,6,48,3,57,3,24,3,30,6,17,3,26,39,412,156,607
ILOC10501401,0,43,3,46,3,78,3,84,0,32,0,32,0,14,0,14,3,37,3,43,0,28,3,31,3,24,0,27,3,32,3,38,3,13,0,16,15,301,15,331,3,51,3,57,0,89,3,92,3,28,3,34,3,25,0,28,0,39,3,42,3,39,3,45,3,30,3,36,3,20,0,23,3,20,3,26,21,341,21,383,3,94,6,103,3,167,6,176,3,60,3,66,3,39,0,42,3,76,6,85,3,67,6,76,6,54,3,63,6,52,3,61,6,33,3,42,36,642,36,714
ILOC10501402,0,11,3,14,0,19,0,19,0,4,3,7,0,4,0,4,0,4,3,7,3,3,0,6,3,11,0,14,0,0,0,0,0,0,0,0,6,56,9,71,0,0,0,0,0,18,0,18,3,4,3,10,0,3,3,6,0,7,0,7,0,10,0,10,3,10,0,13,0,3,0,3,0,3,3,6,6,58,9,73,0,11,3,14,0,37,0,37,3,8,6,17,0,7,3,10,0,11,3,14,3,13,0,16,6,21,0,27,0,3,0,3,0,3,3,6,12,114,18,144
ILOC10501403,0,7,3,10,0,17,3,20,0,13,0,13,0,14,0,14,0,10,3,13,3,7,0,10,3,5,0,8,3,13,0,16,3,3,3,9,12,89,12,113,3,10,3,16,3,22,3,28,0,4,3,7,3,9,3,15,0,17,0,17,3,8,3,14,0,14,0,14,0,7,0,7,3,5,0,8,15,96,15,126,3,17,6,26,3,39,6,48,0,17,3,20,3,23,3,29,0,27,3,30,6,15,3,24,3,19,0,22,3,20,0,23,6,8,3,17,27,185,27,239
ILOC10501501,0,53,3,56,9,101,9,119,3,44,0,47,3,29,3,35,3,44,14,61,0,50,3,53,3,38,3,44,3,16,3,22,3,22,0,25,27,397,38,462,0,58,3,61,3,86,3,92,3,41,0,44,0,33,0,33,3,39,0,42,0,51,0,51,3,30,3,36,3,26,0,29,3,13,0,16,18,377,9,404,0,111,6,117,12,187,12,211,6,85,0,91,3,62,3,68,6,83,14,103,0,101,3,104,6,68,6,80,6,42,3,51,6,35,0,41,45,774,47,866
ILOC10501502,3,4,0,7,3,19,0,22,0,8,3,11,0,12,3,15,0,5,3,8,0,4,0,4,3,6,3,12,3,8,0,11,3,3,0,6,15,69,12,96,0,5,0,5,0,10,0,10,3,5,0,8,3,3,0,6,0,7,3,10,0,11,0,11,3,8,0,11,0,3,3,6,3,0,0,3,12,52,6,70,3,9,0,12,3,29,0,32,3,13,3,19,3,15,3,21,0,12,6,18,0,15,0,15,6,14,3,23,3,11,3,17,6,3,0,9,27,121,18,166
ILOC10501601,3,56,3,62,3,99,3,105,3,56,3,62,3,38,3,44,3,43,3,49,3,48,3,54,3,52,3,58,3,31,0,34,3,14,0,17,27,437,21,485,0,57,3,60,3,121,3,127,3,45,0,48,0,29,3,32,0,52,0,52,3,48,3,54,3,47,0,50,3,19,0,22,3,16,3,22,18,434,15,467,3,113,6,122,6,220,6,232,6,101,3,110,3,67,6,76,3,95,3,101,6,96,6,108,6,99,3,108,6,50,0,56,6,30,3,39,45,871,36,952
ILOC10501701,0,33,3,36,3,75,3,81,0,27,0,27,0,9,3,12,0,27,0,27,3,21,0,24,3,32,3,38,3,22,3,28,3,9,3,15,15,255,18,288,3,39,3,45,0,75,3,78,0,29,0,29,0,14,0,14,3,35,3,41,0,28,3,31,3,30,0,33,3,9,3,15,3,10,0,13,15,269,15,299,3,72,6,81,3,150,6,159,0,56,0,56,0,23,3,26,3,62,3,68,3,49,3,55,6,62,3,71,6,31,6,43,6,19,3,28,30,524,33,587
ILOC10501801,3,21,3,27,3,52,3,58,3,18,0,21,0,15,0,15,0,15,0,15,3,21,0,24,3,13,3,19,3,3,0,6,3,3,0,6,21,161,9,191,0,23,0,23,0,50,0,50,0,23,0,23,3,18,0,21,0,21,0,21,3,26,0,29,0,11,3,14,3,7,3,13,3,3,0,6,12,182,6,200,3,44,3,50,3,102,3,108,3,41,0,44,3,33,0,36,0,36,0,36,6,47,0,53,3,24,6,33,6,10,3,19,6,6,0,12,33,343,15,391
ILOC10501802,0,36,3,39,3,57,3,63,0,18,3,21,3,24,0,27,0,24,0,24,3,18,3,24,0,27,0,27,0,4,3,7,3,3,0,6,12,211,15,238,3,37,3,43,0,49,3,52,3,18,3,24,0,19,3,22,3,34,3,40,0,25,3,28,3,20,0,23,3,8,3,14,3,3,0,6,18,213,21,252,3,73,6,82,3,106,6,115,3,36,6,45,3,43,3,49,3,58,3,64,3,43,6,52,3,47,0,50,3,12,6,21,6,6,0,12,30,424,36,490
ILOC10501803,0,10,0,10,3,27,3,33,0,16,3,19,0,6,0,6,0,10,3,13,3,9,3,15,0,6,0,6,3,6,3,12,0,0,3,3,9,90,18,117,3,8,3,14,3,32,0,35,0,23,3,26,3,10,3,16,3,7,0,10,3,13,0,16,3,10,3,16,0,7,0,7,3,3,0,6,21,113,12,146,3,18,3,24,6,59,3,68,0,39,6,45,3,16,3,22,3,17,3,23,6,22,3,31,3,16,3,22,3,13,3,19,3,3,3,9,30,203,30,263
ILOC10501804,0,51,6,57,3,68,4,75,0,36,0,36,3,19,3,25,3,17,3,23,3,24,0,27,3,20,0,23,3,5,3,11,3,0,3,6,21,240,22,283,0,34,5,39,0,64,0,64,3,23,3,29,0,19,3,22,0,33,3,36,3,32,3,38,3,16,3,22,3,5,3,11,3,0,0,3,15,226,23,264,0,85,11,96,3,132,4,139,3,59,3,65,3,38,6,47,3,50,6,59,6,56,3,65,6,36,3,45,6,10,6,22,6,0,3,9,36,466,45,547
ILOC10501805,3,10,0,13,3,12,0,15,0,5,3,8,0,6,3,9,3,5,0,8,0,3,3,6,0,6,3,9,3,0,0,3,0,3,0,3,12,50,12,74,0,8,0,8,0,13,0,13,0,7,0,7,0,4,0,4,3,6,3,12,0,7,3,10,0,4,0,4,0,0,3,3,0,0,0,0,3,49,9,61,3,18,0,21,3,25,0,28,0,12,3,15,0,10,3,13,6,11,3,20,0,10,6,16,0,10,3,13,3,0,3,6,0,3,0,3,15,99,21,135
ILOC10501806,0,10,0,10,3,12,3,18,0,3,0,3,0,4,0,4,3,3,3,9,0,7,0,7,3,5,0,8,3,3,3,9,0,0,0,0,12,47,9,68,3,7,3,13,0,16,0,16,3,7,0,10,0,5,0,5,0,3,0,3,0,6,0,6,0,5,0,5,0,0,0,0,0,0,0,0,6,49,3,58,3,17,3,23,3,28,3,34,3,10,0,13,0,9,0,9,3,6,3,12,0,13,0,13,3,10,0,13,3,3,3,9,0,0,0,0,18,96,12,126
ILOC10501807,0,5,3,8,3,8,0,11,0,3,3,6,3,5,0,8,3,3,3,9,0,8,3,11,3,5,3,11,3,5,0,8,3,0,0,3,18,42,15,75,0,3,3,6,3,14,0,17,3,3,0,6,0,5,0,5,0,5,0,5,3,8,3,14,0,8,3,11,3,0,3,6,3,0,0,3,15,46,12,73,0,8,6,14,6,22,0,28,3,6,3,12,3,10,0,13,3,8,3,14,3,16,6,25,3,13,6,22,6,5,3,14,6,0,0,6,33,88,27,148
ILOC10501901,0,29,3,32,3,49,0,52,3,21,0,24,0,8,0,8,0,21,0,21,0,32,0,32,0,19,0,19,0,8,3,11,3,5,3,11,9,192,9,210,0,44,3,47,3,60,3,66,0,24,3,27,0,17,0,17,0,34,0,34,0,32,3,35,3,19,3,25,0,17,0,17,3,11,3,17,9,258,18,285,0,73,6,79,6,109,3,118,3,45,3,51,0,25,0,25,0,55,0,55,0,64,3,67,3,38,3,44,0,25,3,28,6,16,6,28,18,450,27,495
ILOC10502001,0,38,3,41,3,63,0,66,0,28,3,31,0,10,3,13,3,18,3,24,3,21,3,27,3,20,3,26,3,26,3,32,0,10,3,13,15,234,24,273,0,31,3,34,3,69,0,72,3,21,3,27,0,12,3,15,3,21,3,27,0,24,0,24,3,20,3,26,3,16,0,19,3,7,3,13,18,221,18,257,0,69,6,75,6,132,0,138,3,49,6,58,0,22,6,28,6,39,6,51,3,45,3,51,6,40,6,52,6,42,3,51,3,17,6,26,33,455,42,530
ILOC10502101,0,38,3,41,3,64,0,67,3,27,3,33,3,23,0,26,3,40,3,46,3,24,3,30,0,31,0,31,3,19,0,22,3,3,3,9,21,269,15,305,3,49,3,55,3,68,3,74,3,36,3,42,3,27,3,33,3,36,3,42,3,40,0,43,3,17,3,23,3,8,0,11,3,8,3,14,27,289,21,337,3,87,6,96,6,132,3,141,6,63,6,75,6,50,3,59,6,76,6,88,6,64,3,73,3,48,3,54,6,27,0,33,6,11,6,23,48,558,36,642
ILOC10502102,0,10,0,10,3,10,0,13,0,13,0,13,0,11,0,11,0,11,0,11,0,8,3,11,0,7,3,10,0,5,0,5,3,3,3,9,6,78,9,93,0,10,0,10,0,15,3,18,0,6,0,6,3,13,3,19,3,11,3,17,0,8,0,8,0,10,0,10,3,4,3,10,0,5,0,5,9,82,12,103,0,20,0,20,3,25,3,31,0,19,0,19,3,24,3,30,3,22,3,28,0,16,3,19,0,17,3,20,3,9,3,15,3,8,3,14,15,160,21,196
ILOC10502103,3,13,3,19,0,16,3,19,0,7,3,10,3,5,0,8,3,7,0,10,3,8,3,14,3,4,0,7,3,6,0,9,3,0,0,3,21,66,12,99,0,12,0,12,3,31,3,37,0,9,3,12,0,8,0,8,0,13,3,16,3,16,0,19,3,7,3,13,0,0,0,0,0,0,0,0,9,96,12,117,3,25,3,31,3,47,6,56,0,16,6,22,3,13,0,16,3,20,3,26,6,24,3,33,6,11,3,20,3,6,0,9,3,0,0,3,30,162,24,216
ILOC10502104,3,16,0,19,3,35,0,38,0,21,3,24,0,20,0,20,3,14,3,20,3,17,3,23,0,7,0,7,3,4,3,10,3,3,0,6,18,137,12,167,0,15,0,15,0,31,0,31,0,20,0,20,3,6,3,12,0,15,0,15,0,19,0,19,3,11,0,14,0,9,3,12,0,9,0,9,6,135,6,147,3,31,0,34,3,66,0,69,0,41,3,44,3,26,3,32,3,29,3,35,3,36,3,42,3,18,0,21,3,13,6,22,3,12,0,15,24,272,18,314
ILOC10502105,0,93,5,98,11,186,5,202,3,86,3,92,0,56,3,59,3,75,0,78,3,63,3,69,3,34,3,40,3,26,0,29,3,12,0,15,29,631,22,682,3,91,4,98,0,176,3,179,3,69,3,75,3,58,0,61,0,90,3,93,3,78,3,84,3,62,3,68,3,23,0,26,3,13,0,16,21,660,19,700,3,184,9,196,11,362,8,381,6,155,6,167,3,114,3,120,3,165,3,171,6,141,6,153,6,96,6,108,6,49,0,55,6,25,0,31,50,1291,41,1382
ILOC10502201,3,23,0,26,3,43,3,49,3,13,3,19,3,15,0,18,0,5,3,8,0,17,3,20,0,15,3,18,0,13,3,16,3,3,0,6,15,147,18,180,0,26,3,29,3,51,3,57,3,24,0,27,0,5,3,8,3,17,3,23,0,22,0,22,0,10,0,10,0,15,3,18,3,7,3,13,12,177,18,207,3,49,3,55,6,94,6,106,6,37,3,46,3,20,3,26,3,22,6,31,0,39,3,42,0,25,3,28,0,28,6,34,6,10,3,19,27,324,36,387
ILOC10600101,0,13,3,16,0,36,0,36,3,6,0,9,0,3,3,6,0,12,0,12,0,9,3,12,0,8,3,11,3,5,3,11,3,0,0,3,9,92,15,116,3,16,0,19,0,34,0,34,0,15,3,18,0,3,0,3,3,12,3,18,0,11,0,11,3,5,3,11,0,5,3,8,3,3,0,6,12,104,12,128,3,29,3,35,0,70,0,70,3,21,3,27,0,6,3,9,3,24,3,30,0,20,3,23,3,13,6,22,3,10,6,19,6,3,0,9,21,196,27,244
ILOC10600102,0,11,3,14,3,66,3,72,3,28,0,31,3,5,3,11,0,17,3,20,3,17,0,20,3,19,0,22,3,14,3,20,3,6,0,9,21,183,15,219,3,24,0,27,3,59,3,65,0,23,0,23,0,6,3,9,0,25,3,28,0,22,0,22,3,23,0,26,3,16,0,19,3,3,0,6,15,201,9,225,3,35,3,41,6,125,6,137,3,51,0,54,3,11,6,20,0,42,6,48,3,39,0,42,6,42,0,48,6,30,3,39,6,9,0,15,36,384,24,444
ILOC10600103,0,13,0,13,3,24,3,30,3,20,0,23,0,5,0,5,3,9,0,12,0,13,0,13,3,8,0,11,3,4,0,7,0,8,3,11,15,104,6,125,0,6,0,6,0,29,3,32,0,13,3,16,3,7,0,10,0,6,3,9,3,12,0,15,3,8,0,11,0,6,0,6,3,7,0,10,12,94,9,115,0,19,0,19,3,53,6,62,3,33,3,39,3,12,0,15,3,15,3,21,3,25,0,28,6,16,0,22,3,10,0,13,3,15,3,21,27,198,15,240
ILOC10600201,0,55,3,58,3,68,3,74,0,37,3,40,3,19,0,22,3,32,3,38,3,32,3,38,3,20,0,23,3,15,3,21,3,6,3,12,21,284,21,326,3,45,3,51,3,86,3,92,3,42,3,48,3,19,0,22,3,35,0,38,0,44,3,47,3,47,3,53,3,19,3,25,3,6,0,9,24,343,18,385,3,100,6,109,6,154,6,166,3,79,6,88,6,38,0,44,6,67,3,76,3,76,6,85,6,67,3,76,6,34,6,46,6,12,3,21,45,627,39,711
ILOC10600202,0,3,3,6,0,3,3,6,0,3,3,6,3,0,3,6,0,3,0,3,3,3,3,9,0,3,0,3,0,3,3,6,3,3,0,6,9,24,18,51,0,3,3,6,0,6,0,6,0,3,0,3,0,3,3,6,0,3,0,3,0,3,3,6,3,3,0,6,0,0,0,0,3,3,0,6,6,27,9,42,0,6,6,12,0,9,3,12,0,6,3,9,3,3,6,12,0,6,0,6,3,6,6,15,3,6,0,9,0,3,3,6,6,6,0,12,15,51,27,93
ILOC10600203,0,29,3,32,3,64,3,70,3,24,3,30,0,15,0,15,0,21,0,21,3,31,0,34,3,32,0,35,3,10,0,13,3,9,0,12,18,235,9,262,3,21,3,27,3,48,0,51,0,22,0,22,0,7,3,10,3,27,0,30,0,27,0,27,3,34,0,37,3,18,3,24,3,9,0,12,18,213,9,240,3,50,6,59,6,112,3,121,3,46,3,52,0,22,3,25,3,48,0,51,3,58,0,61,6,66,0,72,6,28,3,37,6,18,0,24,36,448,18,502
ILOC10600204,3,20,3,26,0,32,3,35,3,10,3,16,3,7,0,10,3,14,0,17,3,15,0,18,3,5,0,8,0,8,3,11,0,3,3,6,18,114,15,147,0,20,3,23,3,24,3,30,3,8,0,11,0,9,3,12,0,20,0,20,3,16,3,22,0,9,0,9,3,10,0,13,3,4,0,7,15,120,12,147,3,40,6,49,3,56,6,65,6,18,3,27,3,16,3,22,3,34,0,37,6,31,3,40,3,14,0,17,3,18,3,24,3,7,3,13,33,234,27,294
ILOC10600205,0,8,3,11,0,14,3,17,0,3,0,3,3,0,3,6,3,7,0,10,3,3,3,9,0,3,0,3,3,3,3,9,0,3,3,6,12,44,18,74,0,6,3,9,0,13,3,16,0,3,0,3,3,3,0,6,3,4,0,7,3,3,3,9,3,3,3,9,3,3,0,6,0,3,0,3,15,41,12,68,0,14,6,20,0,27,6,33,0,6,0,6,6,3,3,12,6,11,0,17,6,6,6,18,3,6,3,12,6,6,3,15,0,6,3,9,27,85,30,142
ILOC10600206,3,3,3,9,3,26,0,29,0,5,3,8,0,3,0,3,0,3,0,3,0,3,0,3,0,3,0,3,0,3,3,6,3,3,3,9,9,52,12,73,0,3,0,3,0,12,0,12,3,3,0,6,0,0,0,0,3,3,3,9,3,6,3,12,0,3,0,3,3,3,0,6,0,3,0,3,12,36,6,54,3,6,3,12,3,38,0,41,3,8,3,14,0,3,0,3,3,6,3,12,3,9,3,15,0,6,0,6,3,6,3,12,3,6,3,12,21,88,18,127
ILOC10600301,3,6,0,9,3,27,0,30,3,18,0,21,0,7,0,7,0,10,3,13,3,14,0,17,3,17,0,20,3,9,3,15,3,4,0,7,21,112,6,139,0,7,0,7,3,30,0,33,0,9,3,12,0,3,0,3,0,13,3,16,0,17,0,17,3,16,3,22,0,9,0,9,0,3,0,3,6,107,9,122,3,13,0,16,6,57,0,63,3,27,3,33,0,10,0,10,0,23,6,29,3,31,0,34,6,33,3,42,3,18,3,24,3,7,0,10,27,219,15,261
ILOC10600302,3,126,4,133,26,230,4,260,3,101,3,107,3,79,3,85,3,98,3,104,3,87,3,93,3,70,3,76,9,58,3,70,3,33,3,39,56,882,29,967,3,163,4,170,3,234,3,240,3,92,3,98,3,79,0,82,3,103,0,106,3,113,3,119,8,87,3,98,4,70,3,77,12,32,3,47,42,973,22,1037,6,289,8,303,29,464,7,500,6,193,6,205,6,158,3,167,6,201,3,210,6,200,6,212,11,157,6,174,13,128,6,147,15,65,6,86,98,1855,51,2004
ILOC10600303,3,109,7,119,18,227,14,259,3,111,3,117,3,69,4,76,0,94,28,122,3,89,9,101,14,84,3,101,12,55,3,70,5,35,3,43,61,873,74,1008,3,137,5,145,3,224,3,230,3,106,0,109,0,52,3,55,3,110,3,116,3,111,0,114,3,107,0,110,3,42,0,45,13,46,3,62,34,935,17,986,6,246,12,264,21,451,17,489,6,217,3,226,3,121,7,131,3,204,31,238,6,200,9,215,17,191,3,211,15,97,3,115,18,81,6,105,95,1808,91,1994
ILOC10600401,0,75,3,78,3,152,3,158,3,58,3,64,0,47,0,47,3,52,3,58,3,55,3,61,3,45,0,48,3,28,0,31,3,5,3,11,21,517,18,556,0,46,3,49,3,123,3,129,3,46,3,52,3,46,3,52,0,95,3,98,3,57,3,63,3,69,3,75,3,38,3,44,3,12,0,15,21,532,24,577,0,121,6,127,6,275,6,287,6,104,6,116,3,93,3,99,3,147,6,156,6,112,6,124,6,114,3,123,6,66,3,75,6,17,3,26,42,1049,42,1133
ILOC10600402,3,32,3,38,3,81,3,87,3,25,0,28,0,12,3,15,0,32,3,35,3,32,3,38,3,37,3,43,3,14,0,17,0,5,3,8,18,270,21,309,0,30,3,33,3,76,3,82,3,26,0,29,3,16,3,22,3,35,3,41,0,37,0,37,3,35,0,38,3,13,0,16,3,7,0,10,21,275,12,308,3,62,6,71,6,157,6,169,6,51,0,57,3,28,6,37,3,67,6,76,3,69,3,75,6,72,3,81,6,27,0,33,3,12,3,18,39,545,33,617
ILOC10600501,0,33,0,33,3,67,6,76,0,46,0,46,0,25,3,28,3,38,24,65,3,38,18,59,3,39,3,45,3,14,3,20,3,11,0,14,18,311,57,386,3,43,3,49,3,71,3,77,0,33,0,33,0,24,0,24,3,40,0,43,3,40,3,46,3,30,3,36,3,18,3,24,3,14,0,17,21,313,15,349,3,76,3,82,6,138,9,153,0,79,0,79,0,49,3,52,6,78,24,108,6,78,21,105,6,69,6,81,6,32,6,44,6,25,0,31,39,624,72,735
ILOC10600502,0,23,0,23,3,54,0,57,0,29,0,29,3,13,0,16,3,17,0,20,0,35,3,38,3,17,3,23,0,13,3,16,3,10,3,16,15,211,12,238,0,25,3,28,0,67,3,70,0,23,3,26,0,9,3,12,3,18,0,21,3,31,0,34,3,14,0,17,0,16,0,16,3,6,0,9,12,209,12,233,0,48,3,51,3,121,3,127,0,52,3,55,3,22,3,28,6,35,0,41,3,66,3,72,6,31,3,40,0,29,3,32,6,16,3,25,27,420,24,471
ILOC10600503,3,34,3,40,9,84,3,96,3,52,3,58,0,26,3,29,3,24,0,27,0,40,0,40,3,32,3,38,3,20,3,26,3,11,3,17,27,323,21,371,0,48,0,48,3,102,3,108,3,40,3,46,0,23,3,26,0,41,3,44,3,48,3,54,3,47,3,53,3,13,0,16,0,19,0,19,15,381,18,414,3,82,3,88,12,186,6,204,6,92,6,104,0,49,6,55,3,65,3,71,3,88,3,94,6,79,6,91,6,33,3,42,3,30,3,36,42,704,39,785
ILOC10700101,0,9,6,15,3,10,11,24,0,14,3,17,0,21,5,26,3,18,45,66,0,17,30,47,0,20,3,23,3,7,3,13,3,3,3,9,12,119,109,240,3,15,0,18,0,24,3,27,0,5,3,8,3,15,3,21,0,27,10,37,0,18,3,21,3,13,3,19,3,10,0,13,0,11,0,11,12,138,25,175,3,24,6,33,3,34,14,51,0,19,6,25,3,36,8,47,3,45,55,103,0,35,33,68,3,33,6,42,6,17,3,26,3,14,3,20,24,257,134,415
ILOC10700201,3,30,3,36,3,64,3,70,3,39,3,45,3,16,0,19,3,36,0,39,3,37,0,40,3,19,3,25,3,21,0,24,0,11,3,14,24,273,15,312,0,31,0,31,0,59,3,62,3,29,3,35,0,30,3,33,3,40,0,43,0,36,0,36,3,30,3,36,3,36,0,39,0,13,0,13,12,304,12,328,3,61,3,67,3,123,6,132,6,68,6,80,3,46,3,52,6,76,0,82,3,73,0,76,6,49,6,61,6,57,0,63,0,24,3,27,36,577,27,640
ILOC10700301,3,60,4,67,0,126,0,126,0,41,0,41,0,18,3,21,3,28,3,34,0,20,0,20,3,20,0,23,3,11,0,14,0,4,0,4,12,328,10,350,0,52,4,56,3,83,3,89,3,35,3,41,3,29,0,32,0,55,3,58,3,33,0,36,3,19,0,22,3,16,3,22,0,3,3,6,18,325,19,362,3,112,8,123,3,209,3,215,3,76,3,82,3,47,3,53,3,83,6,92,3,53,0,56,6,39,0,45,6,27,3,36,0,7,3,10,30,653,29,712
ILOC10700302,0,19,0,19,3,39,3,45,0,17,0,17,0,15,0,15,0,16,0,16,0,11,0,11,3,9,0,12,0,3,0,3,0,3,3,6,6,132,6,144,3,20,0,23,0,35,3,38,0,12,0,12,3,10,0,13,3,16,3,22,0,16,0,16,3,6,3,12,3,3,0,6,3,3,3,9,18,121,12,151,3,39,0,42,3,74,6,83,0,29,0,29,3,25,0,28,3,32,3,38,0,27,0,27,6,15,3,24,3,6,0,9,3,6,6,15,24,253,18,295
ILOC10700303,3,26,3,32,3,51,3,57,0,24,0,24,0,19,0,19,3,27,3,33,3,22,3,28,3,12,3,18,0,8,0,8,3,7,3,13,18,196,18,232,0,28,3,31,3,43,3,49,3,23,0,26,3,15,3,21,0,27,3,30,3,23,3,29,3,13,0,16,3,14,3,20,3,5,0,8,21,191,18,230,3,54,6,63,6,94,6,106,3,47,0,50,3,34,3,40,3,54,6,63,6,45,6,57,6,25,3,34,3,22,3,28,6,12,3,21,39,387,36,462
ILOC10700304,3,47,3,53,3,96,3,102,3,38,3,44,3,20,3,26,3,44,3,50,3,33,3,39,3,40,3,46,3,14,0,17,3,13,3,19,27,345,24,396,3,50,3,56,0,78,0,78,0,44,3,47,0,37,0,37,3,49,3,55,3,45,0,48,3,39,0,42,3,24,0,27,3,10,3,16,18,376,12,406,6,97,6,109,3,174,3,180,3,82,6,91,3,57,3,63,6,93,6,105,6,78,3,87,6,79,3,88,6,38,0,44,6,23,6,35,45,721,36,802
ILOC10700305,0,11,0,11,3,13,0,16,0,12,0,12,3,3,0,6,0,11,0,11,0,3,3,6,0,4,3,7,0,4,0,4,0,0,0,0,6,61,6,73,0,6,3,9,0,21,3,24,0,5,3,8,3,3,3,9,0,12,3,15,3,5,0,8,0,11,0,11,3,4,3,10,3,3,0,6,12,70,18,100,0,17,3,20,3,34,3,40,0,17,3,20,6,6,3,15,0,23,3,26,3,8,3,14,0,15,3,18,3,8,3,14,3,3,0,6,18,131,24,173
ILOC10700306,0,51,3,54,13,106,3,122,3,53,3,59,0,29,0,29,3,40,3,46,3,44,0,47,3,24,3,30,0,18,3,21,3,11,0,14,28,376,18,422,0,50,3,53,3,113,3,119,3,56,0,59,3,34,0,37,3,47,0,50,3,67,3,73,3,37,3,43,3,32,0,35,3,6,3,12,24,442,15,481,0,101,6,107,16,219,6,241,6,109,3,118,3,63,0,66,6,87,3,96,6,111,3,120,6,61,6,73,3,50,3,56,6,17,3,26,52,818,33,903
ILOC10700307,3,11,3,17,0,14,0,14,0,13,0,13,0,5,0,5,3,3,3,9,0,4,3,7,0,3,3,6,0,5,0,5,0,3,0,3,6,61,12,79,0,5,3,8,0,18,3,21,0,10,3,13,3,4,0,7,0,3,3,6,3,9,0,12,3,3,0,6,3,0,3,6,3,0,3,6,15,52,18,85,3,16,6,25,0,32,3,35,0,23,3,26,3,9,0,12,3,6,6,15,3,13,3,19,3,6,3,12,3,5,3,11,3,3,3,9,21,113,30,164
ILOC10700308,0,14,0,14,3,34,3,40,3,10,0,13,0,4,0,4,0,13,0,13,0,13,0,13,3,9,0,12,0,3,0,3,0,0,0,0,9,100,3,112,0,14,0,14,0,30,3,33,0,13,3,16,0,4,0,4,0,14,0,14,0,9,0,9,3,7,0,10,0,6,0,6,0,3,0,3,3,100,6,109,0,28,0,28,3,64,6,73,3,23,3,29,0,8,0,8,0,27,0,27,0,22,0,22,6,16,0,22,0,9,0,9,0,3,0,3,12,200,9,221
ILOC10700309,0,17,3,20,3,35,0,38,3,19,0,22,0,12,0,12,0,20,3,23,3,10,0,13,0,16,0,16,3,6,0,9,0,3,3,6,12,138,9,159,3,9,3,15,0,28,3,31,3,16,0,19,3,11,3,17,0,16,0,16,3,18,0,21,0,15,0,15,0,5,0,5,3,3,0,6,15,121,9,145,3,26,6,35,3,63,3,69,6,35,0,41,3,23,3,29,0,36,3,39,6,28,0,34,0,31,0,31,3,11,0,14,3,6,3,12,27,259,18,304
ILOC10700310,0,23,3,26,3,52,0,55,0,26,0,26,3,13,0,16,0,8,3,11,3,13,3,19,0,6,0,6,3,3,3,9,3,3,0,6,15,147,12,174,0,21,3,24,3,33,0,36,3,11,0,14,0,14,0,14,3,16,0,19,0,17,0,17,0,9,3,12,3,3,0,6,0,4,0,4,12,128,6,146,0,44,6,50,6,85,0,91,3,37,0,40,3,27,0,30,3,24,3,30,3,30,3,36,0,15,3,18,6,6,3,15,3,7,0,10,27,275,18,320
ILOC10700311,0,4,3,7,3,16,0,19,0,8,0,8,3,3,3,9,0,3,3,6,0,7,0,7,3,3,0,6,0,4,0,4,0,0,0,0,9,48,9,66,0,10,0,10,3,8,0,11,3,10,0,13,3,3,3,9,0,6,3,9,3,8,0,11,3,3,3,9,3,3,0,6,3,3,0,6,21,54,9,84,0,14,3,17,6,24,0,30,3,18,0,21,6,6,6,18,0,9,6,15,3,15,0,18,6,6,3,15,3,7,0,10,3,3,0,6,30,102,18,150
ILOC10700312,0,12,3,15,3,11,3,17,3,20,0,23,0,18,3,21,3,16,3,22,3,11,3,17,3,17,3,23,3,5,3,11,3,5,0,8,21,115,21,157,3,13,0,16,0,25,3,28,0,18,0,18,0,12,0,12,0,13,3,16,0,23,3,26,3,6,0,9,0,7,0,7,3,8,3,14,9,125,12,146,3,25,3,31,3,36,6,45,3,38,0,41,0,30,3,33,3,29,6,38,3,34,6,43,6,23,3,32,3,12,3,18,6,13,3,22,30,240,33,303
ILOC10700313,0,22,3,25,3,62,3,68,0,27,0,27,0,15,0,15,3,17,0,20,3,20,3,26,0,3,3,6,0,6,3,9,3,3,3,9,12,175,18,205,0,23,3,26,3,38,0,41,3,17,0,20,3,10,0,13,3,19,0,22,3,17,3,23,3,15,0,18,0,14,0,14,3,3,0,6,21,156,6,183,0,45,6,51,6,100,3,109,3,44,0,47,3,25,0,28,6,36,0,42,6,37,6,49,3,18,3,24,0,20,3,23,6,6,3,15,33,331,24,388
ILOC10700314,0,15,3,18,3,41,3,47,0,22,3,25,3,5,0,8,3,14,3,20,3,19,0,22,0,7,0,7,3,3,0,6,0,3,0,3,15,129,12,156,3,19,3,25,0,45,3,48,3,7,0,10,3,5,3,11,3,18,0,21,3,16,0,19,0,9,3,12,3,9,3,15,0,3,0,3,18,131,15,164,3,34,6,43,3,86,6,95,3,29,3,35,6,10,3,19,6,32,3,41,6,35,0,41,0,16,3,19,6,12,3,21,0,6,0,6,33,260,27,320
ILOC10700315,3,52,0,55,6,94,5,105,3,38,3,44,3,25,0,28,3,29,3,35,3,22,3,28,3,27,0,30,0,15,3,18,3,8,0,11,27,310,17,354,0,50,3,53,3,73,3,79,0,46,3,49,0,40,0,40,3,43,3,49,0,30,3,33,3,30,3,36,3,17,0,20,3,17,0,20,15,346,18,379,3,102,3,108,9,167,8,184,3,84,6,93,3,65,0,68,6,72,6,84,3,52,6,61,6,57,3,66,3,32,3,38,6,25,0,31,42,656,35,733
ILOC10700316,0,14,0,14,0,24,11,35,3,20,3,26,0,11,18,29,0,20,48,68,0,18,12,30,0,10,3,13,3,3,3,9,0,0,0,0,6,120,98,224,0,10,3,13,3,28,0,31,3,15,0,18,0,10,3,13,0,17,3,20,0,11,0,11,0,9,3,12,0,4,0,4,3,8,0,11,9,112,12,133,0,24,3,27,3,52,11,66,6,35,3,44,0,21,21,42,0,37,51,88,0,29,12,41,0,19,6,25,3,7,3,13,3,8,0,11,15,232,110,357
ILOC10700317,3,31,3,37,0,39,3,42,0,28,3,31,0,12,0,12,3,18,3,24,3,18,0,21,0,9,0,9,3,5,0,8,3,3,3,9,15,163,15,193,0,22,3,25,3,44,3,50,3,16,3,22,0,18,3,21,3,24,0,27,3,19,3,25,0,14,3,17,0,6,0,6,0,3,0,3,12,166,18,196,3,53,6,62,3,83,6,92,3,44,6,53,0,30,3,33,6,42,3,51,6,37,3,46,0,23,3,26,3,11,0,14,3,6,3,12,27,329,33,389
ILOC10700318,0,17,0,17,0,29,0,29,3,16,0,19,3,9,0,12,0,14,0,14,3,6,0,9,3,5,3,11,3,7,0,10,3,5,0,8,18,108,3,129,0,16,0,16,3,23,3,29,0,11,3,14,0,9,3,12,3,11,0,14,0,22,3,25,3,10,3,16,3,7,0,10,3,4,0,7,15,113,15,143,0,33,0,33,3,52,3,58,3,27,3,33,3,18,3,24,3,25,0,28,3,28,3,34,6,15,6,27,6,14,0,20,6,9,0,15,33,221,18,272
ILOC10700319,3,32,3,38,3,93,3,99,3,34,3,40,0,23,3,26,0,21,3,24,3,21,3,27,3,19,0,22,3,13,0,16,3,4,3,10,21,260,21,302,3,40,3,46,3,53,3,59,3,27,0,30,0,16,0,16,0,49,0,49,0,38,0,38,3,12,3,18,0,12,3,15,0,4,0,4,12,251,12,275,6,72,6,84,6,146,6,158,6,61,3,70,0,39,3,42,0,70,3,73,3,59,3,65,6,31,3,40,3,25,3,31,3,8,3,14,33,511,33,577
ILOC10700320,3,24,3,30,3,68,0,71,3,18,0,21,0,13,0,13,0,20,3,23,3,13,0,16,0,10,3,13,0,4,0,4,3,3,3,9,15,173,12,200,3,19,3,25,3,62,3,68,0,25,0,25,0,19,0,19,3,24,0,27,3,29,0,32,3,16,3,22,0,5,3,8,0,3,0,3,15,202,12,229,6,43,6,55,6,130,3,139,3,43,0,46,0,32,0,32,3,44,3,50,6,42,0,48,3,26,6,35,0,9,3,12,3,6,3,12,30,375,24,429
ILOC10700401,0,10,0,10,3,23,0,26,0,7,0,7,0,3,0,3,0,6,0,6,0,7,0,7,0,7,0,7,0,6,0,6,3,3,0,6,6,72,0,78,3,8,0,11,0,14,0,14,3,6,0,9,3,6,0,9,3,7,3,13,0,14,0,14,3,5,3,11,3,5,0,8,3,3,0,6,21,68,6,95,3,18,0,21,3,37,0,40,3,13,0,16,3,9,0,12,3,13,3,19,0,21,0,21,3,12,3,18,3,11,0,14,6,6,0,12,27,140,6,173
ILOC10700402,0,15,3,18,3,48,3,54,0,27,0,27,3,12,0,15,3,17,3,23,3,17,3,23,0,26,0,26,0,8,0,8,3,7,0,10,15,177,12,204,3,22,0,25,3,35,0,38,3,24,0,27,0,15,3,18,0,17,0,17,0,21,3,24,3,19,0,22,0,12,3,15,3,5,0,8,15,170,9,194,3,37,3,43,6,83,3,92,3,51,0,54,3,27,3,33,3,34,3,40,3,38,6,47,3,45,0,48,0,20,3,23,6,12,0,18,30,347,21,398
ILOC10700403,0,14,3,17,3,39,0,42,3,15,0,18,3,14,3,20,0,15,3,18,3,16,0,19,3,12,3,18,3,6,3,12,3,3,3,9,21,134,18,173,0,16,3,19,0,27,3,30,0,23,0,23,3,21,0,24,0,11,0,11,0,22,3,25,3,17,3,23,3,10,0,13,3,3,0,6,12,150,12,174,0,30,6,36,3,66,3,72,3,38,0,41,6,35,3,44,0,26,3,29,3,38,3,44,6,29,6,41,6,16,3,25,6,6,3,15,33,284,30,347
ILOC10700404,3,14,0,17,3,31,3,37,0,21,0,21,0,7,0,7,3,7,0,10,3,11,0,14,3,21,0,24,3,7,0,10,0,3,3,6,18,122,6,146,0,15,3,18,0,22,0,22,0,17,0,17,3,8,3,14,3,13,3,19,3,8,0,11,3,13,3,19,3,9,0,12,3,3,0,6,18,108,12,138,3,29,3,35,3,53,3,59,0,38,0,38,3,15,3,21,6,20,3,29,6,19,0,25,6,34,3,43,6,16,0,22,3,6,3,12,36,230,18,284
ILOC10700405,0,6,0,6,3,17,3,23,0,7,0,7,0,6,0,6,3,12,0,15,0,3,3,6,3,3,3,9,0,6,0,6,0,3,3,6,9,63,12,84,0,8,0,8,3,6,3,12,3,5,0,8,0,8,0,8,3,9,0,12,3,6,3,12,0,10,0,10,3,4,0,7,3,0,0,3,18,56,6,80,0,14,0,14,6,23,6,35,3,12,0,15,0,14,0,14,6,21,0,27,3,9,6,18,3,13,3,19,3,10,0,13,3,3,3,9,27,119,18,164
ILOC10700501,3,34,0,37,3,59,0,62,0,19,0,19,0,30,0,30,3,30,3,36,3,37,3,43,3,30,3,36,0,15,3,18,3,11,3,17,18,265,15,298,3,27,0,30,3,54,3,60,0,39,3,42,0,20,3,23,3,30,3,36,3,36,3,42,3,33,3,39,3,23,3,29,3,17,0,20,21,279,21,321,6,61,0,67,6,113,3,122,0,58,3,61,0,50,3,53,6,60,6,72,6,73,6,85,6,63,6,75,3,38,6,47,6,28,3,37,39,544,36,619
ILOC10700601,3,76,3,82,4,153,3,160,3,64,3,70,3,33,3,39,3,63,0,66,3,63,0,66,3,44,3,50,3,19,0,22,3,16,0,19,28,531,15,574,0,71,0,71,3,133,3,139,0,63,3,66,0,37,3,40,3,57,3,63,0,80,0,80,3,48,0,51,3,30,0,33,3,9,0,12,15,528,12,555,3,147,3,153,7,286,6,299,3,127,6,136,3,70,6,79,6,120,3,129,3,143,0,146,6,92,3,101,6,49,0,55,6,25,0,31,43,1059,27,1129
ILOC10700701,3,24,3,30,3,79,3,85,3,32,0,35,3,14,0,17,3,16,3,22,3,15,0,18,3,11,0,14,4,8,0,12,3,3,0,6,28,202,9,239,0,26,3,29,3,76,3,82,3,35,3,41,0,17,0,17,3,31,0,34,3,30,0,33,3,16,0,19,4,16,0,20,0,3,0,3,19,250,9,278,3,50,6,59,6,155,6,167,6,67,3,76,3,31,0,34,6,47,3,56,6,45,0,51,6,27,0,33,8,24,0,32,3,6,0,9,47,452,18,517
ILOC10700702,0,39,3,42,0,31,3,34,0,15,3,18,0,16,0,16,0,17,0,17,3,8,0,11,3,13,3,19,3,5,0,8,0,3,0,3,9,147,12,168,0,15,3,18,3,40,0,43,3,24,3,30,0,14,3,17,0,21,3,24,3,15,0,18,3,15,3,21,3,5,3,11,0,0,0,0,15,149,18,182,0,54,6,60,3,71,3,77,3,39,6,48,0,30,3,33,0,38,3,41,6,23,0,29,6,28,6,40,6,10,3,19,0,3,0,3,24,296,30,350
ILOC10700703,3,14,3,20,3,29,3,35,0,7,3,10,3,6,0,9,3,15,0,18,0,10,3,13,3,5,0,8,0,7,3,10,0,3,0,3,15,96,15,126,0,18,0,18,3,22,3,28,3,11,3,17,3,15,0,18,0,17,0,17,3,10,0,13,0,12,0,12,0,12,0,12,0,3,0,3,12,120,6,138,3,32,3,38,6,51,6,63,3,18,6,27,6,21,0,27,3,32,0,35,3,20,3,26,3,17,0,20,0,19,3,22,0,6,0,6,27,216,21,264
ILOC10700704,0,0,0,0,0,10,0,10,0,0,0,0,0,3,0,3,0,3,0,3,0,3,0,3,3,0,0,3,0,0,0,0,3,3,3,9,6,22,3,31,3,3,3,9,0,3,0,3,3,0,0,3,0,0,0,0,0,3,0,3,0,3,0,3,0,0,0,0,3,3,0,6,0,0,3,3,9,15,6,30,3,3,3,9,0,13,0,13,3,0,0,3,0,3,0,3,0,6,0,6,0,6,0,6,3,0,0,3,3,3,0,6,3,3,6,12,15,37,9,61
ILOC10700705,3,38,3,44,4,83,0,87,0,31,3,34,3,23,0,26,3,43,3,49,3,34,0,37,3,19,3,25,0,24,0,24,3,5,0,8,22,300,12,334,0,48,3,51,0,86,0,86,0,52,0,52,3,35,0,38,0,54,3,57,3,41,0,44,3,29,0,32,0,16,3,19,3,13,3,19,12,374,12,398,3,86,6,95,4,169,0,173,0,83,3,86,6,58,0,64,3,97,6,106,6,75,0,81,6,48,3,57,0,40,3,43,6,18,3,27,34,674,24,732
ILOC10700706,3,39,3,45,3,81,3,87,3,12,0,15,3,10,3,16,3,24,0,27,0,12,3,15,3,5,0,8,3,3,3,9,0,0,0,0,21,186,15,222,3,43,3,49,0,69,3,72,0,17,3,20,0,22,0,22,3,40,3,46,0,22,0,22,3,13,0,16,3,3,0,6,3,5,0,8,15,234,12,261,6,82,6,94,3,150,6,159,3,29,3,35,3,32,3,38,6,64,3,73,0,34,3,37,6,18,0,24,6,6,3,15,3,5,0,8,36,420,27,483
ILOC10700707,3,18,3,24,3,20,3,26,3,20,3,26,3,14,0,17,0,16,0,16,3,7,3,13,3,14,0,17,3,3,0,6,0,6,0,6,21,118,12,151,0,26,0,26,3,25,0,28,3,16,0,19,0,8,0,8,0,19,0,19,0,13,3,16,3,16,3,22,0,9,3,12,3,5,0,8,12,137,9,158,3,44,3,50,6,45,3,54,6,36,3,45,3,22,0,25,0,35,0,35,3,20,6,29,6,30,3,39,3,12,3,18,3,11,0,14,33,255,21,309
ILOC10700708,0,48,0,48,3,68,3,74,3,35,0,38,3,21,3,27,3,20,0,23,3,20,3,26,3,29,0,32,3,11,3,17,3,3,3,9,24,255,15,294,0,41,3,44,0,69,3,72,0,44,3,47,3,23,3,29,0,48,0,48,3,33,0,36,3,22,0,25,3,17,3,23,3,4,3,10,15,301,18,334,0,89,3,92,3,137,6,146,3,79,3,85,6,44,6,56,3,68,0,71,6,53,3,62,6,51,0,57,6,28,6,40,6,7,6,19,39,556,33,628
ILOC10700709,0,25,3,28,3,29,3,35,3,18,0,21,0,18,0,18,3,10,3,16,3,12,3,18,0,10,0,10,3,3,3,9,3,3,0,6,18,128,15,161,0,20,0,20,0,43,3,46,0,27,0,27,0,16,3,19,3,13,0,16,3,25,3,31,3,16,3,22,3,14,0,17,0,7,3,10,12,181,15,208,0,45,3,48,3,72,6,81,3,45,0,48,0,34,3,37,6,23,3,32,6,37,6,49,3,26,3,32,6,17,3,26,3,10,3,16,30,309,30,369
ILOC10700710,3,31,3,37,3,40,3,46,3,24,0,27,0,11,3,14,0,23,3,26,0,19,0,19,0,10,0,10,3,3,3,9,0,3,3,6,12,164,18,194,3,29,3,35,3,42,0,45,3,21,0,24,0,22,0,22,0,25,3,28,0,23,0,23,3,15,0,18,0,12,3,15,3,3,3,9,15,192,12,219,6,60,6,72,6,82,3,91,6,45,0,51,0,33,3,36,0,48,6,54,0,42,0,42,3,25,0,28,3,15,6,24,3,6,6,15,27,356,30,413
ILOC10700711,0,17,3,20,3,33,0,36,0,13,3,16,3,3,3,9,3,7,0,10,0,10,0,10,3,4,0,7,0,6,0,6,0,3,0,3,12,96,9,117,0,27,0,27,0,35,3,38,0,21,0,21,0,8,3,11,0,15,3,18,3,16,0,19,3,14,3,20,0,3,0,3,3,3,0,6,9,142,12,163,0,44,3,47,3,68,3,74,0,34,3,37,3,11,6,20,3,22,3,28,3,26,0,29,6,18,3,27,0,9,0,9,3,6,0,9,21,238,21,280
ILOC10700712,0,4,0,4,3,25,0,28,3,8,0,11,3,11,0,14,3,7,3,13,0,7,3,10,3,3,3,9,0,3,3,6,0,3,0,3,15,71,12,98,0,8,0,8,0,20,3,23,3,3,0,6,0,7,0,7,0,6,3,9,3,17,0,20,3,3,0,6,3,6,0,9,3,0,0,3,15,70,6,91,0,12,0,12,3,45,3,51,6,11,0,17,3,18,0,21,3,13,6,22,3,24,3,30,6,6,3,15,3,9,3,15,3,3,0,6,30,141,18,189
ILOC10700713,0,13,3,16,3,25,0,28,3,7,3,13,0,8,3,11,0,12,0,12,3,7,0,10,0,5,0,5,0,5,3,8,0,3,0,3,9,85,12,106,0,20,0,20,0,25,0,25,3,8,0,11,3,3,0,6,3,15,3,21,0,16,0,16,3,5,3,11,0,4,0,4,0,0,3,3,12,96,9,117,0,33,3,36,3,50,0,53,6,15,3,24,3,11,3,17,3,27,3,33,3,23,0,26,3,10,3,16,0,9,3,12,0,3,3,6,21,181,21,223
ILOC10700801,3,16,3,22,3,14,3,20,3,13,0,16,0,3,3,6,0,6,0,6,3,9,3,15,3,9,3,15,3,8,3,14,3,3,3,9,21,81,21,123,0,9,3,12,0,17,3,20,3,9,0,12,0,11,0,11,3,13,3,19,3,8,0,11,3,9,3,15,0,6,0,6,3,8,0,11,15,90,12,117,3,25,6,34,3,31,6,40,6,22,0,28,0,14,3,17,3,19,3,25,6,17,3,26,6,18,6,30,3,14,3,20,6,11,3,20,36,171,33,240
ILOC10700802,0,21,3,24,3,44,3,50,3,23,3,29,0,18,3,21,3,17,3,23,3,26,3,32,0,14,3,17,3,17,0,20,3,9,3,15,18,189,24,231,3,20,3,26,3,46,3,52,0,30,3,33,3,19,0,22,0,30,3,33,3,30,3,36,3,34,3,40,3,28,3,34,3,9,0,12,21,246,21,288,3,41,6,50,6,90,6,102,3,53,6,62,3,37,3,43,3,47,6,56,6,56,6,68,3,48,6,57,6,45,3,54,6,18,3,27,39,435,45,519
ILOC10700803,0,32,0,32,3,68,3,74,0,42,3,45,3,22,3,28,3,24,0,27,0,33,3,36,0,31,0,31,3,15,0,18,3,14,0,17,15,281,12,308,0,29,0,29,0,71,0,71,0,38,0,38,0,24,3,27,3,37,3,43,0,47,0,47,3,30,3,36,3,22,3,28,3,16,3,22,12,314,15,341,0,61,0,61,3,139,3,145,0,80,3,83,3,46,6,55,6,61,3,70,0,80,3,83,3,61,3,67,6,37,3,46,6,30,3,39,27,595,27,649
ILOC10700804,0,37,3,40,0,59,3,62,0,43,0,43,3,31,0,34,3,44,0,47,3,40,3,46,3,40,3,46,3,29,3,35,3,7,3,13,18,330,18,366,0,46,3,49,0,65,3,68,3,26,0,29,0,28,3,31,3,77,0,80,3,54,3,60,3,56,3,62,3,17,0,20,3,17,3,23,18,386,18,422,0,83,6,89,0,124,6,130,3,69,0,72,3,59,3,65,6,121,0,127,6,94,6,106,6,96,6,108,6,46,3,55,6,24,6,36,36,716,36,788
ILOC10700901,3,58,4,65,5,93,7,105,3,55,0,58,3,40,0,43,0,40,3,43,0,37,3,40,3,31,0,34,3,38,3,44,4,12,3,19,24,404,23,451,3,46,5,54,3,85,3,91,3,43,3,49,3,32,3,38,3,53,3,59,3,48,0,51,3,43,3,49,3,21,0,24,6,24,0,30,30,395,20,445,6,104,9,119,8,178,10,196,6,98,3,107,6,72,3,81,3,93,6,102,3,85,3,91,6,74,3,83,6,59,3,68,10,36,3,49,54,799,43,896
ILOC10700902,3,16,3,22,3,41,3,47,3,35,0,38,0,22,0,22,0,22,3,25,3,16,0,19,3,18,3,24,3,6,0,9,0,3,3,6,18,179,15,212,3,15,3,21,3,38,3,44,3,27,0,30,0,7,0,7,3,25,3,31,0,22,3,25,3,25,3,31,3,12,3,18,0,3,3,6,18,174,21,213,6,31,6,43,6,79,6,91,6,62,0,68,0,29,0,29,3,47,6,56,3,38,3,44,6,43,6,55,6,18,3,27,0,6,6,12,36,353,36,425
ILOC10701001,0,27,3,30,3,52,3,58,0,24,0,24,3,20,0,23,3,19,3,25,3,15,0,18,3,27,0,30,3,16,0,19,0,4,3,7,18,204,12,234,0,21,0,21,0,38,0,38,3,23,0,26,0,24,0,24,0,16,0,16,3,22,3,28,3,25,0,28,0,10,3,13,0,8,0,8,9,187,6,202,0,48,3,51,3,90,3,96,3,47,0,50,3,44,0,47,3,35,3,41,6,37,3,46,6,52,0,58,3,26,3,32,0,12,3,15,27,391,18,436
ILOC10701002,3,14,0,17,3,35,0,38,0,19,3,22,3,13,3,19,3,17,3,23,3,17,3,23,3,12,3,18,3,3,0,6,3,3,0,6,24,133,15,172,0,12,0,12,0,36,0,36,0,20,3,23,3,11,0,14,3,23,3,29,0,21,3,24,3,19,3,25,0,13,0,13,0,4,3,7,9,159,15,183,3,26,0,29,3,71,0,74,0,39,6,45,6,24,3,33,6,40,6,52,3,38,6,47,6,31,6,43,3,16,0,19,3,7,3,13,33,292,30,355
ILOC10701003,0,52,3,55,3,118,0,121,3,36,0,39,3,36,3,42,3,40,0,43,3,37,0,40,0,24,3,27,0,18,3,21,3,8,0,11,18,369,12,399,0,56,3,59,3,89,0,92,3,51,0,54,0,33,0,33,3,42,0,45,3,37,3,43,3,40,3,46,3,10,3,16,3,4,3,10,21,362,15,398,0,108,6,114,6,207,0,213,6,87,0,93,3,69,3,75,6,82,0,88,6,74,3,83,3,64,6,73,3,28,6,37,6,12,3,21,39,731,27,797
ILOC10701101,3,57,3,63,3,62,0,65,3,32,0,35,0,36,3,39,3,40,3,46,3,49,3,55,3,31,3,37,0,22,0,22,3,15,3,21,21,344,18,383,0,39,3,42,3,74,3,80,0,45,3,48,3,38,3,44,0,48,0,48,3,49,3,55,3,48,0,51,3,31,0,34,3,19,3,25,18,391,18,427,3,96,6,105,6,136,3,145,3,77,3,83,3,74,6,83,3,88,3,94,6,98,6,110,6,79,3,88,3,53,0,56,6,34,6,46,39,735,36,810
ILOC10701201,0,37,0,37,3,62,3,68,0,27,0,27,3,23,0,26,0,43,3,46,3,37,0,40,0,30,3,33,3,23,0,26,3,17,3,23,15,299,12,326,3,37,0,40,0,76,0,76,3,48,3,54,3,24,0,27,3,42,0,45,3,50,3,56,3,40,3,46,3,22,0,25,3,13,3,19,24,352,12,388,3,74,0,77,3,138,3,144,3,75,3,81,6,47,0,53,3,85,3,91,6,87,3,96,3,70,6,79,6,45,0,51,6,30,6,42,39,651,24,714
ILOC10701301,0,17,0,17,0,43,3,46,0,26,3,29,3,19,3,25,0,21,3,24,3,26,3,32,3,11,3,17,3,14,3,20,3,7,3,13,15,184,24,223,0,16,0,16,3,24,0,27,3,21,0,24,0,20,0,20,0,27,0,27,3,24,3,30,3,18,3,24,0,13,3,16,3,6,3,12,15,169,12,196,0,33,0,33,3,67,3,73,3,47,3,53,3,39,3,45,0,48,3,51,6,50,6,62,6,29,6,41,3,27,6,36,6,13,6,25,30,353,36,419
ILOC10701401,0,26,0,26,3,44,3,50,3,29,3,35,0,19,0,19,3,28,0,31,3,16,3,22,3,23,3,29,0,16,0,16,3,7,0,10,18,208,12,238,3,31,0,34,0,53,3,56,0,19,0,19,0,20,3,23,3,27,3,33,3,33,3,39,3,25,0,28,3,16,3,22,3,9,0,12,18,233,15,266,3,57,0,60,3,97,6,106,3,48,3,54,0,39,3,42,6,55,3,64,6,49,6,61,6,48,3,57,3,32,3,38,6,16,0,22,36,441,27,504
ILOC10701402,0,7,0,7,3,27,0,30,0,6,0,6,0,7,3,10,0,10,3,13,0,16,0,16,3,7,0,10,3,4,0,7,0,6,3,9,9,90,9,108,3,11,0,14,3,23,3,29,0,12,0,12,0,12,3,15,0,16,0,16,3,9,0,12,3,10,3,16,0,9,0,9,3,3,0,6,15,105,9,129,3,18,0,21,6,50,3,59,0,18,0,18,0,19,6,25,0,26,3,29,3,25,0,28,6,17,3,26,3,13,0,16,3,9,3,15,24,195,18,237
ILOC10701501,0,13,3,16,3,30,3,36,0,17,0,17,0,15,0,15,0,13,0,13,0,14,0,14,0,15,3,18,0,8,0,8,0,4,0,4,3,129,9,141,0,10,0,10,0,33,0,33,3,16,3,22,3,5,3,11,3,16,0,19,0,16,3,19,0,18,0,18,0,4,0,4,0,11,3,14,9,129,12,150,0,23,3,26,3,63,3,69,3,33,3,39,3,20,3,26,3,29,0,32,0,30,3,33,0,33,3,36,0,12,0,12,0,15,3,18,12,258,21,291
ILOC10701502,3,129,5,137,31,227,15,273,3,117,3,123,3,77,3,83,3,80,3,86,3,102,0,105,3,66,3,72,8,40,3,51,3,19,3,25,60,857,38,955,0,108,4,112,4,237,3,244,3,120,3,126,0,67,3,70,3,102,3,108,3,90,3,96,10,88,3,101,3,50,3,56,4,22,0,26,30,884,25,939,3,237,9,249,35,464,18,517,6,237,6,249,3,144,6,153,6,182,6,194,6,192,3,201,13,154,6,173,11,90,6,107,7,41,3,51,90,1741,63,1894
ILOC10701601,3,25,3,31,0,35,3,38,0,23,3,26,3,18,3,24,3,33,0,36,3,27,3,33,3,17,3,23,3,14,3,20,0,9,3,12,18,201,24,243,0,27,0,27,0,27,3,30,3,17,0,20,3,28,0,31,3,45,3,51,3,35,3,41,3,36,3,42,0,24,0,24,3,12,3,18,18,251,15,284,3,52,3,58,0,62,6,68,3,40,3,46,6,46,3,55,6,78,3,87,6,62,6,74,6,53,6,65,3,38,3,44,3,21,6,30,36,452,39,527
ILOC10701701,3,116,3,122,24,208,12,244,3,106,3,112,3,52,3,58,3,96,3,102,3,83,3,89,19,71,3,93,8,50,3,61,3,18,3,24,69,800,36,905,3,94,3,100,7,195,0,202,3,102,3,108,0,71,3,74,3,125,3,131,3,106,3,112,7,103,3,113,5,49,0,54,21,32,3,56,52,877,21,950,6,210,6,222,31,403,12,446,6,208,6,220,3,123,6,132,6,221,6,233,6,189,6,201,26,174,6,206,13,99,3,115,24,50,6,80,121,1677,57,1855
ILOC10701702,0,42,3,45,3,103,3,109,0,38,3,41,0,23,0,23,3,32,0,35,0,33,0,33,0,29,0,29,3,17,0,20,3,13,0,16,12,330,9,351,0,24,3,27,3,90,3,96,3,53,3,59,3,22,0,25,3,44,0,47,0,57,0,57,3,37,0,40,3,21,0,24,3,5,3,11,21,353,12,386,0,66,6,72,6,193,6,205,3,91,6,100,3,45,0,48,6,76,0,82,0,90,0,90,3,66,0,69,6,38,0,44,6,18,3,27,33,683,21,737
ILOC10701801,0,0,0,0,0,3,0,3,0,0,3,3,0,0,0,0,0,0,0,0,0,0,0,0,0,0,0,0,0,3,0,3,3,0,0,3,3,6,3,12,0,0,0,0,0,0,0,0,0,0,0,0,0,0,0,0,0,0,0,0,3,0,0,3,0,0,3,3,0,0,0,0,0,3,0,3,3,3,3,9,0,0,0,0,0,3,0,3,0,0,3,3,0,0,0,0,0,0,0,0,3,0,0,3,0,0,3,3,0,3,0,3,3,3,0,6,6,9,6,21
ILOC10701901,3,46,3,52,4,82,4,90,3,37,3,43,3,40,3,46,3,68,3,74,3,73,3,79,3,58,0,61,3,32,3,38,3,18,3,24,28,454,25,507,3,37,3,43,0,71,3,74,3,54,3,60,3,58,3,64,0,95,3,98,3,90,3,96,3,74,3,80,3,48,3,54,3,14,0,17,21,541,24,586,6,83,6,95,4,153,7,164,6,91,6,103,6,98,6,110,3,163,6,172,6,163,6,175,6,132,3,141,6,80,6,92,6,32,3,41,49,995,49,1093
ILOC10702001,0,34,3,37,3,66,3,72,0,19,0,19,0,26,3,29,0,34,0,34,3,54,0,57,3,46,3,52,3,30,0,33,3,23,0,26,15,332,12,359,0,18,0,18,3,61,0,64,0,27,0,27,0,34,0,34,0,43,0,43,0,67,0,67,3,32,3,38,0,16,0,16,3,30,3,36,9,328,6,343,0,52,3,55,6,127,3,136,0,46,0,46,0,60,3,63,0,77,0,77,3,121,0,124,6,78,6,90,3,46,0,49,6,53,3,62,24,660,18,702
ILOC10702002,3,11,3,17,3,34,0,37,0,15,3,18,3,4,3,10,0,9,0,9,0,10,3,13,0,20,3,23,3,9,0,12,3,4,0,7,15,116,15,146,0,10,0,10,0,32,0,32,0,11,0,11,0,4,0,4,0,12,0,12,3,15,0,18,0,13,0,13,0,5,3,8,3,6,0,9,6,108,3,117,3,21,3,27,3,66,0,69,0,26,3,29,3,8,3,14,0,21,0,21,3,25,3,31,0,33,3,36,3,14,3,20,6,10,0,16,21,224,18,263
ILOC10702101,3,13,0,16,0,18,9,27,0,11,3,14,0,29,5,34,0,35,13,48,3,27,3,33,3,15,3,21,0,9,3,12,3,0,3,6,12,157,42,211,3,9,0,12,3,21,0,24,3,9,0,12,3,15,0,18,3,26,3,32,0,17,3,20,3,15,0,18,0,7,0,7,3,7,0,10,21,126,6,153,6,22,0,28,3,39,9,51,3,20,3,26,3,44,5,52,3,61,16,80,3,44,6,53,6,30,3,39,0,16,3,19,6,7,3,16,33,283,48,364
ILOC10702102,3,10,3,16,3,30,0,33,0,17,3,20,3,13,0,16,3,18,0,21,3,20,0,23,3,13,3,19,3,8,3,14,3,6,0,9,24,135,12,171,3,24,3,30,0,26,0,26,3,11,0,14,3,4,3,10,0,18,0,18,3,33,0,36,3,17,3,23,3,10,0,13,0,4,3,7,18,147,12,177,6,34,6,46,3,56,0,59,3,28,3,34,6,17,3,26,3,36,0,39,6,53,0,59,6,30,6,42,6,18,3,27,3,10,3,16,42,282,24,348
ILOC10702103,0,18,3,21,3,46,3,52,0,27,0,27,0,15,3,18,3,19,0,22,3,21,3,27,0,15,0,15,3,7,0,10,3,4,0,7,15,172,12,199,3,27,3,33,0,35,3,38,0,10,0,10,0,15,0,15,0,30,3,33,3,24,3,30,3,14,0,17,3,8,0,11,3,3,0,6,15,166,12,193,3,45,6,54,3,81,6,90,0,37,0,37,0,30,3,33,3,49,3,55,6,45,6,57,3,29,0,32,6,15,0,21,6,7,0,13,30,338,24,392
ILOC10702104,3,8,0,11,3,27,0,30,0,21,3,24,0,17,0,17,0,10,3,13,0,8,0,8,3,16,3,22,3,10,0,13,3,12,0,15,15,129,9,153,0,10,3,13,0,14,3,17,0,17,3,20,3,9,3,15,0,18,0,18,3,17,0,20,3,22,0,25,3,9,0,12,3,8,3,14,15,124,15,154,3,18,3,24,3,41,3,47,0,38,6,44,3,26,3,32,0,28,3,31,3,25,0,28,6,38,3,47,6,19,0,25,6,20,3,29,30,253,24,307
ILOC10702201,3,49,7,59,8,91,0,99,3,42,3,48,3,47,28,78,3,42,4,49,3,47,3,53,3,42,3,48,3,12,3,18,3,4,0,7,32,376,51,459,0,43,3,46,3,118,0,121,0,45,3,48,3,29,3,35,0,49,3,52,3,48,3,54,3,35,3,41,3,23,0,26,3,8,3,14,18,398,21,437,3,92,10,105,11,209,0,220,3,87,6,96,6,76,31,113,3,91,7,101,6,95,6,107,6,77,6,89,6,35,3,44,6,12,3,21,50,774,72,896
ILOC10702202,3,15,0,18,0,53,3,56,0,18,0,18,3,13,0,16,3,14,0,17,3,11,0,14,3,17,0,20,3,11,0,14,3,0,0,3,21,152,3,176,0,13,3,16,3,45,0,48,0,21,0,21,0,6,3,9,0,18,0,18,0,28,0,28,0,18,0,18,0,6,0,6,0,0,3,3,3,155,9,167,3,28,3,34,3,98,3,104,0,39,0,39,3,19,3,25,3,32,0,35,3,39,0,42,3,35,0,38,3,17,0,20,3,0,3,6,24,307,12,343
ILOC10702203,3,57,3,63,3,93,0,96,3,51,0,54,3,38,3,44,0,64,3,67,3,35,3,41,0,29,3,32,0,16,3,19,3,6,0,9,18,389,18,425,3,52,0,55,0,107,3,110,3,57,0,60,3,38,3,44,3,58,3,64,3,61,3,67,3,36,3,42,3,19,3,25,3,7,3,13,24,435,21,480,6,109,3,118,3,200,3,206,6,108,0,114,6,76,6,88,3,122,6,131,6,96,6,108,3,65,6,74,3,35,6,44,6,13,3,22,42,824,39,905
ILOC10702204,3,71,3,77,11,132,3,146,3,61,3,67,3,44,0,47,3,76,0,79,3,67,0,70,3,33,0,36,3,24,3,30,3,10,0,13,35,518,12,565,3,67,3,73,3,120,3,126,0,56,0,56,3,44,0,47,3,81,0,84,3,62,3,68,0,55,3,58,3,22,3,28,3,10,0,13,21,517,15,553,6,138,6,150,14,252,6,272,3,117,3,123,6,88,0,94,6,157,0,163,6,129,3,138,3,88,3,94,6,46,6,58,6,20,0,26,56,1035,27,1118
ILOC10702205,0,52,0,52,7,107,3,117,3,43,0,46,3,45,3,51,3,59,0,62,3,46,3,52,0,48,3,51,3,27,3,33,3,6,3,12,25,433,18,476,0,55,3,58,3,110,3,116,3,51,3,57,3,54,3,60,3,76,3,82,3,66,3,72,3,51,0,54,3,22,3,28,3,16,0,19,24,501,21,546,0,107,3,110,10,217,6,233,6,94,3,103,6,99,6,111,6,135,3,144,6,112,6,124,3,99,3,105,6,49,6,61,6,22,3,31,49,934,39,1022
ILOC10702206,0,39,3,42,3,98,3,104,0,58,3,61,3,33,0,36,3,39,3,45,3,37,0,40,0,22,3,25,3,10,3,16,3,3,0,6,18,339,18,375,0,42,3,45,3,79,3,85,0,45,0,45,0,18,3,21,0,42,3,45,3,57,0,60,3,22,0,25,3,23,0,26,0,5,3,8,12,333,15,360,0,81,6,87,6,177,6,189,0,103,3,106,3,51,3,57,3,81,6,90,6,94,0,100,3,44,3,50,6,33,3,42,3,8,3,14,30,672,33,735
ILOC10702207,0,9,3,12,3,33,0,36,0,27,0,27,0,8,3,11,3,12,0,15,3,14,0,17,0,10,0,10,0,10,0,10,3,3,3,9,12,126,9,147,0,16,0,16,0,38,0,38,3,13,3,19,3,13,3,19,0,23,4,27,3,32,3,38,3,10,3,16,3,12,0,15,3,11,0,14,18,168,16,202,0,25,3,28,3,71,0,74,3,40,3,46,3,21,6,30,3,35,4,42,6,46,3,55,3,20,3,26,3,22,0,25,6,14,3,23,30,294,25,349
ILOC10702301,0,21,0,21,3,38,0,41,0,13,3,16,0,15,0,15,0,21,3,24,3,19,3,25,0,12,0,12,0,17,3,20,3,10,3,16,9,166,15,190,3,13,3,19,3,55,0,58,3,11,0,14,0,17,0,17,0,25,0,25,3,27,0,30,0,21,3,24,3,25,3,31,3,17,3,23,18,211,12,241,3,34,3,40,6,93,0,99,3,24,3,30,0,32,0,32,0,46,3,49,6,46,3,55,0,33,3,36,3,42,6,51,6,27,6,39,27,377,27,431
ILOC10702302,3,54,7,64,10,109,13,132,3,76,3,82,3,49,20,72,0,75,47,122,0,75,42,117,7,65,4,76,5,26,3,34,3,18,3,24,34,547,142,723,0,56,3,59,0,117,3,120,3,51,0,54,3,68,3,74,3,93,3,99,3,88,3,94,3,54,3,60,3,44,3,50,7,33,3,43,25,604,24,653,3,110,10,123,10,226,16,252,6,127,3,136,6,117,23,146,3,168,50,221,3,163,45,211,10,119,7,136,8,70,6,84,10,51,6,67,59,1151,166,1376
ILOC10702401,0,31,0,31,3,63,3,69,0,33,0,33,3,12,3,18,0,36,3,39,3,33,0,36,3,38,3,44,3,19,3,25,3,3,3,9,18,268,18,304,3,14,0,17,3,58,3,64,3,21,0,24,3,20,0,23,0,29,0,29,3,45,3,51,0,31,3,34,3,21,3,27,3,9,0,12,21,248,12,281,3,45,0,48,6,121,6,133,3,54,0,57,6,32,3,41,0,65,3,68,6,78,3,87,3,69,6,78,6,40,6,52,6,12,3,21,39,516,30,585
ILOC10702501,3,39,3,45,3,74,3,80,3,35,3,41,3,46,3,52,3,57,3,63,3,64,3,70,3,32,0,35,3,21,3,27,3,28,0,31,27,396,21,444,0,45,3,48,0,68,3,71,0,37,0,37,0,30,3,33,3,56,3,62,0,43,0,43,3,38,3,44,0,32,0,32,4,31,3,38,10,380,18,408,3,84,6,93,3,142,6,151,3,72,3,78,3,76,6,85,6,113,6,125,3,107,3,113,6,70,3,79,3,53,3,59,7,59,3,69,37,776,39,852
ILOC10702502,3,45,3,51,3,100,3,106,3,50,0,53,3,45,0,48,0,41,0,41,3,54,0,57,3,48,0,51,3,24,3,30,0,26,0,26,21,433,9,463,0,37,0,37,0,72,3,75,3,35,3,41,0,38,0,38,3,51,3,57,3,56,0,59,3,63,3,69,3,24,0,27,3,15,3,21,18,391,15,424,3,82,3,88,3,172,6,181,6,85,3,94,3,83,0,86,3,92,3,98,6,110,0,116,6,111,3,120,6,48,3,57,3,41,3,47,39,824,24,887
ILOC10702601,0,36,3,39,3,56,4,63,3,30,0,33,3,57,0,60,3,63,3,69,3,70,0,73,3,53,0,56,3,27,0,30,3,19,3,25,24,411,13,448,3,38,3,44,3,57,3,63,3,37,0,40,3,43,0,46,3,71,3,77,3,67,3,73,3,43,3,49,3,27,3,33,3,16,3,22,27,399,21,447,3,74,6,83,6,113,7,126,6,67,0,73,6,100,0,106,6,134,6,146,6,137,3,146,6,96,3,105,6,54,3,63,6,35,6,47,51,810,34,895
ILOC10702602,0,4,3,7,3,13,3,19,3,7,3,13,0,17,3,20,0,51,0,51,3,67,3,73,3,34,0,37,3,21,3,27,3,3,3,9,18,217,21,256,3,3,3,9,3,21,0,24,0,20,0,20,0,16,0,16,3,35,3,41,0,26,0,26,3,17,3,23,3,12,3,18,0,7,0,7,15,157,12,184,3,7,6,16,6,34,3,43,3,27,3,33,0,33,3,36,3,86,3,92,3,93,3,99,6,51,3,60,6,33,6,45,3,10,3,16,33,374,33,440
ILOC10702603,3,16,0,19,0,48,3,51,3,24,0,27,0,21,3,24,3,35,3,41,3,32,3,38,3,24,0,27,3,9,0,12,3,8,3,14,21,217,15,253,0,25,3,28,3,41,3,47,3,41,3,47,3,34,3,40,3,40,3,46,3,37,3,43,3,31,0,34,3,17,3,23,3,12,0,15,24,278,21,323,3,41,3,47,3,89,6,98,6,65,3,74,3,55,6,64,6,75,6,87,6,69,6,81,6,55,0,61,6,26,3,35,6,20,3,29,45,495,36,576
ILOC10702604,3,4,3,10,0,8,0,8,0,4,0,4,0,8,0,8,3,19,3,25,3,21,0,24,3,21,0,24,3,11,3,17,0,7,0,7,15,103,9,127,0,7,0,7,0,12,0,12,3,7,0,10,0,10,0,10,3,21,0,24,3,21,0,24,3,16,0,19,3,13,3,19,3,5,3,11,18,112,6,136,3,11,3,17,0,20,0,20,3,11,0,14,0,18,0,18,6,40,3,49,6,42,0,48,6,37,0,43,6,24,6,36,3,12,3,18,33,215,15,263
ILOC10702701,0,11,0,11,3,18,0,21,0,8,0,8,0,14,3,17,3,16,3,22,0,9,0,9,0,13,3,16,3,4,3,10,3,4,3,10,12,97,15,124,0,11,3,14,3,16,0,19,0,12,0,12,0,11,0,11,0,18,0,18,3,17,0,20,3,14,0,17,0,3,3,6,3,3,0,6,12,105,6,123,0,22,3,25,6,34,0,40,0,20,0,20,0,25,3,28,3,34,3,40,3,26,0,29,3,27,3,33,3,7,6,16,6,7,3,16,24,202,21,247
ILOC10702702,0,3,3,6,3,5,0,8,0,9,0,9,0,5,0,5,0,5,3,8,0,7,0,7,3,6,0,9,0,5,3,8,0,0,3,3,6,45,12,63,0,3,0,3,0,8,0,8,0,8,0,8,0,6,0,6,3,7,3,13,0,6,0,6,3,8,0,11,0,7,3,10,3,0,0,3,9,53,6,68,0,6,3,9,3,13,0,16,0,17,0,17,0,11,0,11,3,12,6,21,0,13,0,13,6,14,0,20,0,12,6,18,3,0,3,6,15,98,18,131
ILOC10702703,0,10,3,13,3,23,0,26,3,8,3,14,0,10,0,10,3,19,0,22,0,15,0,15,3,15,0,18,3,5,0,8,0,7,0,7,15,112,6,133,0,12,3,15,3,25,0,28,3,10,0,13,0,7,3,10,0,27,3,30,3,15,0,18,0,18,0,18,3,15,0,18,0,9,3,12,12,138,12,162,0,22,6,28,6,48,0,54,6,18,3,27,0,17,3,20,3,46,3,52,3,30,0,33,3,33,0,36,6,20,0,26,0,16,3,19,27,250,18,295
ILOC10702704,0,3,3,6,0,13,0,13,0,3,3,6,3,5,0,8,0,13,0,13,0,7,0,7,0,3,0,3,0,4,3,7,0,3,0,3,3,54,9,66,3,3,0,6,0,6,0,6,3,3,3,9,0,3,3,6,3,4,0,7,3,6,0,9,3,3,0,6,0,0,0,0,0,0,3,3,15,28,9,52,3,6,3,12,0,19,0,19,3,6,6,15,3,8,3,14,3,17,0,20,3,13,0,16,3,6,0,9,0,4,3,7,0,3,3,6,18,82,18,118
ILOC10702801,3,5,3,11,3,12,0,15,0,18,0,18,0,6,3,9,3,9,3,15,0,11,0,11,0,12,0,12,0,6,0,6,3,3,3,9,12,82,12,106,0,5,3,8,3,11,3,17,3,10,0,13,3,6,0,9,3,20,3,26,3,21,0,24,0,4,0,4,0,9,3,12,0,3,3,6,15,89,15,119,3,10,6,19,6,23,3,32,3,28,0,31,3,12,3,18,6,29,6,41,3,32,0,35,0,16,0,16,0,15,3,18,3,6,6,15,27,171,27,225
ILOC10702802,3,4,0,7,3,7,0,10,0,4,0,4,3,13,0,16,0,19,0,19,0,12,0,12,0,11,0,11,3,4,0,7,0,3,3,6,12,77,3,92,0,0,0,0,3,5,3,11,3,3,0,6,0,6,0,6,0,24,0,24,3,7,3,13,3,4,3,10,3,3,0,6,3,3,3,9,18,55,12,85,3,4,0,7,6,12,3,21,3,7,0,10,3,19,0,22,0,43,0,43,3,19,3,25,3,15,3,21,6,7,0,13,3,6,6,15,30,132,15,177
ILOC10702901,3,48,3,54,3,133,3,139,3,43,0,46,3,31,0,34,0,44,3,47,3,53,3,59,3,47,3,53,3,35,0,38,3,12,3,18,24,446,18,488,3,48,3,54,3,142,3,148,3,45,3,51,3,33,0,36,3,50,0,53,3,67,3,73,3,51,0,54,3,33,0,36,3,11,3,17,27,480,15,522,6,96,6,108,6,275,6,287,6,88,3,97,6,64,0,70,3,94,3,100,6,120,6,132,6,98,3,107,6,68,0,74,6,23,6,35,51,926,33,1010
ILOC10703001,3,235,16,254,33,464,23,520,3,244,3,250,3,191,3,197,3,276,3,282,7,194,4,205,27,148,3,178,13,92,3,108,7,50,3,60,99,1894,61,2054,3,262,6,271,18,421,6,445,3,235,3,241,3,184,5,192,3,258,3,264,3,260,3,266,11,208,5,224,23,86,5,114,29,83,4,116,96,1997,40,2133,6,497,22,525,51,885,29,965,6,479,6,491,6,375,8,389,6,534,6,546,10,454,7,471,38,356,8,402,36,178,8,222,36,133,7,176,195,3891,101,4187
ILOC10703101,0,7,0,7,3,12,3,18,0,8,3,11,3,9,3,15,0,26,0,26,0,22,3,25,3,13,0,16,3,4,3,10,0,4,0,4,12,105,15,132,0,7,3,10,0,19,3,22,0,12,0,12,0,9,0,9,0,26,3,29,0,16,3,19,0,13,0,13,0,3,3,6,3,0,0,3,3,105,15,123,0,14,3,17,3,31,6,40,0,20,3,23,3,18,3,24,0,52,3,55,0,38,6,44,3,26,0,29,3,7,6,16,3,4,0,7,15,210,30,255
ILOC10703102,0,6,0,6,0,6,0,6,0,12,3,15,0,8,3,11,0,10,0,10,0,3,0,3,0,3,0,3,0,3,0,3,0,0,3,3,0,51,9,60,3,3,3,9,3,4,3,10,3,4,0,7,3,3,0,6,3,10,0,13,0,5,3,8,0,4,0,4,3,3,0,6,0,3,3,6,18,39,12,69,3,9,3,15,3,10,3,16,3,16,3,22,3,11,3,17,3,20,0,23,0,8,3,11,0,7,0,7,3,6,0,9,0,3,6,9,18,90,21,129
ILOC19499494,0,34,10,44,0,32,16,48,3,45,3,51,3,41,3,47,3,59,18,80,3,65,46,114,8,42,33,83,0,18,3,21,0,7,5,12,20,343,137,500,3,45,4,52,3,31,5,39,0,38,5,43,0,38,3,41,3,70,10,83,3,34,6,43,3,28,4,35,3,18,6,27,0,4,5,9,18,306,48,372,3,79,14,96,3,63,21,87,3,83,8,94,3,79,6,88,6,129,28,163,6,99,52,157,11,70,37,118,3,36,9,48,0,11,10,21,38,649,185,872
ILOC19799797,0,0,0,0,0,3,0,3,0,0,0,0,0,0,0,0,0,0,0,0,0,0,0,0,3,0,0,3,0,0,0,0,0,0,0,0,3,3,0,6,0,0,0,0,0,0,0,0,0,0,3,3,3,0,0,3,0,0,0,0,0,0,0,0,0,0,0,0,0,0,0,0,0,3,0,3,3,3,3,9,0,0,0,0,0,3,0,3,0,0,3,3,3,0,0,3,0,0,0,0,0,0,0,0,3,0,0,3,0,0,0,0,0,3,0,3,6,6,3,15
